,Unnamed: 0,date,time,comp,round,day,venue,result,gf,ga,opponent,xg,xga,poss,attendance,captain,formation,opp formation,referee,match report,notes,season,team
0,0,2024-08-17,12:30,Premier League,Matchweek 1,Sat,Away,W,2.0,0.0,Ipswich Town,2.6,0.5,62.0,30014.0,Virgil van Dijk,4-2-3-1,4-2-3-1,Tim Robinson,Match Report,,2025,Liverpool
1,1,2024-08-25,16:30,Premier League,Matchweek 2,Sun,Home,W,2.0,0.0,Brentford,2.5,0.5,62.0,60017.0,Virgil van Dijk,4-2-3-1,4-4-2,Stuart Attwell,Match Report,,2025,Liverpool
2,2,2024-09-01,16:00,Premier League,Matchweek 3,Sun,Away,W,3.0,0.0,Manchester Utd,1.8,1.4,47.0,73738.0,Virgil van Dijk,4-2-3-1,4-2-3-1,Anthony Taylor,Match Report,,2025,Liverpool
3,3,2024-09-14,15:00,Premier League,Matchweek 4,Sat,Home,L,0.0,1.0,Nott'ham Forest,0.9,0.4,68.0,60344.0,Virgil van Dijk,4-2-3-1,4-2-3-1,Michael Oliver,Match Report,,2025,Liverpool
4,5,2024-09-21,15:00,Premier League,Matchweek 5,Sat,Home,W,3.0,0.0,Bournemouth,2.0,1.1,58.0,60347.0,Virgil van Dijk,4-2-3-1,4-2-3-1,Tony Harrington,Match Report,,2025,Liverpool
5,7,2024-09-28,17:30,Premier League,Matchweek 6,Sat,Away,W,2.0,1.0,Wolves,2.5,0.6,55.0,31413.0,Virgil van Dijk,4-2-3-1,4-1-4-1,Anthony Taylor,Match Report,,2025,Liverpool
6,9,2024-10-05,12:30,Premier League,Matchweek 7,Sat,Away,W,1.0,0.0,Crystal Palace,1.4,0.6,68.0,25185.0,Virgil van Dijk,4-2-3-1,3-4-3,Simon Hooper,Match Report,,2025,Liverpool
7,10,2024-10-20,16:30,Premier League,Matchweek 8,Sun,Home,W,2.0,1.0,Chelsea,1.9,1.0,43.0,60277.0,Virgil van Dijk,4-2-3-1,4-2-3-1,John Brooks,Match Report,,2025,Liverpool
8,12,2024-10-27,16:30,Premier League,Matchweek 9,Sun,Away,D,2.0,2.0,Arsenal,0.8,0.9,55.0,60383.0,Virgil van Dijk,4-2-3-1,4-4-2,Anthony Taylor,Match Report,,2025,Liverpool
9,14,2024-11-02,15:00,Premier League,Matchweek 10,Sat,Home,W,2.0,1.0,Brighton,1.6,1.0,49.0,60331.0,Virgil van Dijk,4-2-3-1,4-4-2,Tony Harrington,Match Report,,2025,Liverpool
10,16,2024-11-09,20:00,Premier League,Matchweek 11,Sat,Home,W,2.0,0.0,Aston Villa,2.0,1.2,62.0,60292.0,Virgil van Dijk,4-2-3-1,4-2-3-1,David Coote,Match Report,,2025,Liverpool
11,17,2024-11-24,14:00,Premier League,Matchweek 12,Sun,Away,W,3.0,2.0,Southampton,3.1,1.3,62.0,31278.0,Virgil van Dijk,4-2-3-1,5-4-1,Samuel Barrott,Match Report,,2025,Liverpool
12,19,2024-12-01,16:00,Premier League,Matchweek 13,Sun,Home,W,2.0,0.0,Manchester City,3.4,0.8,44.0,60248.0,Virgil van Dijk,4-2-3-1,4-2-3-1,Chris Kavanagh,Match Report,,2025,Liverpool
13,20,2024-12-04,19:30,Premier League,Matchweek 14,Wed,Away,D,3.0,3.0,Newcastle Utd,1.9,2.1,58.0,52237.0,Virgil van Dijk,4-2-3-1,4-3-3,Andy Madley,Match Report,,2025,Liverpool
14,22,2024-12-14,15:00,Premier League,Matchweek 16,Sat,Home,D,2.0,2.0,Fulham,2.1,1.2,61.0,60333.0,Virgil van Dijk,4-3-3,4-2-3-1,Tony Harrington,Match Report,,2025,Liverpool
15,24,2024-12-22,16:30,Premier League,Matchweek 17,Sun,Away,W,6.0,3.0,Tottenham,5.6,1.3,48.0,61439.0,Virgil van Dijk,4-2-3-1,4-2-3-1,Samuel Barrott,Match Report,,2025,Liverpool
16,25,2024-12-26,20:00,Premier League,Matchweek 18,Thu,Home,W,3.0,1.0,Leicester City,2.0,0.3,68.0,60300.0,Virgil van Dijk,4-2-3-1,4-2-3-1,Darren Bond,Match Report,,2025,Liverpool
17,26,2024-12-29,17:15,Premier League,Matchweek 19,Sun,Away,W,5.0,0.0,West Ham,3.1,0.4,54.0,62476.0,Virgil van Dijk,4-2-3-1,4-2-3-1,Anthony Taylor,Match Report,,2025,Liverpool
18,27,2025-01-05,16:30,Premier League,Matchweek 20,Sun,Home,D,2.0,2.0,Manchester Utd,2.7,1.0,53.0,60275.0,Virgil van Dijk,4-2-3-1,3-4-3,Michael Oliver,Match Report,,2025,Liverpool
19,30,2025-01-14,20:00,Premier League,Matchweek 21,Tue,Away,D,1.0,1.0,Nott'ham Forest,2.0,0.3,70.0,30249.0,Virgil van Dijk,4-2-3-1,4-2-3-1,Chris Kavanagh,Match Report,,2025,Liverpool
20,31,2025-01-18,15:00,Premier League,Matchweek 22,Sat,Away,W,2.0,0.0,Brentford,3.4,0.7,60.0,17215.0,Virgil van Dijk,4-2-3-1,4-2-3-1,Andy Madley,Match Report,,2025,Liverpool
21,33,2025-01-25,15:00,Premier League,Matchweek 23,Sat,Home,W,4.0,1.0,Ipswich Town,2.0,0.5,70.0,,Virgil van Dijk,4-2-3-1,4-2-3-1,Michael Salisbury,Match Report,,2025,Liverpool
38,0,2024-08-17,15:00,Premier League,Matchweek 1,Sat,Home,W,2.0,0.0,Wolves,1.2,0.5,53.0,60261.0,Martin Ødegaard,4-3-3,4-2-3-1,Jarred Gillett,Match Report,,2025,Arsenal
39,1,2024-08-24,17:30,Premier League,Matchweek 2,Sat,Away,W,2.0,0.0,Aston Villa,0.9,1.2,60.0,41587.0,Martin Ødegaard,4-3-3,4-4-2,Michael Oliver,Match Report,,2025,Arsenal
40,2,2024-08-31,12:30,Premier League,Matchweek 3,Sat,Home,D,1.0,1.0,Brighton,2.1,1.7,36.0,60326.0,Martin Ødegaard,4-3-3,4-2-3-1,Chris Kavanagh,Match Report,,2025,Arsenal
41,3,2024-09-15,14:00,Premier League,Matchweek 4,Sun,Away,W,1.0,0.0,Tottenham,0.7,0.7,37.0,61645.0,Jorginho,4-4-2,4-3-3,Jarred Gillett,Match Report,,2025,Arsenal
42,5,2024-09-22,16:30,Premier League,Matchweek 5,Sun,Away,D,2.0,2.0,Manchester City,0.7,2.1,23.0,52846.0,Bukayo Saka,4-4-2,4-3-3,Michael Oliver,Match Report,,2025,Arsenal
43,7,2024-09-28,15:00,Premier League,Matchweek 6,Sat,Home,W,4.0,2.0,Leicester City,4.4,0.3,74.0,60323.0,Bukayo Saka,4-4-2,4-2-3-1,Samuel Barrott,Match Report,,2025,Arsenal
44,9,2024-10-05,15:00,Premier League,Matchweek 7,Sat,Home,W,3.0,1.0,Southampton,2.8,0.6,59.0,60307.0,Jorginho,4-4-2,5-4-1,Tony Harrington,Match Report,,2025,Arsenal
45,10,2024-10-19,17:30,Premier League,Matchweek 8,Sat,Away,L,0.0,2.0,Bournemouth,0.7,1.8,51.0,11235.0,Gabriel Magalhães,4-2-3-1,4-2-3-1,Robert Jones,Match Report,,2025,Arsenal
46,12,2024-10-27,16:30,Premier League,Matchweek 9,Sun,Home,D,2.0,2.0,Liverpool,0.9,0.8,45.0,60383.0,Bukayo Saka,4-4-2,4-2-3-1,Anthony Taylor,Match Report,,2025,Arsenal
47,14,2024-11-02,12:30,Premier League,Matchweek 10,Sat,Away,L,0.0,1.0,Newcastle Utd,1.1,0.5,63.0,52249.0,Bukayo Saka,4-4-2,4-3-3,John Brooks,Match Report,,2025,Arsenal
48,16,2024-11-10,16:30,Premier League,Matchweek 11,Sun,Away,D,1.0,1.0,Chelsea,1.5,1.5,51.0,39780.0,Martin Ødegaard,4-3-3,4-2-3-1,Michael Oliver,Match Report,,2025,Arsenal
49,17,2024-11-23,15:00,Premier League,Matchweek 12,Sat,Home,W,3.0,0.0,Nott'ham Forest,1.2,0.3,66.0,60298.0,Martin Ødegaard,4-3-3,4-2-3-1,Simon Hooper,Match Report,,2025,Arsenal
50,19,2024-11-30,17:30,Premier League,Matchweek 13,Sat,Away,W,5.0,2.0,West Ham,3.5,1.5,60.0,62475.0,Martin Ødegaard,4-3-3,4-2-3-1,Anthony Taylor,Match Report,,2025,Arsenal
51,20,2024-12-04,20:15,Premier League,Matchweek 14,Wed,Home,W,2.0,0.0,Manchester Utd,2.1,0.2,51.0,60256.0,Martin Ødegaard,4-3-3,3-4-3,Samuel Barrott,Match Report,,2025,Arsenal
52,21,2024-12-08,14:00,Premier League,Matchweek 15,Sun,Away,D,1.0,1.0,Fulham,1.8,0.2,66.0,26954.0,Martin Ødegaard,4-3-3,4-2-3-1,Chris Kavanagh,Match Report,,2025,Arsenal
53,23,2024-12-14,15:00,Premier League,Matchweek 16,Sat,Home,D,0.0,0.0,Everton,1.2,0.1,76.0,60176.0,Martin Ødegaard,4-3-3,4-3-3,Craig Pawson,Match Report,,2025,Arsenal
54,25,2024-12-21,17:30,Premier League,Matchweek 17,Sat,Away,W,5.0,1.0,Crystal Palace,2.5,1.6,58.0,25167.0,Martin Ødegaard,4-3-3,3-4-3,Simon Hooper,Match Report,,2025,Arsenal
55,26,2024-12-27,20:15,Premier League,Matchweek 18,Fri,Home,W,1.0,0.0,Ipswich Town,1.8,0.2,68.0,60271.0,Martin Ødegaard,4-3-3,5-4-1,Darren England,Match Report,,2025,Arsenal
56,27,2025-01-01,17:30,Premier League,Matchweek 19,Wed,Away,W,3.0,1.0,Brentford,1.9,0.3,50.0,47190.0,Martin Ødegaard,4-3-3,4-3-1-2,Peter Bankes,Match Report,,2025,Arsenal
57,28,2025-01-04,17:30,Premier League,Matchweek 20,Sat,Away,D,1.0,1.0,Brighton,0.9,1.5,55.0,31714.0,Jorginho,4-3-3,4-2-3-1,Anthony Taylor,Match Report,,2025,Arsenal
58,31,2025-01-15,20:00,Premier League,Matchweek 21,Wed,Home,W,2.0,1.0,Tottenham,1.4,0.8,53.0,60287.0,Martin Ødegaard,4-3-3,4-3-3,Simon Hooper,Match Report,,2025,Arsenal
59,32,2025-01-18,17:30,Premier League,Matchweek 22,Sat,Home,D,2.0,2.0,Aston Villa,1.3,1.0,66.0,60067.0,Martin Ødegaard,4-3-3,4-2-3-1,Chris Kavanagh,Match Report,,2025,Arsenal
60,34,2025-01-25,15:00,Premier League,Matchweek 23,Sat,Away,W,1.0,0.0,Wolves,1.0,0.7,49.0,31503.0,Gabriel Magalhães,4-3-3,3-4-3,Michael Oliver,Match Report,,2025,Arsenal
76,0,2024-08-17,15:00,Premier League,Matchweek 1,Sat,Home,D,1.0,1.0,Bournemouth,1.3,1.2,53.0,29763.0,Morgan Gibbs-White,4-2-3-1,4-2-3-1,Michael Oliver,Match Report,,2025,Nottingham Forest
77,1,2024-08-24,15:00,Premier League,Matchweek 2,Sat,Away,W,1.0,0.0,Southampton,2.2,0.1,36.0,31150.0,Morgan Gibbs-White,4-2-3-1,3-5-2,Samuel Barrott,Match Report,,2025,Nottingham Forest
78,3,2024-08-31,15:00,Premier League,Matchweek 3,Sat,Home,D,1.0,1.0,Wolves,1.0,0.7,52.0,29918.0,Morgan Gibbs-White,4-2-3-1,4-4-1-1,Simon Hooper,Match Report,,2025,Nottingham Forest
79,4,2024-09-14,15:00,Premier League,Matchweek 4,Sat,Away,W,1.0,0.0,Liverpool,0.4,0.9,32.0,60344.0,Ryan Yates,4-2-3-1,4-2-3-1,Michael Oliver,Match Report,,2025,Nottingham Forest
80,5,2024-09-22,14:00,Premier League,Matchweek 5,Sun,Away,D,2.0,2.0,Brighton,1.4,1.0,30.0,31444.0,Morgan Gibbs-White,4-2-3-1,4-2-3-1,Robert Jones,Match Report,,2025,Nottingham Forest
81,6,2024-09-28,15:00,Premier League,Matchweek 6,Sat,Home,L,0.0,1.0,Fulham,0.8,1.3,41.0,30139.0,Ryan Yates,4-4-2,4-2-3-1,Joshua Smith,Match Report,,2025,Nottingham Forest
82,7,2024-10-06,14:00,Premier League,Matchweek 7,Sun,Away,D,1.0,1.0,Chelsea,0.9,2.3,35.0,39501.0,Ryan Yates,4-2-3-1,4-2-3-1,Chris Kavanagh,Match Report,,2025,Nottingham Forest
83,8,2024-10-21,20:00,Premier League,Matchweek 8,Mon,Home,W,1.0,0.0,Crystal Palace,1.7,1.0,51.0,29443.0,Ryan Yates,4-2-3-1,3-1-4-2,Tim Robinson,Match Report,,2025,Nottingham Forest
84,9,2024-10-25,20:00,Premier League,Matchweek 9,Fri,Away,W,3.0,1.0,Leicester City,1.7,0.8,35.0,31879.0,Ryan Yates,4-2-3-1,4-2-3-1,Craig Pawson,Match Report,,2025,Nottingham Forest
85,10,2024-11-02,15:00,Premier League,Matchweek 10,Sat,Home,W,3.0,0.0,West Ham,2.2,0.1,54.0,30112.0,Ryan Yates,4-2-3-1,3-4-3,Peter Bankes,Match Report,,2025,Nottingham Forest
86,11,2024-11-10,14:00,Premier League,Matchweek 11,Sun,Home,L,1.0,3.0,Newcastle Utd,0.6,1.6,44.0,30145.0,Ryan Yates,4-2-3-1,4-3-3,Anthony Taylor,Match Report,,2025,Nottingham Forest
87,12,2024-11-23,15:00,Premier League,Matchweek 12,Sat,Away,L,0.0,3.0,Arsenal,0.3,1.2,34.0,60298.0,Ryan Yates,4-2-3-1,4-3-3,Simon Hooper,Match Report,,2025,Nottingham Forest
88,13,2024-11-30,15:00,Premier League,Matchweek 13,Sat,Home,W,1.0,0.0,Ipswich Town,1.6,0.6,45.0,30237.0,Ryan Yates,4-2-3-1,4-2-3-1,Tony Harrington,Match Report,,2025,Nottingham Forest
89,14,2024-12-04,19:30,Premier League,Matchweek 14,Wed,Away,L,0.0,3.0,Manchester City,1.0,2.4,34.0,51764.0,Ryan Yates,4-2-3-1,4-2-3-1,Michael Oliver,Match Report,,2025,Nottingham Forest
90,15,2024-12-07,17:30,Premier League,Matchweek 15,Sat,Away,W,3.0,2.0,Manchester Utd,0.8,1.6,29.0,73778.0,Ryan Yates,4-2-3-1,3-4-3,Darren England,Match Report,,2025,Nottingham Forest
91,16,2024-12-14,17:30,Premier League,Matchweek 16,Sat,Home,W,2.0,1.0,Aston Villa,1.7,0.4,50.0,30117.0,Ryan Yates,4-2-3-1,4-2-3-1,Samuel Barrott,Match Report,,2025,Nottingham Forest
92,17,2024-12-21,15:00,Premier League,Matchweek 17,Sat,Away,W,2.0,0.0,Brentford,0.9,0.7,36.0,17115.0,Morgan Gibbs-White,3-4-3,4-3-3,Michael Oliver,Match Report,,2025,Nottingham Forest
93,18,2024-12-26,15:00,Premier League,Matchweek 18,Thu,Home,W,1.0,0.0,Tottenham,1.1,0.9,30.0,30200.0,Ryan Yates,4-2-3-1,4-2-3-1,Craig Pawson,Match Report,,2025,Nottingham Forest
94,19,2024-12-29,15:00,Premier League,Matchweek 19,Sun,Away,W,2.0,0.0,Everton,1.5,0.9,36.0,25414.0,Morgan Gibbs-White,4-2-3-1,4-3-3,Tony Harrington,Match Report,,2025,Nottingham Forest
95,20,2025-01-06,20:00,Premier League,Matchweek 20,Mon,Away,W,3.0,0.0,Wolves,2.1,1.5,40.0,29940.0,Morgan Gibbs-White,4-2-3-1,3-4-3,Peter Bankes,Match Report,,2025,Nottingham Forest
96,22,2025-01-14,20:00,Premier League,Matchweek 21,Tue,Home,D,1.0,1.0,Liverpool,0.3,2.0,30.0,30249.0,Ryan Yates,4-2-3-1,4-2-3-1,Chris Kavanagh,Match Report,,2025,Nottingham Forest
97,23,2025-01-19,14:00,Premier League,Matchweek 22,Sun,Home,W,3.0,2.0,Southampton,1.8,0.9,45.0,30180.0,Morgan Gibbs-White,4-2-3-1,3-4-1-2,Anthony Taylor,Match Report,,2025,Nottingham Forest
98,24,2025-01-25,15:00,Premier League,Matchweek 23,Sat,Away,L,0.0,5.0,Bournemouth,1.0,1.7,50.0,11228.0,Ryan Yates,4-2-3-1,4-2-3-1,Craig Pawson,Match Report,,2025,Nottingham Forest
114,1,2024-08-18,16:30,Premier League,Matchweek 1,Sun,Away,W,2.0,0.0,Chelsea,0.8,1.0,52.0,39818.0,Kevin De Bruyne,3-2-4-1,4-2-3-1,Anthony Taylor,Match Report,,2025,Manchester City
115,2,2024-08-24,15:00,Premier League,Matchweek 2,Sat,Home,W,4.0,1.0,Ipswich Town,3.3,0.3,75.0,53147.0,Kevin De Bruyne,3-2-4-1,5-4-1,Samuel Allison,Match Report,,2025,Manchester City
116,3,2024-08-31,17:30,Premier League,Matchweek 3,Sat,Away,W,3.0,1.0,West Ham,3.0,0.7,67.0,62469.0,Kevin De Bruyne,3-2-4-1,4-2-3-1,Michael Oliver,Match Report,,2025,Manchester City
117,4,2024-09-14,15:00,Premier League,Matchweek 4,Sat,Home,W,2.0,1.0,Brentford,2.1,1.0,54.0,52148.0,Kyle Walker,4-2-3-1,5-3-2,Darren Bond,Match Report,,2025,Manchester City
118,6,2024-09-22,16:30,Premier League,Matchweek 5,Sun,Home,D,2.0,2.0,Arsenal,2.1,0.7,77.0,52846.0,Kyle Walker,4-3-3,4-4-2,Michael Oliver,Match Report,,2025,Manchester City
119,8,2024-09-28,12:30,Premier League,Matchweek 6,Sat,Away,D,1.0,1.0,Newcastle Utd,0.9,1.6,62.0,52248.0,Kyle Walker,4-2-3-1,4-3-3,Jarred Gillett,Match Report,,2025,Manchester City
120,10,2024-10-05,15:00,Premier League,Matchweek 7,Sat,Home,W,3.0,2.0,Fulham,1.6,2.6,58.0,53017.0,Rúben Dias,4-1-4-1,5-4-1,Peter Bankes,Match Report,,2025,Manchester City
121,11,2024-10-20,14:00,Premier League,Matchweek 8,Sun,Away,W,2.0,1.0,Wolves,1.6,0.8,77.0,31319.0,Rúben Dias,4-1-4-1,3-5-2,Chris Kavanagh,Match Report,,2025,Manchester City
122,13,2024-10-26,15:00,Premier League,Matchweek 9,Sat,Home,W,1.0,0.0,Southampton,2.9,0.2,57.0,52844.0,Rúben Dias,4-1-4-1,5-4-1,Tony Harrington,Match Report,,2025,Manchester City
123,15,2024-11-02,15:00,Premier League,Matchweek 10,Sat,Away,L,1.0,2.0,Bournemouth,1.6,2.0,64.0,11231.0,Kyle Walker,4-1-4-1,4-2-3-1,Michael Oliver,Match Report,,2025,Manchester City
124,17,2024-11-09,17:30,Premier League,Matchweek 11,Sat,Away,L,1.0,2.0,Brighton,2.1,2.3,60.0,31715.0,Kyle Walker,4-1-4-1,4-4-2,Samuel Barrott,Match Report,,2025,Manchester City
125,18,2024-11-23,17:30,Premier League,Matchweek 12,Sat,Home,L,0.0,4.0,Tottenham,2.1,2.5,58.0,52478.0,Kyle Walker,4-3-3,4-3-3,John Brooks,Match Report,,2025,Manchester City
126,20,2024-12-01,16:00,Premier League,Matchweek 13,Sun,Away,L,0.0,2.0,Liverpool,0.8,3.4,56.0,60248.0,Kyle Walker,4-2-3-1,4-2-3-1,Chris Kavanagh,Match Report,,2025,Manchester City
127,21,2024-12-04,19:30,Premier League,Matchweek 14,Wed,Home,W,3.0,0.0,Nott'ham Forest,2.4,1.0,66.0,51764.0,Kevin De Bruyne,4-2-3-1,4-2-3-1,Michael Oliver,Match Report,,2025,Manchester City
128,22,2024-12-07,15:00,Premier League,Matchweek 15,Sat,Away,D,2.0,2.0,Crystal Palace,1.4,1.3,68.0,25142.0,Kyle Walker,4-2-3-1,3-4-3,Robert Jones,Match Report,,2025,Manchester City
129,24,2024-12-15,16:30,Premier League,Matchweek 16,Sun,Home,L,1.0,2.0,Manchester Utd,0.9,2.1,52.0,53184.0,Kyle Walker,4-1-4-1,3-4-3,Anthony Taylor,Match Report,,2025,Manchester City
130,25,2024-12-21,12:30,Premier League,Matchweek 17,Sat,Away,L,1.0,2.0,Aston Villa,1.0,1.6,56.0,42345.0,Bernardo Silva,4-2-3-1,4-2-3-1,Peter Bankes,Match Report,,2025,Manchester City
131,26,2024-12-26,12:30,Premier League,Matchweek 18,Thu,Home,D,1.0,1.0,Everton,2.1,0.7,66.0,55527.0,Bernardo Silva,4-1-4-1,4-3-3,Simon Hooper,Match Report,,2025,Manchester City
132,27,2024-12-29,14:30,Premier League,Matchweek 19,Sun,Away,W,2.0,0.0,Leicester City,1.3,1.3,47.0,32057.0,Kevin De Bruyne,4-1-4-1,4-2-3-1,Michael Oliver,Match Report,,2025,Manchester City
133,28,2025-01-04,15:00,Premier League,Matchweek 20,Sat,Home,W,4.0,1.0,West Ham,1.9,1.4,56.0,52737.0,Kevin De Bruyne,4-1-4-1,4-2-3-1,Michael Salisbury,Match Report,,2025,Manchester City
134,30,2025-01-14,19:30,Premier League,Matchweek 21,Tue,Away,D,2.0,2.0,Brentford,2.2,2.5,55.0,17048.0,Kevin De Bruyne,4-2-3-1,4-3-3,Anthony Taylor,Match Report,,2025,Manchester City
135,31,2025-01-19,16:30,Premier League,Matchweek 22,Sun,Away,W,6.0,0.0,Ipswich Town,3.0,0.5,67.0,29841.0,Kevin De Bruyne,4-2-3-1,5-4-1,Samuel Barrott,Match Report,,2025,Manchester City
136,33,2025-01-25,17:30,Premier League,Matchweek 23,Sat,Home,W,3.0,1.0,Chelsea,2.2,1.8,56.0,,Bernardo Silva,4-3-3,4-2-3-1,John Brooks,Match Report,,2025,Manchester City
152,0,2024-08-17,15:00,Premier League,Matchweek 1,Sat,Home,W,1.0,0.0,Southampton,0.3,1.8,23.0,52196.0,Bruno Guimarães,4-3-3,3-5-2,Craig Pawson,Match Report,,2025,Newcastle United
153,1,2024-08-25,14:00,Premier League,Matchweek 2,Sun,Away,D,1.0,1.0,Bournemouth,1.6,2.2,61.0,11161.0,Bruno Guimarães,4-3-3,4-2-3-1,David Coote,Match Report,,2025,Newcastle United
154,3,2024-09-01,13:30,Premier League,Matchweek 3,Sun,Home,W,2.0,1.0,Tottenham,1.8,1.2,35.0,52211.0,Bruno Guimarães,4-3-3,4-2-3-1,Robert Jones,Match Report,,2025,Newcastle United
155,4,2024-09-15,16:30,Premier League,Matchweek 4,Sun,Away,W,2.0,1.0,Wolves,1.5,1.2,51.0,30255.0,Bruno Guimarães,4-3-3,4-4-1-1,Chris Kavanagh,Match Report,,2025,Newcastle United
156,5,2024-09-21,15:00,Premier League,Matchweek 5,Sat,Away,L,1.0,3.0,Fulham,1.5,2.2,61.0,25700.0,Bruno Guimarães,4-3-3,4-2-3-1,Peter Bankes,Match Report,,2025,Newcastle United
157,6,2024-09-28,12:30,Premier League,Matchweek 6,Sat,Home,D,1.0,1.0,Manchester City,1.6,0.9,38.0,52248.0,Bruno Guimarães,4-3-3,4-2-3-1,Jarred Gillett,Match Report,,2025,Newcastle United
158,8,2024-10-05,17:30,Premier League,Matchweek 7,Sat,Away,D,0.0,0.0,Everton,2.1,0.7,67.0,39265.0,Bruno Guimarães,4-3-3,4-2-3-1,Craig Pawson,Match Report,,2025,Newcastle United
159,9,2024-10-19,15:00,Premier League,Matchweek 8,Sat,Home,L,0.0,1.0,Brighton,2.0,1.1,60.0,52220.0,Bruno Guimarães,4-3-3,4-4-2,Peter Bankes,Match Report,,2025,Newcastle United
160,10,2024-10-27,14:00,Premier League,Matchweek 9,Sun,Away,L,1.0,2.0,Chelsea,1.8,1.6,50.0,39526.0,Bruno Guimarães,4-3-3,4-2-3-1,Simon Hooper,Match Report,,2025,Newcastle United
161,12,2024-11-02,12:30,Premier League,Matchweek 10,Sat,Home,W,1.0,0.0,Arsenal,0.5,1.1,37.0,52249.0,Bruno Guimarães,4-3-3,4-4-2,John Brooks,Match Report,,2025,Newcastle United
162,13,2024-11-10,14:00,Premier League,Matchweek 11,Sun,Away,W,3.0,1.0,Nott'ham Forest,1.6,0.6,56.0,30145.0,Bruno Guimarães,4-3-3,4-2-3-1,Anthony Taylor,Match Report,,2025,Newcastle United
163,14,2024-11-25,20:00,Premier League,Matchweek 12,Mon,Home,L,0.0,2.0,West Ham,1.6,0.9,53.0,52094.0,Bruno Guimarães,4-3-3,4-2-3-1,Craig Pawson,Match Report,,2025,Newcastle United
164,15,2024-11-30,15:00,Premier League,Matchweek 13,Sat,Away,D,1.0,1.0,Crystal Palace,0.0,1.7,51.0,25101.0,Bruno Guimarães,4-3-3,3-4-3,Darren England,Match Report,,2025,Newcastle United
165,16,2024-12-04,19:30,Premier League,Matchweek 14,Wed,Home,D,3.0,3.0,Liverpool,2.1,1.9,42.0,52237.0,Bruno Guimarães,4-3-3,4-2-3-1,Andy Madley,Match Report,,2025,Newcastle United
166,17,2024-12-07,15:00,Premier League,Matchweek 15,Sat,Away,L,2.0,4.0,Brentford,1.5,1.2,57.0,17078.0,Bruno Guimarães,4-3-3,3-4-3,Simon Hooper,Match Report,,2025,Newcastle United
167,18,2024-12-14,15:00,Premier League,Matchweek 16,Sat,Home,W,4.0,0.0,Leicester City,3.8,0.2,59.0,52235.0,Bruno Guimarães,4-3-3,4-2-3-1,Thomas Bramall,Match Report,,2025,Newcastle United
168,20,2024-12-21,15:00,Premier League,Matchweek 17,Sat,Away,W,4.0,0.0,Ipswich Town,2.3,0.7,58.0,29774.0,Bruno Guimarães,4-3-3,4-2-3-1,Stuart Attwell,Match Report,,2025,Newcastle United
169,21,2024-12-26,15:00,Premier League,Matchweek 18,Thu,Home,W,3.0,0.0,Aston Villa,2.7,0.3,62.0,52168.0,Bruno Guimarães,4-3-3,4-2-3-1,Anthony Taylor,Match Report,,2025,Newcastle United
170,22,2024-12-30,20:00,Premier League,Matchweek 19,Mon,Away,W,2.0,0.0,Manchester Utd,1.9,0.8,48.0,73809.0,Bruno Guimarães,4-3-3,3-4-3,Simon Hooper,Match Report,,2025,Newcastle United
171,23,2025-01-04,12:30,Premier League,Matchweek 20,Sat,Away,W,2.0,1.0,Tottenham,2.5,0.9,44.0,61293.0,Bruno Guimarães,4-3-3,4-2-3-1,Andy Madley,Match Report,,2025,Newcastle United
172,26,2025-01-15,19:30,Premier League,Matchweek 21,Wed,Home,W,3.0,0.0,Wolves,2.1,1.6,60.0,51975.0,Bruno Guimarães,4-3-3,3-4-3,Darren England,Match Report,,2025,Newcastle United
173,27,2025-01-18,12:30,Premier League,Matchweek 22,Sat,Home,L,1.0,4.0,Bournemouth,0.8,2.0,56.0,52227.0,Bruno Guimarães,4-3-3,4-2-3-1,Stuart Attwell,Match Report,,2025,Newcastle United
174,28,2025-01-25,15:00,Premier League,Matchweek 23,Sat,Away,W,3.0,1.0,Southampton,2.9,0.8,47.0,31141.0,Bruno Guimarães,4-3-3,3-4-1-2,Samuel Barrott,Match Report,,2025,Newcastle United
190,0,2024-08-18,16:30,Premier League,Matchweek 1,Sun,Home,L,0.0,2.0,Manchester City,1.0,0.8,48.0,39818.0,Enzo Fernández,4-2-3-1,3-2-4-1,Anthony Taylor,Match Report,,2025,Chelsea
191,2,2024-08-25,14:00,Premier League,Matchweek 2,Sun,Away,W,6.0,2.0,Wolves,1.6,1.9,60.0,31235.0,Enzo Fernández,4-2-3-1,4-2-3-1,Darren England,Match Report,,2025,Chelsea
192,4,2024-09-01,13:30,Premier League,Matchweek 3,Sun,Home,D,1.0,1.0,Crystal Palace,2.4,0.5,62.0,39298.0,Enzo Fernández,4-2-3-1,3-4-3,Jarred Gillett,Match Report,,2025,Chelsea
193,5,2024-09-14,20:00,Premier League,Matchweek 4,Sat,Away,W,1.0,0.0,Bournemouth,0.8,1.7,66.0,11235.0,Moisés Caicedo,4-2-3-1,4-2-3-1,Anthony Taylor,Match Report,,2025,Chelsea
194,6,2024-09-21,12:30,Premier League,Matchweek 5,Sat,Away,W,3.0,0.0,West Ham,2.2,0.9,47.0,62473.0,Enzo Fernández,4-2-3-1,3-4-3,Samuel Barrott,Match Report,,2025,Chelsea
195,8,2024-09-28,15:00,Premier League,Matchweek 6,Sat,Home,W,4.0,2.0,Brighton,4.2,1.1,41.0,39495.0,Enzo Fernández,4-2-3-1,4-3-3,Peter Bankes,Match Report,,2025,Chelsea
196,10,2024-10-06,14:00,Premier League,Matchweek 7,Sun,Home,D,1.0,1.0,Nott'ham Forest,2.3,0.9,65.0,39501.0,Enzo Fernández,4-2-3-1,4-2-3-1,Chris Kavanagh,Match Report,,2025,Chelsea
197,11,2024-10-20,16:30,Premier League,Matchweek 8,Sun,Away,L,1.0,2.0,Liverpool,1.0,1.9,57.0,60277.0,Reece James,4-2-3-1,4-2-3-1,John Brooks,Match Report,,2025,Chelsea
198,13,2024-10-27,14:00,Premier League,Matchweek 9,Sun,Home,W,2.0,1.0,Newcastle Utd,1.6,1.8,50.0,39526.0,Reece James,4-2-3-1,4-3-3,Simon Hooper,Match Report,,2025,Chelsea
199,15,2024-11-03,16:30,Premier League,Matchweek 10,Sun,Away,D,1.0,1.0,Manchester Utd,1.1,2.0,54.0,73813.0,Reece James,4-2-3-1,4-2-3-1,Robert Jones,Match Report,,2025,Chelsea
200,17,2024-11-10,16:30,Premier League,Matchweek 11,Sun,Home,D,1.0,1.0,Arsenal,1.5,1.5,49.0,39780.0,Moisés Caicedo,4-2-3-1,4-3-3,Michael Oliver,Match Report,,2025,Chelsea
201,18,2024-11-23,12:30,Premier League,Matchweek 12,Sat,Away,W,2.0,1.0,Leicester City,2.7,1.1,63.0,31880.0,Enzo Fernández,4-2-3-1,4-4-1-1,Andy Madley,Match Report,,2025,Chelsea
202,20,2024-12-01,13:30,Premier League,Matchweek 13,Sun,Home,W,3.0,0.0,Aston Villa,1.6,1.2,64.0,40853.0,Enzo Fernández,4-2-3-1,4-2-3-1,Stuart Attwell,Match Report,,2025,Chelsea
203,21,2024-12-04,19:30,Premier League,Matchweek 14,Wed,Away,W,5.0,1.0,Southampton,5.2,1.6,55.0,31193.0,Enzo Fernández,4-2-3-1,5-3-2,Tony Harrington,Match Report,,2025,Chelsea
204,22,2024-12-08,16:30,Premier League,Matchweek 15,Sun,Away,W,4.0,3.0,Tottenham,2.8,2.8,61.0,61184.0,Enzo Fernández,4-2-3-1,4-3-3,Anthony Taylor,Match Report,,2025,Chelsea
205,24,2024-12-15,19:00,Premier League,Matchweek 16,Sun,Home,W,2.0,1.0,Brentford,2.2,1.6,62.0,39571.0,Enzo Fernández,4-2-3-1,3-5-2,Peter Bankes,Match Report,,2025,Chelsea
206,26,2024-12-22,14:00,Premier League,Matchweek 17,Sun,Away,D,0.0,0.0,Everton,1.2,1.0,75.0,39358.0,Enzo Fernández,4-2-3-1,4-3-3,Chris Kavanagh,Match Report,,2025,Chelsea
207,27,2024-12-26,15:00,Premier League,Matchweek 18,Thu,Home,L,1.0,2.0,Fulham,1.1,1.8,47.0,39687.0,Enzo Fernández,4-2-3-1,4-5-1,Samuel Barrott,Match Report,,2025,Chelsea
208,28,2024-12-30,19:45,Premier League,Matchweek 19,Mon,Away,L,0.0,2.0,Ipswich Town,2.0,1.6,76.0,29968.0,Enzo Fernández,4-2-3-1,5-4-1,John Brooks,Match Report,,2025,Chelsea
209,29,2025-01-04,15:00,Premier League,Matchweek 20,Sat,Away,D,1.0,1.0,Crystal Palace,1.2,1.1,61.0,25179.0,Enzo Fernández,4-2-3-1,3-4-3,Tim Robinson,Match Report,,2025,Chelsea
210,31,2025-01-14,19:30,Premier League,Matchweek 21,Tue,Home,D,2.0,2.0,Bournemouth,2.5,1.2,57.0,39092.0,Enzo Fernández,4-2-3-1,4-2-3-1,Robert Jones,Match Report,,2025,Chelsea
211,32,2025-01-20,20:00,Premier League,Matchweek 22,Mon,Home,W,3.0,1.0,Wolves,3.1,0.8,63.0,39221.0,Reece James,4-2-3-1,3-4-3,Simon Hooper,Match Report,,2025,Chelsea
212,33,2025-01-25,17:30,Premier League,Matchweek 23,Sat,Away,L,1.0,3.0,Manchester City,1.8,2.2,44.0,,Reece James,4-2-3-1,4-3-3,John Brooks,Match Report,,2025,Chelsea
228,0,2024-08-17,15:00,Premier League,Matchweek 1,Sat,Away,D,1.0,1.0,Nott'ham Forest,1.2,1.3,47.0,29763.0,Neto,4-2-3-1,4-2-3-1,Michael Oliver,Match Report,,2025,Bournemouth
229,1,2024-08-25,14:00,Premier League,Matchweek 2,Sun,Home,D,1.0,1.0,Newcastle Utd,2.2,1.6,39.0,11161.0,Neto,4-2-3-1,4-3-3,David Coote,Match Report,,2025,Bournemouth
230,3,2024-08-31,15:00,Premier League,Matchweek 3,Sat,Away,W,3.0,2.0,Everton,2.4,1.8,53.0,38805.0,Lewis Cook,4-2-3-1,4-2-3-1,Stuart Attwell,Match Report,,2025,Bournemouth
231,4,2024-09-14,20:00,Premier League,Matchweek 4,Sat,Home,L,0.0,1.0,Chelsea,1.7,0.8,34.0,11235.0,Adam Smith,4-2-3-1,4-2-3-1,Anthony Taylor,Match Report,,2025,Bournemouth
232,5,2024-09-21,15:00,Premier League,Matchweek 5,Sat,Away,L,0.0,3.0,Liverpool,1.1,2.0,42.0,60347.0,Lewis Cook,4-2-3-1,4-2-3-1,Tony Harrington,Match Report,,2025,Bournemouth
233,6,2024-09-30,20:00,Premier League,Matchweek 6,Mon,Home,W,3.0,1.0,Southampton,1.3,0.6,40.0,11243.0,Adam Smith,4-2-3-1,4-2-3-1,Michael Oliver,Match Report,,2025,Bournemouth
234,7,2024-10-05,15:00,Premier League,Matchweek 7,Sat,Away,L,0.0,1.0,Leicester City,2.1,0.8,55.0,31706.0,Adam Smith,4-2-3-1,4-2-3-1,Darren Bond,Match Report,,2025,Bournemouth
235,8,2024-10-19,17:30,Premier League,Matchweek 8,Sat,Home,W,2.0,0.0,Arsenal,1.8,0.7,49.0,11235.0,Lewis Cook,4-2-3-1,4-2-3-1,Robert Jones,Match Report,,2025,Bournemouth
236,9,2024-10-26,15:00,Premier League,Matchweek 9,Sat,Away,D,1.0,1.0,Aston Villa,0.3,1.8,43.0,42165.0,Lewis Cook,4-2-3-1,4-4-1-1,Chris Kavanagh,Match Report,,2025,Bournemouth
237,10,2024-11-02,15:00,Premier League,Matchweek 10,Sat,Home,W,2.0,1.0,Manchester City,2.0,1.6,36.0,11231.0,Adam Smith,4-2-3-1,4-1-4-1,Michael Oliver,Match Report,,2025,Bournemouth
238,11,2024-11-09,15:00,Premier League,Matchweek 11,Sat,Away,L,2.0,3.0,Brentford,2.6,1.5,49.0,16587.0,Adam Smith,4-2-3-1,4-3-3,Darren Bond,Match Report,,2025,Bournemouth
239,12,2024-11-23,15:00,Premier League,Matchweek 12,Sat,Home,L,1.0,2.0,Brighton,1.6,0.9,55.0,11196.0,Adam Smith,4-2-3-1,4-2-3-1,Stuart Attwell,Match Report,,2025,Bournemouth
240,13,2024-11-30,15:00,Premier League,Matchweek 13,Sat,Away,W,4.0,2.0,Wolves,3.3,0.5,40.0,26685.0,Adam Smith,4-2-3-1,4-2-3-1,Peter Bankes,Match Report,,2025,Bournemouth
241,14,2024-12-05,20:15,Premier League,Matchweek 14,Thu,Home,W,1.0,0.0,Tottenham,3.5,0.9,35.0,11234.0,Adam Smith,4-2-3-1,4-3-3,Simon Hooper,Match Report,,2025,Bournemouth
242,15,2024-12-08,14:00,Premier League,Matchweek 15,Sun,Away,W,2.0,1.0,Ipswich Town,3.2,1.3,56.0,29180.0,Adam Smith,4-2-3-1,4-2-3-1,Michael Salisbury,Match Report,,2025,Bournemouth
243,16,2024-12-16,20:00,Premier League,Matchweek 16,Mon,Home,D,1.0,1.0,West Ham,1.9,2.1,52.0,11204.0,Adam Smith,4-2-3-1,4-1-4-1,Chris Kavanagh,Match Report,,2025,Bournemouth
244,17,2024-12-22,14:00,Premier League,Matchweek 17,Sun,Away,W,3.0,0.0,Manchester Utd,1.6,2.2,40.0,73720.0,Adam Smith,4-2-3-1,3-4-3,Craig Pawson,Match Report,,2025,Bournemouth
245,18,2024-12-26,15:00,Premier League,Matchweek 18,Thu,Home,D,0.0,0.0,Crystal Palace,1.4,0.4,52.0,11129.0,Lewis Cook,4-2-3-1,3-4-3,Thomas Bramall,Match Report,,2025,Bournemouth
246,19,2024-12-29,15:00,Premier League,Matchweek 19,Sun,Away,D,2.0,2.0,Fulham,2.0,1.1,48.0,27301.0,Lewis Cook,4-2-3-1,4-5-1,Robert Jones,Match Report,,2025,Bournemouth
247,20,2025-01-04,15:00,Premier League,Matchweek 20,Sat,Home,W,1.0,0.0,Everton,1.8,0.7,58.0,11223.0,Lewis Cook,4-2-3-1,4-2-3-1,John Brooks,Match Report,,2025,Bournemouth
248,22,2025-01-14,19:30,Premier League,Matchweek 21,Tue,Away,D,2.0,2.0,Chelsea,1.2,2.5,43.0,39092.0,Lewis Cook,4-2-3-1,4-2-3-1,Robert Jones,Match Report,,2025,Bournemouth
249,23,2025-01-18,12:30,Premier League,Matchweek 22,Sat,Away,W,4.0,1.0,Newcastle Utd,2.0,0.8,44.0,52227.0,Lewis Cook,4-2-3-1,4-3-3,Stuart Attwell,Match Report,,2025,Bournemouth
250,24,2025-01-25,15:00,Premier League,Matchweek 23,Sat,Home,W,5.0,0.0,Nott'ham Forest,1.7,1.0,50.0,11228.0,Lewis Cook,4-2-3-1,4-2-3-1,Craig Pawson,Match Report,,2025,Bournemouth
266,0,2024-08-17,17:30,Premier League,Matchweek 1,Sat,Away,W,2.0,1.0,West Ham,2.0,2.3,48.0,62463.0,John McGinn,4-2-3-1,4-1-4-1,Tony Harrington,Match Report,,2025,Aston Villa
267,1,2024-08-24,17:30,Premier League,Matchweek 2,Sat,Home,L,0.0,2.0,Arsenal,1.2,0.9,40.0,41587.0,John McGinn,4-4-2,4-3-3,Michael Oliver,Match Report,,2025,Aston Villa
268,2,2024-08-31,15:00,Premier League,Matchweek 3,Sat,Away,W,2.0,1.0,Leicester City,1.4,0.4,43.0,31725.0,John McGinn,4-4-2,4-2-3-1,David Coote,Match Report,,2025,Aston Villa
269,3,2024-09-14,17:30,Premier League,Matchweek 4,Sat,Home,W,3.0,2.0,Everton,2.1,0.9,72.0,41573.0,John McGinn,4-2-3-1,4-2-3-1,Craig Pawson,Match Report,,2025,Aston Villa
270,5,2024-09-21,15:00,Premier League,Matchweek 5,Sat,Home,W,3.0,1.0,Wolves,1.7,0.5,53.0,39978.0,John McGinn,4-2-3-1,4-1-4-1,Tim Robinson,Match Report,,2025,Aston Villa
271,7,2024-09-29,14:00,Premier League,Matchweek 6,Sun,Away,D,2.0,2.0,Ipswich Town,0.8,1.2,56.0,29943.0,Emiliano Martínez,4-2-3-1,4-2-3-1,Stuart Attwell,Match Report,,2025,Aston Villa
272,9,2024-10-06,14:00,Premier League,Matchweek 7,Sun,Home,D,0.0,0.0,Manchester Utd,0.5,0.6,53.0,42682.0,Emiliano Martínez,4-2-3-1,4-2-3-1,Robert Jones,Match Report,,2025,Aston Villa
273,10,2024-10-19,15:00,Premier League,Matchweek 8,Sat,Away,W,3.0,1.0,Fulham,1.6,1.8,48.0,26743.0,Emiliano Martínez,4-2-3-1,4-2-3-1,Darren England,Match Report,,2025,Aston Villa
274,12,2024-10-26,15:00,Premier League,Matchweek 9,Sat,Home,D,1.0,1.0,Bournemouth,1.8,0.3,57.0,42165.0,John McGinn,4-4-1-1,4-2-3-1,Chris Kavanagh,Match Report,,2025,Aston Villa
275,14,2024-11-03,14:00,Premier League,Matchweek 10,Sun,Away,L,1.0,4.0,Tottenham,1.8,2.4,49.0,61253.0,John McGinn,4-2-3-1,4-3-3,Craig Pawson,Match Report,,2025,Aston Villa
276,16,2024-11-09,20:00,Premier League,Matchweek 11,Sat,Away,L,0.0,2.0,Liverpool,1.2,2.0,38.0,60292.0,Emiliano Martínez,4-2-3-1,4-2-3-1,David Coote,Match Report,,2025,Aston Villa
277,17,2024-11-23,15:00,Premier League,Matchweek 12,Sat,Home,D,2.0,2.0,Crystal Palace,3.0,1.3,69.0,42175.0,John McGinn,4-2-3-1,3-4-3,Tim Robinson,Match Report,,2025,Aston Villa
278,19,2024-12-01,13:30,Premier League,Matchweek 13,Sun,Away,L,0.0,3.0,Chelsea,1.2,1.6,36.0,40853.0,John McGinn,4-2-3-1,4-2-3-1,Stuart Attwell,Match Report,,2025,Aston Villa
279,20,2024-12-04,20:15,Premier League,Matchweek 14,Wed,Home,W,3.0,1.0,Brentford,2.4,0.9,49.0,42148.0,John McGinn,4-2-3-1,4-3-3,Lewis Smith,Match Report,,2025,Aston Villa
280,21,2024-12-07,15:00,Premier League,Matchweek 15,Sat,Home,W,1.0,0.0,Southampton,2.3,0.3,47.0,42453.0,John McGinn,4-2-3-1,5-3-2,Darren Bond,Match Report,,2025,Aston Villa
281,23,2024-12-14,17:30,Premier League,Matchweek 16,Sat,Away,L,1.0,2.0,Nott'ham Forest,0.4,1.7,50.0,30117.0,John McGinn,4-2-3-1,4-2-3-1,Samuel Barrott,Match Report,,2025,Aston Villa
282,24,2024-12-21,12:30,Premier League,Matchweek 17,Sat,Home,W,2.0,1.0,Manchester City,1.6,1.0,44.0,42345.0,John McGinn,4-2-3-1,4-2-3-1,Peter Bankes,Match Report,,2025,Aston Villa
283,25,2024-12-26,15:00,Premier League,Matchweek 18,Thu,Away,L,0.0,3.0,Newcastle Utd,0.3,2.7,38.0,52168.0,John McGinn,4-2-3-1,4-3-3,Anthony Taylor,Match Report,,2025,Aston Villa
284,26,2024-12-30,19:45,Premier League,Matchweek 19,Mon,Home,D,2.0,2.0,Brighton,1.8,1.1,59.0,41414.0,John McGinn,4-2-3-1,4-2-3-1,Craig Pawson,Match Report,,2025,Aston Villa
285,27,2025-01-04,15:00,Premier League,Matchweek 20,Sat,Home,W,2.0,1.0,Leicester City,1.4,0.4,60.0,42386.0,John McGinn,4-2-3-1,4-2-3-1,Jarred Gillett,Match Report,,2025,Aston Villa
286,29,2025-01-15,19:30,Premier League,Matchweek 21,Wed,Away,W,1.0,0.0,Everton,1.2,1.1,50.0,39085.0,Emiliano Martínez,4-2-3-1,4-2-3-1,Samuel Barrott,Match Report,,2025,Aston Villa
287,30,2025-01-18,17:30,Premier League,Matchweek 22,Sat,Away,D,2.0,2.0,Arsenal,1.0,1.3,34.0,60067.0,Emiliano Martínez,4-2-3-1,4-3-3,Chris Kavanagh,Match Report,,2025,Aston Villa
288,32,2025-01-26,16:30,Premier League,Matchweek 23,Sun,Home,D,1.0,1.0,West Ham,0.9,1.3,46.0,41628.0,Emiliano Martínez,4-2-3-1,3-4-3,Peter Bankes,Match Report,,2025,Aston Villa
304,0,2024-08-17,15:00,Premier League,Matchweek 1,Sat,Away,W,3.0,0.0,Everton,1.4,0.5,60.0,39217.0,Lewis Dunk,4-2-3-1,4-2-3-1,Simon Hooper,Match Report,,2025,Brighton and Hove Albion
305,1,2024-08-24,12:30,Premier League,Matchweek 2,Sat,Home,W,2.0,1.0,Manchester Utd,2.1,1.4,48.0,31537.0,Lewis Dunk,4-2-3-1,4-2-3-1,Craig Pawson,Match Report,,2025,Brighton and Hove Albion
306,3,2024-08-31,12:30,Premier League,Matchweek 3,Sat,Away,D,1.0,1.0,Arsenal,1.7,2.1,64.0,60326.0,Lewis Dunk,4-2-3-1,4-3-3,Chris Kavanagh,Match Report,,2025,Brighton and Hove Albion
307,4,2024-09-14,15:00,Premier League,Matchweek 4,Sat,Home,D,0.0,0.0,Ipswich Town,1.6,0.3,68.0,41573.0,Lewis Dunk,4-4-2,4-2-3-1,Samuel Barrott,Match Report,,2025,Brighton and Hove Albion
308,6,2024-09-22,14:00,Premier League,Matchweek 5,Sun,Home,D,2.0,2.0,Nott'ham Forest,1.0,1.4,70.0,31444.0,Lewis Dunk,4-2-3-1,4-2-3-1,Robert Jones,Match Report,,2025,Brighton and Hove Albion
309,7,2024-09-28,15:00,Premier League,Matchweek 6,Sat,Away,L,2.0,4.0,Chelsea,1.1,4.2,59.0,39495.0,Lewis Dunk,4-3-3,4-2-3-1,Peter Bankes,Match Report,,2025,Brighton and Hove Albion
310,8,2024-10-06,16:30,Premier League,Matchweek 7,Sun,Home,W,3.0,2.0,Tottenham,1.8,1.3,41.0,31487.0,Lewis Dunk,4-2-3-1,4-3-3,David Coote,Match Report,,2025,Brighton and Hove Albion
311,9,2024-10-19,15:00,Premier League,Matchweek 8,Sat,Away,W,1.0,0.0,Newcastle Utd,1.1,2.0,40.0,52220.0,Lewis Dunk,4-4-2,4-3-3,Peter Bankes,Match Report,,2025,Brighton and Hove Albion
312,10,2024-10-26,15:00,Premier League,Matchweek 9,Sat,Home,D,2.0,2.0,Wolves,1.3,1.3,51.0,31840.0,Danny Welbeck,4-4-2,3-4-3,Michael Oliver,Match Report,,2025,Brighton and Hove Albion
313,12,2024-11-02,15:00,Premier League,Matchweek 10,Sat,Away,L,1.0,2.0,Liverpool,1.0,1.6,51.0,60331.0,Danny Welbeck,4-4-2,4-2-3-1,Tony Harrington,Match Report,,2025,Brighton and Hove Albion
314,13,2024-11-09,17:30,Premier League,Matchweek 11,Sat,Home,W,2.0,1.0,Manchester City,2.3,2.1,40.0,31715.0,Danny Welbeck,4-4-2,4-1-4-1,Samuel Barrott,Match Report,,2025,Brighton and Hove Albion
315,14,2024-11-23,15:00,Premier League,Matchweek 12,Sat,Away,W,2.0,1.0,Bournemouth,0.9,1.6,45.0,11196.0,Danny Welbeck,4-2-3-1,4-2-3-1,Stuart Attwell,Match Report,,2025,Brighton and Hove Albion
316,15,2024-11-29,20:00,Premier League,Matchweek 13,Fri,Home,D,1.0,1.0,Southampton,1.7,1.0,53.0,31542.0,Danny Welbeck,4-4-2,5-4-1,Robert Jones,Match Report,,2025,Brighton and Hove Albion
317,16,2024-12-05,19:30,Premier League,Matchweek 14,Thu,Away,L,1.0,3.0,Fulham,1.4,1.1,57.0,26368.0,Lewis Dunk,3-4-3,4-2-3-1,Peter Bankes,Match Report,,2025,Brighton and Hove Albion
318,17,2024-12-08,14:00,Premier League,Matchweek 15,Sun,Away,D,2.0,2.0,Leicester City,1.5,1.3,44.0,31647.0,Lewis Dunk,4-2-3-1,4-2-3-1,Stuart Attwell,Match Report,,2025,Brighton and Hove Albion
319,18,2024-12-15,14:00,Premier League,Matchweek 16,Sun,Home,L,1.0,3.0,Crystal Palace,1.0,2.2,64.0,30893.0,Lewis Dunk,4-2-3-1,3-4-3,Michael Oliver,Match Report,,2025,Brighton and Hove Albion
320,19,2024-12-21,15:00,Premier League,Matchweek 17,Sat,Away,D,1.0,1.0,West Ham,0.9,1.2,53.0,62460.0,Lewis Dunk,4-2-3-1,4-1-4-1,Robert Jones,Match Report,,2025,Brighton and Hove Albion
321,20,2024-12-27,19:30,Premier League,Matchweek 18,Fri,Home,D,0.0,0.0,Brentford,1.3,1.1,57.0,31548.0,Lewis Dunk,4-2-3-1,4-2-3-1,Andy Madley,Match Report,,2025,Brighton and Hove Albion
322,21,2024-12-30,19:45,Premier League,Matchweek 19,Mon,Away,D,2.0,2.0,Aston Villa,1.1,1.8,41.0,41414.0,Lewis Dunk,4-2-3-1,4-2-3-1,Craig Pawson,Match Report,,2025,Brighton and Hove Albion
323,22,2025-01-04,17:30,Premier League,Matchweek 20,Sat,Home,D,1.0,1.0,Arsenal,1.5,0.9,45.0,31714.0,João Pedro,4-2-3-1,4-3-3,Anthony Taylor,Match Report,,2025,Brighton and Hove Albion
324,24,2025-01-16,19:30,Premier League,Matchweek 21,Thu,Away,W,2.0,0.0,Ipswich Town,1.0,0.3,53.0,29403.0,Adam Webster,4-1-4-1,4-2-3-1,Tony Harrington,Match Report,,2025,Brighton and Hove Albion
325,25,2025-01-19,14:00,Premier League,Matchweek 22,Sun,Away,W,3.0,1.0,Manchester Utd,1.9,1.5,49.0,73758.0,Lewis Dunk,4-4-2,3-4-3,Peter Bankes,Match Report,,2025,Brighton and Hove Albion
326,26,2025-01-25,15:00,Premier League,Matchweek 23,Sat,Home,L,0.0,1.0,Everton,0.7,0.8,69.0,,Lewis Dunk,4-2-3-1,4-2-3-1,Tim Robinson,Match Report,,2025,Brighton and Hove Albion
342,0,2024-08-16,20:00,Premier League,Matchweek 1,Fri,Away,L,0.0,1.0,Manchester Utd,0.4,2.4,45.0,73297.0,Bernd Leno,4-2-3-1,4-2-3-1,Robert Jones,Match Report,,2025,Fulham
343,1,2024-08-24,15:00,Premier League,Matchweek 2,Sat,Home,W,2.0,1.0,Leicester City,1.8,0.6,54.0,25401.0,Bernd Leno,4-2-3-1,4-2-3-1,Darren Bond,Match Report,,2025,Fulham
344,3,2024-08-31,15:00,Premier League,Matchweek 3,Sat,Away,D,1.0,1.0,Ipswich Town,0.9,0.4,52.0,29517.0,Bernd Leno,4-3-3,4-2-3-1,Lewis Smith,Match Report,,2025,Fulham
345,4,2024-09-14,15:00,Premier League,Matchweek 4,Sat,Home,D,1.0,1.0,West Ham,1.5,0.8,54.0,26528.0,Bernd Leno,4-2-3-1,4-2-3-1,Tim Robinson,Match Report,,2025,Fulham
346,6,2024-09-21,15:00,Premier League,Matchweek 5,Sat,Home,W,3.0,1.0,Newcastle Utd,2.2,1.5,39.0,25700.0,Bernd Leno,4-2-3-1,4-3-3,Peter Bankes,Match Report,,2025,Fulham
347,7,2024-09-28,15:00,Premier League,Matchweek 6,Sat,Away,W,1.0,0.0,Nott'ham Forest,1.3,0.8,59.0,30139.0,Bernd Leno,4-2-3-1,4-4-2,Joshua Smith,Match Report,,2025,Fulham
348,8,2024-10-05,15:00,Premier League,Matchweek 7,Sat,Away,L,2.0,3.0,Manchester City,2.6,1.6,42.0,53017.0,Bernd Leno,5-4-1,4-1-4-1,Peter Bankes,Match Report,,2025,Fulham
349,9,2024-10-19,15:00,Premier League,Matchweek 8,Sat,Home,L,1.0,3.0,Aston Villa,1.8,1.6,52.0,26743.0,Bernd Leno,4-2-3-1,4-2-3-1,Darren England,Match Report,,2025,Fulham
350,10,2024-10-26,17:30,Premier League,Matchweek 9,Sat,Away,D,1.0,1.0,Everton,1.2,0.8,60.0,38742.0,Bernd Leno,4-2-3-1,4-2-3-1,John Brooks,Match Report,,2025,Fulham
351,11,2024-11-04,20:00,Premier League,Matchweek 10,Mon,Home,W,2.0,1.0,Brentford,1.3,0.6,68.0,24931.0,Bernd Leno,4-2-3-1,4-2-3-1,Stuart Attwell,Match Report,,2025,Fulham
352,12,2024-11-09,15:00,Premier League,Matchweek 11,Sat,Away,W,2.0,0.0,Crystal Palace,1.8,1.5,64.0,25142.0,Bernd Leno,4-2-3-1,3-4-3,Michael Salisbury,Match Report,,2025,Fulham
353,13,2024-11-23,15:00,Premier League,Matchweek 12,Sat,Home,L,1.0,4.0,Wolves,1.0,1.3,59.0,26685.0,Bernd Leno,4-2-3-1,3-4-3,Robert Jones,Match Report,,2025,Fulham
354,14,2024-12-01,13:30,Premier League,Matchweek 13,Sun,Away,D,1.0,1.0,Tottenham,1.5,0.8,49.0,61141.0,Antonee Robinson,4-2-3-1,4-3-3,Darren Bond,Match Report,,2025,Fulham
355,15,2024-12-05,19:30,Premier League,Matchweek 14,Thu,Home,W,3.0,1.0,Brighton,1.1,1.4,43.0,26368.0,Antonee Robinson,4-2-3-1,3-4-3,Peter Bankes,Match Report,,2025,Fulham
356,16,2024-12-08,14:00,Premier League,Matchweek 15,Sun,Home,D,1.0,1.0,Arsenal,0.2,1.8,34.0,26954.0,Antonee Robinson,4-2-3-1,4-3-3,Chris Kavanagh,Match Report,,2025,Fulham
357,17,2024-12-14,15:00,Premier League,Matchweek 16,Sat,Away,D,2.0,2.0,Liverpool,1.2,2.1,39.0,60333.0,Antonee Robinson,4-2-3-1,4-3-3,Tony Harrington,Match Report,,2025,Fulham
358,18,2024-12-22,14:00,Premier League,Matchweek 17,Sun,Home,D,0.0,0.0,Southampton,0.9,0.3,57.0,26819.0,Tom Cairney,4-2-3-1,3-4-1-2,Tim Robinson,Match Report,,2025,Fulham
359,19,2024-12-26,15:00,Premier League,Matchweek 18,Thu,Away,W,2.0,1.0,Chelsea,1.8,1.1,53.0,39687.0,Antonee Robinson,4-5-1,4-2-3-1,Samuel Barrott,Match Report,,2025,Fulham
360,20,2024-12-29,15:00,Premier League,Matchweek 19,Sun,Home,D,2.0,2.0,Bournemouth,1.1,2.0,52.0,27301.0,Antonee Robinson,4-5-1,4-2-3-1,Robert Jones,Match Report,,2025,Fulham
361,21,2025-01-05,14:00,Premier League,Matchweek 20,Sun,Home,D,2.0,2.0,Ipswich Town,2.2,1.5,73.0,27042.0,Tom Cairney,3-4-3,5-4-1,Darren Bond,Match Report,,2025,Fulham
362,23,2025-01-14,19:30,Premier League,Matchweek 21,Tue,Away,L,2.0,3.0,West Ham,1.7,1.0,56.0,62456.0,Antonee Robinson,4-2-3-1,4-2-3-1,Craig Pawson,Match Report,,2025,Fulham
363,24,2025-01-18,15:00,Premier League,Matchweek 22,Sat,Away,W,2.0,0.0,Leicester City,2.0,0.6,60.0,31500.0,Antonee Robinson,4-2-3-1,4-2-3-1,Michael Salisbury,Match Report,,2025,Fulham
364,25,2025-01-26,19:00,Premier League,Matchweek 23,Sun,Home,L,0.0,1.0,Manchester Utd,0.7,0.3,51.0,27288.0,Antonee Robinson,4-2-3-1,3-4-3,Anthony Taylor,Match Report,,2025,Fulham
380,0,2024-08-18,14:00,Premier League,Matchweek 1,Sun,Home,W,2.0,1.0,Crystal Palace,1.6,1.2,46.0,16988.0,Christian Nørgaard,4-3-3,3-4-3,Samuel Barrott,Match Report,,2025,Brentford
381,1,2024-08-25,16:30,Premier League,Matchweek 2,Sun,Away,L,0.0,2.0,Liverpool,0.5,2.5,38.0,60017.0,Christian Nørgaard,4-4-2,4-2-3-1,Stuart Attwell,Match Report,,2025,Brentford
382,3,2024-08-31,15:00,Premier League,Matchweek 3,Sat,Home,W,3.0,1.0,Southampton,2.8,1.5,37.0,16955.0,Christian Nørgaard,4-3-3,3-5-2,Joshua Smith,Match Report,,2025,Brentford
383,4,2024-09-14,15:00,Premier League,Matchweek 4,Sat,Away,L,1.0,2.0,Manchester City,1.0,2.1,46.0,52148.0,Christian Nørgaard,5-3-2,4-2-3-1,Darren Bond,Match Report,,2025,Brentford
384,6,2024-09-21,15:00,Premier League,Matchweek 5,Sat,Away,L,1.0,3.0,Tottenham,0.8,3.5,52.0,61246.0,Vitaly Janelt,5-3-2,4-3-3,John Brooks,Match Report,,2025,Brentford
385,7,2024-09-28,15:00,Premier League,Matchweek 6,Sat,Home,D,1.0,1.0,West Ham,0.4,1.0,57.0,17050.0,Vitaly Janelt,4-4-2,4-1-4-1,Simon Hooper,Match Report,,2025,Brentford
386,8,2024-10-05,15:00,Premier League,Matchweek 7,Sat,Home,W,5.0,3.0,Wolves,4.2,1.0,44.0,16960.0,Christian Nørgaard,4-2-3-1,4-1-4-1,Andy Madley,Match Report,,2025,Brentford
387,9,2024-10-19,15:00,Premier League,Matchweek 8,Sat,Away,L,1.0,2.0,Manchester Utd,0.9,1.3,50.0,73738.0,Christian Nørgaard,4-2-3-1,4-2-3-1,Samuel Barrott,Match Report,,2025,Brentford
388,10,2024-10-26,15:00,Premier League,Matchweek 9,Sat,Home,W,4.0,3.0,Ipswich Town,4.0,1.3,65.0,17109.0,Christian Nørgaard,4-2-3-1,4-2-3-1,Lewis Smith,Match Report,,2025,Brentford
389,12,2024-11-04,20:00,Premier League,Matchweek 10,Mon,Away,L,1.0,2.0,Fulham,0.6,1.3,32.0,24931.0,Christian Nørgaard,4-2-3-1,4-2-3-1,Stuart Attwell,Match Report,,2025,Brentford
390,13,2024-11-09,15:00,Premier League,Matchweek 11,Sat,Home,W,3.0,2.0,Bournemouth,1.5,2.6,51.0,16587.0,Christian Nørgaard,4-3-3,4-2-3-1,Darren Bond,Match Report,,2025,Brentford
391,14,2024-11-23,15:00,Premier League,Matchweek 12,Sat,Away,D,0.0,0.0,Everton,1.1,1.2,41.0,38915.0,Christian Nørgaard,4-3-3,4-2-3-1,Chris Kavanagh,Match Report,,2025,Brentford
392,15,2024-11-30,15:00,Premier League,Matchweek 13,Sat,Home,W,4.0,1.0,Leicester City,2.4,1.1,60.0,17084.0,Christian Nørgaard,4-2-3-1,3-4-3,Michael Oliver,Match Report,,2025,Brentford
393,16,2024-12-04,20:15,Premier League,Matchweek 14,Wed,Away,L,1.0,3.0,Aston Villa,0.9,2.4,51.0,42148.0,Vitaly Janelt,4-3-3,4-2-3-1,Lewis Smith,Match Report,,2025,Brentford
394,17,2024-12-07,15:00,Premier League,Matchweek 15,Sat,Home,W,4.0,2.0,Newcastle Utd,1.2,1.5,43.0,17078.0,Christian Nørgaard,3-4-3,4-3-3,Simon Hooper,Match Report,,2025,Brentford
395,18,2024-12-15,19:00,Premier League,Matchweek 16,Sun,Away,L,1.0,2.0,Chelsea,1.6,2.2,38.0,39571.0,Christian Nørgaard,3-5-2,4-2-3-1,Peter Bankes,Match Report,,2025,Brentford
396,20,2024-12-21,15:00,Premier League,Matchweek 17,Sat,Home,L,0.0,2.0,Nott'ham Forest,0.7,0.9,64.0,17115.0,Christian Nørgaard,4-3-3,3-4-3,Michael Oliver,Match Report,,2025,Brentford
397,21,2024-12-27,19:30,Premier League,Matchweek 18,Fri,Away,D,0.0,0.0,Brighton,1.1,1.3,43.0,31548.0,Christian Nørgaard,4-2-3-1,4-2-3-1,Andy Madley,Match Report,,2025,Brentford
398,22,2025-01-01,17:30,Premier League,Matchweek 19,Wed,Home,L,1.0,3.0,Arsenal,0.3,1.9,50.0,47190.0,Christian Nørgaard,4-3-1-2,4-3-3,Peter Bankes,Match Report,,2025,Brentford
399,23,2025-01-04,15:00,Premier League,Matchweek 20,Sat,Away,W,5.0,0.0,Southampton,4.4,0.3,50.0,31001.0,Christian Nørgaard,4-3-3,3-4-3,Stuart Attwell,Match Report,,2025,Brentford
400,25,2025-01-14,19:30,Premier League,Matchweek 21,Tue,Home,D,2.0,2.0,Manchester City,2.5,2.2,45.0,17048.0,Christian Nørgaard,4-3-3,4-2-3-1,Anthony Taylor,Match Report,,2025,Brentford
401,26,2025-01-18,15:00,Premier League,Matchweek 22,Sat,Home,L,0.0,2.0,Liverpool,0.7,3.4,40.0,17215.0,Christian Nørgaard,4-2-3-1,4-2-3-1,Andy Madley,Match Report,,2025,Brentford
402,27,2025-01-26,14:00,Premier League,Matchweek 23,Sun,Away,W,2.0,1.0,Crystal Palace,1.5,1.1,53.0,25066.0,Christian Nørgaard,4-2-3-1,3-4-3,Tony Harrington,Match Report,,2025,Brentford
418,1,2024-08-16,20:00,Premier League,Matchweek 1,Fri,Home,W,1.0,0.0,Fulham,2.4,0.4,55.0,73297.0,Bruno Fernandes,4-2-3-1,4-2-3-1,Robert Jones,Match Report,,2025,Manchester United
419,2,2024-08-24,12:30,Premier League,Matchweek 2,Sat,Away,L,1.0,2.0,Brighton,1.4,2.1,52.0,31537.0,Bruno Fernandes,4-2-3-1,4-2-3-1,Craig Pawson,Match Report,,2025,Manchester United
420,3,2024-09-01,16:00,Premier League,Matchweek 3,Sun,Home,L,0.0,3.0,Liverpool,1.4,1.8,53.0,73738.0,Bruno Fernandes,4-2-3-1,4-2-3-1,Anthony Taylor,Match Report,,2025,Manchester United
421,4,2024-09-14,12:30,Premier League,Matchweek 4,Sat,Away,W,3.0,0.0,Southampton,2.6,1.1,56.0,31144.0,Bruno Fernandes,4-2-3-1,4-2-3-1,Stuart Attwell,Match Report,,2025,Manchester United
422,6,2024-09-21,17:30,Premier League,Matchweek 5,Sat,Away,D,0.0,0.0,Crystal Palace,1.6,1.0,67.0,25172.0,Bruno Fernandes,4-2-3-1,3-4-3,David Coote,Match Report,,2025,Manchester United
423,8,2024-09-29,16:30,Premier League,Matchweek 6,Sun,Home,L,0.0,3.0,Tottenham,1.0,4.4,39.0,73587.0,Bruno Fernandes,4-2-3-1,4-3-3,Chris Kavanagh,Match Report,,2025,Manchester United
424,10,2024-10-06,14:00,Premier League,Matchweek 7,Sun,Away,D,0.0,0.0,Aston Villa,0.6,0.5,47.0,42682.0,Bruno Fernandes,4-2-3-1,4-2-3-1,Robert Jones,Match Report,,2025,Manchester United
425,11,2024-10-19,15:00,Premier League,Matchweek 8,Sat,Home,W,2.0,1.0,Brentford,1.3,0.9,50.0,73738.0,Bruno Fernandes,4-2-3-1,4-2-3-1,Samuel Barrott,Match Report,,2025,Manchester United
426,13,2024-10-27,14:00,Premier League,Matchweek 9,Sun,Away,L,1.0,2.0,West Ham,2.3,2.8,58.0,62474.0,Bruno Fernandes,4-2-3-1,4-2-3-1,David Coote,Match Report,,2025,Manchester United
427,15,2024-11-03,16:30,Premier League,Matchweek 10,Sun,Home,D,1.0,1.0,Chelsea,2.0,1.1,46.0,73813.0,Bruno Fernandes,4-2-3-1,4-2-3-1,Robert Jones,Match Report,,2025,Manchester United
428,17,2024-11-10,14:00,Premier League,Matchweek 11,Sun,Home,W,3.0,0.0,Leicester City,0.8,0.6,51.0,73829.0,Bruno Fernandes,4-2-3-1,4-3-3,Peter Bankes,Match Report,,2025,Manchester United
429,18,2024-11-24,16:30,Premier League,Matchweek 12,Sun,Away,D,1.0,1.0,Ipswich Town,0.8,1.6,60.0,30017.0,Bruno Fernandes,3-4-3,4-2-3-1,Anthony Taylor,Match Report,,2025,Manchester United
430,20,2024-12-01,13:30,Premier League,Matchweek 13,Sun,Home,W,4.0,0.0,Everton,1.1,0.6,60.0,73817.0,Bruno Fernandes,3-4-3,4-2-3-1,John Brooks,Match Report,,2025,Manchester United
431,21,2024-12-04,20:15,Premier League,Matchweek 14,Wed,Away,L,0.0,2.0,Arsenal,0.2,2.1,49.0,60256.0,Bruno Fernandes,3-4-3,4-3-3,Samuel Barrott,Match Report,,2025,Manchester United
432,22,2024-12-07,17:30,Premier League,Matchweek 15,Sat,Home,L,2.0,3.0,Nott'ham Forest,1.6,0.8,71.0,73778.0,Bruno Fernandes,3-4-3,4-2-3-1,Darren England,Match Report,,2025,Manchester United
433,24,2024-12-15,16:30,Premier League,Matchweek 16,Sun,Away,W,2.0,1.0,Manchester City,2.1,0.9,48.0,53184.0,Bruno Fernandes,3-4-3,4-1-4-1,Anthony Taylor,Match Report,,2025,Manchester United
434,26,2024-12-22,14:00,Premier League,Matchweek 17,Sun,Home,L,0.0,3.0,Bournemouth,2.2,1.6,60.0,73720.0,Bruno Fernandes,3-4-3,4-2-3-1,Craig Pawson,Match Report,,2025,Manchester United
435,27,2024-12-26,17:30,Premier League,Matchweek 18,Thu,Away,L,0.0,2.0,Wolves,0.4,0.9,49.0,31407.0,Bruno Fernandes,3-4-3,3-4-3,Tony Harrington,Match Report,,2025,Manchester United
436,28,2024-12-30,20:00,Premier League,Matchweek 19,Mon,Home,L,0.0,2.0,Newcastle Utd,0.8,1.9,52.0,73809.0,Lisandro Martínez,3-4-3,4-3-3,Simon Hooper,Match Report,,2025,Manchester United
437,29,2025-01-05,16:30,Premier League,Matchweek 20,Sun,Away,D,2.0,2.0,Liverpool,1.0,2.7,47.0,60275.0,Bruno Fernandes,3-4-3,4-2-3-1,Michael Oliver,Match Report,,2025,Manchester United
438,31,2025-01-16,20:00,Premier League,Matchweek 21,Thu,Home,W,3.0,1.0,Southampton,3.4,1.4,60.0,73722.0,Bruno Fernandes,3-4-3,3-4-1-2,John Brooks,Match Report,,2025,Manchester United
439,32,2025-01-19,14:00,Premier League,Matchweek 22,Sun,Home,L,1.0,3.0,Brighton,1.5,1.9,51.0,73758.0,Bruno Fernandes,3-4-3,4-4-2,Peter Bankes,Match Report,,2025,Manchester United
440,34,2025-01-26,19:00,Premier League,Matchweek 23,Sun,Away,W,1.0,0.0,Fulham,0.3,0.7,49.0,27288.0,Bruno Fernandes,3-4-3,4-2-3-1,Anthony Taylor,Match Report,,2025,Manchester United
456,0,2024-08-18,14:00,Premier League,Matchweek 1,Sun,Away,L,1.0,2.0,Brentford,1.2,1.6,54.0,16988.0,Marc Guéhi,3-4-3,4-3-3,Samuel Barrott,Match Report,,2025,Crystal Palace
457,1,2024-08-24,15:00,Premier League,Matchweek 2,Sat,Home,L,0.0,2.0,West Ham,1.3,1.4,58.0,25099.0,Marc Guéhi,3-4-3,4-1-4-1,Robert Jones,Match Report,,2025,Crystal Palace
458,3,2024-09-01,13:30,Premier League,Matchweek 3,Sun,Away,D,1.0,1.0,Chelsea,0.5,2.4,38.0,39298.0,Marc Guéhi,3-4-3,4-2-3-1,Jarred Gillett,Match Report,,2025,Crystal Palace
459,4,2024-09-14,15:00,Premier League,Matchweek 4,Sat,Home,D,2.0,2.0,Leicester City,2.5,1.2,66.0,25147.0,Marc Guéhi,3-4-3,4-2-3-1,Tony Harrington,Match Report,,2025,Crystal Palace
460,6,2024-09-21,17:30,Premier League,Matchweek 5,Sat,Home,D,0.0,0.0,Manchester Utd,1.0,1.6,33.0,25172.0,Marc Guéhi,3-4-3,4-2-3-1,David Coote,Match Report,,2025,Crystal Palace
461,7,2024-09-28,15:00,Premier League,Matchweek 6,Sat,Away,L,1.0,2.0,Everton,0.9,0.9,59.0,38954.0,Marc Guéhi,3-4-3,4-2-3-1,Andy Madley,Match Report,,2025,Crystal Palace
462,8,2024-10-05,12:30,Premier League,Matchweek 7,Sat,Home,L,0.0,1.0,Liverpool,0.6,1.4,32.0,25185.0,Marc Guéhi,3-4-3,4-2-3-1,Simon Hooper,Match Report,,2025,Crystal Palace
463,9,2024-10-21,20:00,Premier League,Matchweek 8,Mon,Away,L,0.0,1.0,Nott'ham Forest,1.0,1.7,49.0,29443.0,Marc Guéhi,3-1-4-2,4-2-3-1,Tim Robinson,Match Report,,2025,Crystal Palace
464,10,2024-10-27,14:00,Premier League,Matchweek 9,Sun,Home,W,1.0,0.0,Tottenham,0.8,0.7,34.0,25108.0,Marc Guéhi,3-4-3,4-3-3,Darren Bond,Match Report,,2025,Crystal Palace
465,12,2024-11-02,17:30,Premier League,Matchweek 10,Sat,Away,D,2.0,2.0,Wolves,2.4,1.5,43.0,31124.0,Marc Guéhi,3-4-3,3-4-3,Anthony Taylor,Match Report,,2025,Crystal Palace
466,13,2024-11-09,15:00,Premier League,Matchweek 11,Sat,Home,L,0.0,2.0,Fulham,1.5,1.8,36.0,25142.0,Marc Guéhi,3-4-3,4-2-3-1,Michael Salisbury,Match Report,,2025,Crystal Palace
467,14,2024-11-23,15:00,Premier League,Matchweek 12,Sat,Away,D,2.0,2.0,Aston Villa,1.3,3.0,31.0,42175.0,Marc Guéhi,3-4-3,4-2-3-1,Tim Robinson,Match Report,,2025,Crystal Palace
468,15,2024-11-30,15:00,Premier League,Matchweek 13,Sat,Home,D,1.0,1.0,Newcastle Utd,1.7,0.0,49.0,25101.0,Marc Guéhi,3-4-3,4-3-3,Darren England,Match Report,,2025,Crystal Palace
469,16,2024-12-03,19:30,Premier League,Matchweek 14,Tue,Away,W,1.0,0.0,Ipswich Town,1.6,0.5,46.0,29533.0,Marc Guéhi,3-4-3,4-2-3-1,Craig Pawson,Match Report,,2025,Crystal Palace
470,17,2024-12-07,15:00,Premier League,Matchweek 15,Sat,Home,D,2.0,2.0,Manchester City,1.3,1.4,32.0,25142.0,Marc Guéhi,3-4-3,4-2-3-1,Robert Jones,Match Report,,2025,Crystal Palace
471,18,2024-12-15,14:00,Premier League,Matchweek 16,Sun,Away,W,3.0,1.0,Brighton,2.2,1.0,36.0,30893.0,Marc Guéhi,3-4-3,4-2-3-1,Michael Oliver,Match Report,,2025,Crystal Palace
472,20,2024-12-21,17:30,Premier League,Matchweek 17,Sat,Home,L,1.0,5.0,Arsenal,1.6,2.5,42.0,25167.0,Marc Guéhi,3-4-3,4-3-3,Simon Hooper,Match Report,,2025,Crystal Palace
473,21,2024-12-26,15:00,Premier League,Matchweek 18,Thu,Away,D,0.0,0.0,Bournemouth,0.4,1.4,48.0,11129.0,Marc Guéhi,3-4-3,4-2-3-1,Thomas Bramall,Match Report,,2025,Crystal Palace
474,22,2024-12-29,15:00,Premier League,Matchweek 19,Sun,Home,W,2.0,1.0,Southampton,2.0,0.9,47.0,25130.0,Will Hughes,3-4-3,3-4-3,Michael Salisbury,Match Report,,2025,Crystal Palace
475,23,2025-01-04,15:00,Premier League,Matchweek 20,Sat,Home,D,1.0,1.0,Chelsea,1.1,1.2,39.0,25179.0,Marc Guéhi,3-4-3,4-2-3-1,Tim Robinson,Match Report,,2025,Crystal Palace
476,25,2025-01-15,19:30,Premier League,Matchweek 21,Wed,Away,W,2.0,0.0,Leicester City,1.8,1.7,43.0,29766.0,Marc Guéhi,3-4-3,4-2-3-1,Andy Madley,Match Report,,2025,Crystal Palace
477,26,2025-01-18,15:00,Premier League,Matchweek 22,Sat,Away,W,2.0,0.0,West Ham,1.3,0.3,47.0,62469.0,Marc Guéhi,3-4-3,3-4-3,Thomas Bramall,Match Report,,2025,Crystal Palace
478,27,2025-01-26,14:00,Premier League,Matchweek 23,Sun,Home,L,1.0,2.0,Brentford,1.1,1.5,47.0,25066.0,Marc Guéhi,3-4-3,4-2-3-1,Tony Harrington,Match Report,,2025,Crystal Palace
494,0,2024-08-17,17:30,Premier League,Matchweek 1,Sat,Home,L,1.0,2.0,Aston Villa,2.3,2.0,52.0,62463.0,Jarrod Bowen,4-1-4-1,4-2-3-1,Tony Harrington,Match Report,,2025,West Ham United
495,1,2024-08-24,15:00,Premier League,Matchweek 2,Sat,Away,W,2.0,0.0,Crystal Palace,1.4,1.3,42.0,25099.0,Jarrod Bowen,4-1-4-1,3-4-3,Robert Jones,Match Report,,2025,West Ham United
496,3,2024-08-31,17:30,Premier League,Matchweek 3,Sat,Home,L,1.0,3.0,Manchester City,0.7,3.0,33.0,62469.0,Jarrod Bowen,4-2-3-1,3-2-4-1,Michael Oliver,Match Report,,2025,West Ham United
497,4,2024-09-14,15:00,Premier League,Matchweek 4,Sat,Away,D,1.0,1.0,Fulham,0.8,1.5,46.0,26528.0,Jarrod Bowen,4-2-3-1,4-2-3-1,Tim Robinson,Match Report,,2025,West Ham United
498,5,2024-09-21,12:30,Premier League,Matchweek 5,Sat,Home,L,0.0,3.0,Chelsea,0.9,2.2,53.0,62473.0,Jarrod Bowen,3-4-3,4-2-3-1,Samuel Barrott,Match Report,,2025,West Ham United
499,7,2024-09-28,15:00,Premier League,Matchweek 6,Sat,Away,D,1.0,1.0,Brentford,1.0,0.4,43.0,17050.0,Jarrod Bowen,4-1-4-1,4-4-2,Simon Hooper,Match Report,,2025,West Ham United
500,8,2024-10-05,15:00,Premier League,Matchweek 7,Sat,Home,W,4.0,1.0,Ipswich Town,3.6,0.6,52.0,62467.0,Jarrod Bowen,4-1-4-1,4-2-3-1,Anthony Taylor,Match Report,,2025,West Ham United
501,9,2024-10-19,12:30,Premier League,Matchweek 8,Sat,Away,L,1.0,4.0,Tottenham,0.8,1.9,43.0,61381.0,Jarrod Bowen,4-1-4-1,4-3-3,Andy Madley,Match Report,,2025,West Ham United
502,10,2024-10-27,14:00,Premier League,Matchweek 9,Sun,Home,W,2.0,1.0,Manchester Utd,2.8,2.3,42.0,62474.0,Jarrod Bowen,4-2-3-1,4-2-3-1,David Coote,Match Report,,2025,West Ham United
503,11,2024-11-02,15:00,Premier League,Matchweek 10,Sat,Away,L,0.0,3.0,Nott'ham Forest,0.1,2.2,46.0,30112.0,Jarrod Bowen,3-4-3,4-2-3-1,Peter Bankes,Match Report,,2025,West Ham United
504,12,2024-11-09,15:00,Premier League,Matchweek 11,Sat,Home,D,0.0,0.0,Everton,0.8,1.1,49.0,62463.0,Jarrod Bowen,4-1-4-1,4-2-3-1,Stuart Attwell,Match Report,,2025,West Ham United
505,13,2024-11-25,20:00,Premier League,Matchweek 12,Mon,Away,W,2.0,0.0,Newcastle Utd,0.9,1.6,47.0,52094.0,Jarrod Bowen,4-2-3-1,4-3-3,Craig Pawson,Match Report,,2025,West Ham United
506,14,2024-11-30,17:30,Premier League,Matchweek 13,Sat,Home,L,2.0,5.0,Arsenal,1.5,3.5,40.0,62475.0,Jarrod Bowen,4-2-3-1,4-3-3,Anthony Taylor,Match Report,,2025,West Ham United
507,15,2024-12-03,20:15,Premier League,Matchweek 14,Tue,Away,L,1.0,3.0,Leicester City,3.0,1.7,61.0,30947.0,Jarrod Bowen,4-2-3-1,4-2-3-1,Joshua Smith,Match Report,,2025,West Ham United
508,16,2024-12-09,20:00,Premier League,Matchweek 15,Mon,Home,W,2.0,1.0,Wolves,1.0,1.4,54.0,62474.0,Jarrod Bowen,4-2-3-1,3-4-3,John Brooks,Match Report,,2025,West Ham United
509,17,2024-12-16,20:00,Premier League,Matchweek 16,Mon,Away,D,1.0,1.0,Bournemouth,2.1,1.9,48.0,11204.0,Jarrod Bowen,4-1-4-1,4-2-3-1,Chris Kavanagh,Match Report,,2025,West Ham United
510,18,2024-12-21,15:00,Premier League,Matchweek 17,Sat,Home,D,1.0,1.0,Brighton,1.2,0.9,47.0,62460.0,Jarrod Bowen,4-1-4-1,4-2-3-1,Robert Jones,Match Report,,2025,West Ham United
511,19,2024-12-26,15:00,Premier League,Matchweek 18,Thu,Away,W,1.0,0.0,Southampton,1.7,1.4,46.0,31059.0,Jarrod Bowen,4-1-4-1,3-4-1-2,Lewis Smith,Match Report,,2025,West Ham United
512,20,2024-12-29,17:15,Premier League,Matchweek 19,Sun,Home,L,0.0,5.0,Liverpool,0.4,3.1,46.0,62476.0,Jarrod Bowen,4-2-3-1,4-2-3-1,Anthony Taylor,Match Report,,2025,West Ham United
513,21,2025-01-04,15:00,Premier League,Matchweek 20,Sat,Away,L,1.0,4.0,Manchester City,1.4,1.9,44.0,52737.0,Tomáš Souček,4-2-3-1,4-1-4-1,Michael Salisbury,Match Report,,2025,West Ham United
514,23,2025-01-14,19:30,Premier League,Matchweek 21,Tue,Home,W,3.0,2.0,Fulham,1.0,1.7,44.0,62456.0,Tomáš Souček,4-2-3-1,4-2-3-1,Craig Pawson,Match Report,,2025,West Ham United
515,24,2025-01-18,15:00,Premier League,Matchweek 22,Sat,Home,L,0.0,2.0,Crystal Palace,0.3,1.3,53.0,62469.0,Tomáš Souček,3-4-3,3-4-3,Thomas Bramall,Match Report,,2025,West Ham United
516,25,2025-01-26,16:30,Premier League,Matchweek 23,Sun,Away,D,1.0,1.0,Aston Villa,1.3,0.9,54.0,41628.0,Tomáš Souček,3-4-3,4-2-3-1,Peter Bankes,Match Report,,2025,West Ham United
532,0,2024-08-19,20:00,Premier League,Matchweek 1,Mon,Away,D,1.0,1.0,Leicester City,1.2,1.0,70.0,31977.0,Son Heung-min,4-3-3,4-2-3-1,Chris Kavanagh,Match Report,,2025,Tottenham Hotspur
533,1,2024-08-24,15:00,Premier League,Matchweek 2,Sat,Home,W,4.0,0.0,Everton,2.4,1.0,70.0,61357.0,Son Heung-min,4-3-3,4-2-3-1,Anthony Taylor,Match Report,,2025,Tottenham Hotspur
534,2,2024-09-01,13:30,Premier League,Matchweek 3,Sun,Away,L,1.0,2.0,Newcastle Utd,1.2,1.8,65.0,52211.0,Son Heung-min,4-2-3-1,4-3-3,Robert Jones,Match Report,,2025,Tottenham Hotspur
535,3,2024-09-15,14:00,Premier League,Matchweek 4,Sun,Home,L,0.0,1.0,Arsenal,0.7,0.7,63.0,61645.0,Son Heung-min,4-3-3,4-4-2,Jarred Gillett,Match Report,,2025,Tottenham Hotspur
536,5,2024-09-21,15:00,Premier League,Matchweek 5,Sat,Home,W,3.0,1.0,Brentford,3.5,0.8,48.0,61246.0,Son Heung-min,4-3-3,5-3-2,John Brooks,Match Report,,2025,Tottenham Hotspur
537,7,2024-09-29,16:30,Premier League,Matchweek 6,Sun,Away,W,3.0,0.0,Manchester Utd,4.4,1.0,61.0,73587.0,Cristian Romero,4-3-3,4-2-3-1,Chris Kavanagh,Match Report,,2025,Tottenham Hotspur
538,9,2024-10-06,16:30,Premier League,Matchweek 7,Sun,Away,L,2.0,3.0,Brighton,1.3,1.8,59.0,31487.0,Cristian Romero,4-3-3,4-2-3-1,David Coote,Match Report,,2025,Tottenham Hotspur
539,10,2024-10-19,12:30,Premier League,Matchweek 8,Sat,Home,W,4.0,1.0,West Ham,1.9,0.8,57.0,61381.0,Son Heung-min,4-3-3,4-1-4-1,Andy Madley,Match Report,,2025,Tottenham Hotspur
540,12,2024-10-27,14:00,Premier League,Matchweek 9,Sun,Away,L,0.0,1.0,Crystal Palace,0.7,0.8,66.0,25108.0,Cristian Romero,4-3-3,3-4-3,Darren Bond,Match Report,,2025,Tottenham Hotspur
541,14,2024-11-03,14:00,Premier League,Matchweek 10,Sun,Home,W,4.0,1.0,Aston Villa,2.4,1.8,51.0,61253.0,Son Heung-min,4-3-3,4-2-3-1,Craig Pawson,Match Report,,2025,Tottenham Hotspur
542,16,2024-11-10,14:00,Premier League,Matchweek 11,Sun,Home,L,1.0,2.0,Ipswich Town,1.5,1.6,66.0,61505.0,Son Heung-min,4-3-3,4-2-3-1,Darren England,Match Report,,2025,Tottenham Hotspur
543,17,2024-11-23,17:30,Premier League,Matchweek 12,Sat,Away,W,4.0,0.0,Manchester City,2.5,2.1,42.0,52478.0,Son Heung-min,4-3-3,4-3-3,John Brooks,Match Report,,2025,Tottenham Hotspur
544,19,2024-12-01,13:30,Premier League,Matchweek 13,Sun,Home,D,1.0,1.0,Fulham,0.8,1.5,51.0,61141.0,Son Heung-min,4-3-3,4-2-3-1,Darren Bond,Match Report,,2025,Tottenham Hotspur
545,20,2024-12-05,20:15,Premier League,Matchweek 14,Thu,Away,L,0.0,1.0,Bournemouth,0.9,3.5,65.0,11234.0,James Maddison,4-3-3,4-2-3-1,Simon Hooper,Match Report,,2025,Tottenham Hotspur
546,21,2024-12-08,16:30,Premier League,Matchweek 15,Sun,Home,L,3.0,4.0,Chelsea,2.8,2.8,39.0,61184.0,Son Heung-min,4-3-3,4-2-3-1,Anthony Taylor,Match Report,,2025,Tottenham Hotspur
547,23,2024-12-15,19:00,Premier League,Matchweek 16,Sun,Away,W,5.0,0.0,Southampton,2.3,0.8,58.0,31090.0,Son Heung-min,4-2-3-1,4-3-1-2,Darren England,Match Report,,2025,Tottenham Hotspur
548,25,2024-12-22,16:30,Premier League,Matchweek 17,Sun,Home,L,3.0,6.0,Liverpool,1.3,5.6,52.0,61439.0,Son Heung-min,4-2-3-1,4-2-3-1,Samuel Barrott,Match Report,,2025,Tottenham Hotspur
549,26,2024-12-26,15:00,Premier League,Matchweek 18,Thu,Away,L,0.0,1.0,Nott'ham Forest,0.9,1.1,70.0,30200.0,Son Heung-min,4-2-3-1,4-2-3-1,Craig Pawson,Match Report,,2025,Tottenham Hotspur
550,27,2024-12-29,15:00,Premier League,Matchweek 19,Sun,Home,D,2.0,2.0,Wolves,2.2,0.7,48.0,61284.0,Son Heung-min,4-2-3-1,3-4-3,Chris Kavanagh,Match Report,,2025,Tottenham Hotspur
551,28,2025-01-04,12:30,Premier League,Matchweek 20,Sat,Home,L,1.0,2.0,Newcastle Utd,0.9,2.5,56.0,61293.0,Dejan Kulusevski,4-2-3-1,4-3-3,Andy Madley,Match Report,,2025,Tottenham Hotspur
552,31,2025-01-15,20:00,Premier League,Matchweek 21,Wed,Away,L,1.0,2.0,Arsenal,0.8,1.4,47.0,60287.0,Son Heung-min,4-3-3,4-3-3,Simon Hooper,Match Report,,2025,Tottenham Hotspur
553,32,2025-01-19,14:00,Premier League,Matchweek 22,Sun,Away,L,2.0,3.0,Everton,1.1,1.8,64.0,39326.0,Son Heung-min,3-4-3,4-2-3-1,Darren England,Match Report,,2025,Tottenham Hotspur
554,34,2025-01-26,14:00,Premier League,Matchweek 23,Sun,Home,L,1.0,2.0,Leicester City,1.0,1.6,61.0,61295.0,Son Heung-min,4-3-3,4-2-3-1,Robert Jones,Match Report,,2025,Tottenham Hotspur
570,0,2024-08-17,15:00,Premier League,Matchweek 1,Sat,Home,L,0.0,3.0,Brighton,0.5,1.4,40.0,39217.0,James Tarkowski,4-2-3-1,4-2-3-1,Simon Hooper,Match Report,,2025,Everton
571,1,2024-08-24,15:00,Premier League,Matchweek 2,Sat,Away,L,0.0,4.0,Tottenham,1.0,2.4,30.0,61357.0,James Tarkowski,4-2-3-1,4-3-3,Anthony Taylor,Match Report,,2025,Everton
572,3,2024-08-31,15:00,Premier League,Matchweek 3,Sat,Home,L,2.0,3.0,Bournemouth,1.8,2.4,47.0,38805.0,Séamus Coleman,4-2-3-1,4-2-3-1,Stuart Attwell,Match Report,,2025,Everton
573,4,2024-09-14,17:30,Premier League,Matchweek 4,Sat,Away,L,2.0,3.0,Aston Villa,0.9,2.1,28.0,41573.0,James Tarkowski,4-2-3-1,4-2-3-1,Craig Pawson,Match Report,,2025,Everton
574,6,2024-09-21,15:00,Premier League,Matchweek 5,Sat,Away,D,1.0,1.0,Leicester City,1.1,0.7,42.0,31765.0,James Tarkowski,4-2-3-1,4-2-3-1,Darren England,Match Report,,2025,Everton
575,7,2024-09-28,15:00,Premier League,Matchweek 6,Sat,Home,W,2.0,1.0,Crystal Palace,0.9,0.9,41.0,38954.0,James Tarkowski,4-2-3-1,3-4-3,Andy Madley,Match Report,,2025,Everton
576,8,2024-10-05,17:30,Premier League,Matchweek 7,Sat,Home,D,0.0,0.0,Newcastle Utd,0.7,2.1,33.0,39265.0,James Tarkowski,4-2-3-1,4-3-3,Craig Pawson,Match Report,,2025,Everton
577,9,2024-10-19,15:00,Premier League,Matchweek 8,Sat,Away,W,2.0,0.0,Ipswich Town,1.7,1.3,45.0,29862.0,James Tarkowski,4-2-3-1,4-2-3-1,Michael Oliver,Match Report,,2025,Everton
578,10,2024-10-26,17:30,Premier League,Matchweek 9,Sat,Home,D,1.0,1.0,Fulham,0.8,1.2,40.0,38742.0,James Tarkowski,4-2-3-1,4-2-3-1,John Brooks,Match Report,,2025,Everton
579,11,2024-11-02,15:00,Premier League,Matchweek 10,Sat,Away,L,0.0,1.0,Southampton,1.6,0.7,35.0,31143.0,James Tarkowski,4-2-3-1,5-4-1,Andy Madley,Match Report,,2025,Everton
580,12,2024-11-09,15:00,Premier League,Matchweek 11,Sat,Away,D,0.0,0.0,West Ham,1.1,0.8,51.0,62463.0,James Tarkowski,4-2-3-1,4-1-4-1,Stuart Attwell,Match Report,,2025,Everton
581,13,2024-11-23,15:00,Premier League,Matchweek 12,Sat,Home,D,0.0,0.0,Brentford,1.2,1.1,59.0,38915.0,James Tarkowski,4-2-3-1,4-3-3,Chris Kavanagh,Match Report,,2025,Everton
582,14,2024-12-01,13:30,Premier League,Matchweek 13,Sun,Away,L,0.0,4.0,Manchester Utd,0.6,1.1,40.0,73817.0,James Tarkowski,4-2-3-1,3-4-3,John Brooks,Match Report,,2025,Everton
583,15,2024-12-04,19:30,Premier League,Matchweek 14,Wed,Home,W,4.0,0.0,Wolves,1.0,0.8,44.0,38820.0,James Tarkowski,4-2-3-1,3-4-3,Michael Salisbury,Match Report,,2025,Everton
584,16,2024-12-14,15:00,Premier League,Matchweek 16,Sat,Away,D,0.0,0.0,Arsenal,0.1,1.2,24.0,60176.0,James Tarkowski,4-3-3,4-3-3,Craig Pawson,Match Report,,2025,Everton
585,17,2024-12-22,14:00,Premier League,Matchweek 17,Sun,Home,D,0.0,0.0,Chelsea,1.0,1.2,25.0,39358.0,James Tarkowski,4-3-3,4-2-3-1,Chris Kavanagh,Match Report,,2025,Everton
586,18,2024-12-26,12:30,Premier League,Matchweek 18,Thu,Away,D,1.0,1.0,Manchester City,0.7,2.1,34.0,55527.0,Séamus Coleman,4-3-3,4-1-4-1,Simon Hooper,Match Report,,2025,Everton
587,19,2024-12-29,15:00,Premier League,Matchweek 19,Sun,Home,L,0.0,2.0,Nott'ham Forest,0.9,1.5,64.0,25414.0,James Tarkowski,4-3-3,4-2-3-1,Tony Harrington,Match Report,,2025,Everton
588,20,2025-01-04,15:00,Premier League,Matchweek 20,Sat,Away,L,0.0,1.0,Bournemouth,0.7,1.8,42.0,11223.0,James Tarkowski,4-2-3-1,4-2-3-1,John Brooks,Match Report,,2025,Everton
589,22,2025-01-15,19:30,Premier League,Matchweek 21,Wed,Home,L,0.0,1.0,Aston Villa,1.1,1.2,50.0,39085.0,James Tarkowski,4-2-3-1,4-2-3-1,Samuel Barrott,Match Report,,2025,Everton
590,23,2025-01-19,14:00,Premier League,Matchweek 22,Sun,Home,W,3.0,2.0,Tottenham,1.8,1.1,36.0,39326.0,James Tarkowski,4-2-3-1,3-4-3,Darren England,Match Report,,2025,Everton
591,24,2025-01-25,15:00,Premier League,Matchweek 23,Sat,Away,W,1.0,0.0,Brighton,0.8,0.7,31.0,,James Tarkowski,4-2-3-1,4-2-3-1,Tim Robinson,Match Report,,2025,Everton
608,0,2024-08-19,20:00,Premier League,Matchweek 1,Mon,Home,D,1.0,1.0,Tottenham,1.0,1.2,30.0,31977.0,Jamie Vardy,4-2-3-1,4-3-3,Chris Kavanagh,Match Report,,2025,Leicester City
609,1,2024-08-24,15:00,Premier League,Matchweek 2,Sat,Away,L,1.0,2.0,Fulham,0.6,1.8,46.0,25401.0,Jamie Vardy,4-2-3-1,4-2-3-1,Darren Bond,Match Report,,2025,Leicester City
610,3,2024-08-31,15:00,Premier League,Matchweek 3,Sat,Home,L,1.0,2.0,Aston Villa,0.4,1.4,57.0,31725.0,Jamie Vardy,4-2-3-1,4-4-2,David Coote,Match Report,,2025,Leicester City
611,4,2024-09-14,15:00,Premier League,Matchweek 4,Sat,Away,D,2.0,2.0,Crystal Palace,1.2,2.5,34.0,25147.0,Jamie Vardy,4-2-3-1,3-4-3,Tony Harrington,Match Report,,2025,Leicester City
612,5,2024-09-21,15:00,Premier League,Matchweek 5,Sat,Home,D,1.0,1.0,Everton,0.7,1.1,58.0,31765.0,Jamie Vardy,4-2-3-1,4-2-3-1,Darren England,Match Report,,2025,Leicester City
613,7,2024-09-28,15:00,Premier League,Matchweek 6,Sat,Away,L,2.0,4.0,Arsenal,0.3,4.4,26.0,60323.0,Jamie Vardy,4-2-3-1,4-4-2,Samuel Barrott,Match Report,,2025,Leicester City
614,8,2024-10-05,15:00,Premier League,Matchweek 7,Sat,Home,W,1.0,0.0,Bournemouth,0.8,2.1,45.0,31706.0,Jamie Vardy,4-2-3-1,4-2-3-1,Darren Bond,Match Report,,2025,Leicester City
615,9,2024-10-19,15:00,Premier League,Matchweek 8,Sat,Away,W,3.0,2.0,Southampton,3.1,2.1,58.0,31145.0,Jamie Vardy,4-2-3-1,4-5-1,Anthony Taylor,Match Report,,2025,Leicester City
616,10,2024-10-25,20:00,Premier League,Matchweek 9,Fri,Home,L,1.0,3.0,Nott'ham Forest,0.8,1.7,65.0,31879.0,Jamie Vardy,4-2-3-1,4-2-3-1,Craig Pawson,Match Report,,2025,Leicester City
617,12,2024-11-02,15:00,Premier League,Matchweek 10,Sat,Away,D,1.0,1.0,Ipswich Town,1.5,1.0,57.0,29874.0,Jamie Vardy,4-2-3-1,4-2-3-1,Tim Robinson,Match Report,,2025,Leicester City
618,13,2024-11-10,14:00,Premier League,Matchweek 11,Sun,Away,L,0.0,3.0,Manchester Utd,0.6,0.8,49.0,73829.0,Harry Winks,4-3-3,4-2-3-1,Peter Bankes,Match Report,,2025,Leicester City
619,14,2024-11-23,12:30,Premier League,Matchweek 12,Sat,Home,L,1.0,2.0,Chelsea,1.1,2.7,37.0,31880.0,Jamie Vardy,4-4-1-1,4-2-3-1,Andy Madley,Match Report,,2025,Leicester City
620,15,2024-11-30,15:00,Premier League,Matchweek 13,Sat,Away,L,1.0,4.0,Brentford,1.1,2.4,40.0,17084.0,Jamie Vardy,3-4-3,4-2-3-1,Michael Oliver,Match Report,,2025,Leicester City
621,16,2024-12-03,20:15,Premier League,Matchweek 14,Tue,Home,W,3.0,1.0,West Ham,1.7,3.0,39.0,30947.0,Jamie Vardy,4-2-3-1,4-2-3-1,Joshua Smith,Match Report,,2025,Leicester City
622,17,2024-12-08,14:00,Premier League,Matchweek 15,Sun,Home,D,2.0,2.0,Brighton,1.3,1.5,56.0,31647.0,Jamie Vardy,4-2-3-1,4-2-3-1,Stuart Attwell,Match Report,,2025,Leicester City
623,18,2024-12-14,15:00,Premier League,Matchweek 16,Sat,Away,L,0.0,4.0,Newcastle Utd,0.2,3.8,41.0,52235.0,Jamie Vardy,4-2-3-1,4-3-3,Thomas Bramall,Match Report,,2025,Leicester City
624,19,2024-12-22,14:00,Premier League,Matchweek 17,Sun,Home,L,0.0,3.0,Wolves,0.8,1.1,54.0,31818.0,Jamie Vardy,4-2-3-1,3-4-3,Anthony Taylor,Match Report,,2025,Leicester City
625,20,2024-12-26,20:00,Premier League,Matchweek 18,Thu,Away,L,1.0,3.0,Liverpool,0.3,2.0,32.0,60300.0,Conor Coady,4-2-3-1,4-2-3-1,Darren Bond,Match Report,,2025,Leicester City
626,21,2024-12-29,14:30,Premier League,Matchweek 19,Sun,Home,L,0.0,2.0,Manchester City,1.3,1.3,53.0,32057.0,Jamie Vardy,4-2-3-1,4-1-4-1,Michael Oliver,Match Report,,2025,Leicester City
627,22,2025-01-04,15:00,Premier League,Matchweek 20,Sat,Away,L,1.0,2.0,Aston Villa,0.4,1.4,40.0,42386.0,Jamie Vardy,4-2-3-1,4-2-3-1,Jarred Gillett,Match Report,,2025,Leicester City
628,24,2025-01-15,19:30,Premier League,Matchweek 21,Wed,Home,L,0.0,2.0,Crystal Palace,1.7,1.8,57.0,29766.0,Jamie Vardy,4-2-3-1,3-4-3,Andy Madley,Match Report,,2025,Leicester City
629,25,2025-01-18,15:00,Premier League,Matchweek 22,Sat,Home,L,0.0,2.0,Fulham,0.6,2.0,40.0,31500.0,Jamie Vardy,4-2-3-1,4-2-3-1,Michael Salisbury,Match Report,,2025,Leicester City
630,26,2025-01-26,14:00,Premier League,Matchweek 23,Sun,Away,W,2.0,1.0,Tottenham,1.6,1.0,39.0,61295.0,Jamie Vardy,4-2-3-1,4-3-3,Robert Jones,Match Report,,2025,Leicester City
646,0,2024-08-17,15:00,Premier League,Matchweek 1,Sat,Away,L,0.0,2.0,Arsenal,0.5,1.2,47.0,60261.0,Mario Lemina,4-2-3-1,4-3-3,Jarred Gillett,Match Report,,2025,Wolverhampton Wanderers
647,1,2024-08-25,14:00,Premier League,Matchweek 2,Sun,Home,L,2.0,6.0,Chelsea,1.9,1.6,40.0,31235.0,Mario Lemina,4-2-3-1,4-2-3-1,Darren England,Match Report,,2025,Wolverhampton Wanderers
648,3,2024-08-31,15:00,Premier League,Matchweek 3,Sat,Away,D,1.0,1.0,Nott'ham Forest,0.7,1.0,48.0,29918.0,Mario Lemina,4-4-1-1,4-2-3-1,Simon Hooper,Match Report,,2025,Wolverhampton Wanderers
649,4,2024-09-15,16:30,Premier League,Matchweek 4,Sun,Home,L,1.0,2.0,Newcastle Utd,1.2,1.5,49.0,30255.0,Mario Lemina,4-4-1-1,4-3-3,Chris Kavanagh,Match Report,,2025,Wolverhampton Wanderers
650,6,2024-09-21,15:00,Premier League,Matchweek 5,Sat,Away,L,1.0,3.0,Aston Villa,0.5,1.7,47.0,39978.0,Mario Lemina,4-1-4-1,4-2-3-1,Tim Robinson,Match Report,,2025,Wolverhampton Wanderers
651,7,2024-09-28,17:30,Premier League,Matchweek 6,Sat,Home,L,1.0,2.0,Liverpool,0.6,2.5,45.0,31413.0,Mario Lemina,4-1-4-1,4-2-3-1,Anthony Taylor,Match Report,,2025,Wolverhampton Wanderers
652,8,2024-10-05,15:00,Premier League,Matchweek 7,Sat,Away,L,3.0,5.0,Brentford,1.0,4.2,56.0,16960.0,Mario Lemina,4-1-4-1,4-2-3-1,Andy Madley,Match Report,,2025,Wolverhampton Wanderers
653,9,2024-10-20,14:00,Premier League,Matchweek 8,Sun,Home,L,1.0,2.0,Manchester City,0.8,1.6,23.0,31319.0,Mario Lemina,3-5-2,4-1-4-1,Chris Kavanagh,Match Report,,2025,Wolverhampton Wanderers
654,10,2024-10-26,15:00,Premier League,Matchweek 9,Sat,Away,D,2.0,2.0,Brighton,1.3,1.3,49.0,31840.0,Mario Lemina,3-4-3,4-4-2,Michael Oliver,Match Report,,2025,Wolverhampton Wanderers
655,11,2024-11-02,17:30,Premier League,Matchweek 10,Sat,Home,D,2.0,2.0,Crystal Palace,1.5,2.4,57.0,31124.0,Nélson Semedo,3-4-3,3-4-3,Anthony Taylor,Match Report,,2025,Wolverhampton Wanderers
656,12,2024-11-09,15:00,Premier League,Matchweek 11,Sat,Home,W,2.0,0.0,Southampton,1.3,0.6,29.0,31403.0,Mario Lemina,4-2-3-1,5-4-1,Thomas Bramall,Match Report,,2025,Wolverhampton Wanderers
657,13,2024-11-23,15:00,Premier League,Matchweek 12,Sat,Away,W,4.0,1.0,Fulham,1.3,1.0,41.0,26685.0,Mario Lemina,3-4-3,4-2-3-1,Robert Jones,Match Report,,2025,Wolverhampton Wanderers
658,14,2024-11-30,15:00,Premier League,Matchweek 13,Sat,Home,L,2.0,4.0,Bournemouth,0.5,3.3,60.0,26685.0,Mario Lemina,4-2-3-1,4-2-3-1,Peter Bankes,Match Report,,2025,Wolverhampton Wanderers
659,15,2024-12-04,19:30,Premier League,Matchweek 14,Wed,Away,L,0.0,4.0,Everton,0.8,1.0,56.0,38820.0,Mario Lemina,3-4-3,4-2-3-1,Michael Salisbury,Match Report,,2025,Wolverhampton Wanderers
660,16,2024-12-09,20:00,Premier League,Matchweek 15,Mon,Away,L,1.0,2.0,West Ham,1.4,1.0,46.0,62474.0,Mario Lemina,3-4-3,4-2-3-1,John Brooks,Match Report,,2025,Wolverhampton Wanderers
661,17,2024-12-14,15:00,Premier League,Matchweek 16,Sat,Home,L,1.0,2.0,Ipswich Town,1.3,1.1,54.0,30866.0,Nélson Semedo,3-4-3,4-2-3-1,Simon Hooper,Match Report,,2025,Wolverhampton Wanderers
662,18,2024-12-22,14:00,Premier League,Matchweek 17,Sun,Away,W,3.0,0.0,Leicester City,1.1,0.8,46.0,31818.0,Nélson Semedo,3-4-3,4-2-3-1,Anthony Taylor,Match Report,,2025,Wolverhampton Wanderers
663,19,2024-12-26,17:30,Premier League,Matchweek 18,Thu,Home,W,2.0,0.0,Manchester Utd,0.9,0.4,51.0,31407.0,Nélson Semedo,3-4-3,3-4-3,Tony Harrington,Match Report,,2025,Wolverhampton Wanderers
664,20,2024-12-29,15:00,Premier League,Matchweek 19,Sun,Away,D,2.0,2.0,Tottenham,0.7,2.2,52.0,61284.0,Nélson Semedo,3-4-3,4-2-3-1,Chris Kavanagh,Match Report,,2025,Wolverhampton Wanderers
665,21,2025-01-06,20:00,Premier League,Matchweek 20,Mon,Home,L,0.0,3.0,Nott'ham Forest,1.5,2.1,60.0,29940.0,Matt Doherty,3-4-3,4-2-3-1,Peter Bankes,Match Report,,2025,Wolverhampton Wanderers
666,23,2025-01-15,19:30,Premier League,Matchweek 21,Wed,Away,L,0.0,3.0,Newcastle Utd,1.6,2.1,40.0,51975.0,Matt Doherty,3-4-3,4-3-3,Darren England,Match Report,,2025,Wolverhampton Wanderers
667,24,2025-01-20,20:00,Premier League,Matchweek 22,Mon,Away,L,1.0,3.0,Chelsea,0.8,3.1,37.0,39221.0,Nélson Semedo,3-4-3,4-2-3-1,Simon Hooper,Match Report,,2025,Wolverhampton Wanderers
668,25,2025-01-25,15:00,Premier League,Matchweek 23,Sat,Home,L,0.0,1.0,Arsenal,0.7,1.0,51.0,31503.0,Nélson Semedo,3-4-3,4-3-3,Michael Oliver,Match Report,,2025,Wolverhampton Wanderers
684,0,2024-08-17,12:30,Premier League,Matchweek 1,Sat,Home,L,0.0,2.0,Liverpool,0.5,2.6,38.0,30014.0,Sam Morsy,4-2-3-1,4-2-3-1,Tim Robinson,Match Report,,2025,Ipswich Town
685,1,2024-08-24,15:00,Premier League,Matchweek 2,Sat,Away,L,1.0,4.0,Manchester City,0.3,3.3,25.0,53147.0,Sam Morsy,5-4-1,3-2-4-1,Samuel Allison,Match Report,,2025,Ipswich Town
686,3,2024-08-31,15:00,Premier League,Matchweek 3,Sat,Home,D,1.0,1.0,Fulham,0.4,0.9,48.0,29517.0,Sam Morsy,4-2-3-1,4-3-3,Lewis Smith,Match Report,,2025,Ipswich Town
687,4,2024-09-14,15:00,Premier League,Matchweek 4,Sat,Away,D,0.0,0.0,Brighton,0.3,1.6,32.0,41573.0,Sam Morsy,4-2-3-1,4-4-2,Samuel Barrott,Match Report,,2025,Ipswich Town
688,5,2024-09-21,15:00,Premier League,Matchweek 5,Sat,Away,D,1.0,1.0,Southampton,1.6,2.4,47.0,31117.0,Sam Morsy,4-2-3-1,4-2-3-1,Samuel Allison,Match Report,,2025,Ipswich Town
689,6,2024-09-29,14:00,Premier League,Matchweek 6,Sun,Home,D,2.0,2.0,Aston Villa,1.2,0.8,44.0,29943.0,Sam Morsy,4-2-3-1,4-2-3-1,Stuart Attwell,Match Report,,2025,Ipswich Town
690,7,2024-10-05,15:00,Premier League,Matchweek 7,Sat,Away,L,1.0,4.0,West Ham,0.6,3.6,48.0,62467.0,Sam Morsy,4-2-3-1,4-1-4-1,Anthony Taylor,Match Report,,2025,Ipswich Town
691,8,2024-10-19,15:00,Premier League,Matchweek 8,Sat,Home,L,0.0,2.0,Everton,1.3,1.7,55.0,29862.0,Sam Morsy,4-2-3-1,4-2-3-1,Michael Oliver,Match Report,,2025,Ipswich Town
692,9,2024-10-26,15:00,Premier League,Matchweek 9,Sat,Away,L,3.0,4.0,Brentford,1.3,4.0,35.0,17109.0,Conor Chaplin,4-2-3-1,4-2-3-1,Lewis Smith,Match Report,,2025,Ipswich Town
693,10,2024-11-02,15:00,Premier League,Matchweek 10,Sat,Home,D,1.0,1.0,Leicester City,1.0,1.5,43.0,29874.0,Sam Morsy,4-2-3-1,4-2-3-1,Tim Robinson,Match Report,,2025,Ipswich Town
694,11,2024-11-10,14:00,Premier League,Matchweek 11,Sun,Away,W,2.0,1.0,Tottenham,1.6,1.5,34.0,61505.0,Sam Morsy,4-2-3-1,4-3-3,Darren England,Match Report,,2025,Ipswich Town
695,12,2024-11-24,16:30,Premier League,Matchweek 12,Sun,Home,D,1.0,1.0,Manchester Utd,1.6,0.8,40.0,30017.0,Sam Morsy,4-2-3-1,3-4-3,Anthony Taylor,Match Report,,2025,Ipswich Town
696,13,2024-11-30,15:00,Premier League,Matchweek 13,Sat,Away,L,0.0,1.0,Nott'ham Forest,0.6,1.6,55.0,30237.0,Sam Morsy,4-2-3-1,4-2-3-1,Tony Harrington,Match Report,,2025,Ipswich Town
697,14,2024-12-03,19:30,Premier League,Matchweek 14,Tue,Home,L,0.0,1.0,Crystal Palace,0.5,1.6,54.0,29533.0,Sam Morsy,4-2-3-1,3-4-3,Craig Pawson,Match Report,,2025,Ipswich Town
698,15,2024-12-08,14:00,Premier League,Matchweek 15,Sun,Home,L,1.0,2.0,Bournemouth,1.3,3.2,44.0,29180.0,Sam Morsy,4-2-3-1,4-2-3-1,Michael Salisbury,Match Report,,2025,Ipswich Town
699,16,2024-12-14,15:00,Premier League,Matchweek 16,Sat,Away,W,2.0,1.0,Wolves,1.1,1.3,46.0,30866.0,Sam Morsy,4-2-3-1,3-4-3,Simon Hooper,Match Report,,2025,Ipswich Town
700,17,2024-12-21,15:00,Premier League,Matchweek 17,Sat,Home,L,0.0,4.0,Newcastle Utd,0.7,2.3,42.0,29774.0,Sam Morsy,4-2-3-1,4-3-3,Stuart Attwell,Match Report,,2025,Ipswich Town
701,18,2024-12-27,20:15,Premier League,Matchweek 18,Fri,Away,L,0.0,1.0,Arsenal,0.2,1.8,32.0,60271.0,Dara O'Shea,5-4-1,4-3-3,Darren England,Match Report,,2025,Ipswich Town
702,19,2024-12-30,19:45,Premier League,Matchweek 19,Mon,Home,W,2.0,0.0,Chelsea,1.6,2.0,24.0,29968.0,Sam Morsy,5-4-1,4-2-3-1,John Brooks,Match Report,,2025,Ipswich Town
703,20,2025-01-05,14:00,Premier League,Matchweek 20,Sun,Away,D,2.0,2.0,Fulham,1.5,2.2,27.0,27042.0,Sam Morsy,5-4-1,3-4-3,Darren Bond,Match Report,,2025,Ipswich Town
704,22,2025-01-16,19:30,Premier League,Matchweek 21,Thu,Home,L,0.0,2.0,Brighton,0.3,1.0,47.0,29403.0,Dara O'Shea,4-2-3-1,4-1-4-1,Tony Harrington,Match Report,,2025,Ipswich Town
705,23,2025-01-19,16:30,Premier League,Matchweek 22,Sun,Home,L,0.0,6.0,Manchester City,0.5,3.0,33.0,29841.0,Sam Morsy,5-4-1,4-2-3-1,Samuel Barrott,Match Report,,2025,Ipswich Town
706,24,2025-01-25,15:00,Premier League,Matchweek 23,Sat,Away,L,1.0,4.0,Liverpool,0.5,2.0,30.0,,Sam Morsy,4-2-3-1,4-2-3-1,Michael Salisbury,Match Report,,2025,Ipswich Town
722,0,2024-08-17,15:00,Premier League,Matchweek 1,Sat,Away,L,0.0,1.0,Newcastle Utd,1.8,0.3,77.0,52196.0,Jack Stephens,3-5-2,4-3-3,Craig Pawson,Match Report,,2025,Southampton
723,1,2024-08-24,15:00,Premier League,Matchweek 2,Sat,Home,L,0.0,1.0,Nott'ham Forest,0.1,2.2,64.0,31150.0,Jack Stephens,3-5-2,4-2-3-1,Samuel Barrott,Match Report,,2025,Southampton
724,3,2024-08-31,15:00,Premier League,Matchweek 3,Sat,Away,L,1.0,3.0,Brentford,1.5,2.8,63.0,16955.0,Jack Stephens,3-5-2,4-3-3,Joshua Smith,Match Report,,2025,Southampton
725,4,2024-09-14,12:30,Premier League,Matchweek 4,Sat,Home,L,0.0,3.0,Manchester Utd,1.1,2.6,44.0,31144.0,Jack Stephens,4-2-3-1,4-2-3-1,Stuart Attwell,Match Report,,2025,Southampton
726,6,2024-09-21,15:00,Premier League,Matchweek 5,Sat,Home,D,1.0,1.0,Ipswich Town,2.4,1.6,53.0,31117.0,Flynn Downes,4-2-3-1,4-2-3-1,Samuel Allison,Match Report,,2025,Southampton
727,7,2024-09-30,20:00,Premier League,Matchweek 6,Mon,Away,L,1.0,3.0,Bournemouth,0.6,1.3,60.0,11243.0,Flynn Downes,4-2-3-1,4-2-3-1,Michael Oliver,Match Report,,2025,Southampton
728,8,2024-10-05,15:00,Premier League,Matchweek 7,Sat,Away,L,1.0,3.0,Arsenal,0.6,2.8,41.0,60307.0,Flynn Downes,5-4-1,4-4-2,Tony Harrington,Match Report,,2025,Southampton
729,9,2024-10-19,15:00,Premier League,Matchweek 8,Sat,Home,L,2.0,3.0,Leicester City,2.1,3.1,42.0,31145.0,Flynn Downes,4-5-1,4-2-3-1,Anthony Taylor,Match Report,,2025,Southampton
730,10,2024-10-26,15:00,Premier League,Matchweek 9,Sat,Away,L,0.0,1.0,Manchester City,0.2,2.9,43.0,52844.0,Jack Stephens,5-4-1,4-1-4-1,Tony Harrington,Match Report,,2025,Southampton
731,12,2024-11-02,15:00,Premier League,Matchweek 10,Sat,Home,W,1.0,0.0,Everton,0.7,1.6,65.0,31143.0,Jack Stephens,5-4-1,4-2-3-1,Andy Madley,Match Report,,2025,Southampton
732,13,2024-11-09,15:00,Premier League,Matchweek 11,Sat,Away,L,0.0,2.0,Wolves,0.6,1.3,71.0,31403.0,Jack Stephens,5-4-1,4-2-3-1,Thomas Bramall,Match Report,,2025,Southampton
733,14,2024-11-24,14:00,Premier League,Matchweek 12,Sun,Home,L,2.0,3.0,Liverpool,1.3,3.1,38.0,31278.0,Jack Stephens,5-4-1,4-2-3-1,Samuel Barrott,Match Report,,2025,Southampton
734,15,2024-11-29,20:00,Premier League,Matchweek 13,Fri,Away,D,1.0,1.0,Brighton,1.0,1.7,47.0,31542.0,Jack Stephens,5-4-1,4-4-2,Robert Jones,Match Report,,2025,Southampton
735,16,2024-12-04,19:30,Premier League,Matchweek 14,Wed,Home,L,1.0,5.0,Chelsea,1.6,5.2,45.0,31193.0,Jack Stephens,5-3-2,4-2-3-1,Tony Harrington,Match Report,,2025,Southampton
736,17,2024-12-07,15:00,Premier League,Matchweek 15,Sat,Away,L,0.0,1.0,Aston Villa,0.3,2.3,53.0,42453.0,Adam Armstrong,5-3-2,4-2-3-1,Darren Bond,Match Report,,2025,Southampton
737,18,2024-12-15,19:00,Premier League,Matchweek 16,Sun,Home,L,0.0,5.0,Tottenham,0.8,2.3,42.0,31090.0,Adam Armstrong,4-3-1-2,4-2-3-1,Darren England,Match Report,,2025,Southampton
738,20,2024-12-22,14:00,Premier League,Matchweek 17,Sun,Away,D,0.0,0.0,Fulham,0.3,0.9,43.0,26819.0,Jan Bednarek,3-4-1-2,4-2-3-1,Tim Robinson,Match Report,,2025,Southampton
739,21,2024-12-26,15:00,Premier League,Matchweek 18,Thu,Home,L,0.0,1.0,West Ham,1.4,1.7,54.0,31059.0,Jan Bednarek,3-4-1-2,4-1-4-1,Lewis Smith,Match Report,,2025,Southampton
740,22,2024-12-29,15:00,Premier League,Matchweek 19,Sun,Away,L,1.0,2.0,Crystal Palace,0.9,2.0,53.0,25130.0,Jan Bednarek,3-4-3,3-4-3,Michael Salisbury,Match Report,,2025,Southampton
741,23,2025-01-04,15:00,Premier League,Matchweek 20,Sat,Home,L,0.0,5.0,Brentford,0.3,4.4,50.0,31001.0,Jan Bednarek,3-4-3,4-3-3,Stuart Attwell,Match Report,,2025,Southampton
742,25,2025-01-16,20:00,Premier League,Matchweek 21,Thu,Away,L,1.0,3.0,Manchester Utd,1.4,3.4,40.0,73722.0,Jan Bednarek,3-4-1-2,3-4-3,John Brooks,Match Report,,2025,Southampton
743,26,2025-01-19,14:00,Premier League,Matchweek 22,Sun,Away,L,2.0,3.0,Nott'ham Forest,0.9,1.8,55.0,30180.0,Jan Bednarek,3-4-1-2,4-2-3-1,Anthony Taylor,Match Report,,2025,Southampton
744,27,2025-01-25,15:00,Premier League,Matchweek 23,Sat,Home,L,1.0,3.0,Newcastle Utd,0.8,2.9,53.0,31141.0,Jan Bednarek,3-4-1-2,4-3-3,Samuel Barrott,Match Report,,2025,Southampton
760,1,2023-08-11,20:00,Premier League,Matchweek 1,Fri,Away,W,3.0,0.0,Burnley,1.9,0.3,65.0,21572.0,Kevin De Bruyne,4-2-3-1,5-4-1,Craig Pawson,Match Report,,2024,Manchester City
761,3,2023-08-19,20:00,Premier League,Matchweek 2,Sat,Home,W,1.0,0.0,Newcastle Utd,1.0,0.3,59.0,53419.0,Kyle Walker,4-2-3-1,4-3-3,Robert Jones,Match Report,,2024,Manchester City
762,4,2023-08-27,14:00,Premier League,Matchweek 3,Sun,Away,W,2.0,1.0,Sheffield Utd,3.5,0.7,79.0,31336.0,Kyle Walker,4-2-3-1,3-5-2,Jarred Gillett,Match Report,,2024,Manchester City
763,5,2023-09-02,15:00,Premier League,Matchweek 4,Sat,Home,W,5.0,1.0,Fulham,2.2,1.4,68.0,52899.0,Kyle Walker,4-2-3-1,4-3-3,Michael Oliver,Match Report,,2024,Manchester City
764,6,2023-09-16,15:00,Premier League,Matchweek 5,Sat,Away,W,3.0,1.0,West Ham,3.6,0.9,68.0,62475.0,Kyle Walker,4-2-3-1,4-2-3-1,Andy Madley,Match Report,,2024,Manchester City
765,8,2023-09-23,15:00,Premier League,Matchweek 6,Sat,Home,W,2.0,0.0,Nott'ham Forest,1.3,1.0,57.0,53413.0,Kyle Walker,4-2-3-1,5-4-1,Anthony Taylor,Match Report,,2024,Manchester City
766,10,2023-09-30,15:00,Premier League,Matchweek 7,Sat,Away,L,1.0,2.0,Wolves,0.9,0.4,68.0,31415.0,Kyle Walker,4-2-3-1,3-4-3,Craig Pawson,Match Report,,2024,Manchester City
767,12,2023-10-08,16:30,Premier League,Matchweek 8,Sun,Away,L,0.0,1.0,Arsenal,0.5,0.4,51.0,60233.0,Kyle Walker,4-3-3,4-3-3,Michael Oliver,Match Report,,2024,Manchester City
768,13,2023-10-21,15:00,Premier League,Matchweek 9,Sat,Home,W,2.0,1.0,Brighton,0.8,0.8,55.0,53466.0,Kyle Walker,3-2-4-1,4-2-3-1,Robert Jones,Match Report,,2024,Manchester City
769,15,2023-10-29,15:30,Premier League,Matchweek 10,Sun,Away,W,3.0,0.0,Manchester Utd,4.0,0.9,60.0,73502.0,Kyle Walker,4-2-3-1,4-2-3-1,Paul Tierney,Match Report,,2024,Manchester City
770,16,2023-11-04,15:00,Premier League,Matchweek 11,Sat,Home,W,6.0,1.0,Bournemouth,1.9,0.9,65.0,53358.0,Kyle Walker,3-4-3,5-4-1,Craig Pawson,Match Report,,2024,Manchester City
771,18,2023-11-12,16:30,Premier League,Matchweek 12,Sun,Away,D,4.0,4.0,Chelsea,2.9,2.9,55.0,39532.0,Kyle Walker,3-2-4-1,4-2-3-1,Anthony Taylor,Match Report,,2024,Manchester City
772,19,2023-11-25,12:30,Premier League,Matchweek 13,Sat,Home,D,1.0,1.0,Liverpool,1.3,0.6,59.0,53289.0,Kyle Walker,3-2-4-1,4-3-3,Chris Kavanagh,Match Report,,2024,Manchester City
773,21,2023-12-03,16:30,Premier League,Matchweek 14,Sun,Home,D,3.0,3.0,Tottenham,2.6,0.5,55.0,53473.0,Kyle Walker,3-2-4-1,4-2-3-1,Simon Hooper,Match Report,,2024,Manchester City
774,22,2023-12-06,20:15,Premier League,Matchweek 15,Wed,Away,L,0.0,1.0,Aston Villa,0.6,2.3,54.0,41421.0,Kyle Walker,3-2-4-1,4-4-1-1,John Brooks,Match Report,,2024,Manchester City
775,23,2023-12-10,14:00,Premier League,Matchweek 16,Sun,Away,W,2.0,1.0,Luton Town,1.6,0.3,65.0,11047.0,Kyle Walker,4-2-3-1,3-4-3,Tim Robinson,Match Report,,2024,Manchester City
776,25,2023-12-16,15:00,Premier League,Matchweek 17,Sat,Home,D,2.0,2.0,Crystal Palace,1.6,1.8,74.0,53248.0,Kyle Walker,4-2-3-1,5-4-1,Paul Tierney,Match Report,,2024,Manchester City
777,26,2023-12-27,20:15,Premier League,Matchweek 19,Wed,Away,W,3.0,1.0,Everton,2.4,1.0,72.0,39327.0,Kyle Walker,4-2-3-1,4-2-3-1,John Brooks,Match Report,,2024,Manchester City
778,27,2023-12-30,15:00,Premier League,Matchweek 20,Sat,Home,W,2.0,0.0,Sheffield Utd,2.2,0.3,80.0,53108.0,Kyle Walker,4-2-3-1,3-4-3,David Coote,Match Report,,2024,Manchester City
779,29,2024-01-13,17:30,Premier League,Matchweek 21,Sat,Away,W,3.0,2.0,Newcastle Utd,3.0,1.3,72.0,52190.0,Kyle Walker,4-2-3-1,4-3-3,Chris Kavanagh,Match Report,,2024,Manchester City
780,31,2024-01-31,19:30,Premier League,Matchweek 22,Wed,Home,W,3.0,1.0,Burnley,1.7,1.4,74.0,52143.0,Kevin De Bruyne,4-2-3-1,4-4-2,Samuel Barrott,Match Report,,2024,Manchester City
781,32,2024-02-05,20:00,Premier League,Matchweek 23,Mon,Away,W,3.0,1.0,Brentford,2.1,1.0,72.0,17096.0,Kyle Walker,4-1-4-1,3-5-2,Jarred Gillett,Match Report,,2024,Manchester City
782,33,2024-02-10,12:30,Premier League,Matchweek 24,Sat,Home,W,2.0,0.0,Everton,1.6,0.3,72.0,52187.0,Rúben Dias,4-1-4-1,4-2-3-1,John Brooks,Match Report,,2024,Manchester City
783,35,2024-02-17,17:30,Premier League,Matchweek 25,Sat,Home,D,1.0,1.0,Chelsea,2.6,1.4,70.0,52178.0,Kyle Walker,4-1-4-1,4-2-3-1,Andy Madley,Match Report,,2024,Manchester City
784,36,2024-02-20,19:30,Premier League,Matchweek 18,Tue,Home,W,1.0,0.0,Brentford,2.3,0.4,70.0,52247.0,Kyle Walker,4-2-3-1,3-5-2,Darren England,Match Report,,2024,Manchester City
785,37,2024-02-24,17:30,Premier League,Matchweek 26,Sat,Away,W,1.0,0.0,Bournemouth,1.6,0.9,62.0,11184.0,Rúben Dias,3-2-4-1,4-2-3-1,Jarred Gillett,Match Report,,2024,Manchester City
786,39,2024-03-03,15:30,Premier League,Matchweek 27,Sun,Home,W,3.0,1.0,Manchester Utd,3.3,0.2,73.0,53514.0,Kyle Walker,3-2-4-1,4-2-4-0,Andy Madley,Match Report,,2024,Manchester City
787,41,2024-03-10,15:45,Premier League,Matchweek 28,Sun,Away,D,1.0,1.0,Liverpool,1.6,2.7,47.0,59947.0,Kyle Walker,3-2-4-1,4-3-3,Michael Oliver,Match Report,,2024,Manchester City
788,43,2024-03-31,16:30,Premier League,Matchweek 30,Sun,Home,D,0.0,0.0,Arsenal,1.0,0.7,72.0,52178.0,Kevin De Bruyne,4-1-4-1,4-3-3,Anthony Taylor,Match Report,,2024,Manchester City
789,44,2024-04-03,20:15,Premier League,Matchweek 31,Wed,Home,W,4.0,1.0,Aston Villa,3.4,0.8,67.0,53422.0,Rúben Dias,4-2-3-1,4-2-3-1,Darren England,Match Report,,2024,Manchester City
790,45,2024-04-06,12:30,Premier League,Matchweek 32,Sat,Away,W,4.0,2.0,Crystal Palace,1.9,1.1,75.0,25132.0,Kevin De Bruyne,3-2-4-1,3-4-3,Paul Tierney,Match Report,,2024,Manchester City
791,47,2024-04-13,15:00,Premier League,Matchweek 33,Sat,Home,W,5.0,1.0,Luton Town,4.2,0.5,73.0,52149.0,Kevin De Bruyne,4-2-3-1,3-4-3,John Brooks,Match Report,,2024,Manchester City
792,50,2024-04-25,20:00,Premier League,Matchweek 29,Thu,Away,W,4.0,0.0,Brighton,1.4,0.6,64.0,31596.0,Kyle Walker,4-1-4-1,4-2-3-1,Jarred Gillett,Match Report,,2024,Manchester City
793,51,2024-04-28,16:30,Premier League,Matchweek 35,Sun,Away,W,2.0,0.0,Nott'ham Forest,0.9,1.9,66.0,29677.0,Kyle Walker,4-1-4-1,5-4-1,Simon Hooper,Match Report,,2024,Manchester City
794,52,2024-05-04,17:30,Premier League,Matchweek 36,Sat,Home,W,5.0,1.0,Wolves,3.7,0.3,58.0,52439.0,Kyle Walker,4-2-3-1,3-5-2,Craig Pawson,Match Report,,2024,Manchester City
795,53,2024-05-11,12:30,Premier League,Matchweek 37,Sat,Away,W,4.0,0.0,Fulham,3.2,0.1,64.0,24418.0,Kevin De Bruyne,4-2-3-1,4-2-3-1,Anthony Taylor,Match Report,,2024,Manchester City
796,54,2024-05-14,20:00,Premier League,Matchweek 34,Tue,Away,W,2.0,0.0,Tottenham,2.4,1.7,47.0,61065.0,Kyle Walker,4-2-3-1,4-3-1-2,Chris Kavanagh,Match Report,,2024,Manchester City
797,55,2024-05-19,16:00,Premier League,Matchweek 38,Sun,Home,W,3.0,1.0,West Ham,1.9,0.4,71.0,55097.0,Kyle Walker,4-1-4-1,3-4-3,John Brooks,Match Report,,2024,Manchester City
798,1,2023-08-12,12:30,Premier League,Matchweek 1,Sat,Home,W,2.0,1.0,Nott'ham Forest,0.8,1.2,78.0,59984.0,Martin Ødegaard,4-3-3,3-4-3,Michael Oliver,Match Report,,2024,Arsenal
799,2,2023-08-21,20:00,Premier League,Matchweek 2,Mon,Away,W,1.0,0.0,Crystal Palace,2.0,1.0,53.0,24189.0,Martin Ødegaard,4-3-3,4-2-3-1,David Coote,Match Report,,2024,Arsenal
800,3,2023-08-26,15:00,Premier League,Matchweek 3,Sat,Home,D,2.0,2.0,Fulham,3.2,0.6,71.0,59961.0,Martin Ødegaard,4-3-3,4-3-3,Paul Tierney,Match Report,,2024,Arsenal
801,4,2023-09-03,16:30,Premier League,Matchweek 4,Sun,Home,W,3.0,1.0,Manchester Utd,2.3,0.9,55.0,60192.0,Martin Ødegaard,4-3-3,4-2-3-1,Anthony Taylor,Match Report,,2024,Arsenal
802,5,2023-09-17,16:30,Premier League,Matchweek 5,Sun,Away,W,1.0,0.0,Everton,1.0,0.3,74.0,39217.0,Martin Ødegaard,4-3-3,4-5-1,Simon Hooper,Match Report,,2024,Arsenal
803,7,2023-09-24,14:00,Premier League,Matchweek 6,Sun,Home,D,2.0,2.0,Tottenham,1.8,1.4,47.0,60156.0,Martin Ødegaard,4-3-3,4-2-3-1,Robert Jones,Match Report,,2024,Arsenal
804,9,2023-09-30,15:00,Premier League,Matchweek 7,Sat,Away,W,4.0,0.0,Bournemouth,3.4,0.6,57.0,11193.0,Martin Ødegaard,4-3-3,4-2-3-1,Michael Salisbury,Match Report,,2024,Arsenal
805,11,2023-10-08,16:30,Premier League,Matchweek 8,Sun,Home,W,1.0,0.0,Manchester City,0.4,0.5,49.0,60233.0,Martin Ødegaard,4-3-3,4-3-3,Michael Oliver,Match Report,,2024,Arsenal
806,12,2023-10-21,17:30,Premier League,Matchweek 9,Sat,Away,D,2.0,2.0,Chelsea,1.0,1.3,56.0,39723.0,Martin Ødegaard,4-3-3,4-2-3-1,Chris Kavanagh,Match Report,,2024,Arsenal
807,14,2023-10-28,15:00,Premier League,Matchweek 10,Sat,Home,W,5.0,0.0,Sheffield Utd,2.8,0.0,67.0,60153.0,Bukayo Saka,4-3-3,4-4-2,Tim Robinson,Match Report,,2024,Arsenal
808,16,2023-11-04,17:30,Premier League,Matchweek 11,Sat,Away,L,0.0,1.0,Newcastle Utd,0.6,1.0,58.0,52194.0,Jorginho,4-3-3,4-3-3,Stuart Attwell,Match Report,,2024,Arsenal
809,18,2023-11-11,15:00,Premier League,Matchweek 12,Sat,Home,W,3.0,1.0,Burnley,1.8,0.3,63.0,60232.0,Jorginho,4-3-3,4-4-2,Michael Oliver,Match Report,,2024,Arsenal
810,19,2023-11-25,17:30,Premier League,Matchweek 13,Sat,Away,W,1.0,0.0,Brentford,1.6,1.1,63.0,17201.0,Martin Ødegaard,4-3-3,5-3-2,Tim Robinson,Match Report,,2024,Arsenal
811,21,2023-12-02,15:00,Premier League,Matchweek 14,Sat,Home,W,2.0,1.0,Wolves,2.8,0.7,57.0,60262.0,Martin Ødegaard,4-3-3,3-5-2,Peter Bankes,Match Report,,2024,Arsenal
812,22,2023-12-05,20:15,Premier League,Matchweek 15,Tue,Away,W,4.0,3.0,Luton Town,2.2,0.5,66.0,11031.0,Martin Ødegaard,4-3-3,3-4-3,Samuel Barrott,Match Report,,2024,Arsenal
813,23,2023-12-09,17:30,Premier League,Matchweek 16,Sat,Away,L,0.0,1.0,Aston Villa,1.4,0.6,61.0,42000.0,Martin Ødegaard,4-3-3,4-4-1-1,Jarred Gillett,Match Report,,2024,Arsenal
814,25,2023-12-17,14:00,Premier League,Matchweek 17,Sun,Home,W,2.0,0.0,Brighton,2.3,0.7,49.0,60257.0,Martin Ødegaard,4-3-3,4-2-3-1,Tim Robinson,Match Report,,2024,Arsenal
815,26,2023-12-23,17:30,Premier League,Matchweek 18,Sat,Away,D,1.0,1.0,Liverpool,0.7,1.0,48.0,57548.0,Martin Ødegaard,4-3-3,4-3-3,Chris Kavanagh,Match Report,,2024,Arsenal
816,27,2023-12-28,20:15,Premier League,Matchweek 19,Thu,Home,L,0.0,2.0,West Ham,2.7,1.4,73.0,60261.0,Martin Ødegaard,4-3-3,4-2-3-1,Michael Oliver,Match Report,,2024,Arsenal
817,28,2023-12-31,14:00,Premier League,Matchweek 20,Sun,Away,L,1.0,2.0,Fulham,1.6,1.2,60.0,24444.0,Martin Ødegaard,4-3-3,4-2-3-1,Joshua Smith,Match Report,,2024,Arsenal
818,30,2024-01-20,12:30,Premier League,Matchweek 21,Sat,Home,W,5.0,0.0,Crystal Palace,3.3,0.3,60.0,60284.0,Martin Ødegaard,4-3-3,3-4-3,Paul Tierney,Match Report,,2024,Arsenal
819,31,2024-01-30,19:30,Premier League,Matchweek 22,Tue,Away,W,2.0,1.0,Nott'ham Forest,1.2,0.5,73.0,29387.0,Martin Ødegaard,4-3-3,4-2-3-1,Simon Hooper,Match Report,,2024,Arsenal
820,32,2024-02-04,16:30,Premier League,Matchweek 23,Sun,Home,W,3.0,1.0,Liverpool,3.5,0.4,43.0,60374.0,Martin Ødegaard,4-3-3,4-3-3,Anthony Taylor,Match Report,,2024,Arsenal
821,33,2024-02-11,14:00,Premier League,Matchweek 24,Sun,Away,W,6.0,0.0,West Ham,3.6,0.2,70.0,62475.0,Martin Ødegaard,4-3-3,4-2-3-1,Craig Pawson,Match Report,,2024,Arsenal
822,34,2024-02-17,15:00,Premier League,Matchweek 25,Sat,Away,W,5.0,0.0,Burnley,2.3,0.3,64.0,21311.0,Martin Ødegaard,4-3-3,4-4-2,Jarred Gillett,Match Report,,2024,Arsenal
823,36,2024-02-24,20:00,Premier League,Matchweek 26,Sat,Home,W,4.0,1.0,Newcastle Utd,2.8,0.2,55.0,60298.0,Martin Ødegaard,4-3-3,4-3-3,Paul Tierney,Match Report,,2024,Arsenal
824,37,2024-03-04,20:00,Premier League,Matchweek 27,Mon,Away,W,6.0,0.0,Sheffield Utd,2.3,0.2,80.0,29157.0,Martin Ødegaard,4-3-3,4-5-1,Samuel Barrott,Match Report,,2024,Arsenal
825,38,2024-03-09,17:30,Premier League,Matchweek 28,Sat,Home,W,2.0,1.0,Brentford,1.3,1.0,71.0,60331.0,Martin Ødegaard,4-3-3,3-5-2,Robert Jones,Match Report,,2024,Arsenal
826,40,2024-03-31,16:30,Premier League,Matchweek 30,Sun,Away,D,0.0,0.0,Manchester City,0.7,1.0,28.0,52178.0,Martin Ødegaard,4-3-3,4-1-4-1,Anthony Taylor,Match Report,,2024,Arsenal
827,41,2024-04-03,19:30,Premier League,Matchweek 31,Wed,Home,W,2.0,0.0,Luton Town,0.7,0.3,58.0,60262.0,Martin Ødegaard,4-3-3,3-4-3,Craig Pawson,Match Report,,2024,Arsenal
828,42,2024-04-06,17:30,Premier League,Matchweek 32,Sat,Away,W,3.0,0.0,Brighton,3.4,0.5,46.0,31677.0,Martin Ødegaard,4-3-3,4-2-3-1,John Brooks,Match Report,,2024,Arsenal
829,44,2024-04-14,16:30,Premier League,Matchweek 33,Sun,Home,L,0.0,2.0,Aston Villa,1.6,0.9,52.0,60350.0,Martin Ødegaard,4-3-3,4-2-3-1,David Coote,Match Report,,2024,Arsenal
830,46,2024-04-20,19:30,Premier League,Matchweek 34,Sat,Away,W,2.0,0.0,Wolves,1.2,0.2,54.0,31621.0,Martin Ødegaard,4-3-3,4-4-2,Paul Tierney,Match Report,,2024,Arsenal
831,47,2024-04-23,20:00,Premier League,Matchweek 29,Tue,Home,W,5.0,0.0,Chelsea,3.3,1.6,45.0,60238.0,Martin Ødegaard,4-3-3,4-2-3-1,Simon Hooper,Match Report,,2024,Arsenal
832,48,2024-04-28,14:00,Premier League,Matchweek 35,Sun,Away,W,3.0,2.0,Tottenham,1.0,2.3,38.0,61554.0,Martin Ødegaard,4-3-3,4-2-3-1,Michael Oliver,Match Report,,2024,Arsenal
833,49,2024-05-04,12:30,Premier League,Matchweek 36,Sat,Home,W,3.0,0.0,Bournemouth,3.3,0.5,55.0,60348.0,Martin Ødegaard,4-3-3,4-3-3,David Coote,Match Report,,2024,Arsenal
834,50,2024-05-12,16:30,Premier League,Matchweek 37,Sun,Away,W,1.0,0.0,Manchester Utd,1.5,0.5,46.0,73600.0,Martin Ødegaard,4-3-3,4-2-3-1,Paul Tierney,Match Report,,2024,Arsenal
835,51,2024-05-19,16:00,Premier League,Matchweek 38,Sun,Home,W,2.0,1.0,Everton,2.9,0.6,68.0,60312.0,Martin Ødegaard,4-3-3,4-4-1-1,Michael Oliver,Match Report,,2024,Arsenal
836,0,2023-08-13,16:30,Premier League,Matchweek 1,Sun,Away,D,1.0,1.0,Chelsea,1.3,1.4,35.0,40096.0,Virgil van Dijk,4-3-3,3-4-3,Anthony Taylor,Match Report,,2024,Liverpool
837,1,2023-08-19,15:00,Premier League,Matchweek 2,Sat,Home,W,3.0,1.0,Bournemouth,3.0,1.3,64.0,53145.0,Virgil van Dijk,4-3-3,4-2-3-1,Thomas Bramall,Match Report,,2024,Liverpool
838,2,2023-08-27,16:30,Premier League,Matchweek 3,Sun,Away,W,2.0,1.0,Newcastle Utd,0.9,2.0,41.0,52214.0,Virgil van Dijk,4-3-3,4-3-3,John Brooks,Match Report,,2024,Liverpool
839,3,2023-09-03,14:00,Premier League,Matchweek 4,Sun,Home,W,3.0,0.0,Aston Villa,2.5,0.7,63.0,50109.0,Trent Alexander-Arnold,4-3-3,4-4-2,Simon Hooper,Match Report,,2024,Liverpool
840,4,2023-09-16,12:30,Premier League,Matchweek 5,Sat,Away,W,3.0,1.0,Wolves,2.5,0.6,65.0,31257.0,Andrew Robertson,4-3-3,4-2-3-1,Michael Oliver,Match Report,,2024,Liverpool
841,6,2023-09-24,14:00,Premier League,Matchweek 6,Sun,Home,W,3.0,1.0,West Ham,3.0,1.1,63.0,50136.0,Virgil van Dijk,4-3-3,4-2-3-1,Chris Kavanagh,Match Report,,2024,Liverpool
842,8,2023-09-30,17:30,Premier League,Matchweek 7,Sat,Away,L,1.0,2.0,Tottenham,1.3,2.2,36.0,62001.0,Virgil van Dijk,4-3-3,4-2-3-1,Simon Hooper,Match Report,,2024,Liverpool
843,10,2023-10-08,14:00,Premier League,Matchweek 8,Sun,Away,D,2.0,2.0,Brighton,2.3,2.3,54.0,31752.0,Virgil van Dijk,4-3-3,4-2-3-1,Anthony Taylor,Match Report,,2024,Liverpool
844,11,2023-10-21,12:30,Premier League,Matchweek 9,Sat,Home,W,2.0,0.0,Everton,2.2,0.1,77.0,50201.0,Virgil van Dijk,4-3-3,4-4-1-1,Craig Pawson,Match Report,,2024,Liverpool
845,13,2023-10-29,14:00,Premier League,Matchweek 10,Sun,Home,W,3.0,0.0,Nott'ham Forest,3.2,0.4,72.0,50143.0,Virgil van Dijk,4-3-3,5-4-1,Chris Kavanagh,Match Report,,2024,Liverpool
846,15,2023-11-05,16:30,Premier League,Matchweek 11,Sun,Away,D,1.0,1.0,Luton Town,2.6,0.8,73.0,11049.0,Virgil van Dijk,4-3-3,3-4-3,Andy Madley,Match Report,,2024,Liverpool
847,17,2023-11-12,14:00,Premier League,Matchweek 12,Sun,Home,W,3.0,0.0,Brentford,1.7,1.6,58.0,50151.0,Virgil van Dijk,4-3-3,5-3-2,Paul Tierney,Match Report,,2024,Liverpool
848,18,2023-11-25,12:30,Premier League,Matchweek 13,Sat,Away,D,1.0,1.0,Manchester City,0.6,1.3,41.0,53289.0,Virgil van Dijk,4-3-3,3-2-4-1,Chris Kavanagh,Match Report,,2024,Liverpool
849,20,2023-12-03,14:00,Premier League,Matchweek 14,Sun,Home,W,4.0,3.0,Fulham,2.1,1.2,61.0,50124.0,Virgil van Dijk,4-3-3,4-2-3-1,Stuart Attwell,Match Report,,2024,Liverpool
850,21,2023-12-06,19:30,Premier League,Matchweek 15,Wed,Away,W,2.0,0.0,Sheffield Utd,1.7,1.0,75.0,31406.0,Virgil van Dijk,4-3-3,3-4-3,Simon Hooper,Match Report,,2024,Liverpool
851,22,2023-12-09,12:30,Premier League,Matchweek 16,Sat,Away,W,2.0,1.0,Crystal Palace,1.2,1.7,76.0,25103.0,Virgil van Dijk,4-3-3,4-3-3,Andy Madley,Match Report,,2024,Liverpool
852,24,2023-12-17,16:30,Premier League,Matchweek 17,Sun,Home,D,0.0,0.0,Manchester Utd,2.3,0.8,68.0,57158.0,Virgil van Dijk,4-3-3,4-2-3-1,Michael Oliver,Match Report,,2024,Liverpool
853,26,2023-12-23,17:30,Premier League,Matchweek 18,Sat,Home,D,1.0,1.0,Arsenal,1.0,0.7,52.0,57548.0,Virgil van Dijk,4-3-3,4-3-3,Chris Kavanagh,Match Report,,2024,Liverpool
854,27,2023-12-26,17:30,Premier League,Matchweek 19,Tue,Away,W,2.0,0.0,Burnley,1.8,0.8,68.0,21624.0,Virgil van Dijk,4-3-3,4-4-2,Paul Tierney,Match Report,,2024,Liverpool
855,28,2024-01-01,20:00,Premier League,Matchweek 20,Mon,Home,W,4.0,2.0,Newcastle Utd,7.0,0.6,61.0,57471.0,Virgil van Dijk,4-3-3,4-3-3,Anthony Taylor,Match Report,,2024,Liverpool
856,31,2024-01-21,16:30,Premier League,Matchweek 21,Sun,Away,W,4.0,0.0,Bournemouth,1.5,1.4,60.0,11228.0,Virgil van Dijk,4-3-3,4-2-3-1,Andy Madley,Match Report,,2024,Liverpool
857,34,2024-01-31,20:15,Premier League,Matchweek 22,Wed,Home,W,4.0,1.0,Chelsea,2.9,0.6,50.0,57524.0,Virgil van Dijk,4-3-3,4-2-3-1,Paul Tierney,Match Report,,2024,Liverpool
858,35,2024-02-04,16:30,Premier League,Matchweek 23,Sun,Away,L,1.0,3.0,Arsenal,0.4,3.5,57.0,60374.0,Virgil van Dijk,4-3-3,4-3-3,Anthony Taylor,Match Report,,2024,Liverpool
859,36,2024-02-10,15:00,Premier League,Matchweek 24,Sat,Home,W,3.0,1.0,Burnley,2.8,1.3,70.0,59896.0,Virgil van Dijk,4-3-3,4-4-2,Tim Robinson,Match Report,,2024,Liverpool
860,37,2024-02-17,12:30,Premier League,Matchweek 25,Sat,Away,W,4.0,1.0,Brentford,2.8,1.6,62.0,17193.0,Virgil van Dijk,4-3-3,3-5-2,Michael Oliver,Match Report,,2024,Liverpool
861,38,2024-02-21,19:30,Premier League,Matchweek 26,Wed,Home,W,4.0,1.0,Luton Town,3.3,0.9,60.0,59713.0,Virgil van Dijk,4-3-3,3-4-3,Andy Madley,Match Report,,2024,Liverpool
862,41,2024-03-02,15:00,Premier League,Matchweek 27,Sat,Away,W,1.0,0.0,Nott'ham Forest,2.0,1.0,69.0,29603.0,Virgil van Dijk,4-3-3,4-2-3-1,Paul Tierney,Match Report,,2024,Liverpool
863,43,2024-03-10,15:45,Premier League,Matchweek 28,Sun,Home,D,1.0,1.0,Manchester City,2.7,1.6,53.0,59947.0,Virgil van Dijk,4-3-3,3-2-4-1,Michael Oliver,Match Report,,2024,Liverpool
864,46,2024-03-31,14:00,Premier League,Matchweek 30,Sun,Home,W,2.0,1.0,Brighton,2.8,0.5,55.0,60061.0,Virgil van Dijk,4-3-3,4-2-3-1,David Coote,Match Report,,2024,Liverpool
865,47,2024-04-04,19:30,Premier League,Matchweek 31,Thu,Home,W,3.0,1.0,Sheffield Utd,1.8,0.6,82.0,60055.0,Virgil van Dijk,4-3-3,3-5-2,Stuart Attwell,Match Report,,2024,Liverpool
866,48,2024-04-07,15:30,Premier League,Matchweek 32,Sun,Away,D,2.0,2.0,Manchester Utd,3.6,0.7,62.0,73501.0,Virgil van Dijk,4-3-3,4-2-3-1,Anthony Taylor,Match Report,,2024,Liverpool
867,50,2024-04-14,14:00,Premier League,Matchweek 33,Sun,Home,L,0.0,1.0,Crystal Palace,2.7,2.0,69.0,60090.0,Virgil van Dijk,4-3-3,3-4-3,Chris Kavanagh,Match Report,,2024,Liverpool
868,52,2024-04-21,16:30,Premier League,Matchweek 34,Sun,Away,W,3.0,1.0,Fulham,1.0,0.8,60.0,24414.0,Virgil van Dijk,4-3-3,4-2-3-1,Craig Pawson,Match Report,,2024,Liverpool
869,53,2024-04-24,20:00,Premier League,Matchweek 29,Wed,Away,L,0.0,2.0,Everton,2.1,1.2,75.0,38222.0,Virgil van Dijk,4-3-3,4-4-1-1,Andy Madley,Match Report,,2024,Liverpool
870,54,2024-04-27,12:30,Premier League,Matchweek 35,Sat,Away,D,2.0,2.0,West Ham,1.7,0.7,71.0,62474.0,Virgil van Dijk,4-3-3,4-2-3-1,Anthony Taylor,Match Report,,2024,Liverpool
871,55,2024-05-05,16:30,Premier League,Matchweek 36,Sun,Home,W,4.0,2.0,Tottenham,3.3,1.2,44.0,60075.0,Virgil van Dijk,4-3-3,4-3-3,Paul Tierney,Match Report,,2024,Liverpool
872,56,2024-05-13,20:00,Premier League,Matchweek 37,Mon,Away,D,3.0,3.0,Aston Villa,1.7,3.1,59.0,42241.0,Virgil van Dijk,4-3-3,4-2-3-1,Simon Hooper,Match Report,,2024,Liverpool
873,57,2024-05-19,16:00,Premier League,Matchweek 38,Sun,Home,W,2.0,0.0,Wolves,4.5,0.5,67.0,60059.0,Virgil van Dijk,4-3-3,3-5-1-1,Chris Kavanagh,Match Report,,2024,Liverpool
874,0,2023-08-12,17:30,Premier League,Matchweek 1,Sat,Away,L,1.0,5.0,Newcastle Utd,1.8,3.3,48.0,52207.0,John McGinn,4-2-3-1,4-3-3,Andy Madley,Match Report,,2024,Aston Villa
875,1,2023-08-20,14:00,Premier League,Matchweek 2,Sun,Home,W,4.0,0.0,Everton,2.9,0.6,60.0,41694.0,John McGinn,4-2-3-1,4-1-4-1,Anthony Taylor,Match Report,,2024,Aston Villa
876,3,2023-08-27,14:00,Premier League,Matchweek 3,Sun,Away,W,3.0,1.0,Burnley,2.5,0.7,43.0,21591.0,John McGinn,3-4-3,4-4-2,Michael Salisbury,Match Report,,2024,Aston Villa
877,5,2023-09-03,14:00,Premier League,Matchweek 4,Sun,Away,L,0.0,3.0,Liverpool,0.7,2.5,37.0,50109.0,John McGinn,4-4-2,4-3-3,Simon Hooper,Match Report,,2024,Aston Villa
878,6,2023-09-16,15:00,Premier League,Matchweek 5,Sat,Home,W,3.0,1.0,Crystal Palace,3.0,1.2,66.0,40809.0,John McGinn,4-2-3-1,4-4-1-1,Darren England,Match Report,,2024,Aston Villa
879,8,2023-09-24,14:00,Premier League,Matchweek 6,Sun,Away,W,1.0,0.0,Chelsea,1.0,1.3,47.0,39700.0,John McGinn,4-2-3-1,4-2-3-1,Jarred Gillett,Match Report,,2024,Aston Villa
880,10,2023-09-30,12:30,Premier League,Matchweek 7,Sat,Home,W,6.0,1.0,Brighton,1.6,1.7,39.0,40636.0,John McGinn,4-2-3-1,4-2-3-1,Andy Madley,Match Report,,2024,Aston Villa
881,12,2023-10-08,14:00,Premier League,Matchweek 8,Sun,Away,D,1.0,1.0,Wolves,1.6,1.7,53.0,31425.0,John McGinn,4-4-2,3-4-3,Robert Jones,Match Report,,2024,Aston Villa
882,13,2023-10-22,16:30,Premier League,Matchweek 9,Sun,Home,W,4.0,1.0,West Ham,1.9,1.1,58.0,41734.0,John McGinn,4-4-2,4-2-3-1,David Coote,Match Report,,2024,Aston Villa
883,15,2023-10-29,14:00,Premier League,Matchweek 10,Sun,Home,W,3.0,1.0,Luton Town,2.3,0.5,70.0,41785.0,John McGinn,4-4-2,3-4-3,John Brooks,Match Report,,2024,Aston Villa
884,16,2023-11-05,14:00,Premier League,Matchweek 11,Sun,Away,L,0.0,2.0,Nott'ham Forest,1.2,0.4,73.0,29313.0,John McGinn,4-4-2,4-3-3,Jarred Gillett,Match Report,,2024,Aston Villa
885,18,2023-11-12,14:00,Premier League,Matchweek 12,Sun,Home,W,3.0,1.0,Fulham,3.0,0.9,51.0,41608.0,John McGinn,4-2-2-2,4-2-3-1,Simon Hooper,Match Report,,2024,Aston Villa
886,19,2023-11-26,14:00,Premier League,Matchweek 13,Sun,Away,W,2.0,1.0,Tottenham,1.7,2.3,38.0,61679.0,John McGinn,4-4-2,4-2-3-1,Robert Jones,Match Report,,2024,Aston Villa
887,21,2023-12-03,14:00,Premier League,Matchweek 14,Sun,Away,D,2.0,2.0,Bournemouth,0.7,2.0,62.0,11191.0,John McGinn,4-4-2,4-2-3-1,Thomas Bramall,Match Report,,2024,Aston Villa
888,22,2023-12-06,20:15,Premier League,Matchweek 15,Wed,Home,W,1.0,0.0,Manchester City,2.3,0.6,46.0,41421.0,John McGinn,4-4-1-1,3-2-4-1,John Brooks,Match Report,,2024,Aston Villa
889,23,2023-12-09,17:30,Premier League,Matchweek 16,Sat,Home,W,1.0,0.0,Arsenal,0.6,1.4,39.0,42000.0,John McGinn,4-4-1-1,4-3-3,Jarred Gillett,Match Report,,2024,Aston Villa
890,25,2023-12-17,14:00,Premier League,Matchweek 17,Sun,Away,W,2.0,1.0,Brentford,1.4,0.5,66.0,17034.0,John McGinn,3-5-2,3-5-2,David Coote,Match Report,,2024,Aston Villa
891,26,2023-12-22,20:00,Premier League,Matchweek 18,Fri,Home,D,1.0,1.0,Sheffield Utd,0.9,0.6,77.0,41651.0,John McGinn,4-4-1-1,3-4-3,Anthony Taylor,Match Report,,2024,Aston Villa
892,27,2023-12-26,20:00,Premier League,Matchweek 19,Tue,Away,L,2.0,3.0,Manchester Utd,1.7,1.1,54.0,73574.0,John McGinn,4-2-3-1,4-2-3-1,Craig Pawson,Match Report,,2024,Aston Villa
893,28,2023-12-30,15:00,Premier League,Matchweek 20,Sat,Home,W,3.0,2.0,Burnley,3.2,1.2,64.0,41613.0,John McGinn,4-4-1-1,4-4-2,Stuart Attwell,Match Report,,2024,Aston Villa
894,30,2024-01-14,14:00,Premier League,Matchweek 21,Sun,Away,D,0.0,0.0,Everton,1.2,1.1,68.0,39284.0,John McGinn,4-4-2,4-2-3-1,David Coote,Match Report,,2024,Aston Villa
895,32,2024-01-30,20:15,Premier League,Matchweek 22,Tue,Home,L,1.0,3.0,Newcastle Utd,1.4,2.6,61.0,42191.0,John McGinn,4-4-2,4-3-3,John Brooks,Match Report,,2024,Aston Villa
896,33,2024-02-03,17:30,Premier League,Matchweek 23,Sat,Away,W,5.0,0.0,Sheffield Utd,2.2,1.4,63.0,30187.0,John McGinn,4-2-3-1,5-4-1,Paul Tierney,Match Report,,2024,Aston Villa
897,35,2024-02-11,16:30,Premier League,Matchweek 24,Sun,Home,L,1.0,2.0,Manchester Utd,2.4,1.8,56.0,42185.0,John McGinn,4-2-3-1,4-2-3-1,Robert Jones,Match Report,,2024,Aston Villa
898,36,2024-02-17,15:00,Premier League,Matchweek 25,Sat,Away,W,2.0,1.0,Fulham,1.5,1.5,48.0,24401.0,John McGinn,4-2-3-1,4-2-3-1,Lewis Smith,Match Report,,2024,Aston Villa
899,37,2024-02-24,15:00,Premier League,Matchweek 26,Sat,Home,W,4.0,2.0,Nott'ham Forest,3.6,2.6,58.0,42131.0,John McGinn,4-2-3-1,4-2-3-1,Samuel Barrott,Match Report,,2024,Aston Villa
900,38,2024-03-02,17:30,Premier League,Matchweek 27,Sat,Away,W,3.0,2.0,Luton Town,1.9,1.8,54.0,11594.0,John McGinn,4-2-3-1,3-4-3,Michael Oliver,Match Report,,2024,Aston Villa
901,40,2024-03-10,13:00,Premier League,Matchweek 28,Sun,Home,L,0.0,4.0,Tottenham,0.8,1.5,32.0,42310.0,John McGinn,5-3-2,4-2-3-1,Chris Kavanagh,Match Report,,2024,Aston Villa
902,42,2024-03-17,14:00,Premier League,Matchweek 29,Sun,Away,D,1.0,1.0,West Ham,0.7,2.0,69.0,62461.0,Emiliano Martínez,4-4-2,4-2-3-1,Jarred Gillett,Match Report,,2024,Aston Villa
903,43,2024-03-30,17:30,Premier League,Matchweek 30,Sat,Home,W,2.0,0.0,Wolves,1.0,1.5,48.0,42640.0,Emiliano Martínez,4-4-2,3-4-3,Paul Tierney,Match Report,,2024,Aston Villa
904,44,2024-04-03,20:15,Premier League,Matchweek 31,Wed,Away,L,1.0,4.0,Manchester City,0.8,3.4,33.0,53422.0,Douglas Luiz,4-2-3-1,4-2-3-1,Darren England,Match Report,,2024,Aston Villa
905,45,2024-04-06,15:00,Premier League,Matchweek 32,Sat,Home,D,3.0,3.0,Brentford,1.5,1.5,69.0,42118.0,John McGinn,4-4-1-1,3-5-2,Michael Salisbury,Match Report,,2024,Aston Villa
906,47,2024-04-14,16:30,Premier League,Matchweek 33,Sun,Away,W,2.0,0.0,Arsenal,0.9,1.6,48.0,60350.0,John McGinn,4-2-3-1,4-3-3,David Coote,Match Report,,2024,Aston Villa
907,49,2024-04-21,15:00,Premier League,Matchweek 34,Sun,Home,W,3.0,1.0,Bournemouth,2.4,1.8,56.0,42189.0,John McGinn,4-2-3-1,4-2-3-1,Tim Robinson,Match Report,,2024,Aston Villa
908,50,2024-04-27,20:00,Premier League,Matchweek 35,Sat,Home,D,2.0,2.0,Chelsea,1.1,1.6,29.0,42354.0,John McGinn,4-4-1-1,4-2-3-1,Craig Pawson,Match Report,,2024,Aston Villa
909,52,2024-05-05,14:00,Premier League,Matchweek 36,Sun,Away,L,0.0,1.0,Brighton,0.1,2.5,48.0,31596.0,John McGinn,4-2-3-1,4-2-3-1,Robert Jones,Match Report,,2024,Aston Villa
910,54,2024-05-13,20:00,Premier League,Matchweek 37,Mon,Home,D,3.0,3.0,Liverpool,3.1,1.7,41.0,42241.0,John McGinn,4-2-3-1,4-3-3,Simon Hooper,Match Report,,2024,Aston Villa
911,55,2024-05-19,16:00,Premier League,Matchweek 38,Sun,Away,L,0.0,5.0,Crystal Palace,0.9,2.5,46.0,25191.0,John McGinn,4-4-2,3-4-3,Darren Bond,Match Report,,2024,Aston Villa
912,0,2023-08-13,14:00,Premier League,Matchweek 1,Sun,Away,D,2.0,2.0,Brentford,1.3,2.2,69.0,17066.0,Son Heung-min,4-2-3-1,5-3-2,Robert Jones,Match Report,,2024,Tottenham Hotspur
913,1,2023-08-19,17:30,Premier League,Matchweek 2,Sat,Home,W,2.0,0.0,Manchester Utd,1.7,2.1,55.0,61910.0,Son Heung-min,4-2-3-1,4-2-3-1,Michael Oliver,Match Report,,2024,Tottenham Hotspur
914,2,2023-08-26,12:30,Premier League,Matchweek 3,Sat,Away,W,2.0,0.0,Bournemouth,2.1,0.7,56.0,10567.0,Son Heung-min,4-2-3-1,4-2-3-1,Tim Robinson,Match Report,,2024,Tottenham Hotspur
915,4,2023-09-02,15:00,Premier League,Matchweek 4,Sat,Away,W,5.0,2.0,Burnley,2.2,1.3,53.0,21750.0,Son Heung-min,4-2-3-1,4-4-2,Darren England,Match Report,,2024,Tottenham Hotspur
916,5,2023-09-16,15:00,Premier League,Matchweek 5,Sat,Home,W,2.0,1.0,Sheffield Utd,2.1,0.7,70.0,61706.0,Son Heung-min,4-2-3-1,3-5-2,Peter Bankes,Match Report,,2024,Tottenham Hotspur
917,6,2023-09-24,14:00,Premier League,Matchweek 6,Sun,Away,D,2.0,2.0,Arsenal,1.4,1.8,53.0,60156.0,Son Heung-min,4-2-3-1,4-3-3,Robert Jones,Match Report,,2024,Tottenham Hotspur
918,7,2023-09-30,17:30,Premier League,Matchweek 7,Sat,Home,W,2.0,1.0,Liverpool,2.2,1.3,64.0,62001.0,Son Heung-min,4-2-3-1,4-3-3,Simon Hooper,Match Report,,2024,Tottenham Hotspur
919,8,2023-10-07,12:30,Premier League,Matchweek 8,Sat,Away,W,1.0,0.0,Luton Town,1.9,0.8,66.0,10290.0,Son Heung-min,4-2-3-1,4-4-2,John Brooks,Match Report,,2024,Tottenham Hotspur
920,9,2023-10-23,20:00,Premier League,Matchweek 9,Mon,Home,W,2.0,0.0,Fulham,1.5,1.0,55.0,61286.0,Son Heung-min,4-2-3-1,4-2-3-1,Anthony Taylor,Match Report,,2024,Tottenham Hotspur
921,10,2023-10-27,20:00,Premier League,Matchweek 10,Fri,Away,W,2.0,1.0,Crystal Palace,1.1,0.6,75.0,25074.0,Son Heung-min,4-2-3-1,4-2-3-1,Andy Madley,Match Report,,2024,Tottenham Hotspur
922,11,2023-11-06,20:00,Premier League,Matchweek 11,Mon,Home,L,1.0,4.0,Chelsea,0.9,4.1,40.0,61726.0,Son Heung-min,4-2-3-1,4-2-3-1,Michael Oliver,Match Report,,2024,Tottenham Hotspur
923,12,2023-11-11,12:30,Premier League,Matchweek 12,Sat,Away,L,1.0,2.0,Wolves,0.7,2.1,58.0,31642.0,Son Heung-min,4-3-3,3-5-2,Tim Robinson,Match Report,,2024,Tottenham Hotspur
924,13,2023-11-26,14:00,Premier League,Matchweek 13,Sun,Home,L,1.0,2.0,Aston Villa,2.3,1.7,62.0,61679.0,Son Heung-min,4-2-3-1,4-4-2,Robert Jones,Match Report,,2024,Tottenham Hotspur
925,14,2023-12-03,16:30,Premier League,Matchweek 14,Sun,Away,D,3.0,3.0,Manchester City,0.5,2.6,45.0,53473.0,Son Heung-min,4-2-3-1,3-2-4-1,Simon Hooper,Match Report,,2024,Tottenham Hotspur
926,15,2023-12-07,20:15,Premier League,Matchweek 15,Thu,Home,L,1.0,2.0,West Ham,1.8,2.2,74.0,61171.0,Son Heung-min,4-2-3-1,4-3-3,Michael Salisbury,Match Report,,2024,Tottenham Hotspur
927,16,2023-12-10,16:30,Premier League,Matchweek 16,Sun,Home,W,4.0,1.0,Newcastle Utd,3.8,1.7,56.0,61171.0,Son Heung-min,4-2-3-1,4-3-3,Chris Kavanagh,Match Report,,2024,Tottenham Hotspur
928,17,2023-12-15,20:00,Premier League,Matchweek 17,Fri,Away,W,2.0,0.0,Nott'ham Forest,1.5,1.3,66.0,29296.0,Son Heung-min,4-2-3-1,3-5-2,Jarred Gillett,Match Report,,2024,Tottenham Hotspur
929,18,2023-12-23,15:00,Premier League,Matchweek 18,Sat,Home,W,2.0,1.0,Everton,1.5,1.8,61.0,61808.0,Son Heung-min,4-2-3-1,4-2-3-1,Stuart Attwell,Match Report,,2024,Tottenham Hotspur
930,19,2023-12-28,19:30,Premier League,Matchweek 19,Thu,Away,L,2.0,4.0,Brighton,2.3,3.2,55.0,31675.0,Son Heung-min,4-2-3-1,4-1-2-1-2,Jarred Gillett,Match Report,,2024,Tottenham Hotspur
931,20,2023-12-31,14:00,Premier League,Matchweek 20,Sun,Home,W,3.0,1.0,Bournemouth,2.3,1.7,50.0,61780.0,Son Heung-min,4-3-3,4-2-3-1,Simon Hooper,Match Report,,2024,Tottenham Hotspur
932,22,2024-01-14,16:30,Premier League,Matchweek 21,Sun,Away,D,2.0,2.0,Manchester Utd,1.2,0.8,63.0,73489.0,Cristian Romero,4-3-3,4-2-3-1,John Brooks,Match Report,,2024,Tottenham Hotspur
933,24,2024-01-31,19:30,Premier League,Matchweek 22,Wed,Home,W,3.0,2.0,Brentford,2.9,1.6,67.0,61210.0,Cristian Romero,4-2-3-1,3-5-2,David Coote,Match Report,,2024,Tottenham Hotspur
934,25,2024-02-03,12:30,Premier League,Matchweek 23,Sat,Away,D,2.0,2.0,Everton,1.0,2.6,57.0,39321.0,Cristian Romero,4-2-3-1,4-4-1-1,Michael Oliver,Match Report,,2024,Tottenham Hotspur
935,26,2024-02-10,15:00,Premier League,Matchweek 24,Sat,Home,W,2.0,1.0,Brighton,1.6,1.2,52.0,61445.0,Cristian Romero,4-2-3-1,4-2-3-1,Samuel Barrott,Match Report,,2024,Tottenham Hotspur
936,27,2024-02-17,15:00,Premier League,Matchweek 25,Sat,Home,L,1.0,2.0,Wolves,1.6,1.8,71.0,61532.0,Son Heung-min,4-2-3-1,3-4-3,Anthony Taylor,Match Report,,2024,Tottenham Hotspur
937,28,2024-03-02,15:00,Premier League,Matchweek 27,Sat,Home,W,3.0,1.0,Crystal Palace,1.9,0.3,78.0,61339.0,Son Heung-min,4-2-3-1,3-4-3,John Brooks,Match Report,,2024,Tottenham Hotspur
938,29,2024-03-10,13:00,Premier League,Matchweek 28,Sun,Away,W,4.0,0.0,Aston Villa,1.5,0.8,68.0,42310.0,Son Heung-min,4-2-3-1,5-3-2,Chris Kavanagh,Match Report,,2024,Tottenham Hotspur
939,30,2024-03-16,17:30,Premier League,Matchweek 29,Sat,Away,L,0.0,3.0,Fulham,2.4,2.6,57.0,24410.0,Son Heung-min,4-2-3-1,4-2-3-1,Robert Jones,Match Report,,2024,Tottenham Hotspur
940,31,2024-03-30,15:00,Premier League,Matchweek 30,Sat,Home,W,2.0,1.0,Luton Town,2.9,0.5,70.0,61534.0,Son Heung-min,4-2-3-1,4-3-3,Jarred Gillett,Match Report,,2024,Tottenham Hotspur
941,32,2024-04-02,20:15,Premier League,Matchweek 31,Tue,Away,D,1.0,1.0,West Ham,1.0,1.5,67.0,62469.0,Son Heung-min,4-2-3-1,4-5-1,John Brooks,Match Report,,2024,Tottenham Hotspur
942,33,2024-04-07,18:00,Premier League,Matchweek 32,Sun,Home,W,3.0,1.0,Nott'ham Forest,1.5,1.5,63.0,61098.0,Son Heung-min,4-2-3-1,4-2-3-1,Simon Hooper,Match Report,,2024,Tottenham Hotspur
943,34,2024-04-13,12:30,Premier League,Matchweek 33,Sat,Away,L,0.0,4.0,Newcastle Utd,0.8,2.8,72.0,52147.0,Son Heung-min,4-2-3-1,4-3-3,Tim Robinson,Match Report,,2024,Tottenham Hotspur
944,35,2024-04-28,14:00,Premier League,Matchweek 35,Sun,Home,L,2.0,3.0,Arsenal,2.3,1.0,62.0,61554.0,Son Heung-min,4-2-3-1,4-3-3,Michael Oliver,Match Report,,2024,Tottenham Hotspur
945,36,2024-05-02,19:30,Premier League,Matchweek 26,Thu,Away,L,0.0,2.0,Chelsea,1.6,2.2,63.0,39086.0,Son Heung-min,4-2-3-1,4-2-3-1,Robert Jones,Match Report,,2024,Tottenham Hotspur
946,37,2024-05-05,16:30,Premier League,Matchweek 36,Sun,Away,L,2.0,4.0,Liverpool,1.2,3.3,56.0,60075.0,Son Heung-min,4-3-3,4-3-3,Paul Tierney,Match Report,,2024,Tottenham Hotspur
947,38,2024-05-11,15:00,Premier League,Matchweek 37,Sat,Home,W,2.0,1.0,Burnley,2.7,0.7,63.0,61148.0,Son Heung-min,4-3-3,4-4-2,Jarred Gillett,Match Report,,2024,Tottenham Hotspur
948,39,2024-05-14,20:00,Premier League,Matchweek 34,Tue,Home,L,0.0,2.0,Manchester City,1.7,2.4,53.0,61065.0,Son Heung-min,4-3-1-2,4-2-3-1,Chris Kavanagh,Match Report,,2024,Tottenham Hotspur
949,40,2024-05-19,16:00,Premier League,Matchweek 38,Sun,Away,W,3.0,0.0,Sheffield Utd,3.1,1.0,75.0,29116.0,Son Heung-min,4-2-3-1,5-3-2,Andy Madley,Match Report,,2024,Tottenham Hotspur
950,0,2023-08-13,16:30,Premier League,Matchweek 1,Sun,Home,D,1.0,1.0,Liverpool,1.4,1.3,65.0,40096.0,Reece James,3-4-3,4-3-3,Anthony Taylor,Match Report,,2024,Chelsea
951,1,2023-08-20,16:30,Premier League,Matchweek 2,Sun,Away,L,1.0,3.0,West Ham,2.5,1.8,75.0,62451.0,Ben Chilwell,3-4-3,4-2-3-1,John Brooks,Match Report,,2024,Chelsea
952,2,2023-08-25,20:00,Premier League,Matchweek 3,Fri,Home,W,3.0,0.0,Luton Town,2.2,0.4,67.0,39893.0,Ben Chilwell,3-4-3,5-3-2,Robert Jones,Match Report,,2024,Chelsea
953,4,2023-09-02,15:00,Premier League,Matchweek 4,Sat,Home,L,0.0,1.0,Nott'ham Forest,2.3,0.8,75.0,39820.0,Ben Chilwell,3-4-3,3-4-3,Tim Robinson,Match Report,,2024,Chelsea
954,5,2023-09-17,14:00,Premier League,Matchweek 5,Sun,Away,D,0.0,0.0,Bournemouth,1.8,1.0,64.0,10421.0,Conor Gallagher,4-2-3-1,4-2-3-1,David Coote,Match Report,,2024,Chelsea
955,6,2023-09-24,14:00,Premier League,Matchweek 6,Sun,Home,L,0.0,1.0,Aston Villa,1.3,1.0,53.0,39700.0,Conor Gallagher,4-2-3-1,4-2-3-1,Jarred Gillett,Match Report,,2024,Chelsea
956,8,2023-10-02,20:00,Premier League,Matchweek 7,Mon,Away,W,2.0,0.0,Fulham,1.7,1.1,44.0,24445.0,Conor Gallagher,4-3-3,4-3-3,Tim Robinson,Match Report,,2024,Chelsea
957,9,2023-10-07,15:00,Premier League,Matchweek 8,Sat,Away,W,4.0,1.0,Burnley,1.9,0.7,62.0,21654.0,Conor Gallagher,4-3-3,4-3-3,Stuart Attwell,Match Report,,2024,Chelsea
958,10,2023-10-21,17:30,Premier League,Matchweek 9,Sat,Home,D,2.0,2.0,Arsenal,1.3,1.0,44.0,39723.0,Conor Gallagher,4-2-3-1,4-3-3,Chris Kavanagh,Match Report,,2024,Chelsea
959,11,2023-10-28,12:30,Premier League,Matchweek 10,Sat,Home,L,0.0,2.0,Brentford,1.9,2.2,68.0,39575.0,Conor Gallagher,4-2-3-1,3-5-2,Simon Hooper,Match Report,,2024,Chelsea
960,13,2023-11-06,20:00,Premier League,Matchweek 11,Mon,Away,W,4.0,1.0,Tottenham,4.1,0.9,60.0,61726.0,Reece James,4-2-3-1,4-2-3-1,Michael Oliver,Match Report,,2024,Chelsea
961,14,2023-11-12,16:30,Premier League,Matchweek 12,Sun,Home,D,4.0,4.0,Manchester City,2.9,2.9,45.0,39532.0,Reece James,4-2-3-1,3-2-4-1,Anthony Taylor,Match Report,,2024,Chelsea
962,15,2023-11-25,15:00,Premier League,Matchweek 13,Sat,Away,L,1.0,4.0,Newcastle Utd,0.5,2.4,46.0,52227.0,Reece James,4-2-3-1,4-3-3,Simon Hooper,Match Report,,2024,Chelsea
963,16,2023-12-03,14:00,Premier League,Matchweek 14,Sun,Home,W,3.0,2.0,Brighton,2.1,1.1,32.0,39647.0,Conor Gallagher,4-2-3-1,4-2-3-1,Craig Pawson,Match Report,,2024,Chelsea
964,17,2023-12-06,20:15,Premier League,Matchweek 15,Wed,Away,L,1.0,2.0,Manchester Utd,1.5,4.1,55.0,73607.0,Levi Colwill,4-2-3-1,4-2-3-1,Chris Kavanagh,Match Report,,2024,Chelsea
965,18,2023-12-10,14:00,Premier League,Matchweek 16,Sun,Away,L,0.0,2.0,Everton,0.9,1.2,71.0,39280.0,Reece James,4-2-3-1,4-4-1-1,Michael Oliver,Match Report,,2024,Chelsea
966,19,2023-12-16,15:00,Premier League,Matchweek 17,Sat,Home,W,2.0,0.0,Sheffield Utd,3.1,0.4,78.0,39599.0,Conor Gallagher,4-2-3-1,4-1-4-1,Andy Madley,Match Report,,2024,Chelsea
967,21,2023-12-24,13:00,Premier League,Matchweek 18,Sun,Away,L,1.0,2.0,Wolves,2.0,1.3,68.0,31641.0,Conor Gallagher,4-2-3-1,3-4-3,David Coote,Match Report,,2024,Chelsea
968,22,2023-12-27,19:30,Premier League,Matchweek 19,Wed,Home,W,2.0,1.0,Crystal Palace,2.6,1.1,63.0,39618.0,Conor Gallagher,4-2-3-1,4-3-3,Michael Salisbury,Match Report,,2024,Chelsea
969,23,2023-12-30,12:30,Premier League,Matchweek 20,Sat,Away,W,3.0,2.0,Luton Town,1.5,2.3,48.0,11041.0,Conor Gallagher,4-2-3-1,3-4-3,Paul Tierney,Match Report,,2024,Chelsea
970,26,2024-01-13,12:30,Premier League,Matchweek 21,Sat,Home,W,1.0,0.0,Fulham,2.2,0.8,55.0,39643.0,Conor Gallagher,4-2-3-1,4-2-3-1,Anthony Taylor,Match Report,,2024,Chelsea
971,29,2024-01-31,20:15,Premier League,Matchweek 22,Wed,Away,L,1.0,4.0,Liverpool,0.6,2.9,50.0,57524.0,Ben Chilwell,4-2-3-1,4-3-3,Paul Tierney,Match Report,,2024,Chelsea
972,30,2024-02-04,14:00,Premier League,Matchweek 23,Sun,Home,L,2.0,4.0,Wolves,1.7,2.0,64.0,39628.0,Ben Chilwell,4-2-3-1,3-4-3,Tim Robinson,Match Report,,2024,Chelsea
973,32,2024-02-12,20:00,Premier League,Matchweek 24,Mon,Away,W,3.0,1.0,Crystal Palace,1.4,0.6,77.0,25110.0,Ben Chilwell,4-2-3-1,4-1-4-1,Michael Oliver,Match Report,,2024,Chelsea
974,33,2024-02-17,17:30,Premier League,Matchweek 25,Sat,Away,D,1.0,1.0,Manchester City,1.4,2.6,30.0,52178.0,Ben Chilwell,4-2-3-1,4-1-4-1,Andy Madley,Match Report,,2024,Chelsea
975,36,2024-03-02,15:00,Premier League,Matchweek 27,Sat,Away,D,2.0,2.0,Brentford,1.8,1.8,67.0,17140.0,Ben Chilwell,3-5-2,3-5-2,Jarred Gillett,Match Report,,2024,Chelsea
976,37,2024-03-11,20:00,Premier League,Matchweek 28,Mon,Home,W,3.0,2.0,Newcastle Utd,1.6,0.7,44.0,37753.0,Conor Gallagher,4-2-3-1,4-3-3,John Brooks,Match Report,,2024,Chelsea
977,39,2024-03-30,15:00,Premier League,Matchweek 30,Sat,Home,D,2.0,2.0,Burnley,4.2,1.6,69.0,39535.0,Conor Gallagher,4-2-3-1,4-4-2,Darren England,Match Report,,2024,Chelsea
978,40,2024-04-04,20:15,Premier League,Matchweek 31,Thu,Home,W,4.0,3.0,Manchester Utd,3.0,1.5,57.0,39694.0,Conor Gallagher,4-2-3-1,4-2-3-1,Jarred Gillett,Match Report,,2024,Chelsea
979,41,2024-04-07,17:30,Premier League,Matchweek 32,Sun,Away,D,2.0,2.0,Sheffield Utd,0.3,1.4,68.0,28638.0,Conor Gallagher,4-2-3-1,3-5-2,Robert Jones,Match Report,,2024,Chelsea
980,42,2024-04-15,20:00,Premier League,Matchweek 33,Mon,Home,W,6.0,0.0,Everton,3.1,1.5,58.0,39392.0,Conor Gallagher,4-2-3-1,4-4-1-1,Paul Tierney,Match Report,,2024,Chelsea
981,44,2024-04-23,20:00,Premier League,Matchweek 29,Tue,Away,L,0.0,5.0,Arsenal,1.6,3.3,55.0,60238.0,Conor Gallagher,4-2-3-1,4-3-3,Simon Hooper,Match Report,,2024,Chelsea
982,45,2024-04-27,20:00,Premier League,Matchweek 35,Sat,Away,D,2.0,2.0,Aston Villa,1.6,1.1,71.0,42354.0,Conor Gallagher,4-2-3-1,4-4-1-1,Craig Pawson,Match Report,,2024,Chelsea
983,46,2024-05-02,19:30,Premier League,Matchweek 26,Thu,Home,W,2.0,0.0,Tottenham,2.2,1.6,37.0,39086.0,Conor Gallagher,4-2-3-1,4-2-3-1,Robert Jones,Match Report,,2024,Chelsea
984,47,2024-05-05,14:00,Premier League,Matchweek 36,Sun,Home,W,5.0,0.0,West Ham,4.1,0.9,69.0,39295.0,Conor Gallagher,4-2-3-1,4-2-3-1,Andy Madley,Match Report,,2024,Chelsea
985,48,2024-05-11,17:30,Premier League,Matchweek 37,Sat,Away,W,3.0,2.0,Nott'ham Forest,1.6,1.5,67.0,29708.0,Conor Gallagher,4-2-3-1,5-4-1,Tony Harrington,Match Report,,2024,Chelsea
986,49,2024-05-15,19:45,Premier League,Matchweek 34,Wed,Away,W,2.0,1.0,Brighton,1.5,1.3,45.0,31555.0,Conor Gallagher,4-2-3-1,4-2-3-1,Michael Salisbury,Match Report,,2024,Chelsea
987,50,2024-05-19,16:00,Premier League,Matchweek 38,Sun,Home,W,2.0,1.0,Bournemouth,1.1,2.2,61.0,39724.0,Conor Gallagher,4-2-3-1,4-2-3-1,Anthony Taylor,Match Report,,2024,Chelsea
988,0,2023-08-12,17:30,Premier League,Matchweek 1,Sat,Home,W,5.0,1.0,Aston Villa,3.3,1.8,52.0,52207.0,Kieran Trippier,4-3-3,4-2-3-1,Andy Madley,Match Report,,2024,Newcastle United
989,1,2023-08-19,20:00,Premier League,Matchweek 2,Sat,Away,L,0.0,1.0,Manchester City,0.3,1.0,41.0,53419.0,Kieran Trippier,4-3-3,4-2-3-1,Robert Jones,Match Report,,2024,Newcastle United
990,2,2023-08-27,16:30,Premier League,Matchweek 3,Sun,Home,L,1.0,2.0,Liverpool,2.0,0.9,59.0,52214.0,Kieran Trippier,4-3-3,4-3-3,John Brooks,Match Report,,2024,Newcastle United
991,3,2023-09-02,17:30,Premier League,Matchweek 4,Sat,Away,L,1.0,3.0,Brighton,1.2,1.3,44.0,31620.0,Kieran Trippier,4-3-3,4-2-3-1,Stuart Attwell,Match Report,,2024,Newcastle United
992,4,2023-09-16,17:30,Premier League,Matchweek 5,Sat,Home,W,1.0,0.0,Brentford,1.4,0.5,56.0,51670.0,Kieran Trippier,4-3-3,5-3-2,Craig Pawson,Match Report,,2024,Newcastle United
993,6,2023-09-24,16:30,Premier League,Matchweek 6,Sun,Away,W,8.0,0.0,Sheffield Utd,3.9,0.9,58.0,31127.0,Kieran Trippier,4-3-3,3-4-3,Stuart Attwell,Match Report,,2024,Newcastle United
994,8,2023-09-30,15:00,Premier League,Matchweek 7,Sat,Home,W,2.0,0.0,Burnley,3.1,0.6,53.0,51687.0,Jamaal Lascelles,4-3-3,4-2-3-1,Thomas Bramall,Match Report,,2024,Newcastle United
995,10,2023-10-08,14:00,Premier League,Matchweek 8,Sun,Away,D,2.0,2.0,West Ham,2.0,1.2,64.0,62473.0,Jamaal Lascelles,4-3-3,4-2-3-1,Peter Bankes,Match Report,,2024,Newcastle United
996,11,2023-10-21,15:00,Premier League,Matchweek 9,Sat,Home,W,4.0,0.0,Crystal Palace,2.4,1.2,59.0,52189.0,Jamaal Lascelles,4-3-3,4-3-3,Tim Robinson,Match Report,,2024,Newcastle United
997,13,2023-10-28,17:30,Premier League,Matchweek 10,Sat,Away,D,2.0,2.0,Wolves,2.2,0.9,57.0,31584.0,Jamaal Lascelles,4-3-3,4-4-2,Anthony Taylor,Match Report,,2024,Newcastle United
998,15,2023-11-04,17:30,Premier League,Matchweek 11,Sat,Home,W,1.0,0.0,Arsenal,1.0,0.6,42.0,52194.0,Jamaal Lascelles,4-3-3,4-3-3,Stuart Attwell,Match Report,,2024,Newcastle United
999,17,2023-11-11,17:30,Premier League,Matchweek 12,Sat,Away,L,0.0,2.0,Bournemouth,0.5,2.4,52.0,11201.0,Jamaal Lascelles,4-3-3,4-2-3-1,Chris Kavanagh,Match Report,,2024,Newcastle United
1000,18,2023-11-25,15:00,Premier League,Matchweek 13,Sat,Home,W,4.0,1.0,Chelsea,2.4,0.5,54.0,52227.0,Jamaal Lascelles,4-3-3,4-2-3-1,Simon Hooper,Match Report,,2024,Newcastle United
1001,20,2023-12-02,20:00,Premier League,Matchweek 14,Sat,Home,W,1.0,0.0,Manchester Utd,2.4,0.5,58.0,52214.0,Jamaal Lascelles,4-3-3,4-2-3-1,Robert Jones,Match Report,,2024,Newcastle United
1002,21,2023-12-07,19:30,Premier League,Matchweek 15,Thu,Away,L,0.0,3.0,Everton,1.5,3.3,62.0,38198.0,Jamaal Lascelles,4-3-3,4-4-1-1,Tim Robinson,Match Report,,2024,Newcastle United
1003,22,2023-12-10,16:30,Premier League,Matchweek 16,Sun,Away,L,1.0,4.0,Tottenham,1.7,3.8,44.0,61171.0,Jamaal Lascelles,4-3-3,4-2-3-1,Chris Kavanagh,Match Report,,2024,Newcastle United
1004,24,2023-12-16,15:00,Premier League,Matchweek 17,Sat,Home,W,3.0,0.0,Fulham,3.5,0.3,70.0,52055.0,Jamaal Lascelles,4-3-3,4-2-3-1,Samuel Barrott,Match Report,,2024,Newcastle United
1005,26,2023-12-23,15:00,Premier League,Matchweek 18,Sat,Away,L,0.0,1.0,Luton Town,1.4,1.4,65.0,11042.0,Jamaal Lascelles,4-3-3,3-4-3,Darren England,Match Report,,2024,Newcastle United
1006,27,2023-12-26,12:30,Premier League,Matchweek 19,Tue,Home,L,1.0,3.0,Nott'ham Forest,2.4,3.5,62.0,52207.0,Kieran Trippier,4-3-3,4-2-3-1,Chris Kavanagh,Match Report,,2024,Newcastle United
1007,28,2024-01-01,20:00,Premier League,Matchweek 20,Mon,Away,L,2.0,4.0,Liverpool,0.6,7.0,39.0,57471.0,Dan Burn,4-3-3,4-3-3,Anthony Taylor,Match Report,,2024,Newcastle United
1008,30,2024-01-13,17:30,Premier League,Matchweek 21,Sat,Home,L,2.0,3.0,Manchester City,1.3,3.0,28.0,52190.0,Kieran Trippier,4-3-3,4-2-3-1,Chris Kavanagh,Match Report,,2024,Newcastle United
1009,32,2024-01-30,20:15,Premier League,Matchweek 22,Tue,Away,W,3.0,1.0,Aston Villa,2.6,1.4,39.0,42191.0,Kieran Trippier,4-3-3,4-4-2,John Brooks,Match Report,,2024,Newcastle United
1010,33,2024-02-03,15:00,Premier League,Matchweek 23,Sat,Home,D,4.0,4.0,Luton Town,2.3,2.4,55.0,52211.0,Kieran Trippier,4-3-3,3-4-3,Thomas Bramall,Match Report,,2024,Newcastle United
1011,34,2024-02-10,17:30,Premier League,Matchweek 24,Sat,Away,W,3.0,2.0,Nott'ham Forest,0.5,1.5,61.0,29451.0,Kieran Trippier,4-3-3,4-2-3-1,Anthony Taylor,Match Report,,2024,Newcastle United
1012,35,2024-02-17,15:00,Premier League,Matchweek 25,Sat,Home,D,2.0,2.0,Bournemouth,2.2,2.2,62.0,52224.0,Kieran Trippier,4-3-3,4-2-3-1,Michael Salisbury,Match Report,,2024,Newcastle United
1013,36,2024-02-24,20:00,Premier League,Matchweek 26,Sat,Away,L,1.0,4.0,Arsenal,0.2,2.8,45.0,60298.0,Kieran Trippier,4-3-3,4-3-3,Paul Tierney,Match Report,,2024,Newcastle United
1014,38,2024-03-02,15:00,Premier League,Matchweek 27,Sat,Home,W,3.0,0.0,Wolves,2.1,0.8,44.0,52206.0,Kieran Trippier,4-3-3,3-4-3,Tim Robinson,Match Report,,2024,Newcastle United
1015,39,2024-03-11,20:00,Premier League,Matchweek 28,Mon,Away,L,2.0,3.0,Chelsea,0.7,1.6,56.0,37753.0,Dan Burn,4-3-3,4-2-3-1,John Brooks,Match Report,,2024,Newcastle United
1016,41,2024-03-30,12:30,Premier League,Matchweek 30,Sat,Home,W,4.0,3.0,West Ham,4.1,1.4,60.0,52199.0,Jamaal Lascelles,4-3-3,4-2-3-1,Robert Jones,Match Report,,2024,Newcastle United
1017,42,2024-04-02,19:30,Premier League,Matchweek 31,Tue,Home,D,1.0,1.0,Everton,2.4,1.4,57.0,52135.0,Dan Burn,4-3-3,4-4-1-1,Tony Harrington,Match Report,,2024,Newcastle United
1018,43,2024-04-06,15:00,Premier League,Matchweek 32,Sat,Away,W,1.0,0.0,Fulham,1.0,1.2,34.0,24418.0,Dan Burn,4-3-3,4-2-3-1,Samuel Allison,Match Report,,2024,Newcastle United
1019,44,2024-04-13,12:30,Premier League,Matchweek 33,Sat,Home,W,4.0,0.0,Tottenham,2.8,0.8,28.0,52147.0,Dan Burn,4-3-3,4-2-3-1,Tim Robinson,Match Report,,2024,Newcastle United
1020,45,2024-04-24,20:00,Premier League,Matchweek 29,Wed,Away,L,0.0,2.0,Crystal Palace,0.4,0.9,53.0,25002.0,Dan Burn,3-4-3,3-4-3,Thomas Bramall,Match Report,,2024,Newcastle United
1021,46,2024-04-27,15:00,Premier League,Matchweek 35,Sat,Home,W,5.0,1.0,Sheffield Utd,3.1,1.5,60.0,52196.0,Dan Burn,4-3-3,3-5-2,Tony Harrington,Match Report,,2024,Newcastle United
1022,47,2024-05-04,15:00,Premier League,Matchweek 36,Sat,Away,W,4.0,1.0,Burnley,3.4,1.0,53.0,21781.0,Dan Burn,4-4-2,4-2-3-1,Anthony Taylor,Match Report,,2024,Newcastle United
1023,48,2024-05-11,15:00,Premier League,Matchweek 37,Sat,Home,D,1.0,1.0,Brighton,2.2,1.4,57.0,51997.0,Dan Burn,4-3-3,4-2-3-1,Darren England,Match Report,,2024,Newcastle United
1024,49,2024-05-15,20:00,Premier League,Matchweek 34,Wed,Away,L,2.0,3.0,Manchester Utd,2.2,1.5,55.0,73582.0,Kieran Trippier,4-3-3,4-2-2-2,Robert Jones,Match Report,,2024,Newcastle United
1025,50,2024-05-19,16:00,Premier League,Matchweek 38,Sun,Away,W,4.0,2.0,Brentford,3.4,1.1,46.0,17124.0,Dan Burn,4-3-3,4-3-3,Simon Hooper,Match Report,,2024,Newcastle United
1026,0,2023-08-14,20:00,Premier League,Matchweek 1,Mon,Home,W,1.0,0.0,Wolves,2.2,2.2,51.0,73358.0,Bruno Fernandes,4-1-4-1,4-4-2,Simon Hooper,Match Report,,2024,Manchester United
1027,1,2023-08-19,17:30,Premier League,Matchweek 2,Sat,Away,L,0.0,2.0,Tottenham,2.1,1.7,45.0,61910.0,Bruno Fernandes,4-2-3-1,4-2-3-1,Michael Oliver,Match Report,,2024,Manchester United
1028,2,2023-08-26,15:00,Premier League,Matchweek 3,Sat,Home,W,3.0,2.0,Nott'ham Forest,2.8,1.2,66.0,73595.0,Bruno Fernandes,4-2-3-1,3-4-3,Stuart Attwell,Match Report,,2024,Manchester United
1029,3,2023-09-03,16:30,Premier League,Matchweek 4,Sun,Away,L,1.0,3.0,Arsenal,0.9,2.3,45.0,60192.0,Bruno Fernandes,4-2-3-1,4-3-3,Anthony Taylor,Match Report,,2024,Manchester United
1030,4,2023-09-16,15:00,Premier League,Matchweek 5,Sat,Home,L,1.0,3.0,Brighton,1.0,1.7,44.0,73592.0,Bruno Fernandes,4-1-2-1-2◆,4-2-3-1,Jarred Gillett,Match Report,,2024,Manchester United
1031,6,2023-09-23,20:00,Premier League,Matchweek 6,Sat,Away,W,1.0,0.0,Burnley,1.0,1.1,39.0,21593.0,Bruno Fernandes,4-2-3-1,4-3-3,Tony Harrington,Match Report,,2024,Manchester United
1032,8,2023-09-30,15:00,Premier League,Matchweek 7,Sat,Home,L,0.0,1.0,Crystal Palace,1.3,0.9,77.0,73428.0,Bruno Fernandes,4-2-3-1,4-3-3,Chris Kavanagh,Match Report,,2024,Manchester United
1033,10,2023-10-07,15:00,Premier League,Matchweek 8,Sat,Home,W,2.0,1.0,Brentford,1.4,0.9,64.0,73453.0,Bruno Fernandes,4-2-3-1,3-5-2,Andy Madley,Match Report,,2024,Manchester United
1034,11,2023-10-21,20:00,Premier League,Matchweek 9,Sat,Away,W,2.0,1.0,Sheffield Utd,1.1,1.4,62.0,31543.0,Bruno Fernandes,4-2-3-1,4-4-2,Michael Oliver,Match Report,,2024,Manchester United
1035,13,2023-10-29,15:30,Premier League,Matchweek 10,Sun,Home,L,0.0,3.0,Manchester City,0.9,4.0,40.0,73502.0,Bruno Fernandes,4-2-3-1,4-2-3-1,Paul Tierney,Match Report,,2024,Manchester United
1036,15,2023-11-04,12:30,Premier League,Matchweek 11,Sat,Away,W,1.0,0.0,Fulham,0.7,1.0,55.0,24415.0,Bruno Fernandes,4-2-3-1,4-2-3-1,John Brooks,Match Report,,2024,Manchester United
1037,17,2023-11-11,15:00,Premier League,Matchweek 12,Sat,Home,W,1.0,0.0,Luton Town,2.2,0.4,64.0,73599.0,Bruno Fernandes,4-2-3-1,3-4-3,Graham Scott,Match Report,,2024,Manchester United
1038,18,2023-11-26,16:30,Premier League,Matchweek 13,Sun,Away,W,3.0,0.0,Everton,2.2,2.4,49.0,39257.0,Bruno Fernandes,4-2-3-1,4-4-1-1,John Brooks,Match Report,,2024,Manchester United
1039,20,2023-12-02,20:00,Premier League,Matchweek 14,Sat,Away,L,0.0,1.0,Newcastle Utd,0.5,2.4,42.0,52214.0,Bruno Fernandes,4-2-3-1,4-3-3,Robert Jones,Match Report,,2024,Manchester United
1040,21,2023-12-06,20:15,Premier League,Matchweek 15,Wed,Home,W,2.0,1.0,Chelsea,4.1,1.5,45.0,73607.0,Bruno Fernandes,4-2-3-1,4-2-3-1,Chris Kavanagh,Match Report,,2024,Manchester United
1041,22,2023-12-09,15:00,Premier League,Matchweek 16,Sat,Home,L,0.0,3.0,Bournemouth,1.1,1.5,68.0,73427.0,Bruno Fernandes,4-2-3-1,4-2-3-1,Peter Bankes,Match Report,,2024,Manchester United
1042,24,2023-12-17,16:30,Premier League,Matchweek 17,Sun,Away,D,0.0,0.0,Liverpool,0.8,2.3,32.0,57158.0,Scott McTominay,4-2-3-1,4-3-3,Michael Oliver,Match Report,,2024,Manchester United
1043,25,2023-12-23,12:30,Premier League,Matchweek 18,Sat,Away,L,0.0,2.0,West Ham,1.0,1.2,65.0,64472.0,Bruno Fernandes,4-2-3-1,4-2-3-1,Simon Hooper,Match Report,,2024,Manchester United
1044,26,2023-12-26,20:00,Premier League,Matchweek 19,Tue,Home,W,3.0,2.0,Aston Villa,1.1,1.7,46.0,73574.0,Bruno Fernandes,4-2-3-1,4-2-3-1,Craig Pawson,Match Report,,2024,Manchester United
1045,27,2023-12-30,17:30,Premier League,Matchweek 20,Sat,Away,L,1.0,2.0,Nott'ham Forest,0.8,0.7,56.0,29529.0,Bruno Fernandes,4-2-3-1,4-2-3-1,Tim Robinson,Match Report,,2024,Manchester United
1046,29,2024-01-14,16:30,Premier League,Matchweek 21,Sun,Home,D,2.0,2.0,Tottenham,0.8,1.2,37.0,73489.0,Bruno Fernandes,4-2-3-1,4-3-3,John Brooks,Match Report,,2024,Manchester United
1047,31,2024-02-01,20:15,Premier League,Matchweek 22,Thu,Away,W,4.0,3.0,Wolves,3.3,2.1,47.0,31641.0,Bruno Fernandes,4-2-3-1,3-4-3,Jarred Gillett,Match Report,,2024,Manchester United
1048,32,2024-02-04,14:00,Premier League,Matchweek 23,Sun,Home,W,3.0,0.0,West Ham,0.7,1.4,51.0,73612.0,Bruno Fernandes,4-2-3-1,4-2-3-1,Andy Madley,Match Report,,2024,Manchester United
1049,33,2024-02-11,16:30,Premier League,Matchweek 24,Sun,Away,W,2.0,1.0,Aston Villa,1.8,2.4,44.0,42185.0,Bruno Fernandes,4-2-3-1,4-2-3-1,Robert Jones,Match Report,,2024,Manchester United
1050,34,2024-02-18,16:30,Premier League,Matchweek 25,Sun,Away,W,2.0,1.0,Luton Town,2.9,1.8,42.0,11483.0,Bruno Fernandes,4-2-3-1,3-4-3,David Coote,Match Report,,2024,Manchester United
1051,35,2024-02-24,15:00,Premier League,Matchweek 26,Sat,Home,L,1.0,2.0,Fulham,1.7,1.2,57.0,73487.0,Bruno Fernandes,4-2-3-1,4-2-3-1,Michael Oliver,Match Report,,2024,Manchester United
1052,37,2024-03-03,15:30,Premier League,Matchweek 27,Sun,Away,L,1.0,3.0,Manchester City,0.2,3.3,27.0,53514.0,Bruno Fernandes,4-2-4-0,3-2-4-1,Andy Madley,Match Report,,2024,Manchester United
1053,38,2024-03-09,12:30,Premier League,Matchweek 28,Sat,Home,W,2.0,0.0,Everton,2.7,1.6,51.0,73601.0,Bruno Fernandes,4-2-4-0,4-4-1-1,Simon Hooper,Match Report,,2024,Manchester United
1054,40,2024-03-30,20:00,Premier League,Matchweek 30,Sat,Away,D,1.0,1.0,Brentford,0.6,3.2,53.0,17138.0,Bruno Fernandes,4-2-3-1,3-5-2,Simon Hooper,Match Report,,2024,Manchester United
1055,41,2024-04-04,20:15,Premier League,Matchweek 31,Thu,Away,L,3.0,4.0,Chelsea,1.5,3.0,43.0,39694.0,Bruno Fernandes,4-2-3-1,4-2-3-1,Jarred Gillett,Match Report,,2024,Manchester United
1056,42,2024-04-07,15:30,Premier League,Matchweek 32,Sun,Home,D,2.0,2.0,Liverpool,0.7,3.6,38.0,73501.0,Bruno Fernandes,4-2-3-1,4-3-3,Anthony Taylor,Match Report,,2024,Manchester United
1057,43,2024-04-13,17:30,Premier League,Matchweek 33,Sat,Away,D,2.0,2.0,Bournemouth,1.2,1.6,57.0,11229.0,Bruno Fernandes,4-2-3-1,4-2-3-1,Tony Harrington,Match Report,,2024,Manchester United
1058,45,2024-04-24,20:00,Premier League,Matchweek 29,Wed,Home,W,4.0,2.0,Sheffield Utd,2.9,0.8,71.0,73549.0,Bruno Fernandes,4-2-3-1,3-5-2,Michael Salisbury,Match Report,,2024,Manchester United
1059,46,2024-04-27,15:00,Premier League,Matchweek 35,Sat,Home,D,1.0,1.0,Burnley,2.7,2.1,48.0,73571.0,Bruno Fernandes,4-2-3-1,4-4-2,John Brooks,Match Report,,2024,Manchester United
1060,47,2024-05-06,20:00,Premier League,Matchweek 36,Mon,Away,L,0.0,4.0,Crystal Palace,0.4,1.7,57.0,25190.0,Casemiro,4-2-3-1,3-4-3,Jarred Gillett,Match Report,,2024,Manchester United
1061,48,2024-05-12,16:30,Premier League,Matchweek 37,Sun,Home,L,0.0,1.0,Arsenal,0.5,1.5,54.0,73600.0,Scott McTominay,4-2-3-1,4-3-3,Paul Tierney,Match Report,,2024,Manchester United
1062,49,2024-05-15,20:00,Premier League,Matchweek 34,Wed,Home,W,3.0,2.0,Newcastle Utd,1.5,2.2,45.0,73582.0,Bruno Fernandes,4-2-2-2,4-3-3,Robert Jones,Match Report,,2024,Manchester United
1063,50,2024-05-19,16:00,Premier League,Matchweek 38,Sun,Away,W,2.0,0.0,Brighton,1.3,1.7,45.0,31662.0,Bruno Fernandes,4-2-2-2,4-2-3-1,Craig Pawson,Match Report,,2024,Manchester United
1064,0,2023-08-12,15:00,Premier League,Matchweek 1,Sat,Away,D,1.0,1.0,Bournemouth,1.1,1.3,38.0,11245.0,Kurt Zouma,4-2-3-1,4-2-3-1,Peter Bankes,Match Report,,2024,West Ham United
1065,1,2023-08-20,16:30,Premier League,Matchweek 2,Sun,Home,W,3.0,1.0,Chelsea,1.8,2.5,25.0,62451.0,Kurt Zouma,4-2-3-1,3-4-3,John Brooks,Match Report,,2024,West Ham United
1066,2,2023-08-26,17:30,Premier League,Matchweek 3,Sat,Away,W,3.0,1.0,Brighton,3.0,1.5,22.0,31508.0,Kurt Zouma,4-1-4-1,4-2-3-1,Anthony Taylor,Match Report,,2024,West Ham United
1067,3,2023-09-01,20:00,Premier League,Matchweek 4,Fri,Away,W,2.0,1.0,Luton Town,1.0,1.4,61.0,10802.0,Kurt Zouma,4-2-3-1,5-3-2,Paul Tierney,Match Report,,2024,West Ham United
1068,4,2023-09-16,15:00,Premier League,Matchweek 5,Sat,Home,L,1.0,3.0,Manchester City,0.9,3.6,32.0,62475.0,Kurt Zouma,4-2-3-1,4-2-3-1,Andy Madley,Match Report,,2024,West Ham United
1069,6,2023-09-24,14:00,Premier League,Matchweek 6,Sun,Away,L,1.0,3.0,Liverpool,1.1,3.0,37.0,50136.0,Kurt Zouma,4-2-3-1,4-3-3,Chris Kavanagh,Match Report,,2024,West Ham United
1070,8,2023-09-30,15:00,Premier League,Matchweek 7,Sat,Home,W,2.0,0.0,Sheffield Utd,2.1,1.1,52.0,62459.0,Kurt Zouma,4-2-3-1,3-5-2,Graham Scott,Match Report,,2024,West Ham United
1071,10,2023-10-08,14:00,Premier League,Matchweek 8,Sun,Home,D,2.0,2.0,Newcastle Utd,1.2,2.0,36.0,62473.0,Kurt Zouma,4-2-3-1,4-3-3,Peter Bankes,Match Report,,2024,West Ham United
1072,11,2023-10-22,16:30,Premier League,Matchweek 9,Sun,Away,L,1.0,4.0,Aston Villa,1.1,1.9,42.0,41734.0,Kurt Zouma,4-2-3-1,4-4-2,David Coote,Match Report,,2024,West Ham United
1073,13,2023-10-29,13:00,Premier League,Matchweek 10,Sun,Home,L,0.0,1.0,Everton,0.7,0.8,64.0,62469.0,Kurt Zouma,4-2-3-1,4-4-1-1,Stuart Attwell,Match Report,,2024,West Ham United
1074,15,2023-11-04,15:00,Premier League,Matchweek 11,Sat,Away,L,2.0,3.0,Brentford,1.8,1.5,42.0,17103.0,James Ward-Prowse,4-4-2,4-3-3,Thomas Bramall,Match Report,,2024,West Ham United
1075,17,2023-11-12,14:00,Premier League,Matchweek 12,Sun,Home,W,3.0,2.0,Nott'ham Forest,1.8,1.7,54.0,62470.0,Kurt Zouma,4-2-3-1,4-3-3,Michael Salisbury,Match Report,,2024,West Ham United
1076,18,2023-11-25,15:00,Premier League,Matchweek 13,Sat,Away,W,2.0,1.0,Burnley,0.9,1.3,50.0,21319.0,Kurt Zouma,4-2-3-1,4-4-2,Samuel Barrott,Match Report,,2024,West Ham United
1077,20,2023-12-03,14:00,Premier League,Matchweek 14,Sun,Home,D,1.0,1.0,Crystal Palace,1.1,0.9,55.0,62414.0,Tomáš Souček,4-2-3-1,4-3-3,Michael Oliver,Match Report,,2024,West Ham United
1078,21,2023-12-07,20:15,Premier League,Matchweek 15,Thu,Away,W,2.0,1.0,Tottenham,2.2,1.8,26.0,61171.0,Kurt Zouma,4-3-3,4-2-3-1,Michael Salisbury,Match Report,,2024,West Ham United
1079,22,2023-12-10,14:00,Premier League,Matchweek 16,Sun,Away,L,0.0,5.0,Fulham,1.3,2.3,37.0,23988.0,Kurt Zouma,4-4-1-1,4-2-3-1,Paul Tierney,Match Report,,2024,West Ham United
1080,24,2023-12-17,14:00,Premier League,Matchweek 17,Sun,Home,W,3.0,0.0,Wolves,1.1,0.7,45.0,62455.0,Kurt Zouma,4-2-3-1,3-4-3,Chris Kavanagh,Match Report,,2024,West Ham United
1081,26,2023-12-23,12:30,Premier League,Matchweek 18,Sat,Home,W,2.0,0.0,Manchester Utd,1.2,1.0,35.0,64472.0,Kurt Zouma,4-2-3-1,4-2-3-1,Simon Hooper,Match Report,,2024,West Ham United
1082,27,2023-12-28,20:15,Premier League,Matchweek 19,Thu,Away,W,2.0,0.0,Arsenal,1.4,2.7,27.0,60261.0,Angelo Ogbonna,4-2-3-1,4-3-3,Michael Oliver,Match Report,,2024,West Ham United
1083,28,2024-01-02,19:30,Premier League,Matchweek 20,Tue,Home,D,0.0,0.0,Brighton,0.7,2.3,32.0,62462.0,Angelo Ogbonna,4-2-3-1,4-3-1-2,Samuel Barrott,Match Report,,2024,West Ham United
1084,31,2024-01-21,14:00,Premier League,Matchweek 21,Sun,Away,D,2.0,2.0,Sheffield Utd,2.3,2.5,43.0,29164.0,Kurt Zouma,4-4-1-1,4-1-4-1,Michael Salisbury,Match Report,,2024,West Ham United
1085,32,2024-02-01,19:30,Premier League,Matchweek 22,Thu,Home,D,1.0,1.0,Bournemouth,1.4,1.2,48.0,62478.0,Kurt Zouma,4-3-2-1,4-2-3-1,Tim Robinson,Match Report,,2024,West Ham United
1086,33,2024-02-04,14:00,Premier League,Matchweek 23,Sun,Away,L,0.0,3.0,Manchester Utd,1.4,0.7,49.0,73612.0,Kurt Zouma,4-2-3-1,4-2-3-1,Andy Madley,Match Report,,2024,West Ham United
1087,34,2024-02-11,14:00,Premier League,Matchweek 24,Sun,Home,L,0.0,6.0,Arsenal,0.2,3.6,30.0,62475.0,Kurt Zouma,4-2-3-1,4-3-3,Craig Pawson,Match Report,,2024,West Ham United
1088,35,2024-02-17,15:00,Premier League,Matchweek 25,Sat,Away,L,0.0,2.0,Nott'ham Forest,0.5,2.8,51.0,29490.0,Kurt Zouma,4-2-3-1,4-2-3-1,Thomas Bramall,Match Report,,2024,West Ham United
1089,36,2024-02-26,20:00,Premier League,Matchweek 26,Mon,Home,W,4.0,2.0,Brentford,1.7,0.9,41.0,62450.0,Kurt Zouma,4-2-3-1,3-5-2,Simon Hooper,Match Report,,2024,West Ham United
1090,37,2024-03-02,15:00,Premier League,Matchweek 27,Sat,Away,W,3.0,1.0,Everton,1.9,2.7,45.0,39262.0,Kurt Zouma,4-2-3-1,4-4-1-1,Craig Pawson,Match Report,,2024,West Ham United
1091,39,2024-03-10,14:00,Premier League,Matchweek 28,Sun,Home,D,2.0,2.0,Burnley,2.1,0.7,52.0,62441.0,Tomáš Souček,4-2-3-1,4-4-2,Darren England,Match Report,,2024,West Ham United
1092,41,2024-03-17,14:00,Premier League,Matchweek 29,Sun,Home,D,1.0,1.0,Aston Villa,2.0,0.7,31.0,62461.0,Kurt Zouma,4-2-3-1,4-4-2,Jarred Gillett,Match Report,,2024,West Ham United
1093,42,2024-03-30,12:30,Premier League,Matchweek 30,Sat,Away,L,3.0,4.0,Newcastle Utd,1.4,4.1,40.0,52199.0,Kurt Zouma,4-2-3-1,4-3-3,Robert Jones,Match Report,,2024,West Ham United
1094,43,2024-04-02,20:15,Premier League,Matchweek 31,Tue,Home,D,1.0,1.0,Tottenham,1.5,1.0,33.0,62469.0,Kurt Zouma,4-5-1,4-2-3-1,John Brooks,Match Report,,2024,West Ham United
1095,44,2024-04-06,15:00,Premier League,Matchweek 32,Sat,Away,W,2.0,1.0,Wolves,1.2,1.5,42.0,31504.0,Kurt Zouma,4-2-3-1,3-4-3,Tony Harrington,Match Report,,2024,West Ham United
1096,46,2024-04-14,14:00,Premier League,Matchweek 33,Sun,Home,L,0.0,2.0,Fulham,0.9,3.2,58.0,62459.0,Łukasz Fabiański,4-2-3-1,4-2-3-1,Stuart Attwell,Match Report,,2024,West Ham United
1097,48,2024-04-21,15:00,Premier League,Matchweek 34,Sun,Away,L,2.0,5.0,Crystal Palace,1.3,2.4,40.0,25145.0,Kurt Zouma,4-2-3-1,3-4-3,Graham Scott,Match Report,,2024,West Ham United
1098,49,2024-04-27,12:30,Premier League,Matchweek 35,Sat,Home,D,2.0,2.0,Liverpool,0.7,1.7,29.0,62474.0,Kurt Zouma,4-2-3-1,4-3-3,Anthony Taylor,Match Report,,2024,West Ham United
1099,50,2024-05-05,14:00,Premier League,Matchweek 36,Sun,Away,L,0.0,5.0,Chelsea,0.9,4.1,31.0,39295.0,Kurt Zouma,4-2-3-1,4-2-3-1,Andy Madley,Match Report,,2024,West Ham United
1100,51,2024-05-11,15:00,Premier League,Matchweek 37,Sat,Home,W,3.0,1.0,Luton Town,3.2,0.3,58.0,62475.0,Kurt Zouma,4-2-3-1,3-4-3,Michael Oliver,Match Report,,2024,West Ham United
1101,52,2024-05-19,16:00,Premier League,Matchweek 38,Sun,Away,L,1.0,3.0,Manchester City,0.4,1.9,29.0,55097.0,Kurt Zouma,3-4-3,4-1-4-1,John Brooks,Match Report,,2024,West Ham United
1102,0,2023-08-12,15:00,Premier League,Matchweek 1,Sat,Away,W,1.0,0.0,Sheffield Utd,1.9,0.5,68.0,31194.0,Joel Ward,4-2-3-1,3-4-3,John Brooks,Match Report,,2024,Crystal Palace
1103,1,2023-08-21,20:00,Premier League,Matchweek 2,Mon,Home,L,0.0,1.0,Arsenal,1.0,2.0,47.0,24189.0,Joel Ward,4-2-3-1,4-3-3,David Coote,Match Report,,2024,Crystal Palace
1104,2,2023-08-26,15:00,Premier League,Matchweek 3,Sat,Away,D,1.0,1.0,Brentford,0.8,1.0,40.0,16997.0,Joel Ward,4-2-3-1,4-3-3,Peter Bankes,Match Report,,2024,Crystal Palace
1105,4,2023-09-03,14:00,Premier League,Matchweek 4,Sun,Home,W,3.0,2.0,Wolves,2.1,1.2,43.0,24741.0,Joel Ward,4-3-3,4-4-2,Robert Jones,Match Report,,2024,Crystal Palace
1106,5,2023-09-16,15:00,Premier League,Matchweek 5,Sat,Away,L,1.0,3.0,Aston Villa,1.2,3.0,34.0,40809.0,Joel Ward,4-4-1-1,4-2-3-1,Darren England,Match Report,,2024,Crystal Palace
1107,6,2023-09-23,15:00,Premier League,Matchweek 6,Sat,Home,D,0.0,0.0,Fulham,0.3,0.6,51.0,25072.0,Joel Ward,4-2-3-1,4-3-3,Paul Tierney,Match Report,,2024,Crystal Palace
1108,8,2023-09-30,15:00,Premier League,Matchweek 7,Sat,Away,W,1.0,0.0,Manchester Utd,0.9,1.3,23.0,73428.0,Joel Ward,4-3-3,4-2-3-1,Chris Kavanagh,Match Report,,2024,Crystal Palace
1109,9,2023-10-07,17:30,Premier League,Matchweek 8,Sat,Home,D,0.0,0.0,Nott'ham Forest,0.8,1.0,52.0,25017.0,Marc Guéhi,4-3-3,4-3-3,Craig Pawson,Match Report,,2024,Crystal Palace
1110,10,2023-10-21,15:00,Premier League,Matchweek 9,Sat,Away,L,0.0,4.0,Newcastle Utd,1.2,2.4,41.0,52189.0,Joel Ward,4-3-3,4-3-3,Tim Robinson,Match Report,,2024,Crystal Palace
1111,11,2023-10-27,20:00,Premier League,Matchweek 10,Fri,Home,L,1.0,2.0,Tottenham,0.6,1.1,25.0,25074.0,Joel Ward,4-2-3-1,4-2-3-1,Andy Madley,Match Report,,2024,Crystal Palace
1112,12,2023-11-04,15:00,Premier League,Matchweek 11,Sat,Away,W,2.0,0.0,Burnley,1.3,1.1,33.0,21578.0,Joel Ward,4-2-3-1,4-4-2,Peter Bankes,Match Report,,2024,Crystal Palace
1113,13,2023-11-11,15:00,Premier League,Matchweek 12,Sat,Home,L,2.0,3.0,Everton,2.2,1.5,67.0,25103.0,Joel Ward,4-2-3-1,4-4-1-1,Samuel Barrott,Match Report,,2024,Crystal Palace
1114,14,2023-11-25,15:00,Premier League,Matchweek 13,Sat,Away,L,1.0,2.0,Luton Town,1.6,0.9,61.0,11029.0,Joel Ward,4-2-3-1,3-4-3,Jarred Gillett,Match Report,,2024,Crystal Palace
1115,15,2023-12-03,14:00,Premier League,Matchweek 14,Sun,Away,D,1.0,1.0,West Ham,0.9,1.1,45.0,62414.0,Joel Ward,4-3-3,4-2-3-1,Michael Oliver,Match Report,,2024,Crystal Palace
1116,16,2023-12-06,19:30,Premier League,Matchweek 15,Wed,Home,L,0.0,2.0,Bournemouth,1.0,1.8,59.0,25078.0,Joel Ward,4-2-3-1,4-2-3-1,Craig Pawson,Match Report,,2024,Crystal Palace
1117,17,2023-12-09,12:30,Premier League,Matchweek 16,Sat,Home,L,1.0,2.0,Liverpool,1.7,1.2,24.0,25103.0,Joel Ward,4-3-3,4-3-3,Andy Madley,Match Report,,2024,Crystal Palace
1118,18,2023-12-16,15:00,Premier League,Matchweek 17,Sat,Away,D,2.0,2.0,Manchester City,1.8,1.6,26.0,53248.0,Joel Ward,5-4-1,4-2-3-1,Paul Tierney,Match Report,,2024,Crystal Palace
1119,19,2023-12-21,20:00,Premier League,Matchweek 18,Thu,Home,D,1.0,1.0,Brighton,1.3,1.2,35.0,24171.0,Marc Guéhi,4-3-3,4-2-3-1,John Brooks,Match Report,,2024,Crystal Palace
1120,20,2023-12-27,19:30,Premier League,Matchweek 19,Wed,Away,L,1.0,2.0,Chelsea,1.1,2.6,37.0,39618.0,Marc Guéhi,4-3-3,4-2-3-1,Michael Salisbury,Match Report,,2024,Crystal Palace
1121,21,2023-12-30,15:00,Premier League,Matchweek 20,Sat,Home,W,3.0,1.0,Brentford,1.0,1.4,46.0,25472.0,Marc Guéhi,4-3-3,3-5-2,Robert Jones,Match Report,,2024,Crystal Palace
1122,24,2024-01-20,12:30,Premier League,Matchweek 21,Sat,Away,L,0.0,5.0,Arsenal,0.3,3.3,40.0,60284.0,Marc Guéhi,3-4-3,4-3-3,Paul Tierney,Match Report,,2024,Crystal Palace
1123,25,2024-01-30,20:00,Premier League,Matchweek 22,Tue,Home,W,3.0,2.0,Sheffield Utd,1.1,0.8,53.0,24781.0,Marc Guéhi,4-3-3,4-1-4-1,Tony Harrington,Match Report,,2024,Crystal Palace
1124,26,2024-02-03,15:00,Premier League,Matchweek 23,Sat,Away,L,1.0,4.0,Brighton,0.3,1.4,32.0,31345.0,Marc Guéhi,4-3-3,3-4-3,Simon Hooper,Match Report,,2024,Crystal Palace
1125,27,2024-02-12,20:00,Premier League,Matchweek 24,Mon,Home,L,1.0,3.0,Chelsea,0.6,1.4,23.0,25110.0,Joachim Andersen,4-1-4-1,4-2-3-1,Michael Oliver,Match Report,,2024,Crystal Palace
1126,28,2024-02-19,20:00,Premier League,Matchweek 25,Mon,Away,D,1.0,1.0,Everton,0.7,1.7,39.0,38164.0,Joel Ward,3-4-3,4-4-1-1,Paul Tierney,Match Report,,2024,Crystal Palace
1127,29,2024-02-24,15:00,Premier League,Matchweek 26,Sat,Home,W,3.0,0.0,Burnley,2.4,0.1,56.0,24042.0,Joel Ward,3-4-3,4-4-2,Lewis Smith,Match Report,,2024,Crystal Palace
1128,30,2024-03-02,15:00,Premier League,Matchweek 27,Sat,Away,L,1.0,3.0,Tottenham,0.3,1.9,22.0,61339.0,Joel Ward,3-4-3,4-2-3-1,John Brooks,Match Report,,2024,Crystal Palace
1129,31,2024-03-09,15:00,Premier League,Matchweek 28,Sat,Home,D,1.0,1.0,Luton Town,2.7,0.8,49.0,25103.0,Joel Ward,3-4-3,3-4-3,Sunny Singh,Match Report,,2024,Crystal Palace
1130,32,2024-03-30,15:00,Premier League,Matchweek 30,Sat,Away,D,1.0,1.0,Nott'ham Forest,1.2,0.9,41.0,29520.0,Joel Ward,3-4-3,4-2-3-1,Chris Kavanagh,Match Report,,2024,Crystal Palace
1131,33,2024-04-02,19:45,Premier League,Matchweek 31,Tue,Away,L,0.0,1.0,Bournemouth,0.2,1.1,50.0,11058.0,Joel Ward,3-4-3,4-3-3,Graham Scott,Match Report,,2024,Crystal Palace
1132,34,2024-04-06,12:30,Premier League,Matchweek 32,Sat,Home,L,2.0,4.0,Manchester City,1.1,1.9,25.0,25132.0,Joel Ward,3-4-3,3-2-4-1,Paul Tierney,Match Report,,2024,Crystal Palace
1133,35,2024-04-14,14:00,Premier League,Matchweek 33,Sun,Away,W,1.0,0.0,Liverpool,2.0,2.7,31.0,60090.0,Joachim Andersen,3-4-3,4-3-3,Chris Kavanagh,Match Report,,2024,Crystal Palace
1134,36,2024-04-21,15:00,Premier League,Matchweek 34,Sun,Home,W,5.0,2.0,West Ham,2.4,1.3,60.0,25145.0,Joachim Andersen,3-4-3,4-2-3-1,Graham Scott,Match Report,,2024,Crystal Palace
1135,37,2024-04-24,20:00,Premier League,Matchweek 29,Wed,Home,W,2.0,0.0,Newcastle Utd,0.9,0.4,47.0,25002.0,Joachim Andersen,3-4-3,3-4-3,Thomas Bramall,Match Report,,2024,Crystal Palace
1136,38,2024-04-27,15:00,Premier League,Matchweek 35,Sat,Away,D,1.0,1.0,Fulham,1.0,1.1,47.0,24142.0,Joachim Andersen,3-4-3,4-2-3-1,Stuart Attwell,Match Report,,2024,Crystal Palace
1137,39,2024-05-06,20:00,Premier League,Matchweek 36,Mon,Home,W,4.0,0.0,Manchester Utd,1.7,0.4,43.0,25190.0,Joachim Andersen,3-4-3,4-2-3-1,Jarred Gillett,Match Report,,2024,Crystal Palace
1138,40,2024-05-11,15:00,Premier League,Matchweek 37,Sat,Away,W,3.0,1.0,Wolves,2.6,1.6,38.0,31424.0,Joachim Andersen,3-4-3,3-5-1-1,Thomas Bramall,Match Report,,2024,Crystal Palace
1139,41,2024-05-19,16:00,Premier League,Matchweek 38,Sun,Home,W,5.0,0.0,Aston Villa,2.5,0.9,54.0,25191.0,Marc Guéhi,3-4-3,4-4-2,Darren Bond,Match Report,,2024,Crystal Palace
1140,0,2023-08-12,15:00,Premier League,Matchweek 1,Sat,Home,W,4.0,1.0,Luton Town,4.0,1.5,70.0,31872.0,Lewis Dunk,4-2-3-1,3-5-2,David Coote,Match Report,,2024,Brighton and Hove Albion
1141,1,2023-08-19,15:00,Premier League,Matchweek 2,Sat,Away,W,4.0,1.0,Wolves,2.2,2.1,53.0,31317.0,Lewis Dunk,4-2-3-1,4-4-1-1,Andy Madley,Match Report,,2024,Brighton and Hove Albion
1142,2,2023-08-26,17:30,Premier League,Matchweek 3,Sat,Home,L,1.0,3.0,West Ham,1.5,3.0,78.0,31508.0,Lewis Dunk,4-2-3-1,4-1-4-1,Anthony Taylor,Match Report,,2024,Brighton and Hove Albion
1143,3,2023-09-02,17:30,Premier League,Matchweek 4,Sat,Home,W,3.0,1.0,Newcastle Utd,1.3,1.2,56.0,31620.0,Lewis Dunk,4-2-3-1,4-3-3,Stuart Attwell,Match Report,,2024,Brighton and Hove Albion
1144,4,2023-09-16,15:00,Premier League,Matchweek 5,Sat,Away,W,3.0,1.0,Manchester Utd,1.7,1.0,56.0,73592.0,Lewis Dunk,4-2-3-1,4-1-2-1-2,Jarred Gillett,Match Report,,2024,Brighton and Hove Albion
1145,6,2023-09-24,14:00,Premier League,Matchweek 6,Sun,Home,W,3.0,1.0,Bournemouth,1.9,1.1,61.0,31617.0,Lewis Dunk,4-2-3-1,4-2-3-1,John Brooks,Match Report,,2024,Brighton and Hove Albion
1146,8,2023-09-30,12:30,Premier League,Matchweek 7,Sat,Away,L,1.0,6.0,Aston Villa,1.7,1.6,61.0,40636.0,Lewis Dunk,4-2-3-1,4-2-3-1,Andy Madley,Match Report,,2024,Brighton and Hove Albion
1147,10,2023-10-08,14:00,Premier League,Matchweek 8,Sun,Home,D,2.0,2.0,Liverpool,2.3,2.3,46.0,31752.0,Lewis Dunk,4-2-3-1,4-3-3,Anthony Taylor,Match Report,,2024,Brighton and Hove Albion
1148,11,2023-10-21,15:00,Premier League,Matchweek 9,Sat,Away,L,1.0,2.0,Manchester City,0.8,0.8,45.0,53466.0,Lewis Dunk,4-2-3-1,3-2-4-1,Robert Jones,Match Report,,2024,Brighton and Hove Albion
1149,13,2023-10-29,14:00,Premier League,Matchweek 10,Sun,Home,D,1.0,1.0,Fulham,1.4,0.7,71.0,31550.0,Lewis Dunk,3-4-3,4-2-3-1,Michael Salisbury,Match Report,,2024,Brighton and Hove Albion
1150,14,2023-11-04,15:00,Premier League,Matchweek 11,Sat,Away,D,1.0,1.0,Everton,0.5,0.7,79.0,38683.0,Lewis Dunk,4-3-3,4-4-1-1,Tim Robinson,Match Report,,2024,Brighton and Hove Albion
1151,16,2023-11-12,14:00,Premier League,Matchweek 12,Sun,Home,D,1.0,1.0,Sheffield Utd,1.5,1.1,61.0,31367.0,Pascal Groß,4-2-3-1,3-4-3,John Brooks,Match Report,,2024,Brighton and Hove Albion
1152,17,2023-11-25,15:00,Premier League,Matchweek 13,Sat,Away,W,3.0,2.0,Nott'ham Forest,1.3,1.9,53.0,29404.0,Lewis Dunk,4-2-3-1,4-1-4-1,Anthony Taylor,Match Report,,2024,Brighton and Hove Albion
1153,19,2023-12-03,14:00,Premier League,Matchweek 14,Sun,Away,L,2.0,3.0,Chelsea,1.1,2.1,68.0,39647.0,Adam Lallana,4-2-3-1,4-2-3-1,Craig Pawson,Match Report,,2024,Brighton and Hove Albion
1154,20,2023-12-06,19:30,Premier League,Matchweek 15,Wed,Home,W,2.0,1.0,Brentford,1.5,1.5,61.0,31571.0,Pascal Groß,4-2-3-1,4-4-2,Peter Bankes,Match Report,,2024,Brighton and Hove Albion
1155,21,2023-12-09,15:00,Premier League,Matchweek 16,Sat,Home,D,1.0,1.0,Burnley,2.6,0.6,72.0,31511.0,Lewis Dunk,4-2-3-1,4-4-2,Simon Hooper,Match Report,,2024,Brighton and Hove Albion
1156,23,2023-12-17,14:00,Premier League,Matchweek 17,Sun,Away,L,0.0,2.0,Arsenal,0.7,2.3,51.0,60257.0,Lewis Dunk,4-2-3-1,4-3-3,Tim Robinson,Match Report,,2024,Brighton and Hove Albion
1157,24,2023-12-21,20:00,Premier League,Matchweek 18,Thu,Away,D,1.0,1.0,Crystal Palace,1.2,1.3,65.0,24171.0,Lewis Dunk,4-2-3-1,4-3-3,John Brooks,Match Report,,2024,Brighton and Hove Albion
1158,25,2023-12-28,19:30,Premier League,Matchweek 19,Thu,Home,W,4.0,2.0,Tottenham,3.2,2.3,45.0,31675.0,Lewis Dunk,4-1-2-1-2◆,4-2-3-1,Jarred Gillett,Match Report,,2024,Brighton and Hove Albion
1159,26,2024-01-02,19:30,Premier League,Matchweek 20,Tue,Away,D,0.0,0.0,West Ham,2.3,0.7,68.0,62462.0,Pascal Groß,4-3-1-2,4-2-3-1,Samuel Barrott,Match Report,,2024,Brighton and Hove Albion
1160,28,2024-01-22,19:45,Premier League,Matchweek 21,Mon,Home,D,0.0,0.0,Wolves,1.0,1.1,72.0,41505.0,Lewis Dunk,4-3-3,3-4-3,Craig Pawson,Match Report,,2024,Brighton and Hove Albion
1161,30,2024-01-30,19:45,Premier League,Matchweek 22,Tue,Away,L,0.0,4.0,Luton Town,0.9,3.1,59.0,10994.0,Lewis Dunk,3-4-3,3-4-3,Robert Jones,Match Report,,2024,Brighton and Hove Albion
1162,31,2024-02-03,15:00,Premier League,Matchweek 23,Sat,Home,W,4.0,1.0,Crystal Palace,1.4,0.3,68.0,31345.0,Lewis Dunk,3-4-3,4-3-3,Simon Hooper,Match Report,,2024,Brighton and Hove Albion
1163,32,2024-02-10,15:00,Premier League,Matchweek 24,Sat,Away,L,1.0,2.0,Tottenham,1.2,1.6,48.0,61445.0,Lewis Dunk,4-2-3-1,4-2-3-1,Samuel Barrott,Match Report,,2024,Brighton and Hove Albion
1164,33,2024-02-18,14:00,Premier League,Matchweek 25,Sun,Away,W,5.0,0.0,Sheffield Utd,2.9,0.6,79.0,29522.0,Lewis Dunk,4-2-3-1,3-5-1-1,Stuart Attwell,Match Report,,2024,Brighton and Hove Albion
1165,34,2024-02-24,15:00,Premier League,Matchweek 26,Sat,Home,D,1.0,1.0,Everton,1.4,0.3,64.0,41646.0,Lewis Dunk,4-2-3-1,4-4-1-1,Tony Harrington,Match Report,,2024,Brighton and Hove Albion
1166,36,2024-03-02,15:00,Premier League,Matchweek 27,Sat,Away,L,0.0,3.0,Fulham,1.3,1.3,70.0,24460.0,Lewis Dunk,3-4-3,4-2-3-1,Simon Hooper,Match Report,,2024,Brighton and Hove Albion
1167,38,2024-03-10,14:00,Premier League,Matchweek 28,Sun,Home,W,1.0,0.0,Nott'ham Forest,0.4,0.7,63.0,31505.0,Lewis Dunk,4-2-3-1,4-3-3,Michael Salisbury,Match Report,,2024,Brighton and Hove Albion
1168,40,2024-03-31,14:00,Premier League,Matchweek 30,Sun,Away,L,1.0,2.0,Liverpool,0.5,2.8,45.0,60061.0,Lewis Dunk,4-2-3-1,4-3-3,David Coote,Match Report,,2024,Brighton and Hove Albion
1169,41,2024-04-03,19:30,Premier League,Matchweek 31,Wed,Away,D,0.0,0.0,Brentford,1.1,0.6,66.0,17024.0,Lewis Dunk,4-2-3-1,3-5-2,Andy Madley,Match Report,,2024,Brighton and Hove Albion
1170,42,2024-04-06,17:30,Premier League,Matchweek 32,Sat,Home,L,0.0,3.0,Arsenal,0.5,3.4,54.0,31677.0,Lewis Dunk,4-2-3-1,4-3-3,John Brooks,Match Report,,2024,Brighton and Hove Albion
1171,43,2024-04-13,15:00,Premier League,Matchweek 33,Sat,Away,D,1.0,1.0,Burnley,0.9,1.7,56.0,20687.0,Lewis Dunk,4-2-3-1,4-4-2,Simon Hooper,Match Report,,2024,Brighton and Hove Albion
1172,44,2024-04-25,20:00,Premier League,Matchweek 29,Thu,Home,L,0.0,4.0,Manchester City,0.6,1.4,36.0,31596.0,Lewis Dunk,4-2-3-1,4-1-4-1,Jarred Gillett,Match Report,,2024,Brighton and Hove Albion
1173,45,2024-04-28,14:00,Premier League,Matchweek 35,Sun,Away,L,0.0,3.0,Bournemouth,0.9,1.9,69.0,11188.0,Lewis Dunk,4-2-3-1,4-4-2,Paul Tierney,Match Report,,2024,Brighton and Hove Albion
1174,46,2024-05-05,14:00,Premier League,Matchweek 36,Sun,Home,W,1.0,0.0,Aston Villa,2.5,0.1,52.0,31596.0,Lewis Dunk,4-2-3-1,4-2-3-1,Robert Jones,Match Report,,2024,Brighton and Hove Albion
1175,47,2024-05-11,15:00,Premier League,Matchweek 37,Sat,Away,D,1.0,1.0,Newcastle Utd,1.4,2.2,43.0,51997.0,Lewis Dunk,4-2-3-1,4-3-3,Darren England,Match Report,,2024,Brighton and Hove Albion
1176,48,2024-05-15,19:45,Premier League,Matchweek 34,Wed,Home,L,1.0,2.0,Chelsea,1.3,1.5,55.0,31555.0,Lewis Dunk,4-2-3-1,4-2-3-1,Michael Salisbury,Match Report,,2024,Brighton and Hove Albion
1177,49,2024-05-19,16:00,Premier League,Matchweek 38,Sun,Home,L,0.0,2.0,Manchester Utd,1.7,1.3,55.0,31662.0,Adam Lallana,4-2-3-1,4-2-2-2,Craig Pawson,Match Report,,2024,Brighton and Hove Albion
1178,0,2023-08-12,15:00,Premier League,Matchweek 1,Sat,Home,D,1.0,1.0,West Ham,1.3,1.1,62.0,11245.0,Neto,4-2-3-1,4-2-3-1,Peter Bankes,Match Report,,2024,Bournemouth
1179,1,2023-08-19,15:00,Premier League,Matchweek 2,Sat,Away,L,1.0,3.0,Liverpool,1.3,3.0,36.0,53145.0,Neto,4-2-3-1,4-3-3,Thomas Bramall,Match Report,,2024,Bournemouth
1180,2,2023-08-26,12:30,Premier League,Matchweek 3,Sat,Home,L,0.0,2.0,Tottenham,0.7,2.1,44.0,10567.0,Neto,4-2-3-1,4-2-3-1,Tim Robinson,Match Report,,2024,Bournemouth
1181,4,2023-09-02,15:00,Premier League,Matchweek 4,Sat,Away,D,2.0,2.0,Brentford,2.1,2.9,40.0,16973.0,Neto,4-2-3-1,4-3-3,Robert Madley,Match Report,,2024,Bournemouth
1182,5,2023-09-17,14:00,Premier League,Matchweek 5,Sun,Home,D,0.0,0.0,Chelsea,1.0,1.8,36.0,10421.0,Neto,4-2-3-1,4-2-3-1,David Coote,Match Report,,2024,Bournemouth
1183,6,2023-09-24,14:00,Premier League,Matchweek 6,Sun,Away,L,1.0,3.0,Brighton,1.1,1.9,39.0,31617.0,Neto,4-2-3-1,4-2-3-1,John Brooks,Match Report,,2024,Bournemouth
1184,8,2023-09-30,15:00,Premier League,Matchweek 7,Sat,Home,L,0.0,4.0,Arsenal,0.6,3.4,43.0,11193.0,Neto,4-2-3-1,4-3-3,Michael Salisbury,Match Report,,2024,Bournemouth
1185,9,2023-10-07,15:00,Premier League,Matchweek 8,Sat,Away,L,0.0,3.0,Everton,0.7,2.4,52.0,38815.0,Neto,4-2-3-1,4-4-1-1,David Coote,Match Report,,2024,Bournemouth
1186,10,2023-10-21,15:00,Premier League,Matchweek 9,Sat,Home,L,1.0,2.0,Wolves,0.6,2.4,35.0,11175.0,Neto,4-2-3-1,3-4-3,Paul Tierney,Match Report,,2024,Bournemouth
1187,11,2023-10-28,15:00,Premier League,Matchweek 10,Sat,Home,W,2.0,1.0,Burnley,1.1,0.8,45.0,11152.0,Lloyd Kelly,4-2-3-1,4-3-3,Samuel Barrott,Match Report,,2024,Bournemouth
1188,13,2023-11-04,15:00,Premier League,Matchweek 11,Sat,Away,L,1.0,6.0,Manchester City,0.9,1.9,35.0,53358.0,Lloyd Kelly,5-4-1,3-4-3,Craig Pawson,Match Report,,2024,Bournemouth
1189,14,2023-11-11,17:30,Premier League,Matchweek 12,Sat,Home,W,2.0,0.0,Newcastle Utd,2.4,0.5,48.0,11201.0,Neto,4-2-3-1,4-3-3,Chris Kavanagh,Match Report,,2024,Bournemouth
1190,15,2023-11-25,15:00,Premier League,Matchweek 13,Sat,Away,W,3.0,1.0,Sheffield Utd,2.9,0.8,54.0,30208.0,Neto,4-2-3-1,3-4-3,Andy Madley,Match Report,,2024,Bournemouth
1191,16,2023-12-03,14:00,Premier League,Matchweek 14,Sun,Home,D,2.0,2.0,Aston Villa,2.0,0.7,38.0,11191.0,Neto,4-2-3-1,4-4-2,Thomas Bramall,Match Report,,2024,Bournemouth
1192,17,2023-12-06,19:30,Premier League,Matchweek 15,Wed,Away,W,2.0,0.0,Crystal Palace,1.8,1.0,41.0,25078.0,Neto,4-2-3-1,4-2-3-1,Craig Pawson,Match Report,,2024,Bournemouth
1193,18,2023-12-09,15:00,Premier League,Matchweek 16,Sat,Away,W,3.0,0.0,Manchester Utd,1.5,1.1,32.0,73427.0,Neto,4-2-3-1,4-2-3-1,Peter Bankes,Match Report,,2024,Bournemouth
1194,19,2023-12-23,15:00,Premier League,Matchweek 18,Sat,Away,W,3.0,2.0,Nott'ham Forest,1.6,1.0,66.0,29188.0,Neto,4-2-3-1,4-2-3-1,Robert Jones,Match Report,,2024,Bournemouth
1195,20,2023-12-26,15:00,Premier League,Matchweek 19,Tue,Home,W,3.0,0.0,Fulham,1.8,0.3,43.0,11099.0,Neto,4-2-3-1,4-2-3-1,Tim Robinson,Match Report,,2024,Bournemouth
1196,21,2023-12-31,14:00,Premier League,Matchweek 20,Sun,Away,L,1.0,3.0,Tottenham,1.7,2.3,50.0,61780.0,Neto,4-2-3-1,4-3-3,Simon Hooper,Match Report,,2024,Bournemouth
1197,23,2024-01-21,16:30,Premier League,Matchweek 21,Sun,Home,L,0.0,4.0,Liverpool,1.4,1.5,40.0,11228.0,Neto,4-2-3-1,4-3-3,Andy Madley,Match Report,,2024,Bournemouth
1198,25,2024-02-01,19:30,Premier League,Matchweek 22,Thu,Away,D,1.0,1.0,West Ham,1.2,1.4,52.0,62478.0,Neto,4-2-3-1,4-3-2-1,Tim Robinson,Match Report,,2024,Bournemouth
1199,26,2024-02-04,14:00,Premier League,Matchweek 23,Sun,Home,D,1.0,1.0,Nott'ham Forest,1.3,0.5,45.0,11200.0,Neto,4-2-3-1,4-2-3-1,Rebecca Welch,Match Report,,2024,Bournemouth
1200,27,2024-02-10,15:00,Premier League,Matchweek 24,Sat,Away,L,1.0,3.0,Fulham,1.8,1.6,51.0,24271.0,Neto,4-2-3-1,4-2-3-1,Darren England,Match Report,,2024,Bournemouth
1201,28,2024-02-17,15:00,Premier League,Matchweek 25,Sat,Away,D,2.0,2.0,Newcastle Utd,2.2,2.2,38.0,52224.0,Neto,4-2-3-1,4-3-3,Michael Salisbury,Match Report,,2024,Bournemouth
1202,29,2024-02-24,17:30,Premier League,Matchweek 26,Sat,Home,L,0.0,1.0,Manchester City,0.9,1.6,38.0,11184.0,Neto,4-2-3-1,3-2-4-1,Jarred Gillett,Match Report,,2024,Bournemouth
1203,31,2024-03-03,13:00,Premier League,Matchweek 27,Sun,Away,W,2.0,0.0,Burnley,1.1,1.5,26.0,19713.0,Neto,4-2-3-1,4-4-2,David Coote,Match Report,,2024,Bournemouth
1204,32,2024-03-09,15:00,Premier League,Matchweek 28,Sat,Home,D,2.0,2.0,Sheffield Utd,3.3,1.2,69.0,11074.0,Neto,4-2-3-1,3-5-2,Anthony Taylor,Match Report,,2024,Bournemouth
1205,33,2024-03-13,19:30,Premier League,Matchweek 17,Wed,Home,W,4.0,3.0,Luton Town,2.3,2.0,59.0,11198.0,Neto,4-2-3-1,3-4-3,Samuel Allison,Match Report,,2024,Bournemouth
1206,34,2024-03-30,15:00,Premier League,Matchweek 30,Sat,Home,W,2.0,1.0,Everton,1.3,1.0,48.0,11207.0,Neto,4-2-3-1,4-4-1-1,Samuel Barrott,Match Report,,2024,Bournemouth
1207,35,2024-04-02,19:45,Premier League,Matchweek 31,Tue,Home,W,1.0,0.0,Crystal Palace,1.1,0.2,50.0,11058.0,Neto,4-3-3,3-4-3,Graham Scott,Match Report,,2024,Bournemouth
1208,36,2024-04-06,15:00,Premier League,Matchweek 32,Sat,Away,L,1.0,2.0,Luton Town,0.4,1.5,45.0,11797.0,Neto,4-2-3-1,3-4-3,Andy Madley,Match Report,,2024,Bournemouth
1209,37,2024-04-13,17:30,Premier League,Matchweek 33,Sat,Home,D,2.0,2.0,Manchester Utd,1.6,1.2,43.0,11229.0,Neto,4-2-3-1,4-2-3-1,Tony Harrington,Match Report,,2024,Bournemouth
1210,38,2024-04-21,15:00,Premier League,Matchweek 34,Sun,Away,L,1.0,3.0,Aston Villa,1.8,2.4,44.0,42189.0,Neto,4-2-3-1,4-2-3-1,Tim Robinson,Match Report,,2024,Bournemouth
1211,39,2024-04-24,19:45,Premier League,Matchweek 29,Wed,Away,W,1.0,0.0,Wolves,1.9,0.5,37.0,25541.0,Adam Smith,4-2-3-1,4-1-4-1,Stuart Attwell,Match Report,,2024,Bournemouth
1212,40,2024-04-28,14:00,Premier League,Matchweek 35,Sun,Home,W,3.0,0.0,Brighton,1.9,0.9,31.0,11188.0,Adam Smith,4-4-2,4-2-3-1,Paul Tierney,Match Report,,2024,Bournemouth
1213,41,2024-05-04,12:30,Premier League,Matchweek 36,Sat,Away,L,0.0,3.0,Arsenal,0.5,3.3,45.0,60348.0,Adam Smith,4-3-3,4-3-3,David Coote,Match Report,,2024,Bournemouth
1214,42,2024-05-11,15:00,Premier League,Matchweek 37,Sat,Home,L,1.0,2.0,Brentford,0.7,1.1,48.0,11154.0,Adam Smith,4-2-3-1,4-3-3,Matt Donohue,Match Report,,2024,Bournemouth
1215,43,2024-05-19,16:00,Premier League,Matchweek 38,Sun,Away,L,1.0,2.0,Chelsea,2.2,1.1,39.0,39724.0,Neto,4-2-3-1,4-2-3-1,Anthony Taylor,Match Report,,2024,Bournemouth
1216,0,2023-08-12,15:00,Premier League,Matchweek 1,Sat,Away,W,1.0,0.0,Everton,1.5,2.7,58.0,39940.0,Tom Cairney,4-3-3,4-4-1-1,Stuart Attwell,Match Report,,2024,Fulham
1217,1,2023-08-19,15:00,Premier League,Matchweek 2,Sat,Home,L,0.0,3.0,Brentford,0.5,3.7,55.0,24236.0,Tim Ream,4-3-3,4-3-3,Darren Bond,Match Report,,2024,Fulham
1218,2,2023-08-26,15:00,Premier League,Matchweek 3,Sat,Away,D,2.0,2.0,Arsenal,0.6,3.2,29.0,59961.0,Bobby Reid,4-3-3,4-3-3,Paul Tierney,Match Report,,2024,Fulham
1219,4,2023-09-02,15:00,Premier League,Matchweek 4,Sat,Away,L,1.0,5.0,Manchester City,1.4,2.2,32.0,52899.0,Tom Cairney,4-3-3,4-2-3-1,Michael Oliver,Match Report,,2024,Fulham
1220,5,2023-09-16,15:00,Premier League,Matchweek 5,Sat,Home,W,1.0,0.0,Luton Town,1.0,1.1,77.0,24467.0,Tim Ream,4-3-3,5-3-2,Michael Salisbury,Match Report,,2024,Fulham
1221,6,2023-09-23,15:00,Premier League,Matchweek 6,Sat,Away,D,0.0,0.0,Crystal Palace,0.6,0.3,49.0,25072.0,Tim Ream,4-3-3,4-2-3-1,Paul Tierney,Match Report,,2024,Fulham
1222,8,2023-10-02,20:00,Premier League,Matchweek 7,Mon,Home,L,0.0,2.0,Chelsea,1.1,1.7,56.0,24445.0,Tim Ream,4-3-3,4-3-3,Tim Robinson,Match Report,,2024,Fulham
1223,9,2023-10-07,15:00,Premier League,Matchweek 8,Sat,Home,W,3.0,1.0,Sheffield Utd,2.2,0.6,60.0,24361.0,Tim Ream,4-3-3,3-5-2,Samuel Barrott,Match Report,,2024,Fulham
1224,10,2023-10-23,20:00,Premier League,Matchweek 9,Mon,Away,L,0.0,2.0,Tottenham,1.0,1.5,45.0,61286.0,Tim Ream,4-2-3-1,4-2-3-1,Anthony Taylor,Match Report,,2024,Fulham
1225,11,2023-10-29,14:00,Premier League,Matchweek 10,Sun,Away,D,1.0,1.0,Brighton,0.7,1.4,29.0,31550.0,Tim Ream,4-2-3-1,3-4-3,Michael Salisbury,Match Report,,2024,Fulham
1226,13,2023-11-04,12:30,Premier League,Matchweek 11,Sat,Home,L,0.0,1.0,Manchester Utd,1.0,0.7,45.0,24415.0,Tim Ream,4-2-3-1,4-2-3-1,John Brooks,Match Report,,2024,Fulham
1227,14,2023-11-12,14:00,Premier League,Matchweek 12,Sun,Away,L,1.0,3.0,Aston Villa,0.9,3.0,49.0,41608.0,Tim Ream,4-2-3-1,4-2-2-2,Simon Hooper,Match Report,,2024,Fulham
1228,15,2023-11-27,20:00,Premier League,Matchweek 13,Mon,Home,W,3.0,2.0,Wolves,2.9,1.4,60.0,24366.0,Tom Cairney,4-2-3-1,3-5-2,Michael Salisbury,Match Report,,2024,Fulham
1229,16,2023-12-03,14:00,Premier League,Matchweek 14,Sun,Away,L,3.0,4.0,Liverpool,1.2,2.1,39.0,50124.0,Tim Ream,4-2-3-1,4-3-3,Stuart Attwell,Match Report,,2024,Fulham
1230,17,2023-12-06,19:30,Premier League,Matchweek 15,Wed,Home,W,5.0,0.0,Nott'ham Forest,2.5,0.3,63.0,24105.0,Tom Cairney,4-2-3-1,4-2-3-1,Joshua Smith,Match Report,,2024,Fulham
1231,18,2023-12-10,14:00,Premier League,Matchweek 16,Sun,Home,W,5.0,0.0,West Ham,2.3,1.3,63.0,23988.0,Tom Cairney,4-2-3-1,4-4-1-1,Paul Tierney,Match Report,,2024,Fulham
1232,19,2023-12-16,15:00,Premier League,Matchweek 17,Sat,Away,L,0.0,3.0,Newcastle Utd,0.3,3.5,30.0,52055.0,Tom Cairney,4-2-3-1,4-3-3,Samuel Barrott,Match Report,,2024,Fulham
1233,21,2023-12-23,15:00,Premier League,Matchweek 18,Sat,Home,L,0.0,2.0,Burnley,1.3,0.4,66.0,23598.0,Tom Cairney,4-2-3-1,4-4-2,Rebecca Welch,Match Report,,2024,Fulham
1234,22,2023-12-26,15:00,Premier League,Matchweek 19,Tue,Away,L,0.0,3.0,Bournemouth,0.3,1.8,57.0,11099.0,Tom Cairney,4-2-3-1,4-2-3-1,Tim Robinson,Match Report,,2024,Fulham
1235,23,2023-12-31,14:00,Premier League,Matchweek 20,Sun,Home,W,2.0,1.0,Arsenal,1.2,1.6,40.0,24444.0,Tom Cairney,4-2-3-1,4-3-3,Joshua Smith,Match Report,,2024,Fulham
1236,26,2024-01-13,12:30,Premier League,Matchweek 21,Sat,Away,L,0.0,1.0,Chelsea,0.8,2.2,45.0,39643.0,Tom Cairney,4-2-3-1,4-2-3-1,Anthony Taylor,Match Report,,2024,Fulham
1237,29,2024-01-30,19:45,Premier League,Matchweek 22,Tue,Home,D,0.0,0.0,Everton,1.6,1.9,70.0,24376.0,Tom Cairney,4-2-3-1,4-4-1-1,Thomas Bramall,Match Report,,2024,Fulham
1238,30,2024-02-03,15:00,Premier League,Matchweek 23,Sat,Away,D,2.0,2.0,Burnley,1.5,1.8,56.0,20203.0,Tim Ream,4-2-3-1,4-4-2,Darren Bond,Match Report,,2024,Fulham
1239,31,2024-02-10,15:00,Premier League,Matchweek 24,Sat,Home,W,3.0,1.0,Bournemouth,1.6,1.8,49.0,24271.0,Tom Cairney,4-2-3-1,4-2-3-1,Darren England,Match Report,,2024,Fulham
1240,32,2024-02-17,15:00,Premier League,Matchweek 25,Sat,Home,L,1.0,2.0,Aston Villa,1.5,1.5,52.0,24401.0,Tom Cairney,4-2-3-1,4-2-3-1,Lewis Smith,Match Report,,2024,Fulham
1241,33,2024-02-24,15:00,Premier League,Matchweek 26,Sat,Away,W,2.0,1.0,Manchester Utd,1.2,1.7,43.0,73487.0,Harrison Reed,4-2-3-1,4-2-3-1,Michael Oliver,Match Report,,2024,Fulham
1242,34,2024-03-02,15:00,Premier League,Matchweek 27,Sat,Home,W,3.0,0.0,Brighton,1.3,1.3,30.0,24460.0,Harrison Reed,4-2-3-1,3-4-3,Simon Hooper,Match Report,,2024,Fulham
1243,35,2024-03-09,15:00,Premier League,Matchweek 28,Sat,Away,L,1.0,2.0,Wolves,2.6,0.8,52.0,30860.0,Harrison Reed,4-2-3-1,4-2-3-1,Tony Harrington,Match Report,,2024,Fulham
1244,36,2024-03-16,17:30,Premier League,Matchweek 29,Sat,Home,W,3.0,0.0,Tottenham,2.6,2.4,43.0,24410.0,Bernd Leno,4-2-3-1,4-2-3-1,Robert Jones,Match Report,,2024,Fulham
1245,37,2024-03-30,15:00,Premier League,Matchweek 30,Sat,Away,D,3.0,3.0,Sheffield Utd,1.3,1.9,73.0,30010.0,Bernd Leno,4-2-3-1,3-5-2,Tim Robinson,Match Report,,2024,Fulham
1246,38,2024-04-02,19:30,Premier League,Matchweek 31,Tue,Away,L,1.0,3.0,Nott'ham Forest,1.5,1.5,66.0,28997.0,Bernd Leno,4-2-3-1,4-2-3-1,Michael Oliver,Match Report,,2024,Fulham
1247,39,2024-04-06,15:00,Premier League,Matchweek 32,Sat,Home,L,0.0,1.0,Newcastle Utd,1.2,1.0,66.0,24418.0,Tom Cairney,4-2-3-1,4-3-3,Samuel Allison,Match Report,,2024,Fulham
1248,40,2024-04-14,14:00,Premier League,Matchweek 33,Sun,Away,W,2.0,0.0,West Ham,3.2,0.9,42.0,62459.0,Bernd Leno,4-2-3-1,4-2-3-1,Stuart Attwell,Match Report,,2024,Fulham
1249,41,2024-04-21,16:30,Premier League,Matchweek 34,Sun,Home,L,1.0,3.0,Liverpool,0.8,1.0,40.0,24414.0,Bobby Reid,4-2-3-1,4-3-3,Craig Pawson,Match Report,,2024,Fulham
1250,42,2024-04-27,15:00,Premier League,Matchweek 35,Sat,Home,D,1.0,1.0,Crystal Palace,1.1,1.0,53.0,24142.0,Harrison Reed,4-2-3-1,3-4-3,Stuart Attwell,Match Report,,2024,Fulham
1251,43,2024-05-04,15:00,Premier League,Matchweek 36,Sat,Away,D,0.0,0.0,Brentford,1.3,0.6,46.0,17090.0,Bernd Leno,4-2-3-1,4-3-3,Graham Scott,Match Report,,2024,Fulham
1252,44,2024-05-11,12:30,Premier League,Matchweek 37,Sat,Home,L,0.0,4.0,Manchester City,0.1,3.2,36.0,24418.0,Bobby Reid,4-2-3-1,4-2-3-1,Anthony Taylor,Match Report,,2024,Fulham
1253,45,2024-05-19,16:00,Premier League,Matchweek 38,Sun,Away,W,4.0,2.0,Luton Town,1.1,2.0,59.0,12027.0,Tim Ream,4-2-3-1,3-4-3,Matt Donohue,Match Report,,2024,Fulham
1254,0,2023-08-14,20:00,Premier League,Matchweek 1,Mon,Away,L,0.0,1.0,Manchester Utd,2.2,2.2,49.0,73358.0,Max Kilman,4-4-2,4-1-4-1,Simon Hooper,Match Report,,2024,Wolverhampton Wanderers
1255,1,2023-08-19,15:00,Premier League,Matchweek 2,Sat,Home,L,1.0,4.0,Brighton,2.1,2.2,47.0,31317.0,Max Kilman,4-4-1-1,4-2-3-1,Andy Madley,Match Report,,2024,Wolverhampton Wanderers
1256,2,2023-08-26,15:00,Premier League,Matchweek 3,Sat,Away,W,1.0,0.0,Everton,1.1,1.3,53.0,38851.0,Max Kilman,4-4-1-1,4-1-4-1,Craig Pawson,Match Report,,2024,Wolverhampton Wanderers
1257,4,2023-09-03,14:00,Premier League,Matchweek 4,Sun,Away,L,2.0,3.0,Crystal Palace,1.2,2.1,57.0,24741.0,Max Kilman,4-4-2,4-3-3,Robert Jones,Match Report,,2024,Wolverhampton Wanderers
1258,5,2023-09-16,12:30,Premier League,Matchweek 5,Sat,Home,L,1.0,3.0,Liverpool,0.6,2.5,35.0,31257.0,Max Kilman,4-2-3-1,4-3-3,Michael Oliver,Match Report,,2024,Wolverhampton Wanderers
1259,6,2023-09-23,15:00,Premier League,Matchweek 6,Sat,Away,D,1.0,1.0,Luton Town,0.6,2.1,43.0,10893.0,Max Kilman,4-2-3-1,3-4-3,Joshua Smith,Match Report,,2024,Wolverhampton Wanderers
1260,8,2023-09-30,15:00,Premier League,Matchweek 7,Sat,Home,W,2.0,1.0,Manchester City,0.4,0.9,32.0,31415.0,Max Kilman,3-4-3,4-2-3-1,Craig Pawson,Match Report,,2024,Wolverhampton Wanderers
1261,9,2023-10-08,14:00,Premier League,Matchweek 8,Sun,Home,D,1.0,1.0,Aston Villa,1.7,1.6,47.0,31425.0,Max Kilman,3-4-3,4-4-2,Robert Jones,Match Report,,2024,Wolverhampton Wanderers
1262,10,2023-10-21,15:00,Premier League,Matchweek 9,Sat,Away,W,2.0,1.0,Bournemouth,2.4,0.6,65.0,11175.0,Max Kilman,3-4-3,4-2-3-1,Paul Tierney,Match Report,,2024,Wolverhampton Wanderers
1263,11,2023-10-28,17:30,Premier League,Matchweek 10,Sat,Home,D,2.0,2.0,Newcastle Utd,0.9,2.2,43.0,31584.0,Max Kilman,4-4-2,4-3-3,Anthony Taylor,Match Report,,2024,Wolverhampton Wanderers
1264,12,2023-11-04,15:00,Premier League,Matchweek 11,Sat,Away,L,1.0,2.0,Sheffield Utd,1.2,1.0,61.0,29454.0,Max Kilman,4-4-1-1,3-4-1-2,Robert Jones,Match Report,,2024,Wolverhampton Wanderers
1265,13,2023-11-11,12:30,Premier League,Matchweek 12,Sat,Home,W,2.0,1.0,Tottenham,2.1,0.7,42.0,31642.0,Max Kilman,3-5-2,4-3-3,Tim Robinson,Match Report,,2024,Wolverhampton Wanderers
1266,14,2023-11-27,20:00,Premier League,Matchweek 13,Mon,Away,L,2.0,3.0,Fulham,1.4,2.9,40.0,24366.0,Max Kilman,3-5-2,4-2-3-1,Michael Salisbury,Match Report,,2024,Wolverhampton Wanderers
1267,15,2023-12-02,15:00,Premier League,Matchweek 14,Sat,Away,L,1.0,2.0,Arsenal,0.7,2.8,43.0,60262.0,Max Kilman,3-5-2,4-3-3,Peter Bankes,Match Report,,2024,Wolverhampton Wanderers
1268,16,2023-12-05,19:30,Premier League,Matchweek 15,Tue,Home,W,1.0,0.0,Burnley,0.8,0.9,51.0,30439.0,Max Kilman,3-4-3,4-4-2,Jarred Gillett,Match Report,,2024,Wolverhampton Wanderers
1269,17,2023-12-09,15:00,Premier League,Matchweek 16,Sat,Home,D,1.0,1.0,Nott'ham Forest,1.2,1.3,68.0,31543.0,Max Kilman,3-4-3,3-5-2,Samuel Barrott,Match Report,,2024,Wolverhampton Wanderers
1270,18,2023-12-17,14:00,Premier League,Matchweek 17,Sun,Away,L,0.0,3.0,West Ham,0.7,1.1,55.0,62455.0,Max Kilman,3-4-3,4-2-3-1,Chris Kavanagh,Match Report,,2024,Wolverhampton Wanderers
1271,19,2023-12-24,13:00,Premier League,Matchweek 18,Sun,Home,W,2.0,1.0,Chelsea,1.3,2.0,32.0,31641.0,Max Kilman,3-4-3,4-2-3-1,David Coote,Match Report,,2024,Wolverhampton Wanderers
1272,20,2023-12-27,19:30,Premier League,Matchweek 19,Wed,Away,W,4.0,1.0,Brentford,2.4,2.2,40.0,17109.0,Max Kilman,3-4-3,4-3-3,Andy Madley,Match Report,,2024,Wolverhampton Wanderers
1273,21,2023-12-30,15:00,Premier League,Matchweek 20,Sat,Home,W,3.0,0.0,Everton,1.9,0.4,53.0,31639.0,Max Kilman,3-4-3,5-4-1,Thomas Bramall,Match Report,,2024,Wolverhampton Wanderers
1274,24,2024-01-22,19:45,Premier League,Matchweek 21,Mon,Away,D,0.0,0.0,Brighton,1.1,1.0,28.0,41505.0,Max Kilman,3-4-3,4-3-3,Craig Pawson,Match Report,,2024,Wolverhampton Wanderers
1275,26,2024-02-01,20:15,Premier League,Matchweek 22,Thu,Home,L,3.0,4.0,Manchester Utd,2.1,3.3,53.0,31641.0,Max Kilman,3-4-3,4-2-3-1,Jarred Gillett,Match Report,,2024,Wolverhampton Wanderers
1276,27,2024-02-04,14:00,Premier League,Matchweek 23,Sun,Away,W,4.0,2.0,Chelsea,2.0,1.7,36.0,39628.0,Max Kilman,3-4-3,4-2-3-1,Tim Robinson,Match Report,,2024,Wolverhampton Wanderers
1277,28,2024-02-10,15:00,Premier League,Matchweek 24,Sat,Home,L,0.0,2.0,Brentford,1.0,1.9,71.0,30731.0,Max Kilman,3-4-3,3-5-2,Simon Hooper,Match Report,,2024,Wolverhampton Wanderers
1278,29,2024-02-17,15:00,Premier League,Matchweek 25,Sat,Away,W,2.0,1.0,Tottenham,1.8,1.6,29.0,61532.0,José Sá,3-4-3,4-2-3-1,Anthony Taylor,Match Report,,2024,Wolverhampton Wanderers
1279,30,2024-02-25,13:30,Premier League,Matchweek 26,Sun,Home,W,1.0,0.0,Sheffield Utd,1.3,0.6,63.0,30789.0,Max Kilman,3-4-3,3-5-2,Darren Bond,Match Report,,2024,Wolverhampton Wanderers
1280,32,2024-03-02,15:00,Premier League,Matchweek 27,Sat,Away,L,0.0,3.0,Newcastle Utd,0.8,2.1,56.0,52206.0,Max Kilman,3-4-3,4-3-3,Tim Robinson,Match Report,,2024,Wolverhampton Wanderers
1281,33,2024-03-09,15:00,Premier League,Matchweek 28,Sat,Home,W,2.0,1.0,Fulham,0.8,2.6,48.0,30860.0,Max Kilman,4-2-3-1,4-2-3-1,Tony Harrington,Match Report,,2024,Wolverhampton Wanderers
1282,35,2024-03-30,17:30,Premier League,Matchweek 30,Sat,Away,L,0.0,2.0,Aston Villa,1.5,1.0,52.0,42640.0,Max Kilman,3-4-3,4-4-2,Paul Tierney,Match Report,,2024,Wolverhampton Wanderers
1283,36,2024-04-02,19:45,Premier League,Matchweek 31,Tue,Away,D,1.0,1.0,Burnley,0.9,1.3,49.0,21528.0,Max Kilman,4-4-1-1,4-4-2,Thomas Bramall,Match Report,,2024,Wolverhampton Wanderers
1284,37,2024-04-06,15:00,Premier League,Matchweek 32,Sat,Home,L,1.0,2.0,West Ham,1.5,1.2,58.0,31504.0,Max Kilman,3-4-3,4-2-3-1,Tony Harrington,Match Report,,2024,Wolverhampton Wanderers
1285,38,2024-04-13,15:00,Premier League,Matchweek 33,Sat,Away,D,2.0,2.0,Nott'ham Forest,1.0,1.9,54.0,29604.0,Max Kilman,3-4-1-2,4-2-3-1,Craig Pawson,Match Report,,2024,Wolverhampton Wanderers
1286,39,2024-04-20,19:30,Premier League,Matchweek 34,Sat,Home,L,0.0,2.0,Arsenal,0.2,1.2,46.0,31621.0,Max Kilman,4-4-2,4-3-3,Paul Tierney,Match Report,,2024,Wolverhampton Wanderers
1287,40,2024-04-24,19:45,Premier League,Matchweek 29,Wed,Home,L,0.0,1.0,Bournemouth,0.5,1.9,63.0,25541.0,Max Kilman,4-1-4-1,4-2-3-1,Stuart Attwell,Match Report,,2024,Wolverhampton Wanderers
1288,41,2024-04-27,15:00,Premier League,Matchweek 35,Sat,Home,W,2.0,1.0,Luton Town,1.2,0.6,58.0,31531.0,Max Kilman,3-5-1-1,3-4-3,David Coote,Match Report,,2024,Wolverhampton Wanderers
1289,42,2024-05-04,17:30,Premier League,Matchweek 36,Sat,Away,L,1.0,5.0,Manchester City,0.3,3.7,42.0,52439.0,Max Kilman,3-5-2,4-2-3-1,Craig Pawson,Match Report,,2024,Wolverhampton Wanderers
1290,43,2024-05-11,15:00,Premier League,Matchweek 37,Sat,Home,L,1.0,3.0,Crystal Palace,1.6,2.6,62.0,31424.0,Max Kilman,3-5-1-1,3-4-3,Thomas Bramall,Match Report,,2024,Wolverhampton Wanderers
1291,44,2024-05-19,16:00,Premier League,Matchweek 38,Sun,Away,L,0.0,2.0,Liverpool,0.5,4.5,33.0,60059.0,Max Kilman,3-5-1-1,4-3-3,Chris Kavanagh,Match Report,,2024,Wolverhampton Wanderers
1292,0,2023-08-12,15:00,Premier League,Matchweek 1,Sat,Home,L,0.0,1.0,Fulham,2.7,1.5,42.0,39940.0,James Tarkowski,4-4-1-1,4-3-3,Stuart Attwell,Match Report,,2024,Everton
1293,1,2023-08-20,14:00,Premier League,Matchweek 2,Sun,Away,L,0.0,4.0,Aston Villa,0.6,2.9,40.0,41694.0,James Tarkowski,4-1-4-1,4-2-3-1,Anthony Taylor,Match Report,,2024,Everton
1294,2,2023-08-26,15:00,Premier League,Matchweek 3,Sat,Home,L,0.0,1.0,Wolves,1.3,1.1,47.0,38851.0,James Tarkowski,4-1-4-1,4-4-1-1,Craig Pawson,Match Report,,2024,Everton
1295,4,2023-09-02,12:30,Premier League,Matchweek 4,Sat,Away,D,2.0,2.0,Sheffield Utd,2.5,1.2,54.0,31124.0,James Tarkowski,4-4-1-1,3-5-2,Andy Madley,Match Report,,2024,Everton
1296,5,2023-09-17,16:30,Premier League,Matchweek 5,Sun,Home,L,0.0,1.0,Arsenal,0.3,1.0,26.0,39217.0,James Tarkowski,4-5-1,4-3-3,Simon Hooper,Match Report,,2024,Everton
1297,6,2023-09-23,17:30,Premier League,Matchweek 6,Sat,Away,W,3.0,1.0,Brentford,1.9,1.0,43.0,16981.0,James Tarkowski,4-4-1-1,4-3-3,Michael Oliver,Match Report,,2024,Everton
1298,8,2023-09-30,15:00,Premier League,Matchweek 7,Sat,Home,L,1.0,2.0,Luton Town,2.9,0.9,67.0,39289.0,James Tarkowski,4-4-1-1,3-4-3,Anthony Taylor,Match Report,,2024,Everton
1299,9,2023-10-07,15:00,Premier League,Matchweek 8,Sat,Home,W,3.0,0.0,Bournemouth,2.4,0.7,48.0,38815.0,James Tarkowski,4-4-1-1,4-2-3-1,David Coote,Match Report,,2024,Everton
1300,10,2023-10-21,12:30,Premier League,Matchweek 9,Sat,Away,L,0.0,2.0,Liverpool,0.1,2.2,23.0,50201.0,James Tarkowski,4-4-1-1,4-3-3,Craig Pawson,Match Report,,2024,Everton
1301,11,2023-10-29,13:00,Premier League,Matchweek 10,Sun,Away,W,1.0,0.0,West Ham,0.8,0.7,36.0,62469.0,James Tarkowski,4-4-1-1,4-2-3-1,Stuart Attwell,Match Report,,2024,Everton
1302,13,2023-11-04,15:00,Premier League,Matchweek 11,Sat,Home,D,1.0,1.0,Brighton,0.7,0.5,21.0,38683.0,James Tarkowski,4-4-1-1,4-3-3,Tim Robinson,Match Report,,2024,Everton
1303,14,2023-11-11,15:00,Premier League,Matchweek 12,Sat,Away,W,3.0,2.0,Crystal Palace,1.5,2.2,33.0,25103.0,James Tarkowski,4-4-1-1,4-2-3-1,Samuel Barrott,Match Report,,2024,Everton
1304,15,2023-11-26,16:30,Premier League,Matchweek 13,Sun,Home,L,0.0,3.0,Manchester Utd,2.4,2.2,51.0,39257.0,James Tarkowski,4-4-1-1,4-2-3-1,John Brooks,Match Report,,2024,Everton
1305,16,2023-12-02,17:30,Premier League,Matchweek 14,Sat,Away,W,1.0,0.0,Nott'ham Forest,0.7,0.7,39.0,29404.0,James Tarkowski,4-4-1-1,4-3-3,Paul Tierney,Match Report,,2024,Everton
1306,17,2023-12-07,19:30,Premier League,Matchweek 15,Thu,Home,W,3.0,0.0,Newcastle Utd,3.3,1.5,38.0,38198.0,Séamus Coleman,4-4-1-1,4-3-3,Tim Robinson,Match Report,,2024,Everton
1307,18,2023-12-10,14:00,Premier League,Matchweek 16,Sun,Home,W,2.0,0.0,Chelsea,1.2,0.9,29.0,39280.0,James Tarkowski,4-4-1-1,4-2-3-1,Michael Oliver,Match Report,,2024,Everton
1308,19,2023-12-16,17:30,Premier League,Matchweek 17,Sat,Away,W,2.0,0.0,Burnley,1.4,0.7,39.0,21413.0,James Tarkowski,5-4-1,4-4-2,Anthony Taylor,Match Report,,2024,Everton
1309,21,2023-12-23,15:00,Premier League,Matchweek 18,Sat,Away,L,1.0,2.0,Tottenham,1.8,1.5,39.0,61808.0,James Tarkowski,4-2-3-1,4-2-3-1,Stuart Attwell,Match Report,,2024,Everton
1310,22,2023-12-27,20:15,Premier League,Matchweek 19,Wed,Home,L,1.0,3.0,Manchester City,1.0,2.4,28.0,39327.0,James Tarkowski,4-2-3-1,4-2-3-1,John Brooks,Match Report,,2024,Everton
1311,23,2023-12-30,15:00,Premier League,Matchweek 20,Sat,Away,L,0.0,3.0,Wolves,0.4,1.9,47.0,31639.0,James Tarkowski,5-4-1,3-4-3,Thomas Bramall,Match Report,,2024,Everton
1312,25,2024-01-14,14:00,Premier League,Matchweek 21,Sun,Home,D,0.0,0.0,Aston Villa,1.1,1.2,32.0,39284.0,Séamus Coleman,4-2-3-1,4-4-2,David Coote,Match Report,,2024,Everton
1313,28,2024-01-30,19:45,Premier League,Matchweek 22,Tue,Away,D,0.0,0.0,Fulham,1.9,1.6,30.0,24376.0,James Tarkowski,4-4-1-1,4-2-3-1,Thomas Bramall,Match Report,,2024,Everton
1314,29,2024-02-03,12:30,Premier League,Matchweek 23,Sat,Home,D,2.0,2.0,Tottenham,2.6,1.0,43.0,39321.0,James Tarkowski,4-4-1-1,4-2-3-1,Michael Oliver,Match Report,,2024,Everton
1315,30,2024-02-10,12:30,Premier League,Matchweek 24,Sat,Away,L,0.0,2.0,Manchester City,0.3,1.6,28.0,52187.0,James Tarkowski,4-2-3-1,4-1-4-1,John Brooks,Match Report,,2024,Everton
1316,31,2024-02-19,20:00,Premier League,Matchweek 25,Mon,Home,D,1.0,1.0,Crystal Palace,1.7,0.7,61.0,38164.0,James Tarkowski,4-4-1-1,3-4-3,Paul Tierney,Match Report,,2024,Everton
1317,32,2024-02-24,15:00,Premier League,Matchweek 26,Sat,Away,D,1.0,1.0,Brighton,0.3,1.4,36.0,41646.0,James Tarkowski,4-4-1-1,4-2-3-1,Tony Harrington,Match Report,,2024,Everton
1318,33,2024-03-02,15:00,Premier League,Matchweek 27,Sat,Home,L,1.0,3.0,West Ham,2.7,1.9,55.0,39262.0,James Tarkowski,4-4-1-1,4-2-3-1,Craig Pawson,Match Report,,2024,Everton
1319,34,2024-03-09,12:30,Premier League,Matchweek 28,Sat,Away,L,0.0,2.0,Manchester Utd,1.6,2.7,49.0,73601.0,James Tarkowski,4-4-1-1,4-2-4-0,Simon Hooper,Match Report,,2024,Everton
1320,35,2024-03-30,15:00,Premier League,Matchweek 30,Sat,Away,L,1.0,2.0,Bournemouth,1.0,1.3,52.0,11207.0,Séamus Coleman,4-4-1-1,4-2-3-1,Samuel Barrott,Match Report,,2024,Everton
1321,36,2024-04-02,19:30,Premier League,Matchweek 31,Tue,Away,D,1.0,1.0,Newcastle Utd,1.4,2.4,43.0,52135.0,James Tarkowski,4-4-1-1,4-3-3,Tony Harrington,Match Report,,2024,Everton
1322,37,2024-04-06,15:00,Premier League,Matchweek 32,Sat,Home,W,1.0,0.0,Burnley,0.9,0.5,38.0,39125.0,Séamus Coleman,4-4-1-1,4-4-2,Michael Oliver,Match Report,,2024,Everton
1323,38,2024-04-15,20:00,Premier League,Matchweek 33,Mon,Away,L,0.0,6.0,Chelsea,1.5,3.1,42.0,39392.0,Séamus Coleman,4-4-1-1,4-2-3-1,Paul Tierney,Match Report,,2024,Everton
1324,39,2024-04-21,13:30,Premier League,Matchweek 34,Sun,Home,W,2.0,0.0,Nott'ham Forest,0.3,0.9,41.0,39239.0,James Tarkowski,4-1-4-1,4-2-3-1,Anthony Taylor,Match Report,,2024,Everton
1325,40,2024-04-24,20:00,Premier League,Matchweek 29,Wed,Home,W,2.0,0.0,Liverpool,1.2,2.1,25.0,38222.0,James Tarkowski,4-4-1-1,4-3-3,Andy Madley,Match Report,,2024,Everton
1326,41,2024-04-27,17:30,Premier League,Matchweek 35,Sat,Home,W,1.0,0.0,Brentford,0.8,0.9,48.0,39098.0,James Tarkowski,4-4-1-1,4-3-3,Darren England,Match Report,,2024,Everton
1327,42,2024-05-03,20:00,Premier League,Matchweek 36,Fri,Away,D,1.0,1.0,Luton Town,1.4,0.8,49.0,11873.0,James Tarkowski,4-4-1-1,3-4-3,Tim Robinson,Match Report,,2024,Everton
1328,43,2024-05-11,15:00,Premier League,Matchweek 37,Sat,Home,W,1.0,0.0,Sheffield Utd,2.3,0.6,58.0,39221.0,Séamus Coleman,4-4-1-1,3-5-2,Stuart Attwell,Match Report,,2024,Everton
1329,44,2024-05-19,16:00,Premier League,Matchweek 38,Sun,Away,L,1.0,2.0,Arsenal,0.6,2.9,32.0,60312.0,Séamus Coleman,4-4-1-1,4-3-3,Michael Oliver,Match Report,,2024,Everton
1330,0,2023-08-13,14:00,Premier League,Matchweek 1,Sun,Home,D,2.0,2.0,Tottenham,2.2,1.3,31.0,17066.0,Christian Nørgaard,5-3-2,4-2-3-1,Robert Jones,Match Report,,2024,Brentford
1331,1,2023-08-19,15:00,Premier League,Matchweek 2,Sat,Away,W,3.0,0.0,Fulham,3.7,0.5,45.0,24236.0,Christian Nørgaard,4-3-3,4-3-3,Darren Bond,Match Report,,2024,Brentford
1332,2,2023-08-26,15:00,Premier League,Matchweek 3,Sat,Home,D,1.0,1.0,Crystal Palace,1.0,0.8,60.0,16997.0,Christian Nørgaard,4-3-3,4-2-3-1,Peter Bankes,Match Report,,2024,Brentford
1333,4,2023-09-02,15:00,Premier League,Matchweek 4,Sat,Home,D,2.0,2.0,Bournemouth,2.9,2.1,60.0,16973.0,Christian Nørgaard,4-3-3,4-2-3-1,Robert Madley,Match Report,,2024,Brentford
1334,5,2023-09-16,17:30,Premier League,Matchweek 5,Sat,Away,L,0.0,1.0,Newcastle Utd,0.5,1.4,44.0,51670.0,Christian Nørgaard,5-3-2,4-3-3,Craig Pawson,Match Report,,2024,Brentford
1335,6,2023-09-23,17:30,Premier League,Matchweek 6,Sat,Home,L,1.0,3.0,Everton,1.0,1.9,57.0,16981.0,Christian Nørgaard,4-3-3,4-4-1-1,Michael Oliver,Match Report,,2024,Brentford
1336,8,2023-10-01,14:00,Premier League,Matchweek 7,Sun,Away,D,1.0,1.0,Nott'ham Forest,1.6,0.5,59.0,29004.0,Christian Nørgaard,4-3-3,4-3-3,Paul Tierney,Match Report,,2024,Brentford
1337,9,2023-10-07,15:00,Premier League,Matchweek 8,Sat,Away,L,1.0,2.0,Manchester Utd,0.9,1.4,36.0,73453.0,Christian Nørgaard,3-5-2,4-2-3-1,Andy Madley,Match Report,,2024,Brentford
1338,10,2023-10-21,15:00,Premier League,Matchweek 9,Sat,Home,W,3.0,0.0,Burnley,3.1,1.1,50.0,17029.0,Christian Nørgaard,4-3-3,4-2-3-1,Joshua Smith,Match Report,,2024,Brentford
1339,11,2023-10-28,12:30,Premier League,Matchweek 10,Sat,Away,W,2.0,0.0,Chelsea,2.2,1.9,32.0,39575.0,Christian Nørgaard,3-5-2,4-2-3-1,Simon Hooper,Match Report,,2024,Brentford
1340,12,2023-11-04,15:00,Premier League,Matchweek 11,Sat,Home,W,3.0,2.0,West Ham,1.5,1.8,58.0,17103.0,Christian Nørgaard,4-3-3,4-4-2,Thomas Bramall,Match Report,,2024,Brentford
1341,13,2023-11-12,14:00,Premier League,Matchweek 12,Sun,Away,L,0.0,3.0,Liverpool,1.6,1.7,42.0,50151.0,Christian Nørgaard,5-3-2,4-3-3,Paul Tierney,Match Report,,2024,Brentford
1342,14,2023-11-25,17:30,Premier League,Matchweek 13,Sat,Home,L,0.0,1.0,Arsenal,1.1,1.6,37.0,17201.0,Christian Nørgaard,5-3-2,4-3-3,Tim Robinson,Match Report,,2024,Brentford
1343,15,2023-12-02,15:00,Premier League,Matchweek 14,Sat,Home,W,3.0,1.0,Luton Town,3.1,0.2,68.0,17075.0,Christian Nørgaard,4-3-3,3-4-3,Anthony Taylor,Match Report,,2024,Brentford
1344,16,2023-12-06,19:30,Premier League,Matchweek 15,Wed,Away,L,1.0,2.0,Brighton,1.5,1.5,39.0,31571.0,Vitaly Janelt,4-4-2,4-2-3-1,Peter Bankes,Match Report,,2024,Brentford
1345,17,2023-12-09,15:00,Premier League,Matchweek 16,Sat,Away,L,0.0,1.0,Sheffield Utd,0.6,0.8,59.0,28509.0,Christian Nørgaard,4-3-3,4-1-4-1,Stuart Attwell,Match Report,,2024,Brentford
1346,18,2023-12-17,14:00,Premier League,Matchweek 17,Sun,Home,L,1.0,2.0,Aston Villa,0.5,1.4,34.0,17034.0,Christian Nørgaard,3-5-2,3-5-2,David Coote,Match Report,,2024,Brentford
1347,19,2023-12-27,19:30,Premier League,Matchweek 19,Wed,Home,L,1.0,4.0,Wolves,2.2,2.4,60.0,17109.0,Christian Nørgaard,4-3-3,3-4-3,Andy Madley,Match Report,,2024,Brentford
1348,20,2023-12-30,15:00,Premier League,Matchweek 20,Sat,Away,L,1.0,3.0,Crystal Palace,1.4,1.0,54.0,25472.0,Christian Nørgaard,3-5-2,4-3-3,Robert Jones,Match Report,,2024,Brentford
1349,23,2024-01-20,17:30,Premier League,Matchweek 21,Sat,Home,W,3.0,2.0,Nott'ham Forest,1.2,1.2,48.0,17077.0,Ivan Toney,3-5-2,4-2-3-1,Darren England,Match Report,,2024,Brentford
1350,24,2024-01-31,19:30,Premier League,Matchweek 22,Wed,Away,L,2.0,3.0,Tottenham,1.6,2.9,33.0,61210.0,Christian Nørgaard,3-5-2,4-2-3-1,David Coote,Match Report,,2024,Brentford
1351,25,2024-02-05,20:00,Premier League,Matchweek 23,Mon,Home,L,1.0,3.0,Manchester City,1.0,2.1,28.0,17096.0,Christian Nørgaard,3-5-2,4-1-4-1,Jarred Gillett,Match Report,,2024,Brentford
1352,26,2024-02-10,15:00,Premier League,Matchweek 24,Sat,Away,W,2.0,0.0,Wolves,1.9,1.0,29.0,30731.0,Christian Nørgaard,3-5-2,3-4-3,Simon Hooper,Match Report,,2024,Brentford
1353,27,2024-02-17,12:30,Premier League,Matchweek 25,Sat,Home,L,1.0,4.0,Liverpool,1.6,2.8,38.0,17193.0,Christian Nørgaard,3-5-2,4-3-3,Michael Oliver,Match Report,,2024,Brentford
1354,28,2024-02-20,19:30,Premier League,Matchweek 18,Tue,Away,L,0.0,1.0,Manchester City,0.4,2.3,30.0,52247.0,Christian Nørgaard,3-5-2,4-2-3-1,Darren England,Match Report,,2024,Brentford
1355,29,2024-02-26,20:00,Premier League,Matchweek 26,Mon,Away,L,2.0,4.0,West Ham,0.9,1.7,59.0,62450.0,Christian Nørgaard,3-5-2,4-2-3-1,Simon Hooper,Match Report,,2024,Brentford
1356,30,2024-03-02,15:00,Premier League,Matchweek 27,Sat,Home,D,2.0,2.0,Chelsea,1.8,1.8,33.0,17140.0,Christian Nørgaard,3-5-2,3-5-2,Jarred Gillett,Match Report,,2024,Brentford
1357,31,2024-03-09,17:30,Premier League,Matchweek 28,Sat,Away,L,1.0,2.0,Arsenal,1.0,1.3,29.0,60331.0,Christian Nørgaard,3-5-2,4-3-3,Robert Jones,Match Report,,2024,Brentford
1358,32,2024-03-16,15:00,Premier League,Matchweek 29,Sat,Away,L,1.0,2.0,Burnley,1.1,2.8,40.0,20431.0,Ivan Toney,3-5-2,4-4-2,Darren Bond,Match Report,,2024,Brentford
1359,33,2024-03-30,20:00,Premier League,Matchweek 30,Sat,Home,D,1.0,1.0,Manchester Utd,3.2,0.6,47.0,17138.0,Ivan Toney,3-5-2,4-2-3-1,Simon Hooper,Match Report,,2024,Brentford
1360,34,2024-04-03,19:30,Premier League,Matchweek 31,Wed,Home,D,0.0,0.0,Brighton,0.6,1.1,34.0,17024.0,Ivan Toney,3-5-2,4-2-3-1,Andy Madley,Match Report,,2024,Brentford
1361,35,2024-04-06,15:00,Premier League,Matchweek 32,Sat,Away,D,3.0,3.0,Aston Villa,1.5,1.5,31.0,42118.0,Mathias Jensen,3-5-2,4-4-1-1,Michael Salisbury,Match Report,,2024,Brentford
1362,36,2024-04-13,15:00,Premier League,Matchweek 33,Sat,Home,W,2.0,0.0,Sheffield Utd,1.0,0.8,53.0,17115.0,Mathias Jensen,4-3-3,3-5-2,Samuel Barrott,Match Report,,2024,Brentford
1363,37,2024-04-20,15:00,Premier League,Matchweek 34,Sat,Away,W,5.0,1.0,Luton Town,3.1,0.6,47.0,11877.0,Mathias Jensen,4-3-3,3-4-3,Jarred Gillett,Match Report,,2024,Brentford
1364,38,2024-04-27,17:30,Premier League,Matchweek 35,Sat,Away,L,0.0,1.0,Everton,0.9,0.8,52.0,39098.0,Christian Nørgaard,4-3-3,4-4-1-1,Darren England,Match Report,,2024,Brentford
1365,39,2024-05-04,15:00,Premier League,Matchweek 36,Sat,Home,D,0.0,0.0,Fulham,0.6,1.3,54.0,17090.0,Christian Nørgaard,4-3-3,4-2-3-1,Graham Scott,Match Report,,2024,Brentford
1366,40,2024-05-11,15:00,Premier League,Matchweek 37,Sat,Away,W,2.0,1.0,Bournemouth,1.1,0.7,52.0,11154.0,Christian Nørgaard,4-3-3,4-2-3-1,Matt Donohue,Match Report,,2024,Brentford
1367,41,2024-05-19,16:00,Premier League,Matchweek 38,Sun,Home,L,2.0,4.0,Newcastle Utd,1.1,3.4,54.0,17124.0,Christian Nørgaard,4-3-3,4-3-3,Simon Hooper,Match Report,,2024,Brentford
1368,0,2023-08-12,12:30,Premier League,Matchweek 1,Sat,Away,L,1.0,2.0,Arsenal,1.2,0.8,22.0,59984.0,Joe Worrall,3-4-3,4-3-3,Michael Oliver,Match Report,,2024,Nottingham Forest
1369,1,2023-08-18,19:45,Premier League,Matchweek 2,Fri,Home,W,2.0,1.0,Sheffield Utd,1.4,0.5,50.0,29432.0,Joe Worrall,3-4-3,3-4-3,Peter Bankes,Match Report,,2024,Nottingham Forest
1370,2,2023-08-26,15:00,Premier League,Matchweek 3,Sat,Away,L,2.0,3.0,Manchester Utd,1.2,2.8,34.0,73595.0,Joe Worrall,3-4-3,4-2-3-1,Stuart Attwell,Match Report,,2024,Nottingham Forest
1371,4,2023-09-02,15:00,Premier League,Matchweek 4,Sat,Away,W,1.0,0.0,Chelsea,0.8,2.3,25.0,39820.0,Joe Worrall,3-4-3,3-4-3,Tim Robinson,Match Report,,2024,Nottingham Forest
1372,5,2023-09-18,19:45,Premier League,Matchweek 5,Mon,Home,D,1.0,1.0,Burnley,0.7,0.5,46.0,28958.0,Joe Worrall,4-2-3-1,4-2-3-1,Robert Jones,Match Report,,2024,Nottingham Forest
1373,6,2023-09-23,15:00,Premier League,Matchweek 6,Sat,Away,L,0.0,2.0,Manchester City,1.0,1.3,43.0,53413.0,Serge Aurier,5-4-1,4-2-3-1,Anthony Taylor,Match Report,,2024,Nottingham Forest
1374,7,2023-10-01,14:00,Premier League,Matchweek 7,Sun,Home,D,1.0,1.0,Brentford,0.5,1.6,41.0,29004.0,Serge Aurier,4-3-3,4-3-3,Paul Tierney,Match Report,,2024,Nottingham Forest
1375,8,2023-10-07,17:30,Premier League,Matchweek 8,Sat,Away,D,0.0,0.0,Crystal Palace,1.0,0.8,48.0,25017.0,Serge Aurier,4-3-3,4-3-3,Craig Pawson,Match Report,,2024,Nottingham Forest
1376,9,2023-10-21,15:00,Premier League,Matchweek 9,Sat,Home,D,2.0,2.0,Luton Town,2.9,1.7,57.0,29361.0,Serge Aurier,4-3-3,4-4-2,Samuel Barrott,Match Report,,2024,Nottingham Forest
1377,10,2023-10-29,14:00,Premier League,Matchweek 10,Sun,Away,L,0.0,3.0,Liverpool,0.4,3.2,28.0,50143.0,Serge Aurier,5-4-1,4-3-3,Chris Kavanagh,Match Report,,2024,Nottingham Forest
1378,11,2023-11-05,14:00,Premier League,Matchweek 11,Sun,Home,W,2.0,0.0,Aston Villa,0.4,1.2,27.0,29313.0,Morgan Gibbs-White,4-3-3,4-4-2,Jarred Gillett,Match Report,,2024,Nottingham Forest
1379,12,2023-11-12,14:00,Premier League,Matchweek 12,Sun,Away,L,2.0,3.0,West Ham,1.7,1.8,46.0,62470.0,Morgan Gibbs-White,4-3-3,4-2-3-1,Michael Salisbury,Match Report,,2024,Nottingham Forest
1380,13,2023-11-25,15:00,Premier League,Matchweek 13,Sat,Home,L,2.0,3.0,Brighton,1.9,1.3,47.0,29404.0,Morgan Gibbs-White,4-1-4-1,4-2-3-1,Anthony Taylor,Match Report,,2024,Nottingham Forest
1381,14,2023-12-02,17:30,Premier League,Matchweek 14,Sat,Home,L,0.0,1.0,Everton,0.7,0.7,61.0,29404.0,Ryan Yates,4-3-3,4-4-1-1,Paul Tierney,Match Report,,2024,Nottingham Forest
1382,15,2023-12-06,19:30,Premier League,Matchweek 15,Wed,Away,L,0.0,5.0,Fulham,0.3,2.5,37.0,24105.0,Felipe,4-2-3-1,4-2-3-1,Joshua Smith,Match Report,,2024,Nottingham Forest
1383,16,2023-12-09,15:00,Premier League,Matchweek 16,Sat,Away,D,1.0,1.0,Wolves,1.3,1.2,32.0,31543.0,Ryan Yates,3-5-2,3-4-3,Samuel Barrott,Match Report,,2024,Nottingham Forest
1384,17,2023-12-15,20:00,Premier League,Matchweek 17,Fri,Home,L,0.0,2.0,Tottenham,1.3,1.5,34.0,29296.0,Ryan Yates,3-5-2,4-2-3-1,Jarred Gillett,Match Report,,2024,Nottingham Forest
1385,18,2023-12-23,15:00,Premier League,Matchweek 18,Sat,Home,L,2.0,3.0,Bournemouth,1.0,1.6,34.0,29188.0,Ryan Yates,4-2-3-1,4-2-3-1,Robert Jones,Match Report,,2024,Nottingham Forest
1386,19,2023-12-26,12:30,Premier League,Matchweek 19,Tue,Away,W,3.0,1.0,Newcastle Utd,3.5,2.4,38.0,52207.0,Morgan Gibbs-White,4-2-3-1,4-3-3,Chris Kavanagh,Match Report,,2024,Nottingham Forest
1387,20,2023-12-30,17:30,Premier League,Matchweek 20,Sat,Home,W,2.0,1.0,Manchester Utd,0.7,0.8,44.0,29529.0,Ryan Yates,4-2-3-1,4-2-3-1,Tim Robinson,Match Report,,2024,Nottingham Forest
1388,23,2024-01-20,17:30,Premier League,Matchweek 21,Sat,Away,L,2.0,3.0,Brentford,1.2,1.2,52.0,17077.0,Ryan Yates,4-2-3-1,3-5-2,Darren England,Match Report,,2024,Nottingham Forest
1389,25,2024-01-30,19:30,Premier League,Matchweek 22,Tue,Home,L,1.0,2.0,Arsenal,0.5,1.2,27.0,29387.0,Morgan Gibbs-White,4-2-3-1,4-3-3,Simon Hooper,Match Report,,2024,Nottingham Forest
1390,26,2024-02-04,14:00,Premier League,Matchweek 23,Sun,Away,D,1.0,1.0,Bournemouth,0.5,1.3,55.0,11200.0,Ryan Yates,4-2-3-1,4-2-3-1,Rebecca Welch,Match Report,,2024,Nottingham Forest
1391,28,2024-02-10,17:30,Premier League,Matchweek 24,Sat,Home,L,2.0,3.0,Newcastle Utd,1.5,0.5,39.0,29451.0,Ryan Yates,4-2-3-1,4-3-3,Anthony Taylor,Match Report,,2024,Nottingham Forest
1392,29,2024-02-17,15:00,Premier League,Matchweek 25,Sat,Home,W,2.0,0.0,West Ham,2.8,0.5,49.0,29490.0,Morgan Gibbs-White,4-2-3-1,4-2-3-1,Thomas Bramall,Match Report,,2024,Nottingham Forest
1393,30,2024-02-24,15:00,Premier League,Matchweek 26,Sat,Away,L,2.0,4.0,Aston Villa,2.6,3.6,42.0,42131.0,Morgan Gibbs-White,4-2-3-1,4-2-3-1,Samuel Barrott,Match Report,,2024,Nottingham Forest
1394,32,2024-03-02,15:00,Premier League,Matchweek 27,Sat,Home,L,0.0,1.0,Liverpool,1.0,2.0,31.0,29603.0,Ryan Yates,4-2-3-1,4-3-3,Paul Tierney,Match Report,,2024,Nottingham Forest
1395,33,2024-03-10,14:00,Premier League,Matchweek 28,Sun,Away,L,0.0,1.0,Brighton,0.7,0.4,37.0,31505.0,Ryan Yates,4-3-3,4-2-3-1,Michael Salisbury,Match Report,,2024,Nottingham Forest
1396,34,2024-03-16,15:00,Premier League,Matchweek 29,Sat,Away,D,1.0,1.0,Luton Town,2.0,0.6,40.0,11630.0,Ryan Yates,4-2-3-1,3-4-3,Darren England,Match Report,,2024,Nottingham Forest
1397,35,2024-03-30,15:00,Premier League,Matchweek 30,Sat,Home,D,1.0,1.0,Crystal Palace,0.9,1.2,59.0,29520.0,Ryan Yates,4-2-3-1,3-4-3,Chris Kavanagh,Match Report,,2024,Nottingham Forest
1398,36,2024-04-02,19:30,Premier League,Matchweek 31,Tue,Home,W,3.0,1.0,Fulham,1.5,1.5,34.0,28997.0,Ryan Yates,4-2-3-1,4-2-3-1,Michael Oliver,Match Report,,2024,Nottingham Forest
1399,37,2024-04-07,18:00,Premier League,Matchweek 32,Sun,Away,L,1.0,3.0,Tottenham,1.5,1.5,37.0,61098.0,Ryan Yates,4-2-3-1,4-2-3-1,Simon Hooper,Match Report,,2024,Nottingham Forest
1400,38,2024-04-13,15:00,Premier League,Matchweek 33,Sat,Home,D,2.0,2.0,Wolves,1.9,1.0,46.0,29604.0,Ryan Yates,4-2-3-1,3-4-1-2,Craig Pawson,Match Report,,2024,Nottingham Forest
1401,39,2024-04-21,13:30,Premier League,Matchweek 34,Sun,Away,L,0.0,2.0,Everton,0.9,0.3,59.0,39239.0,Morgan Gibbs-White,4-2-3-1,4-1-4-1,Anthony Taylor,Match Report,,2024,Nottingham Forest
1402,40,2024-04-28,16:30,Premier League,Matchweek 35,Sun,Home,L,0.0,2.0,Manchester City,1.9,0.9,34.0,29677.0,Morgan Gibbs-White,5-4-1,4-1-4-1,Simon Hooper,Match Report,,2024,Nottingham Forest
1403,41,2024-05-04,15:00,Premier League,Matchweek 36,Sat,Away,W,3.0,1.0,Sheffield Utd,1.4,2.2,46.0,28516.0,Ryan Yates,4-2-3-1,3-5-2,Chris Kavanagh,Match Report,,2024,Nottingham Forest
1404,42,2024-05-11,17:30,Premier League,Matchweek 37,Sat,Home,L,2.0,3.0,Chelsea,1.5,1.6,33.0,29708.0,Ryan Yates,5-4-1,4-2-3-1,Tony Harrington,Match Report,,2024,Nottingham Forest
1405,43,2024-05-19,16:00,Premier League,Matchweek 38,Sun,Away,W,2.0,1.0,Burnley,1.7,1.2,28.0,21109.0,Ryan Yates,4-2-3-1,4-4-2,Graham Scott,Match Report,,2024,Nottingham Forest
1406,0,2023-08-12,15:00,Premier League,Matchweek 1,Sat,Away,L,1.0,4.0,Brighton,1.5,4.0,30.0,31872.0,Tom Lockyer,3-5-2,4-2-3-1,David Coote,Match Report,,2024,Luton Town
1407,1,2023-08-25,20:00,Premier League,Matchweek 3,Fri,Away,L,0.0,3.0,Chelsea,0.4,2.2,33.0,39893.0,Tom Lockyer,5-3-2,3-4-3,Robert Jones,Match Report,,2024,Luton Town
1408,3,2023-09-01,20:00,Premier League,Matchweek 4,Fri,Home,L,1.0,2.0,West Ham,1.4,1.0,39.0,10802.0,Carlton Morris,5-3-2,4-2-3-1,Paul Tierney,Match Report,,2024,Luton Town
1409,4,2023-09-16,15:00,Premier League,Matchweek 5,Sat,Away,L,0.0,1.0,Fulham,1.1,1.0,23.0,24467.0,Tom Lockyer,5-3-2,4-3-3,Michael Salisbury,Match Report,,2024,Luton Town
1410,5,2023-09-23,15:00,Premier League,Matchweek 6,Sat,Home,D,1.0,1.0,Wolves,2.1,0.6,57.0,10893.0,Tom Lockyer,3-4-3,4-2-3-1,Joshua Smith,Match Report,,2024,Luton Town
1411,7,2023-09-30,15:00,Premier League,Matchweek 7,Sat,Away,W,2.0,1.0,Everton,0.9,2.9,33.0,39289.0,Tom Lockyer,3-4-3,4-4-1-1,Anthony Taylor,Match Report,,2024,Luton Town
1412,8,2023-10-03,19:30,Premier League,Matchweek 2,Tue,Home,L,1.0,2.0,Burnley,1.3,1.1,49.0,10918.0,Tom Lockyer,3-4-3,4-3-3,Peter Bankes,Match Report,,2024,Luton Town
1413,9,2023-10-07,12:30,Premier League,Matchweek 8,Sat,Home,L,0.0,1.0,Tottenham,0.8,1.9,34.0,10290.0,Tom Lockyer,4-4-2,4-2-3-1,John Brooks,Match Report,,2024,Luton Town
1414,10,2023-10-21,15:00,Premier League,Matchweek 9,Sat,Away,D,2.0,2.0,Nott'ham Forest,1.7,2.9,43.0,29361.0,Tom Lockyer,4-4-2,4-3-3,Samuel Barrott,Match Report,,2024,Luton Town
1415,11,2023-10-29,14:00,Premier League,Matchweek 10,Sun,Away,L,1.0,3.0,Aston Villa,0.5,2.3,30.0,41785.0,Tom Lockyer,3-4-3,4-4-2,John Brooks,Match Report,,2024,Luton Town
1416,12,2023-11-05,16:30,Premier League,Matchweek 11,Sun,Home,D,1.0,1.0,Liverpool,0.8,2.6,27.0,11049.0,Tom Lockyer,3-4-3,4-3-3,Andy Madley,Match Report,,2024,Luton Town
1417,13,2023-11-11,15:00,Premier League,Matchweek 12,Sat,Away,L,0.0,1.0,Manchester Utd,0.4,2.2,36.0,73599.0,Tom Lockyer,3-4-3,4-2-3-1,Graham Scott,Match Report,,2024,Luton Town
1418,14,2023-11-25,15:00,Premier League,Matchweek 13,Sat,Home,W,2.0,1.0,Crystal Palace,0.9,1.6,39.0,11029.0,Tom Lockyer,3-4-3,4-2-3-1,Jarred Gillett,Match Report,,2024,Luton Town
1419,15,2023-12-02,15:00,Premier League,Matchweek 14,Sat,Away,L,1.0,3.0,Brentford,0.2,3.1,32.0,17075.0,Tom Lockyer,3-4-3,4-3-3,Anthony Taylor,Match Report,,2024,Luton Town
1420,16,2023-12-05,20:15,Premier League,Matchweek 15,Tue,Home,L,3.0,4.0,Arsenal,0.5,2.2,34.0,11031.0,Pelly Ruddock Mpanzu,3-4-3,4-3-3,Samuel Barrott,Match Report,,2024,Luton Town
1421,17,2023-12-10,14:00,Premier League,Matchweek 16,Sun,Home,L,1.0,2.0,Manchester City,0.3,1.6,35.0,11047.0,Tom Lockyer,3-4-3,4-2-3-1,Tim Robinson,Match Report,,2024,Luton Town
1422,18,2023-12-23,15:00,Premier League,Matchweek 18,Sat,Home,W,1.0,0.0,Newcastle Utd,1.4,1.4,35.0,11042.0,Amari'i Bell,3-4-3,4-3-3,Darren England,Match Report,,2024,Luton Town
1423,19,2023-12-26,15:00,Premier League,Matchweek 19,Tue,Away,W,3.0,2.0,Sheffield Utd,0.6,2.4,49.0,31041.0,Amari'i Bell,3-4-3,4-4-2,Samuel Allison,Match Report,,2024,Luton Town
1424,20,2023-12-30,12:30,Premier League,Matchweek 20,Sat,Home,L,2.0,3.0,Chelsea,2.3,1.5,52.0,11041.0,Amari'i Bell,3-4-3,4-2-3-1,Paul Tierney,Match Report,,2024,Luton Town
1425,22,2024-01-12,19:45,Premier League,Matchweek 21,Fri,Away,D,1.0,1.0,Burnley,0.9,1.1,61.0,20155.0,Amari'i Bell,3-4-3,4-4-2,Tony Harrington,Match Report,,2024,Luton Town
1426,25,2024-01-30,19:45,Premier League,Matchweek 22,Tue,Home,W,4.0,0.0,Brighton,3.1,0.9,41.0,10994.0,Carlton Morris,3-4-3,3-4-3,Robert Jones,Match Report,,2024,Luton Town
1427,26,2024-02-03,15:00,Premier League,Matchweek 23,Sat,Away,D,4.0,4.0,Newcastle Utd,2.4,2.3,45.0,52211.0,Carlton Morris,3-4-3,4-3-3,Thomas Bramall,Match Report,,2024,Luton Town
1428,27,2024-02-10,15:00,Premier League,Matchweek 24,Sat,Home,L,1.0,3.0,Sheffield Utd,1.8,1.7,74.0,11138.0,Carlton Morris,3-4-3,5-4-1,Chris Kavanagh,Match Report,,2024,Luton Town
1429,28,2024-02-18,16:30,Premier League,Matchweek 25,Sun,Home,L,1.0,2.0,Manchester Utd,1.8,2.9,58.0,11483.0,Carlton Morris,3-4-3,4-2-3-1,David Coote,Match Report,,2024,Luton Town
1430,29,2024-02-21,19:30,Premier League,Matchweek 26,Wed,Away,L,1.0,4.0,Liverpool,0.9,3.3,40.0,59713.0,Carlton Morris,3-4-3,4-3-3,Andy Madley,Match Report,,2024,Luton Town
1431,31,2024-03-02,17:30,Premier League,Matchweek 27,Sat,Home,L,2.0,3.0,Aston Villa,1.8,1.9,46.0,11594.0,Carlton Morris,3-4-3,4-2-3-1,Michael Oliver,Match Report,,2024,Luton Town
1432,32,2024-03-09,15:00,Premier League,Matchweek 28,Sat,Away,D,1.0,1.0,Crystal Palace,0.8,2.7,51.0,25103.0,Carlton Morris,3-4-3,3-4-3,Sunny Singh,Match Report,,2024,Luton Town
1433,33,2024-03-13,19:30,Premier League,Matchweek 17,Wed,Away,L,3.0,4.0,Bournemouth,2.0,2.3,41.0,11198.0,Carlton Morris,3-4-3,4-2-3-1,Samuel Allison,Match Report,,2024,Luton Town
1434,34,2024-03-16,15:00,Premier League,Matchweek 29,Sat,Home,D,1.0,1.0,Nott'ham Forest,0.6,2.0,60.0,11630.0,Carlton Morris,3-4-3,4-2-3-1,Darren England,Match Report,,2024,Luton Town
1435,35,2024-03-30,15:00,Premier League,Matchweek 30,Sat,Away,L,1.0,2.0,Tottenham,0.5,2.9,30.0,61534.0,Carlton Morris,4-3-3,4-2-3-1,Jarred Gillett,Match Report,,2024,Luton Town
1436,36,2024-04-03,19:30,Premier League,Matchweek 31,Wed,Away,L,0.0,2.0,Arsenal,0.3,0.7,42.0,60262.0,Carlton Morris,3-4-3,4-3-3,Craig Pawson,Match Report,,2024,Luton Town
1437,37,2024-04-06,15:00,Premier League,Matchweek 32,Sat,Home,W,2.0,1.0,Bournemouth,1.5,0.4,55.0,11797.0,Carlton Morris,3-4-3,4-2-3-1,Andy Madley,Match Report,,2024,Luton Town
1438,38,2024-04-13,15:00,Premier League,Matchweek 33,Sat,Away,L,1.0,5.0,Manchester City,0.5,4.2,27.0,52149.0,Carlton Morris,3-4-3,4-2-3-1,John Brooks,Match Report,,2024,Luton Town
1439,39,2024-04-20,15:00,Premier League,Matchweek 34,Sat,Home,L,1.0,5.0,Brentford,0.6,3.1,53.0,11877.0,Carlton Morris,3-4-3,4-3-3,Jarred Gillett,Match Report,,2024,Luton Town
1440,40,2024-04-27,15:00,Premier League,Matchweek 35,Sat,Away,L,1.0,2.0,Wolves,0.6,1.2,42.0,31531.0,Carlton Morris,3-4-3,3-5-1-1,David Coote,Match Report,,2024,Luton Town
1441,41,2024-05-03,20:00,Premier League,Matchweek 36,Fri,Home,D,1.0,1.0,Everton,0.8,1.4,51.0,11873.0,Carlton Morris,3-4-3,4-4-1-1,Tim Robinson,Match Report,,2024,Luton Town
1442,42,2024-05-11,15:00,Premier League,Matchweek 37,Sat,Away,L,1.0,3.0,West Ham,0.3,3.2,42.0,62475.0,Carlton Morris,3-4-3,4-2-3-1,Michael Oliver,Match Report,,2024,Luton Town
1443,43,2024-05-19,16:00,Premier League,Matchweek 38,Sun,Home,L,2.0,4.0,Fulham,2.0,1.1,41.0,12027.0,Carlton Morris,3-4-3,4-2-3-1,Matt Donohue,Match Report,,2024,Luton Town
1444,0,2023-08-11,20:00,Premier League,Matchweek 1,Fri,Home,L,0.0,3.0,Manchester City,0.3,1.9,35.0,21572.0,Josh Cullen,5-4-1,4-2-3-1,Craig Pawson,Match Report,,2024,Burnley
1445,1,2023-08-27,14:00,Premier League,Matchweek 3,Sun,Home,L,1.0,3.0,Aston Villa,0.7,2.5,57.0,21591.0,Josh Cullen,4-4-2,3-4-3,Michael Salisbury,Match Report,,2024,Burnley
1446,3,2023-09-02,15:00,Premier League,Matchweek 4,Sat,Home,L,2.0,5.0,Tottenham,1.3,2.2,47.0,21750.0,Josh Cullen,4-4-2,4-2-3-1,Darren England,Match Report,,2024,Burnley
1447,4,2023-09-18,19:45,Premier League,Matchweek 5,Mon,Away,D,1.0,1.0,Nott'ham Forest,0.5,0.7,54.0,28958.0,Josh Brownhill,4-2-3-1,4-2-3-1,Robert Jones,Match Report,,2024,Burnley
1448,5,2023-09-23,20:00,Premier League,Matchweek 6,Sat,Home,L,0.0,1.0,Manchester Utd,1.1,1.0,61.0,21593.0,Josh Brownhill,4-3-3,4-2-3-1,Tony Harrington,Match Report,,2024,Burnley
1449,7,2023-09-30,15:00,Premier League,Matchweek 7,Sat,Away,L,0.0,2.0,Newcastle Utd,0.6,3.1,47.0,51687.0,Josh Brownhill,4-2-3-1,4-3-3,Thomas Bramall,Match Report,,2024,Burnley
1450,8,2023-10-03,19:30,Premier League,Matchweek 2,Tue,Away,W,2.0,1.0,Luton Town,1.1,1.3,51.0,10918.0,Josh Brownhill,4-3-3,3-4-3,Peter Bankes,Match Report,,2024,Burnley
1451,9,2023-10-07,15:00,Premier League,Matchweek 8,Sat,Home,L,1.0,4.0,Chelsea,0.7,1.9,38.0,21654.0,Josh Brownhill,4-3-3,4-3-3,Stuart Attwell,Match Report,,2024,Burnley
1452,10,2023-10-21,15:00,Premier League,Matchweek 9,Sat,Away,L,0.0,3.0,Brentford,1.1,3.1,50.0,17029.0,Josh Cullen,4-2-3-1,4-3-3,Joshua Smith,Match Report,,2024,Burnley
1453,11,2023-10-28,15:00,Premier League,Matchweek 10,Sat,Away,L,1.0,2.0,Bournemouth,0.8,1.1,55.0,11152.0,Josh Brownhill,4-3-3,4-2-3-1,Samuel Barrott,Match Report,,2024,Burnley
1454,13,2023-11-04,15:00,Premier League,Matchweek 11,Sat,Home,L,0.0,2.0,Crystal Palace,1.1,1.3,67.0,21578.0,Josh Brownhill,4-4-2,4-2-3-1,Peter Bankes,Match Report,,2024,Burnley
1455,14,2023-11-11,15:00,Premier League,Matchweek 12,Sat,Away,L,1.0,3.0,Arsenal,0.3,1.8,37.0,60232.0,Josh Brownhill,4-4-2,4-3-3,Michael Oliver,Match Report,,2024,Burnley
1456,15,2023-11-25,15:00,Premier League,Matchweek 13,Sat,Home,L,1.0,2.0,West Ham,1.3,0.9,50.0,21319.0,Josh Brownhill,4-4-2,4-2-3-1,Samuel Barrott,Match Report,,2024,Burnley
1457,16,2023-12-02,15:00,Premier League,Matchweek 14,Sat,Home,W,5.0,0.0,Sheffield Utd,1.8,0.4,63.0,21478.0,Josh Brownhill,4-4-2,3-4-3,Chris Kavanagh,Match Report,,2024,Burnley
1458,17,2023-12-05,19:30,Premier League,Matchweek 15,Tue,Away,L,0.0,1.0,Wolves,0.9,0.8,49.0,30439.0,Josh Brownhill,4-4-2,3-4-3,Jarred Gillett,Match Report,,2024,Burnley
1459,18,2023-12-09,15:00,Premier League,Matchweek 16,Sat,Away,D,1.0,1.0,Brighton,0.6,2.6,28.0,31511.0,Josh Brownhill,4-4-2,4-2-3-1,Simon Hooper,Match Report,,2024,Burnley
1460,19,2023-12-16,17:30,Premier League,Matchweek 17,Sat,Home,L,0.0,2.0,Everton,0.7,1.4,61.0,21413.0,Josh Brownhill,4-4-2,5-4-1,Anthony Taylor,Match Report,,2024,Burnley
1461,20,2023-12-23,15:00,Premier League,Matchweek 18,Sat,Away,W,2.0,0.0,Fulham,0.4,1.3,34.0,23598.0,Josh Brownhill,4-4-2,4-2-3-1,Rebecca Welch,Match Report,,2024,Burnley
1462,21,2023-12-26,17:30,Premier League,Matchweek 19,Tue,Home,L,0.0,2.0,Liverpool,0.8,1.8,32.0,21624.0,Josh Brownhill,4-4-2,4-3-3,Paul Tierney,Match Report,,2024,Burnley
1463,22,2023-12-30,15:00,Premier League,Matchweek 20,Sat,Away,L,2.0,3.0,Aston Villa,1.2,3.2,36.0,41613.0,Josh Brownhill,4-4-2,4-4-1-1,Stuart Attwell,Match Report,,2024,Burnley
1464,24,2024-01-12,19:45,Premier League,Matchweek 21,Fri,Home,D,1.0,1.0,Luton Town,1.1,0.9,39.0,20155.0,Josh Brownhill,4-4-2,3-4-3,Tony Harrington,Match Report,,2024,Burnley
1465,25,2024-01-31,19:30,Premier League,Matchweek 22,Wed,Away,L,1.0,3.0,Manchester City,1.4,1.7,26.0,52143.0,Josh Brownhill,4-4-2,4-2-3-1,Samuel Barrott,Match Report,,2024,Burnley
1466,26,2024-02-03,15:00,Premier League,Matchweek 23,Sat,Home,D,2.0,2.0,Fulham,1.8,1.5,44.0,20203.0,Josh Brownhill,4-4-2,4-2-3-1,Darren Bond,Match Report,,2024,Burnley
1467,27,2024-02-10,15:00,Premier League,Matchweek 24,Sat,Away,L,1.0,3.0,Liverpool,1.3,2.8,30.0,59896.0,Josh Brownhill,4-4-2,4-3-3,Tim Robinson,Match Report,,2024,Burnley
1468,28,2024-02-17,15:00,Premier League,Matchweek 25,Sat,Home,L,0.0,5.0,Arsenal,0.3,2.3,36.0,21311.0,Josh Brownhill,4-4-2,4-3-3,Jarred Gillett,Match Report,,2024,Burnley
1469,29,2024-02-24,15:00,Premier League,Matchweek 26,Sat,Away,L,0.0,3.0,Crystal Palace,0.1,2.4,44.0,24042.0,Josh Brownhill,4-4-2,3-4-3,Lewis Smith,Match Report,,2024,Burnley
1470,30,2024-03-03,13:00,Premier League,Matchweek 27,Sun,Home,L,0.0,2.0,Bournemouth,1.5,1.1,74.0,19713.0,Josh Cullen,4-4-2,4-2-3-1,David Coote,Match Report,,2024,Burnley
1471,31,2024-03-10,14:00,Premier League,Matchweek 28,Sun,Away,D,2.0,2.0,West Ham,0.7,2.1,48.0,62441.0,Josh Cullen,4-4-2,4-2-3-1,Darren England,Match Report,,2024,Burnley
1472,32,2024-03-16,15:00,Premier League,Matchweek 29,Sat,Home,W,2.0,1.0,Brentford,2.8,1.1,60.0,20431.0,Josh Cullen,4-4-2,3-5-2,Darren Bond,Match Report,,2024,Burnley
1473,33,2024-03-30,15:00,Premier League,Matchweek 30,Sat,Away,D,2.0,2.0,Chelsea,1.6,4.2,31.0,39535.0,Josh Cullen,4-4-2,4-2-3-1,Darren England,Match Report,,2024,Burnley
1474,34,2024-04-02,19:45,Premier League,Matchweek 31,Tue,Home,D,1.0,1.0,Wolves,1.3,0.9,51.0,21528.0,Josh Cullen,4-4-2,4-4-1-1,Thomas Bramall,Match Report,,2024,Burnley
1475,35,2024-04-06,15:00,Premier League,Matchweek 32,Sat,Away,L,0.0,1.0,Everton,0.5,0.9,62.0,39125.0,Josh Cullen,4-4-2,4-4-1-1,Michael Oliver,Match Report,,2024,Burnley
1476,36,2024-04-13,15:00,Premier League,Matchweek 33,Sat,Home,D,1.0,1.0,Brighton,1.7,0.9,44.0,20687.0,Josh Cullen,4-4-2,4-2-3-1,Simon Hooper,Match Report,,2024,Burnley
1477,37,2024-04-20,15:00,Premier League,Matchweek 34,Sat,Away,W,4.0,1.0,Sheffield Utd,2.2,2.4,51.0,28964.0,Josh Cullen,4-4-2,4-2-3-1,Andy Madley,Match Report,,2024,Burnley
1478,38,2024-04-27,15:00,Premier League,Matchweek 35,Sat,Away,D,1.0,1.0,Manchester Utd,2.1,2.7,52.0,73571.0,Josh Cullen,4-4-2,4-2-3-1,John Brooks,Match Report,,2024,Burnley
1479,39,2024-05-04,15:00,Premier League,Matchweek 36,Sat,Home,L,1.0,4.0,Newcastle Utd,1.0,3.4,47.0,21781.0,Josh Brownhill,4-2-3-1,4-4-2,Anthony Taylor,Match Report,,2024,Burnley
1480,40,2024-05-11,15:00,Premier League,Matchweek 37,Sat,Away,L,1.0,2.0,Tottenham,0.7,2.7,37.0,61148.0,Josh Cullen,4-4-2,4-3-3,Jarred Gillett,Match Report,,2024,Burnley
1481,41,2024-05-19,16:00,Premier League,Matchweek 38,Sun,Home,L,1.0,2.0,Nott'ham Forest,1.2,1.7,72.0,21109.0,Josh Cullen,4-4-2,4-2-3-1,Graham Scott,Match Report,,2024,Burnley
1482,0,2023-08-12,15:00,Premier League,Matchweek 1,Sat,Home,L,0.0,1.0,Crystal Palace,0.5,1.9,32.0,31194.0,John Egan,3-4-3,4-2-3-1,John Brooks,Match Report,,2024,Sheffield United
1483,1,2023-08-18,19:45,Premier League,Matchweek 2,Fri,Away,L,1.0,2.0,Nott'ham Forest,0.5,1.4,50.0,29432.0,John Egan,3-4-3,3-4-3,Peter Bankes,Match Report,,2024,Sheffield United
1484,2,2023-08-27,14:00,Premier League,Matchweek 3,Sun,Home,L,1.0,2.0,Manchester City,0.7,3.5,21.0,31336.0,John Egan,3-5-2,4-2-3-1,Jarred Gillett,Match Report,,2024,Sheffield United
1485,4,2023-09-02,12:30,Premier League,Matchweek 4,Sat,Home,D,2.0,2.0,Everton,1.2,2.5,46.0,31124.0,John Egan,3-5-2,4-4-1-1,Andy Madley,Match Report,,2024,Sheffield United
1486,5,2023-09-16,15:00,Premier League,Matchweek 5,Sat,Away,L,1.0,2.0,Tottenham,0.7,2.1,30.0,61706.0,Chris Basham,3-5-2,4-2-3-1,Peter Bankes,Match Report,,2024,Sheffield United
1487,6,2023-09-24,16:30,Premier League,Matchweek 6,Sun,Home,L,0.0,8.0,Newcastle Utd,0.9,3.9,42.0,31127.0,John Egan,3-4-3,4-3-3,Stuart Attwell,Match Report,,2024,Sheffield United
1488,7,2023-09-30,15:00,Premier League,Matchweek 7,Sat,Away,L,0.0,2.0,West Ham,1.1,2.1,48.0,62459.0,John Egan,3-5-2,4-2-3-1,Graham Scott,Match Report,,2024,Sheffield United
1489,8,2023-10-07,15:00,Premier League,Matchweek 8,Sat,Away,L,1.0,3.0,Fulham,0.6,2.2,40.0,24361.0,Chris Basham,3-5-2,4-3-3,Samuel Barrott,Match Report,,2024,Sheffield United
1490,9,2023-10-21,20:00,Premier League,Matchweek 9,Sat,Home,L,1.0,2.0,Manchester Utd,1.4,1.1,38.0,31543.0,Oliver Norwood,4-4-2,4-2-3-1,Michael Oliver,Match Report,,2024,Sheffield United
1491,10,2023-10-28,15:00,Premier League,Matchweek 10,Sat,Away,L,0.0,5.0,Arsenal,0.0,2.8,33.0,60153.0,Oliver Norwood,4-4-2,4-3-3,Tim Robinson,Match Report,,2024,Sheffield United
1492,11,2023-11-04,15:00,Premier League,Matchweek 11,Sat,Home,W,2.0,1.0,Wolves,1.0,1.2,39.0,29454.0,Oliver Norwood,3-4-1-2,4-4-1-1,Robert Jones,Match Report,,2024,Sheffield United
1493,12,2023-11-12,14:00,Premier League,Matchweek 12,Sun,Away,D,1.0,1.0,Brighton,1.1,1.5,39.0,31367.0,Oliver Norwood,3-4-3,4-2-3-1,John Brooks,Match Report,,2024,Sheffield United
1494,13,2023-11-25,15:00,Premier League,Matchweek 13,Sat,Home,L,1.0,3.0,Bournemouth,0.8,2.9,46.0,30208.0,Oliver Norwood,3-4-3,4-2-3-1,Andy Madley,Match Report,,2024,Sheffield United
1495,14,2023-12-02,15:00,Premier League,Matchweek 14,Sat,Away,L,0.0,5.0,Burnley,0.4,1.8,37.0,21478.0,Oliver Norwood,3-4-3,4-4-2,Chris Kavanagh,Match Report,,2024,Sheffield United
1496,15,2023-12-06,19:30,Premier League,Matchweek 15,Wed,Home,L,0.0,2.0,Liverpool,1.0,1.7,25.0,31406.0,Anel Ahmedhodžić,3-4-3,4-3-3,Simon Hooper,Match Report,,2024,Sheffield United
1497,16,2023-12-09,15:00,Premier League,Matchweek 16,Sat,Home,W,1.0,0.0,Brentford,0.8,0.6,41.0,28509.0,Anel Ahmedhodžić,4-1-4-1,4-3-3,Stuart Attwell,Match Report,,2024,Sheffield United
1498,17,2023-12-16,15:00,Premier League,Matchweek 17,Sat,Away,L,0.0,2.0,Chelsea,0.4,3.1,22.0,39599.0,Anel Ahmedhodžić,4-1-4-1,4-2-3-1,Andy Madley,Match Report,,2024,Sheffield United
1499,18,2023-12-22,20:00,Premier League,Matchweek 18,Fri,Away,D,1.0,1.0,Aston Villa,0.6,0.9,23.0,41651.0,Jack Robinson,3-4-3,4-4-1-1,Anthony Taylor,Match Report,,2024,Sheffield United
1500,19,2023-12-26,15:00,Premier League,Matchweek 19,Tue,Home,L,2.0,3.0,Luton Town,2.4,0.6,51.0,31041.0,Anel Ahmedhodžić,4-4-2,3-4-3,Samuel Allison,Match Report,,2024,Sheffield United
1501,20,2023-12-30,15:00,Premier League,Matchweek 20,Sat,Away,L,0.0,2.0,Manchester City,0.3,2.2,20.0,53108.0,Jack Robinson,3-4-3,4-2-3-1,David Coote,Match Report,,2024,Sheffield United
1502,22,2024-01-21,14:00,Premier League,Matchweek 21,Sun,Home,D,2.0,2.0,West Ham,2.5,2.3,57.0,29164.0,Anel Ahmedhodžić,4-1-4-1,4-4-1-1,Michael Salisbury,Match Report,,2024,Sheffield United
1503,24,2024-01-30,20:00,Premier League,Matchweek 22,Tue,Away,L,2.0,3.0,Crystal Palace,0.8,1.1,47.0,24781.0,Anel Ahmedhodžić,4-1-4-1,4-3-3,Tony Harrington,Match Report,,2024,Sheffield United
1504,25,2024-02-03,17:30,Premier League,Matchweek 23,Sat,Home,L,0.0,5.0,Aston Villa,1.4,2.2,37.0,30187.0,Anel Ahmedhodžić,5-4-1,4-2-3-1,Paul Tierney,Match Report,,2024,Sheffield United
1505,26,2024-02-10,15:00,Premier League,Matchweek 24,Sat,Away,W,3.0,1.0,Luton Town,1.7,1.8,26.0,11138.0,Anel Ahmedhodžić,5-4-1,3-4-3,Chris Kavanagh,Match Report,,2024,Sheffield United
1506,27,2024-02-18,14:00,Premier League,Matchweek 25,Sun,Home,L,0.0,5.0,Brighton,0.6,2.9,21.0,29522.0,Anel Ahmedhodžić,3-5-1-1,4-2-3-1,Stuart Attwell,Match Report,,2024,Sheffield United
1507,28,2024-02-25,13:30,Premier League,Matchweek 26,Sun,Away,L,0.0,1.0,Wolves,0.6,1.3,37.0,30789.0,Anel Ahmedhodžić,3-5-2,3-4-3,Darren Bond,Match Report,,2024,Sheffield United
1508,29,2024-03-04,20:00,Premier League,Matchweek 27,Mon,Home,L,0.0,6.0,Arsenal,0.2,2.3,20.0,29157.0,Anel Ahmedhodžić,4-5-1,4-3-3,Samuel Barrott,Match Report,,2024,Sheffield United
1509,30,2024-03-09,15:00,Premier League,Matchweek 28,Sat,Away,D,2.0,2.0,Bournemouth,1.2,3.3,31.0,11074.0,Jack Robinson,3-5-2,4-2-3-1,Anthony Taylor,Match Report,,2024,Sheffield United
1510,31,2024-03-30,15:00,Premier League,Matchweek 30,Sat,Home,D,3.0,3.0,Fulham,1.9,1.3,27.0,30010.0,Jack Robinson,3-5-2,4-2-3-1,Tim Robinson,Match Report,,2024,Sheffield United
1511,32,2024-04-04,19:30,Premier League,Matchweek 31,Thu,Away,L,1.0,3.0,Liverpool,0.6,1.8,18.0,60055.0,Jack Robinson,3-5-2,4-3-3,Stuart Attwell,Match Report,,2024,Sheffield United
1512,33,2024-04-07,17:30,Premier League,Matchweek 32,Sun,Home,D,2.0,2.0,Chelsea,1.4,0.3,32.0,28638.0,Jack Robinson,3-5-2,4-2-3-1,Robert Jones,Match Report,,2024,Sheffield United
1513,34,2024-04-13,15:00,Premier League,Matchweek 33,Sat,Away,L,0.0,2.0,Brentford,0.8,1.0,47.0,17115.0,Oliver McBurnie,3-5-2,4-3-3,Samuel Barrott,Match Report,,2024,Sheffield United
1514,35,2024-04-20,15:00,Premier League,Matchweek 34,Sat,Home,L,1.0,4.0,Burnley,2.4,2.2,49.0,28964.0,Oliver McBurnie,4-2-3-1,4-4-2,Andy Madley,Match Report,,2024,Sheffield United
1515,36,2024-04-24,20:00,Premier League,Matchweek 29,Wed,Away,L,2.0,4.0,Manchester Utd,0.8,2.9,29.0,73549.0,Oliver Arblaster,3-5-2,4-2-3-1,Michael Salisbury,Match Report,,2024,Sheffield United
1516,37,2024-04-27,15:00,Premier League,Matchweek 35,Sat,Away,L,1.0,5.0,Newcastle Utd,1.5,3.1,40.0,52196.0,Oliver Arblaster,3-5-2,4-3-3,Tony Harrington,Match Report,,2024,Sheffield United
1517,38,2024-05-04,15:00,Premier League,Matchweek 36,Sat,Home,L,1.0,3.0,Nott'ham Forest,2.2,1.4,54.0,28516.0,Jack Robinson,3-5-2,4-2-3-1,Chris Kavanagh,Match Report,,2024,Sheffield United
1518,39,2024-05-11,15:00,Premier League,Matchweek 37,Sat,Away,L,0.0,1.0,Everton,0.6,2.3,42.0,39221.0,Jack Robinson,3-5-2,4-4-1-1,Stuart Attwell,Match Report,,2024,Sheffield United
1519,40,2024-05-19,16:00,Premier League,Matchweek 38,Sun,Home,L,0.0,3.0,Tottenham,1.0,3.1,25.0,29116.0,Jack Robinson,5-3-2,4-2-3-1,Andy Madley,Match Report,,2024,Sheffield United
1520,1,2022-08-07,16:30,Premier League,Matchweek 1,Sun,Away,W,2.0,0.0,West Ham,2.2,0.5,75.0,62443.0,İlkay Gündoğan,4-3-3,4-2-3-1,Michael Oliver,Match Report,,2023,Manchester City
1521,2,2022-08-13,15:00,Premier League,Matchweek 2,Sat,Home,W,4.0,0.0,Bournemouth,1.7,0.1,67.0,53453.0,İlkay Gündoğan,4-2-3-1,3-4-3,David Coote,Match Report,,2023,Manchester City
1522,3,2022-08-21,16:30,Premier League,Matchweek 3,Sun,Away,D,3.0,3.0,Newcastle Utd,2.1,1.8,69.0,52258.0,İlkay Gündoğan,4-3-3,4-3-3,Jarred Gillett,Match Report,,2023,Manchester City
1523,4,2022-08-27,15:00,Premier League,Matchweek 4,Sat,Home,W,4.0,2.0,Crystal Palace,2.2,0.1,74.0,53112.0,Kevin De Bruyne,4-2-3-1,5-4-1,Darren England,Match Report,,2023,Manchester City
1524,5,2022-08-31,19:30,Premier League,Matchweek 5,Wed,Home,W,6.0,0.0,Nott'ham Forest,3.3,0.7,74.0,53409.0,İlkay Gündoğan,4-2-3-1,5-3-2,Paul Tierney,Match Report,,2023,Manchester City
1525,6,2022-09-03,17:30,Premier League,Matchweek 6,Sat,Away,D,1.0,1.0,Aston Villa,2.1,0.3,71.0,41830.0,İlkay Gündoğan,4-3-3,4-3-2-1,Simon Hooper,Match Report,,2023,Manchester City
1526,9,2022-09-17,12:30,Premier League,Matchweek 8,Sat,Away,W,3.0,0.0,Wolves,1.1,0.4,59.0,31578.0,Kevin De Bruyne,4-3-3,4-3-3,Anthony Taylor,Match Report,,2023,Manchester City
1527,10,2022-10-02,14:00,Premier League,Matchweek 9,Sun,Home,W,6.0,3.0,Manchester Utd,3.2,1.7,53.0,53475.0,İlkay Gündoğan,4-3-3,4-2-3-1,Michael Oliver,Match Report,,2023,Manchester City
1528,12,2022-10-08,15:00,Premier League,Matchweek 10,Sat,Home,W,4.0,0.0,Southampton,2.4,0.2,65.0,53365.0,Kevin De Bruyne,4-2-3-1,4-4-2,Andy Madley,Match Report,,2023,Manchester City
1529,14,2022-10-16,16:30,Premier League,Matchweek 11,Sun,Away,L,0.0,1.0,Liverpool,1.0,2.1,63.0,53286.0,İlkay Gündoğan,3-4-3,4-2-3-1,Anthony Taylor,Match Report,,2023,Manchester City
1530,15,2022-10-22,15:00,Premier League,Matchweek 13,Sat,Home,W,3.0,1.0,Brighton,1.6,0.5,48.0,53223.0,Kevin De Bruyne,4-3-3,3-4-1-2,Craig Pawson,Match Report,,2023,Manchester City
1531,17,2022-10-29,12:30,Premier League,Matchweek 14,Sat,Away,W,1.0,0.0,Leicester City,1.0,0.7,64.0,32223.0,İlkay Gündoğan,4-3-3,3-4-3,Robert Jones,Match Report,,2023,Manchester City
1532,19,2022-11-05,15:00,Premier League,Matchweek 15,Sat,Home,W,2.0,1.0,Fulham,2.1,1.0,70.0,52395.0,İlkay Gündoğan,4-3-3,4-2-3-1,Darren England,Match Report,,2023,Manchester City
1533,21,2022-11-12,12:30,Premier League,Matchweek 16,Sat,Home,L,1.0,2.0,Brentford,1.6,1.3,74.0,52786.0,İlkay Gündoğan,4-3-3,3-5-2,Peter Bankes,Match Report,,2023,Manchester City
1534,23,2022-12-28,20:00,Premier League,Matchweek 17,Wed,Away,W,3.0,1.0,Leeds United,4.3,0.6,69.0,36889.0,İlkay Gündoğan,4-3-3,4-3-3,Stuart Attwell,Match Report,,2023,Manchester City
1535,24,2022-12-31,15:00,Premier League,Matchweek 18,Sat,Home,D,1.0,1.0,Everton,1.7,0.1,74.0,53444.0,Kevin De Bruyne,4-3-3,5-3-2,Andy Madley,Match Report,,2023,Manchester City
1536,25,2023-01-05,20:00,Premier League,Matchweek 19,Thu,Away,W,1.0,0.0,Chelsea,2.0,0.4,52.0,39998.0,İlkay Gündoğan,3-2-4-1,4-2-3-1,Paul Tierney,Match Report,,2023,Manchester City
1537,28,2023-01-14,12:30,Premier League,Matchweek 20,Sat,Away,L,1.0,2.0,Manchester Utd,0.6,1.7,70.0,75546.0,Kevin De Bruyne,4-3-3,4-2-3-1,Stuart Attwell,Match Report,,2023,Manchester City
1538,29,2023-01-19,20:00,Premier League,Matchweek 7,Thu,Home,W,4.0,2.0,Tottenham,2.3,0.8,58.0,53088.0,İlkay Gündoğan,4-2-3-1,3-4-3,Simon Hooper,Match Report,,2023,Manchester City
1539,30,2023-01-22,14:00,Premier League,Matchweek 21,Sun,Home,W,3.0,0.0,Wolves,2.8,0.8,55.0,53282.0,İlkay Gündoğan,3-2-4-1,4-3-3,David Coote,Match Report,,2023,Manchester City
1540,32,2023-02-05,16:30,Premier League,Matchweek 22,Sun,Away,L,0.0,1.0,Tottenham,1.3,1.4,64.0,61747.0,Kyle Walker,4-4-2,3-4-3,Andy Madley,Match Report,,2023,Manchester City
1541,33,2023-02-12,16:30,Premier League,Matchweek 23,Sun,Home,W,3.0,1.0,Aston Villa,3.3,0.3,67.0,53392.0,İlkay Gündoğan,3-2-4-1,4-4-2,Robert Jones,Match Report,,2023,Manchester City
1542,34,2023-02-15,19:30,Premier League,Matchweek 12,Wed,Away,W,3.0,1.0,Arsenal,1.8,1.6,37.0,60276.0,İlkay Gündoğan,4-1-4-1,4-3-3,Anthony Taylor,Match Report,,2023,Manchester City
1543,35,2023-02-18,15:00,Premier League,Matchweek 24,Sat,Away,D,1.0,1.0,Nott'ham Forest,2.4,0.9,73.0,29365.0,İlkay Gündoğan,3-2-4-1,4-3-2-1,Graham Scott,Match Report,,2023,Manchester City
1544,37,2023-02-25,17:30,Premier League,Matchweek 25,Sat,Away,W,4.0,1.0,Bournemouth,2.4,1.0,66.0,10481.0,İlkay Gündoğan,3-2-4-1,5-4-1,Paul Tierney,Match Report,,2023,Manchester City
1545,39,2023-03-04,12:30,Premier League,Matchweek 26,Sat,Home,W,2.0,0.0,Newcastle Utd,1.3,0.4,56.0,53419.0,İlkay Gündoğan,4-2-3-1,4-3-3,Simon Hooper,Match Report,,2023,Manchester City
1546,40,2023-03-11,17:30,Premier League,Matchweek 27,Sat,Away,W,1.0,0.0,Crystal Palace,2.1,0.2,67.0,25844.0,İlkay Gündoğan,4-2-3-1,4-3-3,Robert Jones,Match Report,,2023,Manchester City
1547,43,2023-04-01,12:30,Premier League,Matchweek 29,Sat,Home,W,4.0,1.0,Liverpool,2.9,0.3,68.0,52877.0,İlkay Gündoğan,3-2-4-1,4-3-3,Simon Hooper,Match Report,,2023,Manchester City
1548,44,2023-04-08,17:30,Premier League,Matchweek 30,Sat,Away,W,4.0,1.0,Southampton,2.9,0.4,73.0,30963.0,İlkay Gündoğan,3-2-4-1,4-4-2,Robert Jones,Match Report,,2023,Manchester City
1549,46,2023-04-15,17:30,Premier League,Matchweek 31,Sat,Home,W,3.0,1.0,Leicester City,1.6,2.3,70.0,53329.0,Kevin De Bruyne,3-2-4-1,3-4-3,Darren England,Match Report,,2023,Manchester City
1550,49,2023-04-26,20:00,Premier League,Matchweek 33,Wed,Home,W,4.0,1.0,Arsenal,2.5,0.5,52.0,53482.0,İlkay Gündoğan,4-3-3,4-3-3,Michael Oliver,Match Report,,2023,Manchester City
1551,50,2023-04-30,14:00,Premier League,Matchweek 34,Sun,Away,W,2.0,1.0,Fulham,2.5,0.2,62.0,24498.0,İlkay Gündoğan,3-2-4-1,4-2-3-1,Simon Hooper,Match Report,,2023,Manchester City
1552,51,2023-05-03,20:00,Premier League,Matchweek 28,Wed,Home,W,3.0,0.0,West Ham,2.3,0.4,69.0,53305.0,Kyle Walker,3-2-4-1,4-2-3-1,John Brooks,Match Report,,2023,Manchester City
1553,52,2023-05-06,15:00,Premier League,Matchweek 35,Sat,Home,W,2.0,1.0,Leeds United,2.6,0.2,80.0,53406.0,İlkay Gündoğan,3-2-4-1,4-2-3-1,Andy Madley,Match Report,,2023,Manchester City
1554,54,2023-05-14,14:00,Premier League,Matchweek 36,Sun,Away,W,3.0,0.0,Everton,0.8,1.6,63.0,39376.0,İlkay Gündoğan,4-2-3-1,4-2-3-1,Anthony Taylor,Match Report,,2023,Manchester City
1555,56,2023-05-21,16:00,Premier League,Matchweek 37,Sun,Home,W,1.0,0.0,Chelsea,1.2,1.2,64.0,53490.0,Kyle Walker,3-4-3◆,3-4-1-2,Michael Oliver,Match Report,,2023,Manchester City
1556,57,2023-05-24,20:00,Premier League,Matchweek 32,Wed,Away,D,1.0,1.0,Brighton,1.8,2.2,60.0,31388.0,İlkay Gündoğan,4-3-3,4-2-3-1,Simon Hooper,Match Report,,2023,Manchester City
1557,58,2023-05-28,16:30,Premier League,Matchweek 38,Sun,Away,L,0.0,1.0,Brentford,1.6,1.3,65.0,17120.0,Kyle Walker,3-2-4-1,5-3-2,John Brooks,Match Report,,2023,Manchester City
1558,0,2022-08-05,20:00,Premier League,Matchweek 1,Fri,Away,W,2.0,0.0,Crystal Palace,1.0,1.2,44.0,25286.0,Martin Ødegaard,4-3-3,4-2-3-1,Anthony Taylor,Match Report,,2023,Arsenal
1559,1,2022-08-13,15:00,Premier League,Matchweek 2,Sat,Home,W,4.0,2.0,Leicester City,2.7,0.5,50.0,60033.0,Martin Ødegaard,4-3-3,3-5-1-1,Darren England,Match Report,,2023,Arsenal
1560,2,2022-08-20,17:30,Premier League,Matchweek 3,Sat,Away,W,3.0,0.0,Bournemouth,1.3,0.3,57.0,10423.0,Martin Ødegaard,4-3-3,3-1-4-2,Craig Pawson,Match Report,,2023,Arsenal
1561,3,2022-08-27,17:30,Premier League,Matchweek 4,Sat,Home,W,2.0,1.0,Fulham,2.6,0.8,71.0,60164.0,Martin Ødegaard,4-3-3,4-2-3-1,Jarred Gillett,Match Report,,2023,Arsenal
1562,4,2022-08-31,19:30,Premier League,Matchweek 5,Wed,Home,W,2.0,1.0,Aston Villa,2.4,0.4,59.0,60012.0,Martin Ødegaard,4-3-3,4-3-3,Robert Jones,Match Report,,2023,Arsenal
1563,5,2022-09-04,16:30,Premier League,Matchweek 6,Sun,Away,L,1.0,3.0,Manchester Utd,1.3,1.5,60.0,73431.0,Martin Ødegaard,4-3-3,4-2-3-1,Paul Tierney,Match Report,,2023,Arsenal
1564,7,2022-09-18,12:00,Premier League,Matchweek 8,Sun,Away,W,3.0,0.0,Brentford,1.5,0.5,63.0,17122.0,Granit Xhaka,4-3-3,3-5-2,David Coote,Match Report,,2023,Arsenal
1565,8,2022-10-01,12:30,Premier League,Matchweek 9,Sat,Home,W,3.0,1.0,Tottenham,2.4,1.6,64.0,60278.0,Martin Ødegaard,4-3-3,3-4-3,Anthony Taylor,Match Report,,2023,Arsenal
1566,10,2022-10-09,16:30,Premier League,Matchweek 10,Sun,Home,W,3.0,2.0,Liverpool,2.7,1.1,43.0,60059.0,Martin Ødegaard,4-3-3,4-2-3-1,Michael Oliver,Match Report,,2023,Arsenal
1567,12,2022-10-16,14:00,Premier League,Matchweek 11,Sun,Away,W,1.0,0.0,Leeds United,0.5,1.8,53.0,36700.0,Martin Ødegaard,4-3-3,4-2-3-1,Chris Kavanagh,Match Report,,2023,Arsenal
1568,14,2022-10-23,14:00,Premier League,Matchweek 13,Sun,Away,D,1.0,1.0,Southampton,1.0,0.7,59.0,31145.0,Martin Ødegaard,4-3-3,4-4-2,Robert Jones,Match Report,,2023,Arsenal
1569,16,2022-10-30,14:00,Premier League,Matchweek 14,Sun,Home,W,5.0,0.0,Nott'ham Forest,2.3,0.4,69.0,60263.0,Martin Ødegaard,4-3-3,4-3-3,Simon Hooper,Match Report,,2023,Arsenal
1570,18,2022-11-06,12:00,Premier League,Matchweek 15,Sun,Away,W,1.0,0.0,Chelsea,2.1,0.3,55.0,40142.0,Martin Ødegaard,4-3-3,4-2-3-1,Michael Oliver,Match Report,,2023,Arsenal
1571,20,2022-11-12,19:45,Premier League,Matchweek 16,Sat,Away,W,2.0,0.0,Wolves,2.1,0.7,62.0,34624.0,Martin Ødegaard,4-3-3,5-3-2,Stuart Attwell,Match Report,,2023,Arsenal
1572,21,2022-12-26,20:00,Premier League,Matchweek 17,Mon,Home,W,3.0,1.0,West Ham,2.1,1.0,66.0,60125.0,Martin Ødegaard,4-3-3,4-2-3-1,Michael Oliver,Match Report,,2023,Arsenal
1573,22,2022-12-31,17:30,Premier League,Matchweek 18,Sat,Away,W,4.0,2.0,Brighton,2.9,1.2,32.0,31647.0,Martin Ødegaard,4-3-3,4-2-3-1,Anthony Taylor,Match Report,,2023,Arsenal
1574,23,2023-01-03,19:45,Premier League,Matchweek 19,Tue,Home,D,0.0,0.0,Newcastle Utd,1.1,1.0,66.0,60319.0,Martin Ødegaard,4-3-3,4-3-3,Andy Madley,Match Report,,2023,Arsenal
1575,25,2023-01-15,16:30,Premier League,Matchweek 20,Sun,Away,W,2.0,0.0,Tottenham,1.8,1.6,49.0,61870.0,Martin Ødegaard,4-3-3,3-4-3,Craig Pawson,Match Report,,2023,Arsenal
1576,26,2023-01-22,16:30,Premier League,Matchweek 21,Sun,Home,W,3.0,2.0,Manchester Utd,3.1,0.4,57.0,60325.0,Martin Ødegaard,4-3-3,4-2-3-1,Anthony Taylor,Match Report,,2023,Arsenal
1577,28,2023-02-04,12:30,Premier League,Matchweek 22,Sat,Away,L,0.0,1.0,Everton,0.9,1.7,70.0,39314.0,Martin Ødegaard,4-3-3,4-5-1,David Coote,Match Report,,2023,Arsenal
1578,29,2023-02-11,15:00,Premier League,Matchweek 23,Sat,Home,D,1.0,1.0,Brentford,1.6,2.0,69.0,60254.0,Martin Ødegaard,4-3-3,3-5-2,Peter Bankes,Match Report,,2023,Arsenal
1579,30,2023-02-15,19:30,Premier League,Matchweek 12,Wed,Home,L,1.0,3.0,Manchester City,1.6,1.8,63.0,60276.0,Martin Ødegaard,4-3-3,4-1-4-1,Anthony Taylor,Match Report,,2023,Arsenal
1580,31,2023-02-18,12:30,Premier League,Matchweek 24,Sat,Away,W,4.0,2.0,Aston Villa,3.2,0.5,67.0,42066.0,Martin Ødegaard,4-3-3,4-4-2,Simon Hooper,Match Report,,2023,Arsenal
1581,32,2023-02-25,15:00,Premier League,Matchweek 25,Sat,Away,W,1.0,0.0,Leicester City,0.7,0.0,65.0,32227.0,Oleksandr Zinchenko,4-3-3,4-3-3,Craig Pawson,Match Report,,2023,Arsenal
1582,33,2023-03-01,19:45,Premier League,Matchweek 7,Wed,Home,W,4.0,0.0,Everton,2.4,1.2,73.0,60213.0,Martin Ødegaard,4-3-3,4-5-1,Michael Oliver,Match Report,,2023,Arsenal
1583,34,2023-03-04,15:00,Premier League,Matchweek 26,Sat,Home,W,3.0,2.0,Bournemouth,2.1,1.3,79.0,60222.0,Martin Ødegaard,4-3-3,5-4-1,Chris Kavanagh,Match Report,,2023,Arsenal
1584,36,2023-03-12,14:00,Premier League,Matchweek 27,Sun,Away,W,3.0,0.0,Fulham,2.3,0.8,55.0,24426.0,Martin Ødegaard,4-3-3,4-2-3-1,David Coote,Match Report,,2023,Arsenal
1585,38,2023-03-19,14:00,Premier League,Matchweek 28,Sun,Home,W,4.0,1.0,Crystal Palace,1.6,0.8,62.0,60247.0,Martin Ødegaard,4-3-3,4-2-3-1,Stuart Attwell,Match Report,,2023,Arsenal
1586,39,2023-04-01,15:00,Premier League,Matchweek 29,Sat,Home,W,4.0,1.0,Leeds United,3.8,0.7,66.0,60283.0,Martin Ødegaard,4-3-3,4-3-3,Darren England,Match Report,,2023,Arsenal
1587,40,2023-04-09,16:30,Premier League,Matchweek 30,Sun,Away,D,2.0,2.0,Liverpool,1.4,3.9,41.0,53267.0,Martin Ødegaard,4-3-3,4-3-3,Paul Tierney,Match Report,,2023,Arsenal
1588,41,2023-04-16,14:00,Premier League,Matchweek 31,Sun,Away,D,2.0,2.0,West Ham,2.7,1.8,70.0,62481.0,Martin Ødegaard,4-3-3,4-3-3,David Coote,Match Report,,2023,Arsenal
1589,42,2023-04-21,20:00,Premier League,Matchweek 32,Fri,Home,D,3.0,3.0,Southampton,2.4,1.3,74.0,60175.0,Martin Ødegaard,4-3-3,4-4-2,Simon Hooper,Match Report,,2023,Arsenal
1590,43,2023-04-26,20:00,Premier League,Matchweek 33,Wed,Away,L,1.0,4.0,Manchester City,0.5,2.5,48.0,53482.0,Martin Ødegaard,4-3-3,4-3-3,Michael Oliver,Match Report,,2023,Arsenal
1591,44,2023-05-02,20:00,Premier League,Matchweek 34,Tue,Home,W,3.0,1.0,Chelsea,1.7,0.8,55.0,60144.0,Martin Ødegaard,4-3-3,4-3-3,Robert Jones,Match Report,,2023,Arsenal
1592,45,2023-05-07,16:30,Premier League,Matchweek 35,Sun,Away,W,2.0,0.0,Newcastle Utd,1.3,1.3,45.0,50267.0,Martin Ødegaard,4-3-3,4-3-3,Chris Kavanagh,Match Report,,2023,Arsenal
1593,46,2023-05-14,16:30,Premier League,Matchweek 36,Sun,Home,L,0.0,3.0,Brighton,0.9,1.7,41.0,60139.0,Martin Ødegaard,4-3-3,4-2-3-1,Andy Madley,Match Report,,2023,Arsenal
1594,47,2023-05-20,17:30,Premier League,Matchweek 37,Sat,Away,L,0.0,1.0,Nott'ham Forest,0.6,0.6,81.0,29514.0,Martin Ødegaard,4-3-3,3-4-3,Anthony Taylor,Match Report,,2023,Arsenal
1595,48,2023-05-28,16:30,Premier League,Matchweek 38,Sun,Home,W,5.0,0.0,Wolves,2.8,0.5,51.0,60095.0,Martin Ødegaard,4-3-3,4-3-3,Andre Marriner,Match Report,,2023,Arsenal
1596,0,2022-08-07,14:00,Premier League,Matchweek 1,Sun,Home,L,1.0,2.0,Brighton,1.4,1.5,62.0,73711.0,Harry Maguire,4-3-3,3-3-3-1,Paul Tierney,Match Report,,2023,Manchester United
1597,1,2022-08-13,17:30,Premier League,Matchweek 2,Sat,Away,L,0.0,4.0,Brentford,0.9,1.6,66.0,17051.0,Harry Maguire,4-2-3-1,5-3-2,Stuart Attwell,Match Report,,2023,Manchester United
1598,2,2022-08-22,20:00,Premier League,Matchweek 3,Mon,Home,W,2.0,1.0,Liverpool,1.8,1.3,30.0,74147.0,Bruno Fernandes,4-2-3-1,4-3-3,Michael Oliver,Match Report,,2023,Manchester United
1599,3,2022-08-27,12:30,Premier League,Matchweek 4,Sat,Away,W,1.0,0.0,Southampton,1.1,1.4,51.0,31196.0,Bruno Fernandes,4-2-3-1,4-2-3-1,Andy Madley,Match Report,,2023,Manchester United
1600,4,2022-09-01,20:00,Premier League,Matchweek 5,Thu,Away,W,1.0,0.0,Leicester City,1.5,0.7,47.0,32226.0,Bruno Fernandes,4-2-3-1,4-1-4-1,Craig Pawson,Match Report,,2023,Manchester United
1601,5,2022-09-04,16:30,Premier League,Matchweek 6,Sun,Home,W,3.0,1.0,Arsenal,1.5,1.3,40.0,73431.0,Bruno Fernandes,4-2-3-1,4-3-3,Paul Tierney,Match Report,,2023,Manchester United
1602,8,2022-10-02,14:00,Premier League,Matchweek 9,Sun,Away,L,3.0,6.0,Manchester City,1.7,3.2,47.0,53475.0,Bruno Fernandes,4-2-3-1,4-3-3,Michael Oliver,Match Report,,2023,Manchester United
1603,10,2022-10-09,19:00,Premier League,Matchweek 10,Sun,Away,W,2.0,1.0,Everton,1.4,0.6,60.0,39258.0,Bruno Fernandes,4-2-3-1,4-3-3,David Coote,Match Report,,2023,Manchester United
1604,12,2022-10-16,14:00,Premier League,Matchweek 11,Sun,Home,D,0.0,0.0,Newcastle Utd,0.8,0.8,63.0,73726.0,Bruno Fernandes,4-2-3-1,4-3-3,Craig Pawson,Match Report,,2023,Manchester United
1605,13,2022-10-19,20:15,Premier League,Matchweek 12,Wed,Home,W,2.0,0.0,Tottenham,1.5,0.6,52.0,73677.0,Bruno Fernandes,4-2-3-1,3-5-2,Simon Hooper,Match Report,,2023,Manchester United
1606,14,2022-10-22,17:30,Premier League,Matchweek 13,Sat,Away,D,1.0,1.0,Chelsea,0.8,1.1,52.0,39503.0,Bruno Fernandes,4-1-4-1,3-4-3,Stuart Attwell,Match Report,,2023,Manchester United
1607,16,2022-10-30,16:15,Premier League,Matchweek 14,Sun,Home,W,1.0,0.0,West Ham,1.2,1.1,53.0,73682.0,Harry Maguire,4-2-3-1,4-2-3-1,Chris Kavanagh,Match Report,,2023,Manchester United
1608,18,2022-11-06,14:00,Premier League,Matchweek 15,Sun,Away,L,1.0,3.0,Aston Villa,0.5,0.6,58.0,42058.0,Cristiano Ronaldo,4-2-3-1,4-2-2-2,Anthony Taylor,Match Report,,2023,Manchester United
1609,20,2022-11-13,16:30,Premier League,Matchweek 16,Sun,Away,W,2.0,1.0,Fulham,2.5,1.4,47.0,24246.0,Bruno Fernandes,4-2-3-1,4-2-3-1,Paul Tierney,Match Report,,2023,Manchester United
1610,22,2022-12-27,20:00,Premier League,Matchweek 17,Tue,Home,W,3.0,0.0,Nott'ham Forest,2.4,0.7,65.0,73608.0,Bruno Fernandes,4-2-3-1,4-3-3,Anthony Taylor,Match Report,,2023,Manchester United
1611,23,2022-12-31,12:30,Premier League,Matchweek 18,Sat,Away,W,1.0,0.0,Wolves,2.0,0.7,54.0,31658.0,Bruno Fernandes,4-2-3-1,4-2-3-1,Robert Jones,Match Report,,2023,Manchester United
1612,24,2023-01-03,20:00,Premier League,Matchweek 19,Tue,Home,W,3.0,0.0,Bournemouth,2.2,0.6,58.0,73322.0,Harry Maguire,4-2-3-1,4-4-2,Michael Salisbury,Match Report,,2023,Manchester United
1613,27,2023-01-14,12:30,Premier League,Matchweek 20,Sat,Home,W,2.0,1.0,Manchester City,1.7,0.6,30.0,75546.0,Bruno Fernandes,4-2-3-1,4-3-3,Stuart Attwell,Match Report,,2023,Manchester United
1614,28,2023-01-18,20:00,Premier League,Matchweek 7,Wed,Away,D,1.0,1.0,Crystal Palace,2.1,0.5,60.0,23343.0,Bruno Fernandes,4-2-3-1,4-2-3-1,Robert Jones,Match Report,,2023,Manchester United
1615,29,2023-01-22,16:30,Premier League,Matchweek 21,Sun,Away,L,2.0,3.0,Arsenal,0.4,3.1,43.0,60325.0,Bruno Fernandes,4-2-3-1,4-3-3,Anthony Taylor,Match Report,,2023,Manchester United
1616,33,2023-02-04,15:00,Premier League,Matchweek 22,Sat,Home,W,2.0,1.0,Crystal Palace,2.0,1.3,52.0,73420.0,Bruno Fernandes,4-2-3-1,4-2-3-1,Andre Marriner,Match Report,,2023,Manchester United
1617,34,2023-02-08,20:00,Premier League,Matchweek 8,Wed,Home,D,2.0,2.0,Leeds United,2.0,0.6,66.0,73456.0,Bruno Fernandes,4-2-3-1,4-2-3-1,Simon Hooper,Match Report,,2023,Manchester United
1618,35,2023-02-12,14:00,Premier League,Matchweek 23,Sun,Away,W,2.0,0.0,Leeds United,1.1,1.8,66.0,36919.0,Harry Maguire,4-2-3-1,4-2-3-1,Paul Tierney,Match Report,,2023,Manchester United
1619,37,2023-02-19,14:00,Premier League,Matchweek 24,Sun,Home,W,3.0,0.0,Leicester City,4.4,1.6,57.0,73578.0,Bruno Fernandes,4-2-3-1,4-2-3-1,Stuart Attwell,Match Report,,2023,Manchester United
1620,41,2023-03-05,16:30,Premier League,Matchweek 26,Sun,Away,L,0.0,7.0,Liverpool,0.8,2.8,41.0,53001.0,Bruno Fernandes,4-2-3-1,4-3-3,Andy Madley,Match Report,,2023,Manchester United
1621,43,2023-03-12,14:00,Premier League,Matchweek 27,Sun,Home,D,0.0,0.0,Southampton,0.8,1.0,47.0,73439.0,Bruno Fernandes,4-1-4-1,4-2-3-1,Anthony Taylor,Match Report,,2023,Manchester United
1622,46,2023-04-02,16:30,Premier League,Matchweek 29,Sun,Away,L,0.0,2.0,Newcastle Utd,0.4,3.7,54.0,52268.0,Bruno Fernandes,4-2-3-1,4-3-3,Stuart Attwell,Match Report,,2023,Manchester United
1623,47,2023-04-05,20:00,Premier League,Matchweek 25,Wed,Home,W,1.0,0.0,Brentford,1.2,0.7,64.0,73309.0,Bruno Fernandes,4-2-3-1,5-3-2,John Brooks,Match Report,,2023,Manchester United
1624,48,2023-04-08,12:30,Premier League,Matchweek 30,Sat,Home,W,2.0,0.0,Everton,3.4,1.0,63.0,73509.0,Harry Maguire,4-2-3-1,4-4-2,Michael Oliver,Match Report,,2023,Manchester United
1625,50,2023-04-16,16:30,Premier League,Matchweek 31,Sun,Away,W,2.0,0.0,Nott'ham Forest,3.5,0.7,68.0,29435.0,Harry Maguire,4-2-3-1,3-4-1-2,Simon Hooper,Match Report,,2023,Manchester United
1626,53,2023-04-27,20:15,Premier League,Matchweek 33,Thu,Away,D,2.0,2.0,Tottenham,2.0,2.5,60.0,61586.0,Bruno Fernandes,4-2-3-1,3-4-3,Anthony Taylor,Match Report,,2023,Manchester United
1627,54,2023-04-30,14:00,Premier League,Matchweek 34,Sun,Home,W,1.0,0.0,Aston Villa,1.2,0.6,57.0,73592.0,Bruno Fernandes,4-1-4-1,4-2-3-1,Jarred Gillett,Match Report,,2023,Manchester United
1628,55,2023-05-04,20:00,Premier League,Matchweek 28,Thu,Away,L,0.0,1.0,Brighton,1.4,2.3,41.0,31577.0,Bruno Fernandes,4-3-3,4-2-3-1,Andre Marriner,Match Report,,2023,Manchester United
1629,56,2023-05-07,19:00,Premier League,Matchweek 35,Sun,Away,L,0.0,1.0,West Ham,1.2,1.3,65.0,62477.0,Bruno Fernandes,4-2-3-1,4-2-3-1,Peter Bankes,Match Report,,2023,Manchester United
1630,57,2023-05-13,15:00,Premier League,Matchweek 36,Sat,Home,W,2.0,0.0,Wolves,3.2,0.3,48.0,73570.0,Bruno Fernandes,4-2-3-1,4-4-2,John Brooks,Match Report,,2023,Manchester United
1631,58,2023-05-20,15:00,Premier League,Matchweek 37,Sat,Away,W,1.0,0.0,Bournemouth,1.4,1.0,59.0,10240.0,Bruno Fernandes,4-2-3-1,4-2-3-1,Chris Kavanagh,Match Report,,2023,Manchester United
1632,59,2023-05-25,20:00,Premier League,Matchweek 32,Thu,Home,W,4.0,1.0,Chelsea,5.2,1.9,42.0,73561.0,Bruno Fernandes,4-2-3-1,4-3-3,Stuart Attwell,Match Report,,2023,Manchester United
1633,60,2023-05-28,16:30,Premier League,Matchweek 38,Sun,Home,W,2.0,1.0,Fulham,2.9,1.8,53.0,73465.0,Harry Maguire,4-2-3-1,4-2-3-1,Robert Jones,Match Report,,2023,Manchester United
1634,0,2022-08-06,15:00,Premier League,Matchweek 1,Sat,Home,W,2.0,0.0,Nott'ham Forest,1.7,0.3,61.0,52245.0,Kieran Trippier,4-3-3,3-4-1-2,Simon Hooper,Match Report,,2023,Newcastle United
1635,1,2022-08-13,15:00,Premier League,Matchweek 2,Sat,Away,D,0.0,0.0,Brighton,0.2,1.5,46.0,31552.0,Kieran Trippier,4-3-3,3-4-1-2,Graham Scott,Match Report,,2023,Newcastle United
1636,2,2022-08-21,16:30,Premier League,Matchweek 3,Sun,Home,D,3.0,3.0,Manchester City,1.8,2.1,31.0,52258.0,Kieran Trippier,4-3-3,4-3-3,Jarred Gillett,Match Report,,2023,Newcastle United
1637,4,2022-08-28,14:00,Premier League,Matchweek 4,Sun,Away,D,1.0,1.0,Wolves,1.7,0.7,63.0,31311.0,Kieran Trippier,4-3-3,4-3-3,Peter Bankes,Match Report,,2023,Newcastle United
1638,5,2022-08-31,20:00,Premier League,Matchweek 5,Wed,Away,L,1.0,2.0,Liverpool,0.7,1.5,28.0,53316.0,Jamaal Lascelles,4-3-3,4-3-3,Andre Marriner,Match Report,,2023,Newcastle United
1639,6,2022-09-03,15:00,Premier League,Matchweek 6,Sat,Home,D,0.0,0.0,Crystal Palace,2.8,1.0,52.0,51863.0,Kieran Trippier,4-3-3,4-3-3,Michael Salisbury,Match Report,,2023,Newcastle United
1640,7,2022-09-17,15:00,Premier League,Matchweek 8,Sat,Home,D,1.0,1.0,Bournemouth,1.9,0.7,72.0,52238.0,Kieran Trippier,4-3-3,4-2-3-1,Craig Pawson,Match Report,,2023,Newcastle United
1641,8,2022-10-01,15:00,Premier League,Matchweek 9,Sat,Away,W,4.0,1.0,Fulham,3.3,0.5,67.0,22913.0,Kieran Trippier,4-3-3,4-2-3-1,Darren England,Match Report,,2023,Newcastle United
1642,9,2022-10-08,15:00,Premier League,Matchweek 10,Sat,Home,W,5.0,1.0,Brentford,1.5,1.2,54.0,52067.0,Kieran Trippier,4-3-3,3-5-2,John Brooks,Match Report,,2023,Newcastle United
1643,10,2022-10-16,14:00,Premier League,Matchweek 11,Sun,Away,D,0.0,0.0,Manchester Utd,0.8,0.8,37.0,73726.0,Kieran Trippier,4-3-3,4-2-3-1,Craig Pawson,Match Report,,2023,Newcastle United
1644,11,2022-10-19,19:30,Premier League,Matchweek 12,Wed,Home,W,1.0,0.0,Everton,1.5,0.2,49.0,52247.0,Kieran Trippier,4-3-3,4-3-3,Tony Harrington,Match Report,,2023,Newcastle United
1645,12,2022-10-23,16:30,Premier League,Matchweek 13,Sun,Away,W,2.0,1.0,Tottenham,1.2,1.6,47.0,61726.0,Kieran Trippier,4-3-3,3-5-2,Jarred Gillett,Match Report,,2023,Newcastle United
1646,13,2022-10-29,15:00,Premier League,Matchweek 14,Sat,Home,W,4.0,0.0,Aston Villa,3.4,0.4,59.0,52233.0,Kieran Trippier,4-3-3,4-2-3-1,Paul Tierney,Match Report,,2023,Newcastle United
1647,14,2022-11-06,14:00,Premier League,Matchweek 15,Sun,Away,W,4.0,1.0,Southampton,0.9,1.7,45.0,30402.0,Kieran Trippier,4-3-3,4-2-3-1,Stuart Attwell,Match Report,,2023,Newcastle United
1648,16,2022-11-12,17:30,Premier League,Matchweek 16,Sat,Home,W,1.0,0.0,Chelsea,1.0,0.3,49.0,52264.0,Kieran Trippier,4-3-3,3-4-3,Robert Jones,Match Report,,2023,Newcastle United
1649,18,2022-12-26,15:00,Premier League,Matchweek 17,Mon,Away,W,3.0,0.0,Leicester City,1.9,0.5,40.0,32185.0,Kieran Trippier,4-3-3,4-2-3-1,Jarred Gillett,Match Report,,2023,Newcastle United
1650,19,2022-12-31,15:00,Premier League,Matchweek 18,Sat,Home,D,0.0,0.0,Leeds United,2.2,0.4,60.0,52211.0,Kieran Trippier,4-3-3,4-2-3-1,Simon Hooper,Match Report,,2023,Newcastle United
1651,20,2023-01-03,19:45,Premier League,Matchweek 19,Tue,Away,D,0.0,0.0,Arsenal,1.0,1.1,34.0,60319.0,Kieran Trippier,4-3-3,4-3-3,Andy Madley,Match Report,,2023,Newcastle United
1652,23,2023-01-15,14:00,Premier League,Matchweek 20,Sun,Home,W,1.0,0.0,Fulham,2.2,1.1,62.0,52247.0,Kieran Trippier,4-3-3,4-2-3-1,Robert Jones,Match Report,,2023,Newcastle United
1653,24,2023-01-21,17:30,Premier League,Matchweek 21,Sat,Away,D,0.0,0.0,Crystal Palace,1.2,0.3,60.0,25350.0,Kieran Trippier,4-3-3,4-2-3-1,Craig Pawson,Match Report,,2023,Newcastle United
1654,27,2023-02-04,17:30,Premier League,Matchweek 22,Sat,Home,D,1.0,1.0,West Ham,1.0,1.0,62.0,52256.0,Kieran Trippier,4-3-3,3-4-3,Peter Bankes,Match Report,,2023,Newcastle United
1655,28,2023-02-11,17:30,Premier League,Matchweek 23,Sat,Away,D,1.0,1.0,Bournemouth,1.3,1.5,66.0,10419.0,Kieran Trippier,4-3-3,4-4-1-1,Stuart Attwell,Match Report,,2023,Newcastle United
1656,29,2023-02-18,17:30,Premier League,Matchweek 24,Sat,Home,L,0.0,2.0,Liverpool,2.0,1.9,38.0,52758.0,Kieran Trippier,4-3-3,4-3-3,Anthony Taylor,Match Report,,2023,Newcastle United
1657,31,2023-03-04,12:30,Premier League,Matchweek 26,Sat,Away,L,0.0,2.0,Manchester City,0.4,1.3,44.0,53419.0,Jamaal Lascelles,4-3-3,4-2-3-1,Simon Hooper,Match Report,,2023,Newcastle United
1658,32,2023-03-12,16:30,Premier League,Matchweek 27,Sun,Home,W,2.0,1.0,Wolves,1.8,1.1,43.0,52240.0,Kieran Trippier,4-3-3,4-2-3-1,Andy Madley,Match Report,,2023,Newcastle United
1659,33,2023-03-17,20:00,Premier League,Matchweek 28,Fri,Away,W,2.0,1.0,Nott'ham Forest,2.4,0.4,61.0,29362.0,Kieran Trippier,4-3-3,4-2-3-1,Paul Tierney,Match Report,,2023,Newcastle United
1660,34,2023-04-02,16:30,Premier League,Matchweek 29,Sun,Home,W,2.0,0.0,Manchester Utd,3.7,0.4,46.0,52268.0,Kieran Trippier,4-3-3,4-2-3-1,Stuart Attwell,Match Report,,2023,Newcastle United
1661,35,2023-04-05,20:00,Premier League,Matchweek 7,Wed,Away,W,5.0,1.0,West Ham,3.3,1.0,58.0,62481.0,Kieran Trippier,4-3-3,4-2-3-1,Craig Pawson,Match Report,,2023,Newcastle United
1662,36,2023-04-08,15:00,Premier League,Matchweek 30,Sat,Away,W,2.0,1.0,Brentford,1.3,2.6,58.0,17107.0,Kieran Trippier,4-3-3,5-3-2,Chris Kavanagh,Match Report,,2023,Newcastle United
1663,37,2023-04-15,12:30,Premier League,Matchweek 31,Sat,Away,L,0.0,3.0,Aston Villa,0.5,1.9,48.0,42055.0,Kieran Trippier,4-3-3,4-2-3-1,John Brooks,Match Report,,2023,Newcastle United
1664,38,2023-04-23,14:00,Premier League,Matchweek 32,Sun,Home,W,6.0,1.0,Tottenham,3.7,1.0,56.0,52252.0,Kieran Trippier,4-3-3,4-3-3,David Coote,Match Report,,2023,Newcastle United
1665,39,2023-04-27,19:45,Premier League,Matchweek 33,Thu,Away,W,4.0,1.0,Everton,2.4,0.9,60.0,39248.0,Kieran Trippier,4-3-3,4-3-3,Andre Marriner,Match Report,,2023,Newcastle United
1666,40,2023-04-30,14:00,Premier League,Matchweek 34,Sun,Home,W,3.0,1.0,Southampton,4.3,0.8,63.0,52234.0,Kieran Trippier,4-3-3,4-4-2,Anthony Taylor,Match Report,,2023,Newcastle United
1667,41,2023-05-07,16:30,Premier League,Matchweek 35,Sun,Home,L,0.0,2.0,Arsenal,1.3,1.3,55.0,50267.0,Kieran Trippier,4-3-3,4-3-3,Chris Kavanagh,Match Report,,2023,Newcastle United
1668,42,2023-05-13,12:30,Premier League,Matchweek 36,Sat,Away,D,2.0,2.0,Leeds United,2.3,2.0,64.0,36955.0,Kieran Trippier,4-3-3,4-3-3,Simon Hooper,Match Report,,2023,Newcastle United
1669,43,2023-05-18,19:30,Premier League,Matchweek 25,Thu,Home,W,4.0,1.0,Brighton,3.6,0.5,35.0,52122.0,Kieran Trippier,4-3-3,4-2-3-1,Robert Jones,Match Report,,2023,Newcastle United
1670,44,2023-05-22,20:00,Premier League,Matchweek 37,Mon,Home,D,0.0,0.0,Leicester City,2.1,0.1,77.0,52152.0,Kieran Trippier,4-3-3,5-3-2,Andre Marriner,Match Report,,2023,Newcastle United
1671,45,2023-05-28,16:30,Premier League,Matchweek 38,Sun,Away,D,1.0,1.0,Chelsea,1.7,2.2,36.0,40130.0,Kieran Trippier,4-3-3,4-2-3-1,Jarred Gillett,Match Report,,2023,Newcastle United
1672,1,2022-08-06,12:30,Premier League,Matchweek 1,Sat,Away,D,2.0,2.0,Fulham,1.2,1.2,67.0,22207.0,Jordan Henderson,4-3-3,4-2-3-1,Andy Madley,Match Report,,2023,Liverpool
1673,2,2022-08-15,20:00,Premier League,Matchweek 2,Mon,Home,D,1.0,1.0,Crystal Palace,2.0,1.0,72.0,52970.0,James Milner,4-3-3,5-4-1,Paul Tierney,Match Report,,2023,Liverpool
1674,3,2022-08-22,20:00,Premier League,Matchweek 3,Mon,Away,L,1.0,2.0,Manchester Utd,1.3,1.8,70.0,74147.0,Jordan Henderson,4-3-3,4-2-3-1,Michael Oliver,Match Report,,2023,Liverpool
1675,4,2022-08-27,15:00,Premier League,Matchweek 4,Sat,Home,W,9.0,0.0,Bournemouth,3.3,0.3,69.0,53328.0,Jordan Henderson,4-3-3,4-2-3-1,Stuart Attwell,Match Report,,2023,Liverpool
1676,5,2022-08-31,20:00,Premier League,Matchweek 5,Wed,Home,W,2.0,1.0,Newcastle Utd,1.5,0.7,72.0,53316.0,Jordan Henderson,4-3-3,4-3-3,Andre Marriner,Match Report,,2023,Liverpool
1677,6,2022-09-03,12:30,Premier League,Matchweek 6,Sat,Away,D,0.0,0.0,Everton,2.1,1.7,61.0,39240.0,Virgil van Dijk,4-3-3,4-3-3,Anthony Taylor,Match Report,,2023,Liverpool
1678,9,2022-10-01,15:00,Premier League,Matchweek 9,Sat,Home,D,3.0,3.0,Brighton,1.5,1.4,54.0,53320.0,Jordan Henderson,4-3-3,3-4-3,Andy Madley,Match Report,,2023,Liverpool
1679,11,2022-10-09,16:30,Premier League,Matchweek 10,Sun,Away,L,2.0,3.0,Arsenal,1.1,2.7,57.0,60059.0,Jordan Henderson,4-2-3-1,4-3-3,Michael Oliver,Match Report,,2023,Liverpool
1680,13,2022-10-16,16:30,Premier League,Matchweek 11,Sun,Home,W,1.0,0.0,Manchester City,2.1,1.0,37.0,53286.0,James Milner,4-2-3-1,3-4-3,Anthony Taylor,Match Report,,2023,Liverpool
1681,14,2022-10-19,19:30,Premier League,Matchweek 12,Wed,Home,W,1.0,0.0,West Ham,1.7,1.7,54.0,52982.0,Jordan Henderson,4-4-2,4-4-2,Stuart Attwell,Match Report,,2023,Liverpool
1682,15,2022-10-22,12:30,Premier League,Matchweek 13,Sat,Away,L,0.0,1.0,Nott'ham Forest,1.6,1.9,75.0,29245.0,James Milner,4-4-2,4-3-3,Paul Tierney,Match Report,,2023,Liverpool
1683,17,2022-10-29,19:45,Premier League,Matchweek 14,Sat,Home,L,1.0,2.0,Leeds United,1.7,1.8,68.0,53274.0,Virgil van Dijk,4-1-2-1-2◆,4-2-3-1,Michael Oliver,Match Report,,2023,Liverpool
1684,19,2022-11-06,16:30,Premier League,Matchweek 15,Sun,Away,W,2.0,1.0,Tottenham,1.2,1.2,53.0,62008.0,Virgil van Dijk,4-1-2-1-2◆,5-3-2,Andy Madley,Match Report,,2023,Liverpool
1685,21,2022-11-12,15:00,Premier League,Matchweek 16,Sat,Home,W,3.0,1.0,Southampton,1.9,1.1,60.0,53331.0,Virgil van Dijk,4-3-3,5-3-2,Simon Hooper,Match Report,,2023,Liverpool
1686,23,2022-12-26,17:30,Premier League,Matchweek 17,Mon,Away,W,3.0,1.0,Aston Villa,2.7,1.4,52.0,42085.0,Jordan Henderson,4-3-3,4-4-2,Paul Tierney,Match Report,,2023,Liverpool
1687,24,2022-12-30,20:00,Premier League,Matchweek 18,Fri,Home,W,2.0,1.0,Leicester City,2.2,1.0,57.0,53343.0,Jordan Henderson,4-3-3,4-2-3-1,Craig Pawson,Match Report,,2023,Liverpool
1688,25,2023-01-02,17:30,Premier League,Matchweek 19,Mon,Away,L,1.0,3.0,Brentford,0.9,1.6,72.0,17163.0,Virgil van Dijk,4-3-3,3-5-2,Stuart Attwell,Match Report,,2023,Liverpool
1689,27,2023-01-14,15:00,Premier League,Matchweek 20,Sat,Away,L,0.0,3.0,Brighton,1.0,1.9,39.0,31645.0,Jordan Henderson,4-1-2-1-2◆,4-2-3-1,Darren England,Match Report,,2023,Liverpool
1690,29,2023-01-21,12:30,Premier League,Matchweek 21,Sat,Home,D,0.0,0.0,Chelsea,1.4,1.6,48.0,53126.0,James Milner,4-3-3,3-4-3,Michael Oliver,Match Report,,2023,Liverpool
1691,31,2023-02-04,15:00,Premier League,Matchweek 22,Sat,Away,L,0.0,3.0,Wolves,1.8,2.0,59.0,31664.0,Andrew Robertson,4-3-3,4-4-2,Paul Tierney,Match Report,,2023,Liverpool
1692,32,2023-02-13,20:00,Premier League,Matchweek 23,Mon,Home,W,2.0,0.0,Everton,2.3,0.4,59.0,53027.0,Jordan Henderson,4-3-3,4-5-1,Simon Hooper,Match Report,,2023,Liverpool
1693,33,2023-02-18,17:30,Premier League,Matchweek 24,Sat,Away,W,2.0,0.0,Newcastle Utd,1.9,2.0,62.0,52758.0,Jordan Henderson,4-3-3,4-3-3,Anthony Taylor,Match Report,,2023,Liverpool
1694,35,2023-02-25,19:45,Premier League,Matchweek 25,Sat,Away,D,0.0,0.0,Crystal Palace,0.9,0.7,63.0,25842.0,Jordan Henderson,4-3-3,4-2-3-1,Darren England,Match Report,,2023,Liverpool
1695,36,2023-03-01,20:00,Premier League,Matchweek 7,Wed,Home,W,2.0,0.0,Wolves,2.6,0.8,57.0,53259.0,Virgil van Dijk,4-3-3,4-2-3-1,Paul Tierney,Match Report,,2023,Liverpool
1696,37,2023-03-05,16:30,Premier League,Matchweek 26,Sun,Home,W,7.0,0.0,Manchester Utd,2.8,0.8,59.0,53001.0,Jordan Henderson,4-3-3,4-2-3-1,Andy Madley,Match Report,,2023,Liverpool
1697,38,2023-03-11,12:30,Premier League,Matchweek 27,Sat,Away,L,0.0,1.0,Bournemouth,1.7,0.9,69.0,10536.0,Virgil van Dijk,4-3-3,4-4-1-1,John Brooks,Match Report,,2023,Liverpool
1698,40,2023-04-01,12:30,Premier League,Matchweek 29,Sat,Away,L,1.0,4.0,Manchester City,0.3,2.9,32.0,52877.0,Jordan Henderson,4-3-3,3-2-4-1,Simon Hooper,Match Report,,2023,Liverpool
1699,41,2023-04-04,20:00,Premier League,Matchweek 8,Tue,Away,D,0.0,0.0,Chelsea,0.3,2.2,51.0,40093.0,Jordan Henderson,4-3-3,3-5-2,Anthony Taylor,Match Report,,2023,Liverpool
1700,42,2023-04-09,16:30,Premier League,Matchweek 30,Sun,Home,D,2.0,2.0,Arsenal,3.9,1.4,59.0,53267.0,Jordan Henderson,4-3-3,4-3-3,Paul Tierney,Match Report,,2023,Liverpool
1701,43,2023-04-17,20:00,Premier League,Matchweek 31,Mon,Away,W,6.0,1.0,Leeds United,2.7,1.4,73.0,36657.0,Jordan Henderson,4-3-3,4-2-3-1,Craig Pawson,Match Report,,2023,Liverpool
1702,44,2023-04-22,15:00,Premier League,Matchweek 32,Sat,Home,W,3.0,2.0,Nott'ham Forest,2.8,0.9,80.0,53254.0,Jordan Henderson,4-3-3,3-4-3,Michael Oliver,Match Report,,2023,Liverpool
1703,45,2023-04-26,19:45,Premier League,Matchweek 33,Wed,Away,W,2.0,1.0,West Ham,1.9,0.8,72.0,62473.0,Jordan Henderson,4-3-3,4-2-3-1,Chris Kavanagh,Match Report,,2023,Liverpool
1704,46,2023-04-30,16:30,Premier League,Matchweek 34,Sun,Home,W,4.0,3.0,Tottenham,2.2,2.0,67.0,53275.0,Virgil van Dijk,4-3-3,3-4-3,Paul Tierney,Match Report,,2023,Liverpool
1705,47,2023-05-03,20:00,Premier League,Matchweek 28,Wed,Home,W,1.0,0.0,Fulham,1.8,0.9,57.0,52602.0,Jordan Henderson,4-3-3,4-2-3-1,Stuart Attwell,Match Report,,2023,Liverpool
1706,48,2023-05-06,17:30,Premier League,Matchweek 35,Sat,Home,W,1.0,0.0,Brentford,2.2,0.2,54.0,52838.0,Virgil van Dijk,4-3-3,5-3-2,Anthony Taylor,Match Report,,2023,Liverpool
1707,49,2023-05-15,20:00,Premier League,Matchweek 36,Mon,Away,W,3.0,0.0,Leicester City,2.2,0.4,66.0,32225.0,Jordan Henderson,4-3-3,4-2-3-1,Craig Pawson,Match Report,,2023,Liverpool
1708,50,2023-05-20,15:00,Premier League,Matchweek 37,Sat,Home,D,1.0,1.0,Aston Villa,0.7,1.3,66.0,53306.0,Jordan Henderson,4-3-3,4-2-3-1,John Brooks,Match Report,,2023,Liverpool
1709,51,2023-05-28,16:30,Premier League,Matchweek 38,Sun,Away,D,4.0,4.0,Southampton,4.0,1.8,69.0,31129.0,James Milner,4-3-3,4-2-3-1,Darren England,Match Report,,2023,Liverpool
1710,0,2022-08-07,14:00,Premier League,Matchweek 1,Sun,Away,W,2.0,1.0,Manchester Utd,1.5,1.4,38.0,73711.0,Lewis Dunk,3-3-3-1,4-3-3,Paul Tierney,Match Report,,2023,Brighton and Hove Albion
1711,1,2022-08-13,15:00,Premier League,Matchweek 2,Sat,Home,D,0.0,0.0,Newcastle Utd,1.5,0.2,54.0,31552.0,Lewis Dunk,3-4-1-2,4-3-3,Graham Scott,Match Report,,2023,Brighton and Hove Albion
1712,2,2022-08-21,14:00,Premier League,Matchweek 3,Sun,Away,W,2.0,0.0,West Ham,1.7,0.8,50.0,62449.0,Lewis Dunk,3-5-1-1,4-2-3-1,Anthony Taylor,Match Report,,2023,Brighton and Hove Albion
1713,4,2022-08-27,15:00,Premier League,Matchweek 4,Sat,Home,W,1.0,0.0,Leeds United,2.0,1.8,44.0,30953.0,Lewis Dunk,4-4-2,4-2-3-1,Michael Salisbury,Match Report,,2023,Brighton and Hove Albion
1714,5,2022-08-30,19:30,Premier League,Matchweek 5,Tue,Away,L,1.0,2.0,Fulham,1.4,0.7,61.0,22224.0,Lewis Dunk,3-5-2,4-2-3-1,Thomas Bramall,Match Report,,2023,Brighton and Hove Albion
1715,6,2022-09-04,14:00,Premier League,Matchweek 6,Sun,Home,W,5.0,2.0,Leicester City,2.6,1.4,53.0,31185.0,Lewis Dunk,3-5-2,4-4-2,Tony Harrington,Match Report,,2023,Brighton and Hove Albion
1716,7,2022-10-01,15:00,Premier League,Matchweek 9,Sat,Away,D,3.0,3.0,Liverpool,1.4,1.5,46.0,53320.0,Lewis Dunk,3-4-3,4-3-3,Andy Madley,Match Report,,2023,Brighton and Hove Albion
1717,8,2022-10-08,17:30,Premier League,Matchweek 10,Sat,Home,L,0.0,1.0,Tottenham,0.7,0.8,59.0,31498.0,Lewis Dunk,3-4-3,3-5-2,Tony Harrington,Match Report,,2023,Brighton and Hove Albion
1718,9,2022-10-14,20:00,Premier League,Matchweek 11,Fri,Away,L,0.0,2.0,Brentford,1.9,1.5,72.0,17016.0,Lewis Dunk,4-4-2,4-3-3,Michael Salisbury,Match Report,,2023,Brighton and Hove Albion
1719,10,2022-10-18,19:30,Premier League,Matchweek 12,Tue,Home,D,0.0,0.0,Nott'ham Forest,1.7,0.1,70.0,31463.0,Lewis Dunk,3-4-3,4-3-3,Darren England,Match Report,,2023,Brighton and Hove Albion
1720,11,2022-10-22,15:00,Premier League,Matchweek 13,Sat,Away,L,1.0,3.0,Manchester City,0.5,1.6,52.0,53223.0,Lewis Dunk,3-4-1-2,4-3-3,Craig Pawson,Match Report,,2023,Brighton and Hove Albion
1721,12,2022-10-29,15:00,Premier League,Matchweek 14,Sat,Home,W,4.0,1.0,Chelsea,2.4,1.4,41.0,31746.0,Lewis Dunk,4-2-3-1,3-4-3,Andy Madley,Match Report,,2023,Brighton and Hove Albion
1722,13,2022-11-05,15:00,Premier League,Matchweek 15,Sat,Away,W,3.0,2.0,Wolves,1.5,1.2,71.0,30732.0,Lewis Dunk,4-2-3-1,4-3-3,Graham Scott,Match Report,,2023,Brighton and Hove Albion
1723,15,2022-11-13,14:00,Premier League,Matchweek 16,Sun,Home,L,1.0,2.0,Aston Villa,0.6,1.5,65.0,31581.0,Lewis Dunk,4-2-3-1,4-4-2,Chris Kavanagh,Match Report,,2023,Brighton and Hove Albion
1724,17,2022-12-26,15:00,Premier League,Matchweek 17,Mon,Away,W,3.0,1.0,Southampton,0.6,1.9,66.0,31010.0,Lewis Dunk,4-2-3-1,4-2-3-1,Robert Jones,Match Report,,2023,Brighton and Hove Albion
1725,18,2022-12-31,17:30,Premier League,Matchweek 18,Sat,Home,L,2.0,4.0,Arsenal,1.2,2.9,68.0,31647.0,Lewis Dunk,4-2-3-1,4-3-3,Anthony Taylor,Match Report,,2023,Brighton and Hove Albion
1726,19,2023-01-03,19:45,Premier League,Matchweek 19,Tue,Away,W,4.0,1.0,Everton,2.2,1.3,51.0,39103.0,Lewis Dunk,4-2-3-1,4-3-3,Andre Marriner,Match Report,,2023,Brighton and Hove Albion
1727,21,2023-01-14,15:00,Premier League,Matchweek 20,Sat,Home,W,3.0,0.0,Liverpool,1.9,1.0,61.0,31645.0,Lewis Dunk,4-2-3-1,4-1-2-1-2,Darren England,Match Report,,2023,Brighton and Hove Albion
1728,22,2023-01-21,15:00,Premier League,Matchweek 21,Sat,Away,D,2.0,2.0,Leicester City,1.7,0.9,63.0,32056.0,Lewis Dunk,4-2-3-1,4-4-2,Thomas Bramall,Match Report,,2023,Brighton and Hove Albion
1729,24,2023-02-04,15:00,Premier League,Matchweek 22,Sat,Home,W,1.0,0.0,Bournemouth,2.2,1.1,71.0,31600.0,Lewis Dunk,3-4-3,4-4-1-1,Craig Pawson,Match Report,,2023,Brighton and Hove Albion
1730,25,2023-02-11,15:00,Premier League,Matchweek 23,Sat,Away,D,1.0,1.0,Crystal Palace,2.5,1.1,73.0,24827.0,Lewis Dunk,4-2-3-1,4-4-2,Michael Oliver,Match Report,,2023,Brighton and Hove Albion
1731,26,2023-02-18,15:00,Premier League,Matchweek 24,Sat,Home,L,0.0,1.0,Fulham,2.2,0.3,65.0,31619.0,Lewis Dunk,4-2-3-1,4-2-3-1,Darren England,Match Report,,2023,Brighton and Hove Albion
1732,28,2023-03-04,15:00,Premier League,Matchweek 26,Sat,Home,W,4.0,0.0,West Ham,3.5,0.3,65.0,31523.0,Lewis Dunk,4-2-3-1,4-2-3-1,Stuart Attwell,Match Report,,2023,Brighton and Hove Albion
1733,29,2023-03-11,15:00,Premier League,Matchweek 27,Sat,Away,D,2.0,2.0,Leeds United,2.7,0.9,62.0,36471.0,Lewis Dunk,4-2-3-1,4-2-3-1,Paul Tierney,Match Report,,2023,Brighton and Hove Albion
1734,30,2023-03-15,19:30,Premier League,Matchweek 8,Wed,Home,W,1.0,0.0,Crystal Palace,0.6,1.1,57.0,30933.0,Lewis Dunk,4-2-3-1,4-3-3,Peter Bankes,Match Report,,2023,Brighton and Hove Albion
1735,32,2023-04-01,15:00,Premier League,Matchweek 29,Sat,Home,D,3.0,3.0,Brentford,4.2,1.6,72.0,31493.0,Lewis Dunk,4-2-3-1,5-3-2,Michael Oliver,Match Report,,2023,Brighton and Hove Albion
1736,33,2023-04-04,19:45,Premier League,Matchweek 7,Tue,Away,W,2.0,0.0,Bournemouth,2.7,1.7,63.0,10266.0,Lewis Dunk,4-2-3-1,4-4-1-1,Darren Bond,Match Report,,2023,Brighton and Hove Albion
1737,34,2023-04-08,15:00,Premier League,Matchweek 30,Sat,Away,L,1.0,2.0,Tottenham,1.4,0.8,65.0,61405.0,Lewis Dunk,4-2-3-1,3-4-3,Stuart Attwell,Match Report,,2023,Brighton and Hove Albion
1738,35,2023-04-15,15:00,Premier League,Matchweek 31,Sat,Away,W,2.0,1.0,Chelsea,2.9,0.5,57.0,40126.0,Lewis Dunk,4-2-3-1,4-2-3-1,Robert Jones,Match Report,,2023,Brighton and Hove Albion
1739,37,2023-04-26,19:30,Premier League,Matchweek 33,Wed,Away,L,1.0,3.0,Nott'ham Forest,2.3,2.4,74.0,28808.0,Lewis Dunk,4-2-3-1,3-4-3,Jarred Gillett,Match Report,,2023,Brighton and Hove Albion
1740,38,2023-04-29,15:00,Premier League,Matchweek 34,Sat,Home,W,6.0,0.0,Wolves,3.3,0.8,57.0,31584.0,Lewis Dunk,4-2-3-1,4-4-2,David Coote,Match Report,,2023,Brighton and Hove Albion
1741,39,2023-05-04,20:00,Premier League,Matchweek 28,Thu,Home,W,1.0,0.0,Manchester Utd,2.3,1.4,59.0,31577.0,Lewis Dunk,4-2-3-1,4-3-3,Andre Marriner,Match Report,,2023,Brighton and Hove Albion
1742,40,2023-05-08,17:30,Premier League,Matchweek 35,Mon,Home,L,1.0,5.0,Everton,3.2,2.3,78.0,31567.0,Lewis Dunk,4-2-3-1,4-2-3-1,Simon Hooper,Match Report,,2023,Brighton and Hove Albion
1743,41,2023-05-14,16:30,Premier League,Matchweek 36,Sun,Away,W,3.0,0.0,Arsenal,1.7,0.9,59.0,60139.0,Lewis Dunk,4-2-3-1,4-3-3,Andy Madley,Match Report,,2023,Brighton and Hove Albion
1744,42,2023-05-18,19:30,Premier League,Matchweek 25,Thu,Away,L,1.0,4.0,Newcastle Utd,0.5,3.6,65.0,52122.0,Lewis Dunk,4-2-3-1,4-3-3,Robert Jones,Match Report,,2023,Brighton and Hove Albion
1745,43,2023-05-21,14:00,Premier League,Matchweek 37,Sun,Home,W,3.0,1.0,Southampton,2.5,0.6,63.0,31507.0,Lewis Dunk,4-2-3-1,4-1-4-1,Paul Tierney,Match Report,,2023,Brighton and Hove Albion
1746,44,2023-05-24,20:00,Premier League,Matchweek 32,Wed,Home,D,1.0,1.0,Manchester City,2.2,1.8,40.0,31388.0,Pascal Groß,4-2-3-1,4-3-3,Simon Hooper,Match Report,,2023,Brighton and Hove Albion
1747,45,2023-05-28,16:30,Premier League,Matchweek 38,Sun,Away,L,1.0,2.0,Aston Villa,1.4,2.8,59.0,,Pascal Groß,4-4-2,4-2-3-1,David Coote,Match Report,,2023,Brighton and Hove Albion
1748,0,2022-08-06,15:00,Premier League,Matchweek 1,Sat,Away,L,0.0,2.0,Bournemouth,0.7,0.6,65.0,11013.0,John McGinn,4-3-3,3-4-3,Peter Bankes,Match Report,,2023,Aston Villa
1749,1,2022-08-13,12:30,Premier League,Matchweek 2,Sat,Home,W,2.0,1.0,Everton,2.3,1.6,57.0,41883.0,John McGinn,4-1-2-1-2◆,3-4-3,Michael Oliver,Match Report,,2023,Aston Villa
1750,2,2022-08-20,15:00,Premier League,Matchweek 3,Sat,Away,L,1.0,3.0,Crystal Palace,0.9,2.6,49.0,22012.0,John McGinn,4-3-3,4-3-3,Andy Madley,Match Report,,2023,Aston Villa
1751,4,2022-08-28,14:00,Premier League,Matchweek 4,Sun,Home,L,0.0,1.0,West Ham,0.5,0.6,58.0,41796.0,John McGinn,4-3-1-2,3-5-2,David Coote,Match Report,,2023,Aston Villa
1752,5,2022-08-31,19:30,Premier League,Matchweek 5,Wed,Away,L,1.0,2.0,Arsenal,0.4,2.4,41.0,60012.0,John McGinn,4-3-3,4-3-3,Robert Jones,Match Report,,2023,Aston Villa
1753,6,2022-09-03,17:30,Premier League,Matchweek 6,Sat,Home,D,1.0,1.0,Manchester City,0.3,2.1,29.0,41830.0,John McGinn,4-3-2-1,4-3-3,Simon Hooper,Match Report,,2023,Aston Villa
1754,7,2022-09-16,20:00,Premier League,Matchweek 8,Fri,Home,W,1.0,0.0,Southampton,1.5,0.3,53.0,40758.0,John McGinn,4-3-2-1,4-2-3-1,Tony Harrington,Match Report,,2023,Aston Villa
1755,8,2022-10-02,16:30,Premier League,Matchweek 9,Sun,Away,D,0.0,0.0,Leeds United,2.2,0.4,56.0,36582.0,John McGinn,4-3-3,4-2-3-1,Stuart Attwell,Match Report,,2023,Aston Villa
1756,9,2022-10-10,20:00,Premier League,Matchweek 10,Mon,Away,D,1.0,1.0,Nott'ham Forest,0.7,0.3,60.0,29208.0,John McGinn,4-3-3,4-3-3,Anthony Taylor,Match Report,,2023,Aston Villa
1757,10,2022-10-16,14:00,Premier League,Matchweek 11,Sun,Home,L,0.0,2.0,Chelsea,1.8,0.9,42.0,41754.0,John McGinn,4-3-3,3-4-3,Robert Jones,Match Report,,2023,Aston Villa
1758,11,2022-10-20,19:30,Premier League,Matchweek 12,Thu,Away,L,0.0,3.0,Fulham,1.2,2.1,40.0,23508.0,John McGinn,4-3-2-1,4-2-3-1,Michael Oliver,Match Report,,2023,Aston Villa
1759,12,2022-10-23,14:00,Premier League,Matchweek 13,Sun,Home,W,4.0,0.0,Brentford,2.8,0.9,45.0,41693.0,Emiliano Martínez,4-2-3-1,3-5-2,Darren England,Match Report,,2023,Aston Villa
1760,13,2022-10-29,15:00,Premier League,Matchweek 14,Sat,Away,L,0.0,4.0,Newcastle Utd,0.4,3.4,41.0,52233.0,Emiliano Martínez,4-2-3-1,4-3-3,Paul Tierney,Match Report,,2023,Aston Villa
1761,14,2022-11-06,14:00,Premier League,Matchweek 15,Sun,Home,W,3.0,1.0,Manchester Utd,0.6,0.5,42.0,42058.0,Emiliano Martínez,4-2-2-2,4-2-3-1,Anthony Taylor,Match Report,,2023,Aston Villa
1762,16,2022-11-13,14:00,Premier League,Matchweek 16,Sun,Away,W,2.0,1.0,Brighton,1.5,0.6,35.0,31581.0,John McGinn,4-4-2,4-2-3-1,Chris Kavanagh,Match Report,,2023,Aston Villa
1763,17,2022-12-26,17:30,Premier League,Matchweek 17,Mon,Home,L,1.0,3.0,Liverpool,1.4,2.7,48.0,42085.0,John McGinn,4-4-2,4-3-3,Paul Tierney,Match Report,,2023,Aston Villa
1764,18,2023-01-01,14:00,Premier League,Matchweek 18,Sun,Away,W,2.0,0.0,Tottenham,1.0,0.7,41.0,61651.0,John McGinn,4-4-2,3-4-3,John Brooks,Match Report,,2023,Aston Villa
1765,19,2023-01-04,20:00,Premier League,Matchweek 19,Wed,Home,D,1.0,1.0,Wolves,1.8,0.9,56.0,39978.0,Ashley Young,4-4-2,4-2-3-1,Jarred Gillett,Match Report,,2023,Aston Villa
1766,21,2023-01-13,20:00,Premier League,Matchweek 20,Fri,Home,W,2.0,1.0,Leeds United,1.2,2.4,52.0,42008.0,Emiliano Martínez,4-4-2,4-2-3-1,Michael Oliver,Match Report,,2023,Aston Villa
1767,22,2023-01-21,15:00,Premier League,Matchweek 21,Sat,Away,W,1.0,0.0,Southampton,1.4,0.6,63.0,30158.0,Emiliano Martínez,4-4-2,4-2-3-1,Michael Salisbury,Match Report,,2023,Aston Villa
1768,23,2023-02-04,15:00,Premier League,Matchweek 22,Sat,Home,L,2.0,4.0,Leicester City,1.7,2.6,62.0,42055.0,Emiliano Martínez,4-4-2,4-2-3-1,Darren England,Match Report,,2023,Aston Villa
1769,24,2023-02-12,16:30,Premier League,Matchweek 23,Sun,Away,L,1.0,3.0,Manchester City,0.3,3.3,33.0,53392.0,Emiliano Martínez,4-4-2,3-2-4-1,Robert Jones,Match Report,,2023,Aston Villa
1770,25,2023-02-18,12:30,Premier League,Matchweek 24,Sat,Home,L,2.0,4.0,Arsenal,0.5,3.2,33.0,42066.0,John McGinn,4-4-2,4-3-3,Simon Hooper,Match Report,,2023,Aston Villa
1771,26,2023-02-25,15:00,Premier League,Matchweek 25,Sat,Away,W,2.0,0.0,Everton,1.9,1.6,53.0,39309.0,John McGinn,4-4-2,4-1-4-1,Anthony Taylor,Match Report,,2023,Aston Villa
1772,27,2023-03-04,15:00,Premier League,Matchweek 26,Sat,Home,W,1.0,0.0,Crystal Palace,1.2,0.2,58.0,41893.0,John McGinn,4-2-3-1,4-2-3-1,Craig Pawson,Match Report,,2023,Aston Villa
1773,28,2023-03-12,14:00,Premier League,Matchweek 27,Sun,Away,D,1.0,1.0,West Ham,1.5,2.1,59.0,62472.0,John McGinn,4-2-3-1,4-1-4-1,Chris Kavanagh,Match Report,,2023,Aston Villa
1774,29,2023-03-18,15:00,Premier League,Matchweek 28,Sat,Home,W,3.0,0.0,Bournemouth,3.5,1.3,56.0,41021.0,John McGinn,4-2-3-1,4-4-1-1,Robert Jones,Match Report,,2023,Aston Villa
1775,30,2023-04-01,17:30,Premier League,Matchweek 29,Sat,Away,W,2.0,0.0,Chelsea,0.9,2.1,31.0,40082.0,John McGinn,4-4-2,3-4-3,Andy Madley,Match Report,,2023,Aston Villa
1776,31,2023-04-04,19:45,Premier League,Matchweek 7,Tue,Away,W,2.0,1.0,Leicester City,1.0,0.5,64.0,32087.0,John McGinn,4-4-2,4-3-3,Graham Scott,Match Report,,2023,Aston Villa
1777,32,2023-04-08,15:00,Premier League,Matchweek 30,Sat,Home,W,2.0,0.0,Nott'ham Forest,1.3,0.2,63.0,42076.0,John McGinn,4-4-2,3-4-3,Anthony Taylor,Match Report,,2023,Aston Villa
1778,33,2023-04-15,12:30,Premier League,Matchweek 31,Sat,Home,W,3.0,0.0,Newcastle Utd,1.9,0.5,52.0,42055.0,John McGinn,4-2-3-1,4-3-3,John Brooks,Match Report,,2023,Aston Villa
1779,34,2023-04-22,15:00,Premier League,Matchweek 32,Sat,Away,D,1.0,1.0,Brentford,1.5,2.7,56.0,17098.0,John McGinn,4-2-3-1,4-3-3,Michael Salisbury,Match Report,,2023,Aston Villa
1780,35,2023-04-25,19:45,Premier League,Matchweek 33,Tue,Home,W,1.0,0.0,Fulham,1.0,0.1,51.0,41046.0,John McGinn,4-2-3-1,4-2-3-1,Thomas Bramall,Match Report,,2023,Aston Villa
1781,36,2023-04-30,14:00,Premier League,Matchweek 34,Sun,Away,L,0.0,1.0,Manchester Utd,0.6,1.2,43.0,73592.0,John McGinn,4-2-3-1,4-1-4-1,Jarred Gillett,Match Report,,2023,Aston Villa
1782,37,2023-05-06,15:00,Premier League,Matchweek 35,Sat,Away,L,0.0,1.0,Wolves,1.5,0.8,62.0,31641.0,John McGinn,4-4-2,4-4-2,Stuart Attwell,Match Report,,2023,Aston Villa
1783,38,2023-05-13,15:00,Premier League,Matchweek 36,Sat,Home,W,2.0,1.0,Tottenham,1.2,1.4,48.0,42164.0,John McGinn,4-4-2,3-4-3,Peter Bankes,Match Report,,2023,Aston Villa
1784,39,2023-05-20,15:00,Premier League,Matchweek 37,Sat,Away,D,1.0,1.0,Liverpool,1.3,0.7,34.0,53306.0,John McGinn,4-2-3-1,4-3-3,John Brooks,Match Report,,2023,Aston Villa
1785,40,2023-05-28,16:30,Premier League,Matchweek 38,Sun,Home,W,2.0,1.0,Brighton,2.8,1.4,41.0,,John McGinn,4-2-3-1,4-4-2,David Coote,Match Report,,2023,Aston Villa
1786,0,2022-08-06,15:00,Premier League,Matchweek 1,Sat,Home,W,4.0,1.0,Southampton,1.5,0.5,58.0,61732.0,Hugo Lloris,3-4-3,5-3-2,Andre Marriner,Match Report,,2023,Tottenham Hotspur
1787,1,2022-08-14,16:30,Premier League,Matchweek 2,Sun,Away,D,2.0,2.0,Chelsea,1.0,1.6,37.0,39946.0,Hugo Lloris,3-4-3,3-5-2,Anthony Taylor,Match Report,,2023,Tottenham Hotspur
1788,2,2022-08-20,12:30,Premier League,Matchweek 3,Sat,Home,W,1.0,0.0,Wolves,1.7,0.7,50.0,61298.0,Hugo Lloris,3-4-3,3-5-2,Simon Hooper,Match Report,,2023,Tottenham Hotspur
1789,3,2022-08-28,16:30,Premier League,Matchweek 4,Sun,Away,W,2.0,0.0,Nott'ham Forest,2.4,0.9,45.0,29296.0,Hugo Lloris,3-4-3,3-4-3,Craig Pawson,Match Report,,2023,Tottenham Hotspur
1790,4,2022-08-31,19:45,Premier League,Matchweek 5,Wed,Away,D,1.0,1.0,West Ham,0.6,1.2,61.0,62450.0,Hugo Lloris,3-4-3,4-2-3-1,Peter Bankes,Match Report,,2023,Tottenham Hotspur
1791,5,2022-09-03,15:00,Premier League,Matchweek 6,Sat,Home,W,2.0,1.0,Fulham,2.9,0.7,52.0,61641.0,Hugo Lloris,3-4-3,4-2-3-1,Stuart Attwell,Match Report,,2023,Tottenham Hotspur
1792,8,2022-09-17,17:30,Premier League,Matchweek 8,Sat,Home,W,6.0,2.0,Leicester City,2.2,1.8,44.0,61450.0,Hugo Lloris,3-4-3,4-1-4-1,Simon Hooper,Match Report,,2023,Tottenham Hotspur
1793,9,2022-10-01,12:30,Premier League,Matchweek 9,Sat,Away,L,1.0,3.0,Arsenal,1.6,2.4,36.0,60278.0,Hugo Lloris,3-4-3,4-3-3,Anthony Taylor,Match Report,,2023,Tottenham Hotspur
1794,11,2022-10-08,17:30,Premier League,Matchweek 10,Sat,Away,W,1.0,0.0,Brighton,0.8,0.7,41.0,31498.0,Hugo Lloris,3-5-2,3-4-3,Tony Harrington,Match Report,,2023,Tottenham Hotspur
1795,13,2022-10-15,17:30,Premier League,Matchweek 11,Sat,Home,W,2.0,0.0,Everton,2.2,0.4,62.0,61812.0,Hugo Lloris,3-4-3,5-3-2,Paul Tierney,Match Report,,2023,Tottenham Hotspur
1796,14,2022-10-19,20:15,Premier League,Matchweek 12,Wed,Away,L,0.0,2.0,Manchester Utd,0.6,1.5,48.0,73677.0,Hugo Lloris,3-5-2,4-2-3-1,Simon Hooper,Match Report,,2023,Tottenham Hotspur
1797,15,2022-10-23,16:30,Premier League,Matchweek 13,Sun,Home,L,1.0,2.0,Newcastle Utd,1.6,1.2,53.0,61726.0,Hugo Lloris,3-5-2,4-3-3,Jarred Gillett,Match Report,,2023,Tottenham Hotspur
1798,17,2022-10-29,15:00,Premier League,Matchweek 14,Sat,Away,W,3.0,2.0,Bournemouth,2.0,0.5,69.0,10430.0,Hugo Lloris,3-5-2,3-5-1-1,Anthony Taylor,Match Report,,2023,Tottenham Hotspur
1799,19,2022-11-06,16:30,Premier League,Matchweek 15,Sun,Home,L,1.0,2.0,Liverpool,1.2,1.2,47.0,62008.0,Hugo Lloris,5-3-2,4-1-2-1-2,Andy Madley,Match Report,,2023,Tottenham Hotspur
1800,21,2022-11-12,15:00,Premier League,Matchweek 16,Sat,Home,W,4.0,3.0,Leeds United,1.8,1.1,55.0,61667.0,Hugo Lloris,3-4-3,4-2-3-1,Michael Salisbury,Match Report,,2023,Tottenham Hotspur
1801,22,2022-12-26,12:30,Premier League,Matchweek 17,Mon,Away,D,2.0,2.0,Brentford,1.1,2.0,61.0,17137.0,Harry Kane,3-4-3,3-5-2,David Coote,Match Report,,2023,Tottenham Hotspur
1802,23,2023-01-01,14:00,Premier League,Matchweek 18,Sun,Home,L,0.0,2.0,Aston Villa,0.7,1.0,59.0,61651.0,Hugo Lloris,3-4-3,4-4-2,John Brooks,Match Report,,2023,Tottenham Hotspur
1803,24,2023-01-04,20:00,Premier League,Matchweek 19,Wed,Away,W,4.0,0.0,Crystal Palace,1.4,0.8,53.0,25132.0,Hugo Lloris,3-4-3,4-2-3-1,Michael Oliver,Match Report,,2023,Tottenham Hotspur
1804,26,2023-01-15,16:30,Premier League,Matchweek 20,Sun,Home,L,0.0,2.0,Arsenal,1.6,1.8,51.0,61870.0,Hugo Lloris,3-4-3,4-3-3,Craig Pawson,Match Report,,2023,Tottenham Hotspur
1805,27,2023-01-19,20:00,Premier League,Matchweek 7,Thu,Away,L,2.0,4.0,Manchester City,0.8,2.3,42.0,53088.0,Hugo Lloris,3-4-3,4-2-3-1,Simon Hooper,Match Report,,2023,Tottenham Hotspur
1806,28,2023-01-23,20:00,Premier League,Matchweek 21,Mon,Away,W,1.0,0.0,Fulham,0.9,1.0,46.0,24190.0,Hugo Lloris,3-4-3,4-2-3-1,Paul Tierney,Match Report,,2023,Tottenham Hotspur
1807,30,2023-02-05,16:30,Premier League,Matchweek 22,Sun,Home,W,1.0,0.0,Manchester City,1.4,1.3,36.0,61747.0,Hugo Lloris,3-4-3,4-4-2,Andy Madley,Match Report,,2023,Tottenham Hotspur
1808,31,2023-02-11,15:00,Premier League,Matchweek 23,Sat,Away,L,1.0,4.0,Leicester City,1.3,1.7,51.0,32184.0,Harry Kane,3-4-3,4-2-3-1,Michael Salisbury,Match Report,,2023,Tottenham Hotspur
1809,33,2023-02-19,16:30,Premier League,Matchweek 24,Sun,Home,W,2.0,0.0,West Ham,1.5,0.5,57.0,61476.0,Harry Kane,3-4-3,3-4-3,Michael Oliver,Match Report,,2023,Tottenham Hotspur
1810,34,2023-02-26,13:30,Premier League,Matchweek 25,Sun,Home,W,2.0,0.0,Chelsea,0.8,0.4,41.0,61613.0,Harry Kane,3-4-3,4-2-3-1,Stuart Attwell,Match Report,,2023,Tottenham Hotspur
1811,36,2023-03-04,15:00,Premier League,Matchweek 26,Sat,Away,L,0.0,1.0,Wolves,1.2,0.5,54.0,31585.0,Harry Kane,3-4-3,4-2-3-1,Tim Robinson,Match Report,,2023,Tottenham Hotspur
1812,38,2023-03-11,15:00,Premier League,Matchweek 27,Sat,Home,W,3.0,1.0,Nott'ham Forest,2.0,1.5,55.0,61460.0,Harry Kane,3-4-3,4-3-2-1,Craig Pawson,Match Report,,2023,Tottenham Hotspur
1813,39,2023-03-18,15:00,Premier League,Matchweek 28,Sat,Away,D,3.0,3.0,Southampton,2.3,2.4,49.0,30157.0,Harry Kane,3-4-3,4-4-2,Simon Hooper,Match Report,,2023,Tottenham Hotspur
1814,40,2023-04-03,20:00,Premier League,Matchweek 29,Mon,Away,D,1.0,1.0,Everton,1.4,0.9,61.0,39294.0,Hugo Lloris,3-4-3,4-1-4-1,David Coote,Match Report,,2023,Tottenham Hotspur
1815,41,2023-04-08,15:00,Premier League,Matchweek 30,Sat,Home,W,2.0,1.0,Brighton,0.8,1.4,35.0,61405.0,Hugo Lloris,3-4-3,4-2-3-1,Stuart Attwell,Match Report,,2023,Tottenham Hotspur
1816,42,2023-04-15,15:00,Premier League,Matchweek 31,Sat,Home,L,2.0,3.0,Bournemouth,2.2,1.3,58.0,61369.0,Hugo Lloris,3-4-3,3-4-3,Andy Madley,Match Report,,2023,Tottenham Hotspur
1817,43,2023-04-23,14:00,Premier League,Matchweek 32,Sun,Away,L,1.0,6.0,Newcastle Utd,1.0,3.7,44.0,52252.0,Hugo Lloris,4-3-3,4-3-3,David Coote,Match Report,,2023,Tottenham Hotspur
1818,44,2023-04-27,20:15,Premier League,Matchweek 33,Thu,Home,D,2.0,2.0,Manchester Utd,2.5,2.0,40.0,61586.0,Harry Kane,3-4-3,4-2-3-1,Anthony Taylor,Match Report,,2023,Tottenham Hotspur
1819,45,2023-04-30,16:30,Premier League,Matchweek 34,Sun,Away,L,3.0,4.0,Liverpool,2.0,2.2,33.0,53275.0,Harry Kane,3-4-3,4-3-3,Paul Tierney,Match Report,,2023,Tottenham Hotspur
1820,46,2023-05-06,15:00,Premier League,Matchweek 35,Sat,Home,W,1.0,0.0,Crystal Palace,0.9,0.4,56.0,61093.0,Harry Kane,3-4-3,4-3-3,Darren England,Match Report,,2023,Tottenham Hotspur
1821,47,2023-05-13,15:00,Premier League,Matchweek 36,Sat,Away,L,1.0,2.0,Aston Villa,1.4,1.2,52.0,42164.0,Harry Kane,3-4-3,4-4-2,Peter Bankes,Match Report,,2023,Tottenham Hotspur
1822,48,2023-05-20,12:30,Premier League,Matchweek 37,Sat,Home,L,1.0,3.0,Brentford,1.7,1.2,61.0,61514.0,Harry Kane,4-4-2,4-3-3,Jarred Gillett,Match Report,,2023,Tottenham Hotspur
1823,49,2023-05-28,16:30,Premier League,Matchweek 38,Sun,Away,W,4.0,1.0,Leeds United,2.2,1.5,48.0,36871.0,Harry Kane,4-4-2,5-4-1,Anthony Taylor,Match Report,,2023,Tottenham Hotspur
1824,0,2022-08-07,14:00,Premier League,Matchweek 1,Sun,Away,D,2.0,2.0,Leicester City,0.8,0.6,44.0,31794.0,Pontus Jansson,4-3-3,3-5-1-1,Jarred Gillett,Match Report,,2023,Brentford
1825,1,2022-08-13,17:30,Premier League,Matchweek 2,Sat,Home,W,4.0,0.0,Manchester Utd,1.6,0.9,34.0,17051.0,Pontus Jansson,5-3-2,4-2-3-1,Stuart Attwell,Match Report,,2023,Brentford
1826,2,2022-08-20,15:00,Premier League,Matchweek 3,Sat,Away,L,2.0,3.0,Fulham,1.8,2.4,57.0,21798.0,Pontus Jansson,4-3-3,4-2-3-1,Peter Bankes,Match Report,,2023,Brentford
1827,4,2022-08-27,15:00,Premier League,Matchweek 4,Sat,Home,D,1.0,1.0,Everton,2.1,1.1,58.0,17009.0,Christian Nørgaard,4-3-3,3-4-3,John Brooks,Match Report,,2023,Brentford
1828,5,2022-08-30,19:30,Premier League,Matchweek 5,Tue,Away,D,1.0,1.0,Crystal Palace,1.4,1.0,51.0,25043.0,Ivan Toney,4-3-3,4-1-4-1,Simon Hooper,Match Report,,2023,Brentford
1829,6,2022-09-03,15:00,Premier League,Matchweek 6,Sat,Home,W,5.0,2.0,Leeds United,2.3,1.7,32.0,17092.0,Pontus Jansson,4-3-3,4-2-3-1,Robert Jones,Match Report,,2023,Brentford
1830,7,2022-09-18,12:00,Premier League,Matchweek 8,Sun,Home,L,0.0,3.0,Arsenal,0.5,1.5,37.0,17122.0,Pontus Jansson,3-5-2,4-3-3,David Coote,Match Report,,2023,Brentford
1831,8,2022-10-01,15:00,Premier League,Matchweek 9,Sat,Away,D,0.0,0.0,Bournemouth,0.9,0.4,58.0,10126.0,Pontus Jansson,4-3-3,4-4-2,Thomas Bramall,Match Report,,2023,Brentford
1832,9,2022-10-08,15:00,Premier League,Matchweek 10,Sat,Away,L,1.0,5.0,Newcastle Utd,1.2,1.5,46.0,52067.0,Ivan Toney,3-5-2,4-3-3,John Brooks,Match Report,,2023,Brentford
1833,10,2022-10-14,20:00,Premier League,Matchweek 11,Fri,Home,W,2.0,0.0,Brighton,1.5,1.9,28.0,17016.0,Ivan Toney,4-3-3,4-4-2,Michael Salisbury,Match Report,,2023,Brentford
1834,11,2022-10-19,19:30,Premier League,Matchweek 12,Wed,Home,D,0.0,0.0,Chelsea,1.3,0.9,34.0,17118.0,Ivan Toney,3-5-2,3-5-1-1,Jarred Gillett,Match Report,,2023,Brentford
1835,12,2022-10-23,14:00,Premier League,Matchweek 13,Sun,Away,L,0.0,4.0,Aston Villa,0.9,2.8,55.0,41693.0,Ivan Toney,3-5-2,4-2-3-1,Darren England,Match Report,,2023,Brentford
1836,13,2022-10-29,15:00,Premier League,Matchweek 14,Sat,Home,D,1.0,1.0,Wolves,1.4,0.6,58.0,17051.0,Ivan Toney,4-3-3,4-2-3-1,Robert Madley,Match Report,,2023,Brentford
1837,14,2022-11-05,15:00,Premier League,Matchweek 15,Sat,Away,D,2.0,2.0,Nott'ham Forest,1.5,1.5,52.0,28869.0,David Raya,4-3-3,4-3-1-2,Andre Marriner,Match Report,,2023,Brentford
1838,16,2022-11-12,12:30,Premier League,Matchweek 16,Sat,Away,W,2.0,1.0,Manchester City,1.3,1.6,26.0,52786.0,Ivan Toney,3-5-2,4-3-3,Peter Bankes,Match Report,,2023,Brentford
1839,17,2022-12-26,12:30,Premier League,Matchweek 17,Mon,Home,D,2.0,2.0,Tottenham,2.0,1.1,39.0,17137.0,Christian Nørgaard,3-5-2,3-4-3,David Coote,Match Report,,2023,Brentford
1840,18,2022-12-30,19:45,Premier League,Matchweek 18,Fri,Away,W,2.0,0.0,West Ham,1.6,1.3,37.0,62467.0,Christian Nørgaard,3-5-2,3-4-3,Darren England,Match Report,,2023,Brentford
1841,19,2023-01-02,17:30,Premier League,Matchweek 19,Mon,Home,W,3.0,1.0,Liverpool,1.6,0.9,28.0,17163.0,Christian Nørgaard,3-5-2,4-3-3,Stuart Attwell,Match Report,,2023,Brentford
1842,21,2023-01-14,17:30,Premier League,Matchweek 20,Sat,Home,W,2.0,0.0,Bournemouth,1.4,0.6,50.0,17031.0,Christian Nørgaard,4-3-3,4-4-1-1,Jarred Gillett,Match Report,,2023,Brentford
1843,22,2023-01-22,14:00,Premier League,Matchweek 21,Sun,Away,D,0.0,0.0,Leeds United,0.4,0.5,42.0,36260.0,Christian Nørgaard,3-5-2,4-2-3-1,Peter Bankes,Match Report,,2023,Brentford
1844,23,2023-02-04,15:00,Premier League,Matchweek 22,Sat,Home,W,3.0,0.0,Southampton,2.0,0.7,49.0,17051.0,Christian Nørgaard,4-3-3,4-2-3-1,Darren Bond,Match Report,,2023,Brentford
1845,24,2023-02-11,15:00,Premier League,Matchweek 23,Sat,Away,D,1.0,1.0,Arsenal,2.0,1.6,31.0,60254.0,Christian Nørgaard,3-5-2,4-3-3,Peter Bankes,Match Report,,2023,Brentford
1846,25,2023-02-18,15:00,Premier League,Matchweek 24,Sat,Home,D,1.0,1.0,Crystal Palace,0.9,1.1,59.0,17122.0,Christian Nørgaard,4-3-3,4-2-3-1,Paul Tierney,Match Report,,2023,Brentford
1847,26,2023-03-06,20:00,Premier League,Matchweek 26,Mon,Home,W,3.0,2.0,Fulham,2.1,1.4,37.0,17025.0,Christian Nørgaard,4-3-3,4-2-3-1,Anthony Taylor,Match Report,,2023,Brentford
1848,27,2023-03-11,15:00,Premier League,Matchweek 27,Sat,Away,L,0.0,1.0,Everton,2.0,1.0,67.0,39274.0,Christian Nørgaard,4-3-3,4-5-1,Simon Hooper,Match Report,,2023,Brentford
1849,28,2023-03-15,19:30,Premier League,Matchweek 7,Wed,Away,W,2.0,0.0,Southampton,1.9,0.5,34.0,30438.0,Christian Nørgaard,4-3-3,4-2-3-1,Michael Salisbury,Match Report,,2023,Brentford
1850,29,2023-03-18,15:00,Premier League,Matchweek 28,Sat,Home,D,1.0,1.0,Leicester City,0.6,1.3,53.0,17006.0,Christian Nørgaard,4-3-3,4-2-3-1,Darren Bond,Match Report,,2023,Brentford
1851,30,2023-04-01,15:00,Premier League,Matchweek 29,Sat,Away,D,3.0,3.0,Brighton,1.6,4.2,28.0,31493.0,Pontus Jansson,5-3-2,4-2-3-1,Michael Oliver,Match Report,,2023,Brentford
1852,31,2023-04-05,20:00,Premier League,Matchweek 25,Wed,Away,L,0.0,1.0,Manchester Utd,0.7,1.2,36.0,73309.0,Pontus Jansson,5-3-2,4-2-3-1,John Brooks,Match Report,,2023,Brentford
1853,32,2023-04-08,15:00,Premier League,Matchweek 30,Sat,Home,L,1.0,2.0,Newcastle Utd,2.6,1.3,42.0,17107.0,Pontus Jansson,5-3-2,4-3-3,Chris Kavanagh,Match Report,,2023,Brentford
1854,33,2023-04-15,15:00,Premier League,Matchweek 31,Sat,Away,L,0.0,2.0,Wolves,1.1,0.8,50.0,30769.0,Christian Nørgaard,4-3-3,4-4-2,Paul Tierney,Match Report,,2023,Brentford
1855,34,2023-04-22,15:00,Premier League,Matchweek 32,Sat,Home,D,1.0,1.0,Aston Villa,2.7,1.5,44.0,17098.0,Christian Nørgaard,4-3-3,4-2-3-1,Michael Salisbury,Match Report,,2023,Brentford
1856,35,2023-04-26,19:45,Premier League,Matchweek 33,Wed,Away,W,2.0,0.0,Chelsea,1.1,1.3,29.0,39929.0,Ivan Toney,5-3-2,3-4-3,Andy Madley,Match Report,,2023,Brentford
1857,36,2023-04-29,15:00,Premier League,Matchweek 34,Sat,Home,W,2.0,1.0,Nott'ham Forest,1.6,0.7,68.0,17080.0,Ivan Toney,4-3-3,3-4-3,Peter Bankes,Match Report,,2023,Brentford
1858,37,2023-05-06,17:30,Premier League,Matchweek 35,Sat,Away,L,0.0,1.0,Liverpool,0.2,2.2,46.0,52838.0,Ivan Toney,5-3-2,4-3-3,Anthony Taylor,Match Report,,2023,Brentford
1859,38,2023-05-14,14:00,Premier League,Matchweek 36,Sun,Home,W,2.0,0.0,West Ham,3.4,0.2,53.0,17075.0,David Raya,4-3-3,4-2-3-1,Michael Oliver,Match Report,,2023,Brentford
1860,39,2023-05-20,12:30,Premier League,Matchweek 37,Sat,Away,W,3.0,1.0,Tottenham,1.2,1.7,39.0,61514.0,David Raya,4-3-3,4-4-2,Jarred Gillett,Match Report,,2023,Brentford
1861,40,2023-05-28,16:30,Premier League,Matchweek 38,Sun,Home,W,1.0,0.0,Manchester City,1.3,1.6,35.0,17120.0,David Raya,5-3-2,3-2-4-1,John Brooks,Match Report,,2023,Brentford
1862,0,2022-08-06,12:30,Premier League,Matchweek 1,Sat,Home,D,2.0,2.0,Liverpool,1.2,1.2,33.0,22207.0,Tim Ream,4-2-3-1,4-3-3,Andy Madley,Match Report,,2023,Fulham
1863,1,2022-08-13,15:00,Premier League,Matchweek 2,Sat,Away,D,0.0,0.0,Wolves,1.5,0.9,41.0,31178.0,Tim Ream,4-2-3-1,4-2-3-1,John Brooks,Match Report,,2023,Fulham
1864,2,2022-08-20,15:00,Premier League,Matchweek 3,Sat,Home,W,3.0,2.0,Brentford,2.4,1.8,43.0,21798.0,Tim Ream,4-2-3-1,4-3-3,Peter Bankes,Match Report,,2023,Fulham
1865,4,2022-08-27,17:30,Premier League,Matchweek 4,Sat,Away,L,1.0,2.0,Arsenal,0.8,2.6,29.0,60164.0,Tim Ream,4-2-3-1,4-3-3,Jarred Gillett,Match Report,,2023,Fulham
1866,5,2022-08-30,19:30,Premier League,Matchweek 5,Tue,Home,W,2.0,1.0,Brighton,0.7,1.4,39.0,22224.0,Tim Ream,4-2-3-1,3-5-2,Thomas Bramall,Match Report,,2023,Fulham
1867,6,2022-09-03,15:00,Premier League,Matchweek 6,Sat,Away,L,1.0,2.0,Tottenham,0.7,2.9,48.0,61641.0,Tim Ream,4-2-3-1,3-4-3,Stuart Attwell,Match Report,,2023,Fulham
1868,7,2022-09-16,20:00,Premier League,Matchweek 8,Fri,Away,W,3.0,2.0,Nott'ham Forest,0.9,1.4,59.0,28654.0,Tim Ream,4-2-3-1,3-4-1-2,Jarred Gillett,Match Report,,2023,Fulham
1869,8,2022-10-01,15:00,Premier League,Matchweek 9,Sat,Home,L,1.0,4.0,Newcastle Utd,0.5,3.3,33.0,22913.0,Tim Ream,4-2-3-1,4-3-3,Darren England,Match Report,,2023,Fulham
1870,9,2022-10-09,14:00,Premier League,Matchweek 10,Sun,Away,L,1.0,3.0,West Ham,0.7,2.4,50.0,62407.0,Tim Ream,4-2-3-1,4-2-3-1,Chris Kavanagh,Match Report,,2023,Fulham
1871,10,2022-10-15,15:00,Premier League,Matchweek 11,Sat,Home,D,2.0,2.0,Bournemouth,2.1,1.0,69.0,22541.0,Tim Ream,4-2-3-1,4-2-3-1,Graham Scott,Match Report,,2023,Fulham
1872,11,2022-10-20,19:30,Premier League,Matchweek 12,Thu,Home,W,3.0,0.0,Aston Villa,2.1,1.2,60.0,23508.0,Tim Ream,4-2-3-1,4-3-2-1,Michael Oliver,Match Report,,2023,Fulham
1873,12,2022-10-23,14:00,Premier League,Matchweek 13,Sun,Away,W,3.0,2.0,Leeds United,1.8,1.6,43.0,36447.0,Tim Ream,4-2-3-1,4-2-3-1,Anthony Taylor,Match Report,,2023,Fulham
1874,13,2022-10-29,17:30,Premier League,Matchweek 14,Sat,Home,D,0.0,0.0,Everton,1.9,0.9,56.0,23534.0,Tim Ream,4-2-3-1,4-2-3-1,John Brooks,Match Report,,2023,Fulham
1875,14,2022-11-05,15:00,Premier League,Matchweek 15,Sat,Away,L,1.0,2.0,Manchester City,1.0,2.1,30.0,52395.0,Tim Ream,4-2-3-1,4-3-3,Darren England,Match Report,,2023,Fulham
1876,15,2022-11-13,16:30,Premier League,Matchweek 16,Sun,Home,L,1.0,2.0,Manchester Utd,1.4,2.5,53.0,24246.0,Tom Cairney,4-2-3-1,4-2-3-1,Paul Tierney,Match Report,,2023,Fulham
1877,16,2022-12-26,15:00,Premier League,Matchweek 17,Mon,Away,W,3.0,0.0,Crystal Palace,2.5,0.4,64.0,25176.0,Tim Ream,4-2-3-1,4-3-3,Andy Madley,Match Report,,2023,Fulham
1878,17,2022-12-31,15:00,Premier League,Matchweek 18,Sat,Home,W,2.0,1.0,Southampton,1.5,0.8,62.0,24344.0,Tim Ream,4-2-3-1,3-4-3,Graham Scott,Match Report,,2023,Fulham
1879,18,2023-01-03,19:45,Premier League,Matchweek 19,Tue,Away,W,1.0,0.0,Leicester City,1.7,1.7,39.0,30813.0,Tim Ream,4-2-3-1,4-2-3-1,Darren Bond,Match Report,,2023,Fulham
1880,20,2023-01-12,20:00,Premier League,Matchweek 7,Thu,Home,W,2.0,1.0,Chelsea,1.0,2.1,48.0,24460.0,Tim Ream,4-2-3-1,3-5-2,David Coote,Match Report,,2023,Fulham
1881,21,2023-01-15,14:00,Premier League,Matchweek 20,Sun,Away,L,0.0,1.0,Newcastle Utd,1.1,2.2,38.0,52247.0,Tim Ream,4-2-3-1,4-3-3,Robert Jones,Match Report,,2023,Fulham
1882,22,2023-01-23,20:00,Premier League,Matchweek 21,Mon,Home,L,0.0,1.0,Tottenham,1.0,0.9,54.0,24190.0,Tim Ream,4-2-3-1,3-4-3,Paul Tierney,Match Report,,2023,Fulham
1883,24,2023-02-03,20:00,Premier League,Matchweek 22,Fri,Away,D,0.0,0.0,Chelsea,0.6,1.3,34.0,40041.0,Tim Ream,4-2-3-1,4-3-3,Stuart Attwell,Match Report,,2023,Fulham
1884,26,2023-02-11,15:00,Premier League,Matchweek 23,Sat,Home,W,2.0,0.0,Nott'ham Forest,1.5,0.7,50.0,24244.0,Tim Ream,4-2-3-1,4-2-3-1,Andy Madley,Match Report,,2023,Fulham
1885,27,2023-02-18,15:00,Premier League,Matchweek 24,Sat,Away,W,1.0,0.0,Brighton,0.3,2.2,35.0,31619.0,Tim Ream,4-2-3-1,4-2-3-1,Darren England,Match Report,,2023,Fulham
1886,28,2023-02-24,20:00,Premier League,Matchweek 25,Fri,Home,D,1.0,1.0,Wolves,0.5,0.8,51.0,24399.0,Tim Ream,4-2-3-1,4-4-2,Michael Oliver,Match Report,,2023,Fulham
1887,30,2023-03-06,20:00,Premier League,Matchweek 26,Mon,Away,L,2.0,3.0,Brentford,1.4,2.1,63.0,17025.0,Tim Ream,4-2-3-1,4-3-3,Anthony Taylor,Match Report,,2023,Fulham
1888,31,2023-03-12,14:00,Premier League,Matchweek 27,Sun,Home,L,0.0,3.0,Arsenal,0.8,2.3,45.0,24426.0,Tim Ream,4-2-3-1,4-3-3,David Coote,Match Report,,2023,Fulham
1889,33,2023-04-01,15:00,Premier League,Matchweek 29,Sat,Away,L,1.0,2.0,Bournemouth,0.8,2.6,57.0,10305.0,Tim Ream,4-2-3-1,4-4-1-1,Peter Bankes,Match Report,,2023,Fulham
1890,34,2023-04-08,15:00,Premier League,Matchweek 30,Sat,Home,L,0.0,1.0,West Ham,0.7,1.1,76.0,24491.0,Tim Ream,4-2-3-1,4-4-2,Jarred Gillett,Match Report,,2023,Fulham
1891,35,2023-04-15,15:00,Premier League,Matchweek 31,Sat,Away,W,3.0,1.0,Everton,1.8,1.4,54.0,39241.0,Tim Ream,4-2-3-1,4-4-2,Anthony Taylor,Match Report,,2023,Fulham
1892,36,2023-04-22,12:30,Premier League,Matchweek 32,Sat,Home,W,2.0,1.0,Leeds United,1.7,0.8,50.0,24356.0,Tim Ream,4-2-3-1,4-2-3-1,Peter Bankes,Match Report,,2023,Fulham
1893,37,2023-04-25,19:45,Premier League,Matchweek 33,Tue,Away,L,0.0,1.0,Aston Villa,0.1,1.0,49.0,41046.0,Tim Ream,4-2-3-1,4-2-3-1,Thomas Bramall,Match Report,,2023,Fulham
1894,38,2023-04-30,14:00,Premier League,Matchweek 34,Sun,Home,L,1.0,2.0,Manchester City,0.2,2.5,38.0,24498.0,Tim Ream,4-2-3-1,3-2-4-1,Simon Hooper,Match Report,,2023,Fulham
1895,39,2023-05-03,20:00,Premier League,Matchweek 28,Wed,Away,L,0.0,1.0,Liverpool,0.9,1.8,43.0,52602.0,Tom Cairney,4-2-3-1,4-3-3,Stuart Attwell,Match Report,,2023,Fulham
1896,40,2023-05-08,15:00,Premier League,Matchweek 35,Mon,Home,W,5.0,3.0,Leicester City,1.6,2.8,57.0,24442.0,Tom Cairney,4-2-3-1,4-2-3-1,Robert Jones,Match Report,,2023,Fulham
1897,41,2023-05-13,15:00,Premier League,Matchweek 36,Sat,Away,W,2.0,0.0,Southampton,1.4,0.4,64.0,28978.0,Tom Cairney,4-2-3-1,4-2-3-1,Thomas Bramall,Match Report,,2023,Fulham
1898,42,2023-05-20,15:00,Premier League,Matchweek 37,Sat,Home,D,2.0,2.0,Crystal Palace,1.7,1.6,49.0,24356.0,Tom Cairney,4-2-3-1,4-2-3-1,Joshua Smith,Match Report,,2023,Fulham
1899,43,2023-05-28,16:30,Premier League,Matchweek 38,Sun,Away,L,1.0,2.0,Manchester Utd,1.8,2.9,47.0,73465.0,Tom Cairney,4-2-3-1,4-2-3-1,Robert Jones,Match Report,,2023,Fulham
1900,0,2022-08-05,20:00,Premier League,Matchweek 1,Fri,Home,L,0.0,2.0,Arsenal,1.2,1.0,56.0,25286.0,Marc Guéhi,4-2-3-1,4-3-3,Anthony Taylor,Match Report,,2023,Crystal Palace
1901,1,2022-08-15,20:00,Premier League,Matchweek 2,Mon,Away,D,1.0,1.0,Liverpool,1.0,2.0,28.0,52970.0,Joel Ward,5-4-1,4-3-3,Paul Tierney,Match Report,,2023,Crystal Palace
1902,2,2022-08-20,15:00,Premier League,Matchweek 3,Sat,Home,W,3.0,1.0,Aston Villa,2.6,0.9,51.0,22012.0,Joel Ward,4-3-3,4-3-3,Andy Madley,Match Report,,2023,Crystal Palace
1903,4,2022-08-27,15:00,Premier League,Matchweek 4,Sat,Away,L,2.0,4.0,Manchester City,0.1,2.2,26.0,53112.0,Joel Ward,5-4-1,4-2-3-1,Darren England,Match Report,,2023,Crystal Palace
1904,5,2022-08-30,19:30,Premier League,Matchweek 5,Tue,Home,D,1.0,1.0,Brentford,1.0,1.4,49.0,25043.0,Joel Ward,4-1-4-1,4-3-3,Simon Hooper,Match Report,,2023,Crystal Palace
1905,6,2022-09-03,15:00,Premier League,Matchweek 6,Sat,Away,D,0.0,0.0,Newcastle Utd,1.0,2.8,48.0,51863.0,Joel Ward,4-3-3,4-3-3,Michael Salisbury,Match Report,,2023,Crystal Palace
1906,7,2022-10-01,15:00,Premier League,Matchweek 9,Sat,Home,L,1.0,2.0,Chelsea,0.4,1.1,36.0,25198.0,Joel Ward,4-3-3,4-2-2-2,Chris Kavanagh,Match Report,,2023,Crystal Palace
1907,8,2022-10-09,14:00,Premier League,Matchweek 10,Sun,Home,W,2.0,1.0,Leeds United,1.1,1.0,54.0,25042.0,Joel Ward,4-3-3,4-2-3-1,Paul Tierney,Match Report,,2023,Crystal Palace
1908,9,2022-10-15,12:30,Premier League,Matchweek 11,Sat,Away,D,0.0,0.0,Leicester City,0.4,1.0,46.0,31298.0,Joel Ward,4-3-3,4-1-4-1,Andy Madley,Match Report,,2023,Crystal Palace
1909,10,2022-10-18,20:15,Premier League,Matchweek 12,Tue,Home,W,2.0,1.0,Wolves,1.2,0.8,51.0,25125.0,Joel Ward,4-3-3,4-2-3-1,David Coote,Match Report,,2023,Crystal Palace
1910,11,2022-10-22,15:00,Premier League,Matchweek 13,Sat,Away,L,0.0,3.0,Everton,0.9,1.4,54.0,38939.0,Luka Milivojević,4-1-4-1,4-2-3-1,Simon Hooper,Match Report,,2023,Crystal Palace
1911,12,2022-10-29,15:00,Premier League,Matchweek 14,Sat,Home,W,1.0,0.0,Southampton,0.9,1.3,44.0,25130.0,Luka Milivojević,4-3-3,3-5-2,Michael Salisbury,Match Report,,2023,Crystal Palace
1912,13,2022-11-06,14:00,Premier League,Matchweek 15,Sun,Away,W,2.0,1.0,West Ham,1.0,0.3,58.0,62451.0,Marc Guéhi,4-3-3,4-2-3-1,Paul Tierney,Match Report,,2023,Crystal Palace
1913,15,2022-11-12,15:00,Premier League,Matchweek 16,Sat,Away,L,0.0,1.0,Nott'ham Forest,1.2,1.1,68.0,29045.0,Marc Guéhi,4-3-3,4-3-3,John Brooks,Match Report,,2023,Crystal Palace
1914,16,2022-12-26,15:00,Premier League,Matchweek 17,Mon,Home,L,0.0,3.0,Fulham,0.4,2.5,36.0,25176.0,Joachim Andersen,4-3-3,4-2-3-1,Andy Madley,Match Report,,2023,Crystal Palace
1915,17,2022-12-31,15:00,Premier League,Matchweek 18,Sat,Away,W,2.0,0.0,Bournemouth,1.6,0.6,41.0,9972.0,Joel Ward,4-2-3-1,4-4-2,Andre Marriner,Match Report,,2023,Crystal Palace
1916,18,2023-01-04,20:00,Premier League,Matchweek 19,Wed,Home,L,0.0,4.0,Tottenham,0.8,1.4,47.0,25132.0,Joel Ward,4-2-3-1,3-4-3,Michael Oliver,Match Report,,2023,Crystal Palace
1917,20,2023-01-15,14:00,Premier League,Matchweek 20,Sun,Away,L,0.0,1.0,Chelsea,0.7,1.5,39.0,40075.0,Marc Guéhi,4-2-3-1,4-2-3-1,Peter Bankes,Match Report,,2023,Crystal Palace
1918,21,2023-01-18,20:00,Premier League,Matchweek 7,Wed,Home,D,1.0,1.0,Manchester Utd,0.5,2.1,40.0,23343.0,Marc Guéhi,4-2-3-1,4-2-3-1,Robert Jones,Match Report,,2023,Crystal Palace
1919,22,2023-01-21,17:30,Premier League,Matchweek 21,Sat,Home,D,0.0,0.0,Newcastle Utd,0.3,1.2,40.0,25350.0,Joel Ward,4-2-3-1,4-3-3,Craig Pawson,Match Report,,2023,Crystal Palace
1920,23,2023-02-04,15:00,Premier League,Matchweek 22,Sat,Away,L,1.0,2.0,Manchester Utd,1.3,2.0,48.0,73420.0,Marc Guéhi,4-2-3-1,4-2-3-1,Andre Marriner,Match Report,,2023,Crystal Palace
1921,24,2023-02-11,15:00,Premier League,Matchweek 23,Sat,Home,D,1.0,1.0,Brighton,1.1,2.5,27.0,24827.0,Marc Guéhi,4-4-2,4-2-3-1,Michael Oliver,Match Report,,2023,Crystal Palace
1922,25,2023-02-18,15:00,Premier League,Matchweek 24,Sat,Away,D,1.0,1.0,Brentford,1.1,0.9,41.0,17122.0,Marc Guéhi,4-2-3-1,4-3-3,Paul Tierney,Match Report,,2023,Crystal Palace
1923,26,2023-02-25,19:45,Premier League,Matchweek 25,Sat,Home,D,0.0,0.0,Liverpool,0.7,0.9,37.0,25842.0,Marc Guéhi,4-2-3-1,4-3-3,Darren England,Match Report,,2023,Crystal Palace
1924,27,2023-03-04,15:00,Premier League,Matchweek 26,Sat,Away,L,0.0,1.0,Aston Villa,0.2,1.2,42.0,41893.0,Marc Guéhi,4-2-3-1,4-2-3-1,Craig Pawson,Match Report,,2023,Crystal Palace
1925,28,2023-03-11,17:30,Premier League,Matchweek 27,Sat,Home,L,0.0,1.0,Manchester City,0.2,2.1,33.0,25844.0,Luka Milivojević,4-3-3,4-2-3-1,Robert Jones,Match Report,,2023,Crystal Palace
1926,29,2023-03-15,19:30,Premier League,Matchweek 8,Wed,Away,L,0.0,1.0,Brighton,1.1,0.6,43.0,30933.0,Marc Guéhi,4-3-3,4-2-3-1,Peter Bankes,Match Report,,2023,Crystal Palace
1927,30,2023-03-19,14:00,Premier League,Matchweek 28,Sun,Away,L,1.0,4.0,Arsenal,0.8,1.6,38.0,60247.0,Luka Milivojević,4-2-3-1,4-3-3,Stuart Attwell,Match Report,,2023,Crystal Palace
1928,31,2023-04-01,15:00,Premier League,Matchweek 29,Sat,Home,W,2.0,1.0,Leicester City,2.3,0.2,52.0,25147.0,Wilfried Zaha,4-3-3,4-2-3-1,Tim Robinson,Match Report,,2023,Crystal Palace
1929,32,2023-04-09,14:00,Premier League,Matchweek 30,Sun,Away,W,5.0,1.0,Leeds United,3.0,0.9,52.0,36427.0,Joel Ward,4-3-3,4-2-3-1,Simon Hooper,Match Report,,2023,Crystal Palace
1930,33,2023-04-15,15:00,Premier League,Matchweek 31,Sat,Away,W,2.0,0.0,Southampton,0.9,0.8,42.0,30309.0,Joel Ward,4-3-3,4-4-2,Michael Oliver,Match Report,,2023,Crystal Palace
1931,34,2023-04-22,15:00,Premier League,Matchweek 32,Sat,Home,D,0.0,0.0,Everton,0.5,0.4,56.0,25202.0,Joel Ward,4-3-3,4-2-3-1,John Brooks,Match Report,,2023,Crystal Palace
1932,35,2023-04-25,19:30,Premier League,Matchweek 33,Tue,Away,L,0.0,2.0,Wolves,0.8,1.4,59.0,30294.0,Luka Milivojević,4-3-3,4-4-2,Robert Jones,Match Report,,2023,Crystal Palace
1933,36,2023-04-29,12:30,Premier League,Matchweek 34,Sat,Home,W,4.0,3.0,West Ham,2.1,1.7,59.0,25148.0,Wilfried Zaha,4-3-3,4-2-3-1,Craig Pawson,Match Report,,2023,Crystal Palace
1934,37,2023-05-06,15:00,Premier League,Matchweek 35,Sat,Away,L,0.0,1.0,Tottenham,0.4,0.9,44.0,61093.0,Wilfried Zaha,4-3-3,3-4-3,Darren England,Match Report,,2023,Crystal Palace
1935,38,2023-05-13,15:00,Premier League,Matchweek 36,Sat,Home,W,2.0,0.0,Bournemouth,1.5,0.3,59.0,25034.0,Wilfried Zaha,4-2-3-1,4-2-3-1,Michael Salisbury,Match Report,,2023,Crystal Palace
1936,39,2023-05-20,15:00,Premier League,Matchweek 37,Sat,Away,D,2.0,2.0,Fulham,1.6,1.7,51.0,24356.0,Joel Ward,4-2-3-1,4-2-3-1,Joshua Smith,Match Report,,2023,Crystal Palace
1937,40,2023-05-28,16:30,Premier League,Matchweek 38,Sun,Home,D,1.0,1.0,Nott'ham Forest,1.4,0.5,66.0,25198.0,Joel Ward,4-2-3-1,3-4-3,Thomas Bramall,Match Report,,2023,Crystal Palace
1938,0,2022-08-06,17:30,Premier League,Matchweek 1,Sat,Away,W,1.0,0.0,Everton,1.5,0.7,62.0,39254.0,César Azpilicueta,3-4-3,5-4-1,Craig Pawson,Match Report,,2023,Chelsea
1939,1,2022-08-14,16:30,Premier League,Matchweek 2,Sun,Home,D,2.0,2.0,Tottenham,1.6,1.0,63.0,39946.0,Jorginho,3-5-2,3-4-3,Anthony Taylor,Match Report,,2023,Chelsea
1940,2,2022-08-21,14:00,Premier League,Matchweek 3,Sun,Away,L,0.0,3.0,Leeds United,0.9,2.1,61.0,36372.0,Jorginho,3-5-2,4-2-3-1,Stuart Attwell,Match Report,,2023,Chelsea
1941,3,2022-08-27,15:00,Premier League,Matchweek 4,Sat,Home,W,2.0,1.0,Leicester City,1.8,2.5,45.0,39953.0,Jorginho,4-4-2,4-1-4-1,Paul Tierney,Match Report,,2023,Chelsea
1942,4,2022-08-30,19:45,Premier League,Matchweek 5,Tue,Away,L,1.0,2.0,Southampton,1.1,1.1,67.0,31542.0,César Azpilicueta,4-2-2-2,4-2-3-1,Michael Oliver,Match Report,,2023,Chelsea
1943,5,2022-09-03,15:00,Premier League,Matchweek 6,Sat,Home,W,2.0,1.0,West Ham,0.9,1.1,67.0,39923.0,Thiago Silva,3-1-4-2,3-4-1-2,Andy Madley,Match Report,,2023,Chelsea
1944,8,2022-10-01,15:00,Premier League,Matchweek 9,Sat,Away,W,2.0,1.0,Crystal Palace,1.1,0.4,64.0,25198.0,Jorginho,4-2-2-2,4-3-3,Chris Kavanagh,Match Report,,2023,Chelsea
1945,10,2022-10-08,15:00,Premier League,Matchweek 10,Sat,Home,W,3.0,0.0,Wolves,1.9,1.1,57.0,39940.0,César Azpilicueta,4-2-3-1,4-2-3-1,Simon Hooper,Match Report,,2023,Chelsea
1946,12,2022-10-16,14:00,Premier League,Matchweek 11,Sun,Away,W,2.0,0.0,Aston Villa,0.9,1.8,58.0,41754.0,Thiago Silva,3-4-3,4-3-3,Robert Jones,Match Report,,2023,Chelsea
1947,13,2022-10-19,19:30,Premier League,Matchweek 12,Wed,Away,D,0.0,0.0,Brentford,0.9,1.3,66.0,17118.0,César Azpilicueta,3-5-1-1,3-5-2,Jarred Gillett,Match Report,,2023,Chelsea
1948,14,2022-10-22,17:30,Premier League,Matchweek 13,Sat,Home,D,1.0,1.0,Manchester Utd,1.1,0.8,48.0,39503.0,César Azpilicueta,3-4-3,4-1-4-1,Stuart Attwell,Match Report,,2023,Chelsea
1949,16,2022-10-29,15:00,Premier League,Matchweek 14,Sat,Away,L,1.0,4.0,Brighton,1.4,2.4,59.0,31746.0,Thiago Silva,3-4-3,4-2-3-1,Andy Madley,Match Report,,2023,Chelsea
1950,18,2022-11-06,12:00,Premier League,Matchweek 15,Sun,Home,L,0.0,1.0,Arsenal,0.3,2.1,45.0,40142.0,César Azpilicueta,4-2-3-1,4-3-3,Michael Oliver,Match Report,,2023,Chelsea
1951,20,2022-11-12,17:30,Premier League,Matchweek 16,Sat,Away,L,0.0,1.0,Newcastle Utd,0.3,1.0,51.0,52264.0,César Azpilicueta,3-4-3,4-3-3,Robert Jones,Match Report,,2023,Chelsea
1952,21,2022-12-27,17:30,Premier League,Matchweek 17,Tue,Home,W,2.0,0.0,Bournemouth,1.8,0.5,60.0,40046.0,Jorginho,4-3-3,5-3-2,Simon Hooper,Match Report,,2023,Chelsea
1953,22,2023-01-01,16:30,Premier League,Matchweek 18,Sun,Away,D,1.0,1.0,Nott'ham Forest,0.9,1.4,71.0,29229.0,César Azpilicueta,4-3-3,4-3-3,Peter Bankes,Match Report,,2023,Chelsea
1954,23,2023-01-05,20:00,Premier League,Matchweek 19,Thu,Home,L,0.0,1.0,Manchester City,0.4,2.0,48.0,39998.0,César Azpilicueta,4-2-3-1,3-2-4-1,Paul Tierney,Match Report,,2023,Chelsea
1955,25,2023-01-12,20:00,Premier League,Matchweek 7,Thu,Away,L,1.0,2.0,Fulham,2.1,1.0,52.0,24460.0,César Azpilicueta,3-5-2,4-2-3-1,David Coote,Match Report,,2023,Chelsea
1956,26,2023-01-15,14:00,Premier League,Matchweek 20,Sun,Home,W,1.0,0.0,Crystal Palace,1.5,0.7,61.0,40075.0,Jorginho,4-2-3-1,4-2-3-1,Peter Bankes,Match Report,,2023,Chelsea
1957,27,2023-01-21,12:30,Premier League,Matchweek 21,Sat,Away,D,0.0,0.0,Liverpool,1.6,1.4,52.0,53126.0,Jorginho,3-4-3,4-3-3,Michael Oliver,Match Report,,2023,Chelsea
1958,28,2023-02-03,20:00,Premier League,Matchweek 22,Fri,Home,D,0.0,0.0,Fulham,1.3,0.6,66.0,40041.0,Thiago Silva,4-3-3,4-2-3-1,Stuart Attwell,Match Report,,2023,Chelsea
1959,29,2023-02-11,12:30,Premier League,Matchweek 23,Sat,Away,D,1.0,1.0,West Ham,1.1,1.3,71.0,62471.0,Thiago Silva,4-2-3-1,3-4-3,Craig Pawson,Match Report,,2023,Chelsea
1960,31,2023-02-18,15:00,Premier League,Matchweek 24,Sat,Home,L,0.0,1.0,Southampton,1.6,0.6,62.0,40152.0,César Azpilicueta,4-2-3-1,4-4-2,David Coote,Match Report,,2023,Chelsea
1961,32,2023-02-26,13:30,Premier League,Matchweek 25,Sun,Away,L,0.0,2.0,Tottenham,0.4,0.8,59.0,61613.0,Thiago Silva,4-2-3-1,3-4-3,Stuart Attwell,Match Report,,2023,Chelsea
1962,33,2023-03-04,15:00,Premier League,Matchweek 26,Sat,Home,W,1.0,0.0,Leeds United,1.5,1.0,57.0,39905.0,Mateo Kovačić,3-4-3,4-2-3-1,Michael Oliver,Match Report,,2023,Chelsea
1963,35,2023-03-11,15:00,Premier League,Matchweek 27,Sat,Away,W,3.0,1.0,Leicester City,1.6,2.4,52.0,32170.0,Mateo Kovačić,3-4-3,3-4-3,Andre Marriner,Match Report,,2023,Chelsea
1964,36,2023-03-18,17:30,Premier League,Matchweek 28,Sat,Home,D,2.0,2.0,Everton,2.3,1.2,68.0,40025.0,Mateo Kovačić,3-4-3,4-5-1,Darren England,Match Report,,2023,Chelsea
1965,37,2023-04-01,17:30,Premier League,Matchweek 29,Sat,Home,L,0.0,2.0,Aston Villa,2.1,0.9,69.0,40082.0,Mateo Kovačić,3-4-3,4-4-2,Andy Madley,Match Report,,2023,Chelsea
1966,38,2023-04-04,20:00,Premier League,Matchweek 8,Tue,Home,D,0.0,0.0,Liverpool,2.2,0.3,49.0,40093.0,N'Golo Kanté,3-5-2,4-3-3,Anthony Taylor,Match Report,,2023,Chelsea
1967,39,2023-04-08,15:00,Premier League,Matchweek 30,Sat,Away,L,0.0,1.0,Wolves,1.1,0.6,62.0,31614.0,Mateo Kovačić,4-3-3,4-4-2,Peter Bankes,Match Report,,2023,Chelsea
1968,41,2023-04-15,15:00,Premier League,Matchweek 31,Sat,Home,L,1.0,2.0,Brighton,0.5,2.9,43.0,40126.0,Kepa Arrizabalaga,4-2-3-1,4-2-3-1,Robert Jones,Match Report,,2023,Chelsea
1969,43,2023-04-26,19:45,Premier League,Matchweek 33,Wed,Home,L,0.0,2.0,Brentford,1.3,1.1,71.0,39929.0,César Azpilicueta,3-4-3,5-3-2,Andy Madley,Match Report,,2023,Chelsea
1970,44,2023-05-02,20:00,Premier League,Matchweek 34,Tue,Away,L,1.0,3.0,Arsenal,0.8,1.7,45.0,60144.0,César Azpilicueta,4-3-3,4-3-3,Robert Jones,Match Report,,2023,Chelsea
1971,45,2023-05-06,15:00,Premier League,Matchweek 35,Sat,Away,W,3.0,1.0,Bournemouth,1.3,1.2,65.0,10357.0,Thiago Silva,4-3-3,4-2-3-1,John Brooks,Match Report,,2023,Chelsea
1972,46,2023-05-13,15:00,Premier League,Matchweek 36,Sat,Home,D,2.0,2.0,Nott'ham Forest,1.2,1.3,75.0,40030.0,Thiago Silva,4-3-3,3-4-3,Paul Tierney,Match Report,,2023,Chelsea
1973,47,2023-05-21,16:00,Premier League,Matchweek 37,Sun,Away,L,0.0,1.0,Manchester City,1.2,1.2,36.0,53490.0,César Azpilicueta,3-4-1-2,3-4-3,Michael Oliver,Match Report,,2023,Chelsea
1974,48,2023-05-25,20:00,Premier League,Matchweek 32,Thu,Away,L,1.0,4.0,Manchester Utd,1.9,5.2,58.0,73561.0,César Azpilicueta,4-3-3,4-2-3-1,Stuart Attwell,Match Report,,2023,Chelsea
1975,49,2023-05-28,16:30,Premier League,Matchweek 38,Sun,Home,D,1.0,1.0,Newcastle Utd,2.2,1.7,64.0,40130.0,César Azpilicueta,4-2-3-1,4-3-3,Jarred Gillett,Match Report,,2023,Chelsea
1976,0,2022-08-06,15:00,Premier League,Matchweek 1,Sat,Away,L,1.0,2.0,Leeds United,1.3,0.8,60.0,36347.0,Rúben Neves,4-2-3-1,4-2-3-1,Robert Jones,Match Report,,2023,Wolverhampton Wanderers
1977,1,2022-08-13,15:00,Premier League,Matchweek 2,Sat,Home,D,0.0,0.0,Fulham,0.9,1.5,59.0,31178.0,Rúben Neves,4-2-3-1,4-2-3-1,John Brooks,Match Report,,2023,Wolverhampton Wanderers
1978,2,2022-08-20,12:30,Premier League,Matchweek 3,Sat,Away,L,0.0,1.0,Tottenham,0.7,1.7,50.0,61298.0,Rúben Neves,3-5-2,3-4-3,Simon Hooper,Match Report,,2023,Wolverhampton Wanderers
1979,4,2022-08-28,14:00,Premier League,Matchweek 4,Sun,Home,D,1.0,1.0,Newcastle Utd,0.7,1.7,37.0,31311.0,Rúben Neves,4-3-3,4-3-3,Peter Bankes,Match Report,,2023,Wolverhampton Wanderers
1980,5,2022-08-31,19:30,Premier League,Matchweek 5,Wed,Away,D,0.0,0.0,Bournemouth,1.5,0.4,65.0,10113.0,Rúben Neves,4-3-3,4-4-2,Anthony Taylor,Match Report,,2023,Wolverhampton Wanderers
1981,6,2022-09-03,15:00,Premier League,Matchweek 6,Sat,Home,W,1.0,0.0,Southampton,0.8,1.2,51.0,30546.0,Rúben Neves,4-3-3,4-2-3-1,John Brooks,Match Report,,2023,Wolverhampton Wanderers
1982,7,2022-09-17,12:30,Premier League,Matchweek 8,Sat,Home,L,0.0,3.0,Manchester City,0.4,1.1,41.0,31578.0,Rúben Neves,4-3-3,4-3-3,Anthony Taylor,Match Report,,2023,Wolverhampton Wanderers
1983,8,2022-10-01,17:30,Premier League,Matchweek 9,Sat,Away,L,0.0,2.0,West Ham,0.7,0.9,61.0,62444.0,Rúben Neves,3-4-3,4-2-3-1,Paul Tierney,Match Report,,2023,Wolverhampton Wanderers
1984,9,2022-10-08,15:00,Premier League,Matchweek 10,Sat,Away,L,0.0,3.0,Chelsea,1.1,1.9,43.0,39940.0,João Moutinho,4-2-3-1,4-2-3-1,Simon Hooper,Match Report,,2023,Wolverhampton Wanderers
1985,10,2022-10-15,15:00,Premier League,Matchweek 11,Sat,Home,W,1.0,0.0,Nott'ham Forest,1.3,1.5,58.0,31554.0,Rúben Neves,4-2-3-1,4-3-3,Thomas Bramall,Match Report,,2023,Wolverhampton Wanderers
1986,11,2022-10-18,20:15,Premier League,Matchweek 12,Tue,Away,L,1.0,2.0,Crystal Palace,0.8,1.2,49.0,25125.0,Rúben Neves,4-2-3-1,4-3-3,David Coote,Match Report,,2023,Wolverhampton Wanderers
1987,12,2022-10-23,14:00,Premier League,Matchweek 13,Sun,Home,L,0.0,4.0,Leicester City,2.1,0.9,60.0,31425.0,Rúben Neves,4-2-3-1,4-1-4-1,Michael Oliver,Match Report,,2023,Wolverhampton Wanderers
1988,13,2022-10-29,15:00,Premier League,Matchweek 14,Sat,Away,D,1.0,1.0,Brentford,0.6,1.4,42.0,17051.0,Rúben Neves,4-2-3-1,4-3-3,Robert Madley,Match Report,,2023,Wolverhampton Wanderers
1989,14,2022-11-05,15:00,Premier League,Matchweek 15,Sat,Home,L,2.0,3.0,Brighton,1.2,1.5,29.0,30732.0,Rúben Neves,4-3-3,4-2-3-1,Graham Scott,Match Report,,2023,Wolverhampton Wanderers
1990,16,2022-11-12,19:45,Premier League,Matchweek 16,Sat,Home,L,0.0,2.0,Arsenal,0.7,2.1,38.0,34624.0,João Moutinho,5-3-2,4-3-3,Stuart Attwell,Match Report,,2023,Wolverhampton Wanderers
1991,18,2022-12-26,15:00,Premier League,Matchweek 17,Mon,Away,W,2.0,1.0,Everton,0.8,1.7,42.0,39252.0,Rúben Neves,4-3-3,4-3-3,Craig Pawson,Match Report,,2023,Wolverhampton Wanderers
1992,19,2022-12-31,12:30,Premier League,Matchweek 18,Sat,Home,L,0.0,1.0,Manchester Utd,0.7,2.0,46.0,31658.0,Rúben Neves,4-2-3-1,4-2-3-1,Robert Jones,Match Report,,2023,Wolverhampton Wanderers
1993,20,2023-01-04,20:00,Premier League,Matchweek 19,Wed,Away,D,1.0,1.0,Aston Villa,0.9,1.8,44.0,39978.0,Rúben Neves,4-2-3-1,4-4-2,Jarred Gillett,Match Report,,2023,Wolverhampton Wanderers
1994,23,2023-01-14,15:00,Premier League,Matchweek 20,Sat,Home,W,1.0,0.0,West Ham,0.9,1.1,58.0,31511.0,Rúben Neves,4-2-3-1,4-3-3,Simon Hooper,Match Report,,2023,Wolverhampton Wanderers
1995,25,2023-01-22,14:00,Premier League,Matchweek 21,Sun,Away,L,0.0,3.0,Manchester City,0.8,2.8,45.0,53282.0,Rúben Neves,4-3-3,3-2-4-1,David Coote,Match Report,,2023,Wolverhampton Wanderers
1996,26,2023-02-04,15:00,Premier League,Matchweek 22,Sat,Home,W,3.0,0.0,Liverpool,2.0,1.8,41.0,31664.0,Rúben Neves,4-4-2,4-3-3,Paul Tierney,Match Report,,2023,Wolverhampton Wanderers
1997,27,2023-02-11,15:00,Premier League,Matchweek 23,Sat,Away,W,2.0,1.0,Southampton,0.8,1.1,59.0,29751.0,Rúben Neves,4-2-3-1,5-3-2,Jarred Gillett,Match Report,,2023,Wolverhampton Wanderers
1998,28,2023-02-18,15:00,Premier League,Matchweek 24,Sat,Home,L,0.0,1.0,Bournemouth,1.3,1.1,68.0,31222.0,Rúben Neves,4-2-3-1,4-2-3-1,Michael Salisbury,Match Report,,2023,Wolverhampton Wanderers
1999,29,2023-02-24,20:00,Premier League,Matchweek 25,Fri,Away,D,1.0,1.0,Fulham,0.8,0.5,49.0,24399.0,Rúben Neves,4-4-2,4-2-3-1,Michael Oliver,Match Report,,2023,Wolverhampton Wanderers
2000,30,2023-03-01,20:00,Premier League,Matchweek 7,Wed,Away,L,0.0,2.0,Liverpool,0.8,2.6,43.0,53259.0,Rúben Neves,4-2-3-1,4-3-3,Paul Tierney,Match Report,,2023,Wolverhampton Wanderers
2001,31,2023-03-04,15:00,Premier League,Matchweek 26,Sat,Home,W,1.0,0.0,Tottenham,0.5,1.2,46.0,31585.0,Rúben Neves,4-2-3-1,3-4-3,Tim Robinson,Match Report,,2023,Wolverhampton Wanderers
2002,32,2023-03-12,16:30,Premier League,Matchweek 27,Sun,Away,L,1.0,2.0,Newcastle Utd,1.1,1.8,57.0,52240.0,Rúben Neves,4-2-3-1,4-3-3,Andy Madley,Match Report,,2023,Wolverhampton Wanderers
2003,33,2023-03-18,15:00,Premier League,Matchweek 28,Sat,Home,L,2.0,4.0,Leeds United,2.7,1.6,65.0,31570.0,Rúben Neves,4-3-3,4-2-3-1,Michael Salisbury,Match Report,,2023,Wolverhampton Wanderers
2004,34,2023-04-01,15:00,Premier League,Matchweek 29,Sat,Away,D,1.0,1.0,Nott'ham Forest,0.5,1.3,71.0,29368.0,Rúben Neves,4-2-3-1,4-3-2-1,Chris Kavanagh,Match Report,,2023,Wolverhampton Wanderers
2005,35,2023-04-08,15:00,Premier League,Matchweek 30,Sat,Home,W,1.0,0.0,Chelsea,0.6,1.1,38.0,31614.0,Max Kilman,4-4-2,4-3-3,Peter Bankes,Match Report,,2023,Wolverhampton Wanderers
2006,36,2023-04-15,15:00,Premier League,Matchweek 31,Sat,Home,W,2.0,0.0,Brentford,0.8,1.1,50.0,30769.0,Max Kilman,4-4-2,4-3-3,Paul Tierney,Match Report,,2023,Wolverhampton Wanderers
2007,37,2023-04-22,15:00,Premier League,Matchweek 32,Sat,Away,L,1.0,2.0,Leicester City,0.9,2.4,58.0,32053.0,Max Kilman,4-4-2,4-2-3-1,Andy Madley,Match Report,,2023,Wolverhampton Wanderers
2008,38,2023-04-25,19:30,Premier League,Matchweek 33,Tue,Home,W,2.0,0.0,Crystal Palace,1.4,0.8,41.0,30294.0,Rúben Neves,4-4-2,4-3-3,Robert Jones,Match Report,,2023,Wolverhampton Wanderers
2009,39,2023-04-29,15:00,Premier League,Matchweek 34,Sat,Away,L,0.0,6.0,Brighton,0.8,3.3,43.0,31584.0,Rúben Neves,4-4-2,4-2-3-1,David Coote,Match Report,,2023,Wolverhampton Wanderers
2010,40,2023-05-06,15:00,Premier League,Matchweek 35,Sat,Home,W,1.0,0.0,Aston Villa,0.8,1.5,38.0,31641.0,Rúben Neves,4-4-2,4-4-2,Stuart Attwell,Match Report,,2023,Wolverhampton Wanderers
2011,41,2023-05-13,15:00,Premier League,Matchweek 36,Sat,Away,L,0.0,2.0,Manchester Utd,0.3,3.2,52.0,73570.0,Rúben Neves,4-4-2,4-2-3-1,John Brooks,Match Report,,2023,Wolverhampton Wanderers
2012,42,2023-05-20,15:00,Premier League,Matchweek 37,Sat,Home,D,1.0,1.0,Everton,1.6,2.0,52.0,31684.0,Rúben Neves,4-4-2,4-1-4-1,David Coote,Match Report,,2023,Wolverhampton Wanderers
2013,43,2023-05-28,16:30,Premier League,Matchweek 38,Sun,Away,L,0.0,5.0,Arsenal,0.5,2.8,49.0,60095.0,Max Kilman,4-3-3,4-3-3,Andre Marriner,Match Report,,2023,Wolverhampton Wanderers
2014,0,2022-08-07,16:30,Premier League,Matchweek 1,Sun,Home,L,0.0,2.0,Manchester City,0.5,2.2,25.0,62443.0,Declan Rice,4-2-3-1,4-3-3,Michael Oliver,Match Report,,2023,West Ham United
2015,1,2022-08-14,14:00,Premier League,Matchweek 2,Sun,Away,L,0.0,1.0,Nott'ham Forest,2.1,1.3,57.0,29281.0,Declan Rice,4-3-3,3-4-1-2,Robert Jones,Match Report,,2023,West Ham United
2016,3,2022-08-21,14:00,Premier League,Matchweek 3,Sun,Home,L,0.0,2.0,Brighton,0.8,1.7,50.0,62449.0,Declan Rice,4-2-3-1,3-5-1-1,Anthony Taylor,Match Report,,2023,West Ham United
2017,5,2022-08-28,14:00,Premier League,Matchweek 4,Sun,Away,W,1.0,0.0,Aston Villa,0.6,0.5,42.0,41796.0,Declan Rice,3-5-2,4-3-1-2,David Coote,Match Report,,2023,West Ham United
2018,6,2022-08-31,19:45,Premier League,Matchweek 5,Wed,Home,D,1.0,1.0,Tottenham,1.2,0.6,39.0,62450.0,Declan Rice,4-2-3-1,3-4-3,Peter Bankes,Match Report,,2023,West Ham United
2019,7,2022-09-03,15:00,Premier League,Matchweek 6,Sat,Away,L,1.0,2.0,Chelsea,1.1,0.9,33.0,39923.0,Declan Rice,3-4-1-2,3-1-4-2,Andy Madley,Match Report,,2023,West Ham United
2020,10,2022-09-18,14:15,Premier League,Matchweek 8,Sun,Away,L,0.0,1.0,Everton,1.0,0.4,47.0,39298.0,Declan Rice,4-2-3-1,4-3-3,Michael Oliver,Match Report,,2023,West Ham United
2021,11,2022-10-01,17:30,Premier League,Matchweek 9,Sat,Home,W,2.0,0.0,Wolves,0.9,0.7,39.0,62444.0,Declan Rice,4-2-3-1,3-4-3,Paul Tierney,Match Report,,2023,West Ham United
2022,13,2022-10-09,14:00,Premier League,Matchweek 10,Sun,Home,W,3.0,1.0,Fulham,2.4,0.7,50.0,62407.0,Declan Rice,4-2-3-1,4-2-3-1,Chris Kavanagh,Match Report,,2023,West Ham United
2023,15,2022-10-16,14:00,Premier League,Matchweek 11,Sun,Away,D,1.0,1.0,Southampton,1.7,0.5,61.0,29159.0,Declan Rice,3-4-3,4-3-3,Peter Bankes,Match Report,,2023,West Ham United
2024,16,2022-10-19,19:30,Premier League,Matchweek 12,Wed,Away,L,0.0,1.0,Liverpool,1.7,1.7,46.0,52982.0,Declan Rice,4-4-2,4-4-2,Stuart Attwell,Match Report,,2023,West Ham United
2025,17,2022-10-24,20:00,Premier League,Matchweek 13,Mon,Home,W,2.0,0.0,Bournemouth,1.9,0.4,55.0,62447.0,Declan Rice,4-2-3-1,4-2-3-1,David Coote,Match Report,,2023,West Ham United
2026,19,2022-10-30,16:15,Premier League,Matchweek 14,Sun,Away,L,0.0,1.0,Manchester Utd,1.1,1.2,47.0,73682.0,Declan Rice,4-2-3-1,4-2-3-1,Chris Kavanagh,Match Report,,2023,West Ham United
2027,21,2022-11-06,14:00,Premier League,Matchweek 15,Sun,Home,L,1.0,2.0,Crystal Palace,0.3,1.0,42.0,62451.0,Declan Rice,4-2-3-1,4-3-3,Paul Tierney,Match Report,,2023,West Ham United
2028,23,2022-11-12,15:00,Premier League,Matchweek 16,Sat,Home,L,0.0,2.0,Leicester City,1.4,1.8,54.0,62459.0,Declan Rice,4-2-3-1,4-1-4-1,Jarred Gillett,Match Report,,2023,West Ham United
2029,24,2022-12-26,20:00,Premier League,Matchweek 17,Mon,Away,L,1.0,3.0,Arsenal,1.0,2.1,34.0,60125.0,Declan Rice,4-2-3-1,4-3-3,Michael Oliver,Match Report,,2023,West Ham United
2030,25,2022-12-30,19:45,Premier League,Matchweek 18,Fri,Home,L,0.0,2.0,Brentford,1.3,1.6,63.0,62467.0,Declan Rice,3-4-3,3-5-2,Darren England,Match Report,,2023,West Ham United
2031,26,2023-01-04,19:45,Premier League,Matchweek 19,Wed,Away,D,2.0,2.0,Leeds United,1.4,1.6,38.0,36173.0,Declan Rice,4-3-3,4-2-3-1,David Coote,Match Report,,2023,West Ham United
2032,28,2023-01-14,15:00,Premier League,Matchweek 20,Sat,Away,L,0.0,1.0,Wolves,1.1,0.9,42.0,31511.0,Declan Rice,4-3-3,4-2-3-1,Simon Hooper,Match Report,,2023,West Ham United
2033,29,2023-01-21,15:00,Premier League,Matchweek 21,Sat,Home,W,2.0,0.0,Everton,2.2,0.5,33.0,62470.0,Declan Rice,3-4-3,3-4-3,Stuart Attwell,Match Report,,2023,West Ham United
2034,31,2023-02-04,17:30,Premier League,Matchweek 22,Sat,Away,D,1.0,1.0,Newcastle Utd,1.0,1.0,38.0,52256.0,Declan Rice,3-4-3,4-3-3,Peter Bankes,Match Report,,2023,West Ham United
2035,32,2023-02-11,12:30,Premier League,Matchweek 23,Sat,Home,D,1.0,1.0,Chelsea,1.3,1.1,29.0,62471.0,Declan Rice,3-4-3,4-2-3-1,Craig Pawson,Match Report,,2023,West Ham United
2036,33,2023-02-19,16:30,Premier League,Matchweek 24,Sun,Away,L,0.0,2.0,Tottenham,0.5,1.5,43.0,61476.0,Declan Rice,3-4-3,3-4-3,Michael Oliver,Match Report,,2023,West Ham United
2037,34,2023-02-25,15:00,Premier League,Matchweek 25,Sat,Home,W,4.0,0.0,Nott'ham Forest,2.7,0.4,49.0,62469.0,Declan Rice,4-3-3,4-3-2-1,Jarred Gillett,Match Report,,2023,West Ham United
2038,36,2023-03-04,15:00,Premier League,Matchweek 26,Sat,Away,L,0.0,4.0,Brighton,0.3,3.5,35.0,31523.0,Declan Rice,4-2-3-1,4-2-3-1,Stuart Attwell,Match Report,,2023,West Ham United
2039,38,2023-03-12,14:00,Premier League,Matchweek 27,Sun,Home,D,1.0,1.0,Aston Villa,2.1,1.5,41.0,62472.0,Declan Rice,4-1-4-1,4-2-3-1,Chris Kavanagh,Match Report,,2023,West Ham United
2040,40,2023-04-02,14:00,Premier League,Matchweek 29,Sun,Home,W,1.0,0.0,Southampton,1.4,0.3,43.0,62498.0,Declan Rice,4-3-3,4-4-2,Paul Tierney,Match Report,,2023,West Ham United
2041,41,2023-04-05,20:00,Premier League,Matchweek 7,Wed,Home,L,1.0,5.0,Newcastle Utd,1.0,3.3,42.0,62481.0,Declan Rice,4-2-3-1,4-3-3,Craig Pawson,Match Report,,2023,West Ham United
2042,42,2023-04-08,15:00,Premier League,Matchweek 30,Sat,Away,W,1.0,0.0,Fulham,1.1,0.7,24.0,24491.0,Declan Rice,4-4-2,4-2-3-1,Jarred Gillett,Match Report,,2023,West Ham United
2043,44,2023-04-16,14:00,Premier League,Matchweek 31,Sun,Home,D,2.0,2.0,Arsenal,1.8,2.7,30.0,62481.0,Declan Rice,4-3-3,4-3-3,David Coote,Match Report,,2023,West Ham United
2044,46,2023-04-23,14:00,Premier League,Matchweek 32,Sun,Away,W,4.0,0.0,Bournemouth,2.4,1.5,36.0,10465.0,Declan Rice,4-3-3,3-4-3,Anthony Taylor,Match Report,,2023,West Ham United
2045,47,2023-04-26,19:45,Premier League,Matchweek 33,Wed,Home,L,1.0,2.0,Liverpool,0.8,1.9,28.0,62473.0,Declan Rice,4-2-3-1,4-3-3,Chris Kavanagh,Match Report,,2023,West Ham United
2046,48,2023-04-29,12:30,Premier League,Matchweek 34,Sat,Away,L,3.0,4.0,Crystal Palace,1.7,2.1,41.0,25148.0,Declan Rice,4-2-3-1,4-3-3,Craig Pawson,Match Report,,2023,West Ham United
2047,49,2023-05-03,20:00,Premier League,Matchweek 28,Wed,Away,L,0.0,3.0,Manchester City,0.4,2.3,31.0,53305.0,Aaron Cresswell,4-2-3-1,3-2-4-1,John Brooks,Match Report,,2023,West Ham United
2048,50,2023-05-07,19:00,Premier League,Matchweek 35,Sun,Home,W,1.0,0.0,Manchester Utd,1.3,1.2,35.0,62477.0,Declan Rice,4-2-3-1,4-2-3-1,Peter Bankes,Match Report,,2023,West Ham United
2049,52,2023-05-14,14:00,Premier League,Matchweek 36,Sun,Away,L,0.0,2.0,Brentford,0.2,3.4,47.0,17075.0,Angelo Ogbonna,4-2-3-1,4-3-3,Michael Oliver,Match Report,,2023,West Ham United
2050,54,2023-05-21,13:30,Premier League,Matchweek 37,Sun,Home,W,3.0,1.0,Leeds United,2.1,0.9,59.0,62478.0,Declan Rice,4-2-3-1,4-3-3,Peter Bankes,Match Report,,2023,West Ham United
2051,55,2023-05-28,16:30,Premier League,Matchweek 38,Sun,Away,L,1.0,2.0,Leicester City,1.4,1.4,52.0,32183.0,Declan Rice,4-2-3-1,4-2-3-1,Simon Hooper,Match Report,,2023,West Ham United
2052,0,2022-08-06,15:00,Premier League,Matchweek 1,Sat,Home,W,2.0,0.0,Aston Villa,0.6,0.7,35.0,11013.0,Lloyd Kelly,3-4-3,4-3-3,Peter Bankes,Match Report,,2023,Bournemouth
2053,1,2022-08-13,15:00,Premier League,Matchweek 2,Sat,Away,L,0.0,4.0,Manchester City,0.1,1.7,33.0,53453.0,Lloyd Kelly,3-4-3,4-2-3-1,David Coote,Match Report,,2023,Bournemouth
2054,2,2022-08-20,17:30,Premier League,Matchweek 3,Sat,Home,L,0.0,3.0,Arsenal,0.3,1.3,43.0,10423.0,Lloyd Kelly,3-1-4-2,4-3-3,Craig Pawson,Match Report,,2023,Bournemouth
2055,4,2022-08-27,15:00,Premier League,Matchweek 4,Sat,Away,L,0.0,9.0,Liverpool,0.3,3.3,31.0,53328.0,Adam Smith,4-2-3-1,4-3-3,Stuart Attwell,Match Report,,2023,Bournemouth
2056,5,2022-08-31,19:30,Premier League,Matchweek 5,Wed,Home,D,0.0,0.0,Wolves,0.4,1.5,35.0,10113.0,Lloyd Kelly,4-4-2,4-3-3,Anthony Taylor,Match Report,,2023,Bournemouth
2057,6,2022-09-03,15:00,Premier League,Matchweek 6,Sat,Away,W,3.0,2.0,Nott'ham Forest,0.8,1.9,48.0,28720.0,Lloyd Kelly,4-2-3-1,3-4-3,Michael Oliver,Match Report,,2023,Bournemouth
2058,7,2022-09-17,15:00,Premier League,Matchweek 8,Sat,Away,D,1.0,1.0,Newcastle Utd,0.7,1.9,28.0,52238.0,Adam Smith,4-2-3-1,4-3-3,Craig Pawson,Match Report,,2023,Bournemouth
2059,8,2022-10-01,15:00,Premier League,Matchweek 9,Sat,Home,D,0.0,0.0,Brentford,0.4,0.9,42.0,10126.0,Adam Smith,4-4-2,4-3-3,Thomas Bramall,Match Report,,2023,Bournemouth
2060,9,2022-10-08,15:00,Premier League,Matchweek 10,Sat,Home,W,2.0,1.0,Leicester City,1.1,1.0,45.0,10272.0,Adam Smith,4-4-2,4-1-4-1,Michael Salisbury,Match Report,,2023,Bournemouth
2061,10,2022-10-15,15:00,Premier League,Matchweek 11,Sat,Away,D,2.0,2.0,Fulham,1.0,2.1,31.0,22541.0,Adam Smith,4-2-3-1,4-2-3-1,Graham Scott,Match Report,,2023,Bournemouth
2062,11,2022-10-19,19:30,Premier League,Matchweek 12,Wed,Home,L,0.0,1.0,Southampton,1.0,1.0,54.0,10405.0,Adam Smith,3-4-3,4-4-2,John Brooks,Match Report,,2023,Bournemouth
2063,12,2022-10-24,20:00,Premier League,Matchweek 13,Mon,Away,L,0.0,2.0,West Ham,0.4,1.9,45.0,62447.0,Adam Smith,4-2-3-1,4-2-3-1,David Coote,Match Report,,2023,Bournemouth
2064,13,2022-10-29,15:00,Premier League,Matchweek 14,Sat,Home,L,2.0,3.0,Tottenham,0.5,2.0,31.0,10430.0,Adam Smith,3-5-1-1,3-5-2,Anthony Taylor,Match Report,,2023,Bournemouth
2065,14,2022-11-05,15:00,Premier League,Matchweek 15,Sat,Away,L,3.0,4.0,Leeds United,1.5,2.2,40.0,36304.0,Adam Smith,4-4-2,4-2-3-1,Tony Harrington,Match Report,,2023,Bournemouth
2066,16,2022-11-12,15:00,Premier League,Matchweek 16,Sat,Home,W,3.0,0.0,Everton,2.4,0.8,36.0,10382.0,Adam Smith,4-4-2,4-3-3,Craig Pawson,Match Report,,2023,Bournemouth
2067,18,2022-12-27,17:30,Premier League,Matchweek 17,Tue,Away,L,0.0,2.0,Chelsea,0.5,1.8,40.0,40046.0,Lloyd Kelly,5-3-2,4-3-3,Simon Hooper,Match Report,,2023,Bournemouth
2068,19,2022-12-31,15:00,Premier League,Matchweek 18,Sat,Home,L,0.0,2.0,Crystal Palace,0.6,1.6,59.0,9972.0,Lloyd Kelly,4-4-2,4-2-3-1,Andre Marriner,Match Report,,2023,Bournemouth
2069,20,2023-01-03,20:00,Premier League,Matchweek 19,Tue,Away,L,0.0,3.0,Manchester Utd,0.6,2.2,42.0,73322.0,Lloyd Kelly,4-4-2,4-2-3-1,Michael Salisbury,Match Report,,2023,Bournemouth
2070,22,2023-01-14,17:30,Premier League,Matchweek 20,Sat,Away,L,0.0,2.0,Brentford,0.6,1.4,50.0,17031.0,Lloyd Kelly,4-4-1-1,4-3-3,Jarred Gillett,Match Report,,2023,Bournemouth
2071,23,2023-01-21,15:00,Premier League,Matchweek 21,Sat,Home,D,1.0,1.0,Nott'ham Forest,1.4,1.9,43.0,10248.0,Lloyd Kelly,4-4-2,4-3-1-2,Andy Madley,Match Report,,2023,Bournemouth
2072,24,2023-02-04,15:00,Premier League,Matchweek 22,Sat,Away,L,0.0,1.0,Brighton,1.1,2.2,29.0,31600.0,Neto,4-4-1-1,3-4-3,Craig Pawson,Match Report,,2023,Bournemouth
2073,25,2023-02-11,17:30,Premier League,Matchweek 23,Sat,Home,D,1.0,1.0,Newcastle Utd,1.5,1.3,34.0,10419.0,Neto,4-4-1-1,4-3-3,Stuart Attwell,Match Report,,2023,Bournemouth
2074,26,2023-02-18,15:00,Premier League,Matchweek 24,Sat,Away,W,1.0,0.0,Wolves,1.1,1.3,32.0,31222.0,Neto,4-2-3-1,4-2-3-1,Michael Salisbury,Match Report,,2023,Bournemouth
2075,27,2023-02-25,17:30,Premier League,Matchweek 25,Sat,Home,L,1.0,4.0,Manchester City,1.0,2.4,35.0,10481.0,Neto,5-4-1,3-2-4-1,Paul Tierney,Match Report,,2023,Bournemouth
2076,28,2023-03-04,15:00,Premier League,Matchweek 26,Sat,Away,L,2.0,3.0,Arsenal,1.3,2.1,21.0,60222.0,Neto,5-4-1,4-3-3,Chris Kavanagh,Match Report,,2023,Bournemouth
2077,29,2023-03-11,12:30,Premier League,Matchweek 27,Sat,Home,W,1.0,0.0,Liverpool,0.9,1.7,31.0,10536.0,Neto,4-4-1-1,4-3-3,John Brooks,Match Report,,2023,Bournemouth
2078,30,2023-03-18,15:00,Premier League,Matchweek 28,Sat,Away,L,0.0,3.0,Aston Villa,1.3,3.5,44.0,41021.0,Neto,4-4-1-1,4-2-3-1,Robert Jones,Match Report,,2023,Bournemouth
2079,31,2023-04-01,15:00,Premier League,Matchweek 29,Sat,Home,W,2.0,1.0,Fulham,2.6,0.8,43.0,10305.0,Neto,4-4-1-1,4-2-3-1,Peter Bankes,Match Report,,2023,Bournemouth
2080,32,2023-04-04,19:45,Premier League,Matchweek 7,Tue,Home,L,0.0,2.0,Brighton,1.7,2.7,37.0,10266.0,Neto,4-4-1-1,4-2-3-1,Darren Bond,Match Report,,2023,Bournemouth
2081,33,2023-04-08,15:00,Premier League,Matchweek 30,Sat,Away,W,1.0,0.0,Leicester City,1.9,0.6,49.0,32094.0,Neto,4-2-3-1,4-2-3-1,David Coote,Match Report,,2023,Bournemouth
2082,34,2023-04-15,15:00,Premier League,Matchweek 31,Sat,Away,W,3.0,2.0,Tottenham,1.3,2.2,42.0,61369.0,Neto,3-4-3,3-4-3,Andy Madley,Match Report,,2023,Bournemouth
2083,35,2023-04-23,14:00,Premier League,Matchweek 32,Sun,Home,L,0.0,4.0,West Ham,1.5,2.4,64.0,10465.0,Neto,3-4-3,4-3-3,Anthony Taylor,Match Report,,2023,Bournemouth
2084,36,2023-04-27,19:45,Premier League,Matchweek 33,Thu,Away,W,1.0,0.0,Southampton,0.9,0.5,43.0,30414.0,Neto,3-4-3,4-4-2,Darren England,Match Report,,2023,Bournemouth
2085,37,2023-04-30,14:00,Premier League,Matchweek 34,Sun,Home,W,4.0,1.0,Leeds United,1.9,1.6,42.0,10434.0,Neto,4-2-3-1,3-4-3,Chris Kavanagh,Match Report,,2023,Bournemouth
2086,38,2023-05-06,15:00,Premier League,Matchweek 35,Sat,Home,L,1.0,3.0,Chelsea,1.2,1.3,35.0,10357.0,Neto,4-2-3-1,4-3-3,John Brooks,Match Report,,2023,Bournemouth
2087,39,2023-05-13,15:00,Premier League,Matchweek 36,Sat,Away,L,0.0,2.0,Crystal Palace,0.3,1.5,41.0,25034.0,Neto,4-2-3-1,4-2-3-1,Michael Salisbury,Match Report,,2023,Bournemouth
2088,40,2023-05-20,15:00,Premier League,Matchweek 37,Sat,Home,L,0.0,1.0,Manchester Utd,1.0,1.4,41.0,10240.0,Neto,4-2-3-1,4-2-3-1,Chris Kavanagh,Match Report,,2023,Bournemouth
2089,41,2023-05-28,16:30,Premier League,Matchweek 38,Sun,Away,L,0.0,1.0,Everton,0.5,1.0,62.0,39201.0,Adam Smith,4-2-3-1,3-4-3,Stuart Attwell,Match Report,,2023,Bournemouth
2090,0,2022-08-06,15:00,Premier League,Matchweek 1,Sat,Away,L,0.0,2.0,Newcastle Utd,0.3,1.7,39.0,52245.0,Joe Worrall,3-4-1-2,4-3-3,Simon Hooper,Match Report,,2023,Nottingham Forest
2091,1,2022-08-14,14:00,Premier League,Matchweek 2,Sun,Home,W,1.0,0.0,West Ham,1.3,2.1,43.0,29281.0,Joe Worrall,3-4-1-2,4-3-3,Robert Jones,Match Report,,2023,Nottingham Forest
2092,2,2022-08-20,15:00,Premier League,Matchweek 3,Sat,Away,D,1.0,1.0,Everton,1.0,1.5,51.0,39271.0,Joe Worrall,3-4-1-2,3-4-3,Andre Marriner,Match Report,,2023,Nottingham Forest
2093,4,2022-08-28,16:30,Premier League,Matchweek 4,Sun,Home,L,0.0,2.0,Tottenham,0.9,2.4,55.0,29296.0,Joe Worrall,3-4-3,3-4-3,Craig Pawson,Match Report,,2023,Nottingham Forest
2094,5,2022-08-31,19:30,Premier League,Matchweek 5,Wed,Away,L,0.0,6.0,Manchester City,0.7,3.3,26.0,53409.0,Joe Worrall,5-3-2,4-2-3-1,Paul Tierney,Match Report,,2023,Nottingham Forest
2095,6,2022-09-03,15:00,Premier League,Matchweek 6,Sat,Home,L,2.0,3.0,Bournemouth,1.9,0.8,52.0,28720.0,Joe Worrall,3-4-3,4-2-3-1,Michael Oliver,Match Report,,2023,Nottingham Forest
2096,7,2022-09-16,20:00,Premier League,Matchweek 8,Fri,Home,L,2.0,3.0,Fulham,1.4,0.9,41.0,28654.0,Ryan Yates,3-4-1-2,4-2-3-1,Jarred Gillett,Match Report,,2023,Nottingham Forest
2097,8,2022-10-03,20:00,Premier League,Matchweek 9,Mon,Away,L,0.0,4.0,Leicester City,1.1,1.3,49.0,32202.0,Steve Cook,4-2-3-1,4-1-4-1,Robert Jones,Match Report,,2023,Nottingham Forest
2098,9,2022-10-10,20:00,Premier League,Matchweek 10,Mon,Home,D,1.0,1.0,Aston Villa,0.3,0.7,40.0,29208.0,Ryan Yates,4-3-3,4-3-3,Anthony Taylor,Match Report,,2023,Nottingham Forest
2099,10,2022-10-15,15:00,Premier League,Matchweek 11,Sat,Away,L,0.0,1.0,Wolves,1.5,1.3,42.0,31554.0,Ryan Yates,4-3-3,4-2-3-1,Thomas Bramall,Match Report,,2023,Nottingham Forest
2100,11,2022-10-18,19:30,Premier League,Matchweek 12,Tue,Away,D,0.0,0.0,Brighton,0.1,1.7,30.0,31463.0,Ryan Yates,4-3-3,3-4-3,Darren England,Match Report,,2023,Nottingham Forest
2101,12,2022-10-22,12:30,Premier League,Matchweek 13,Sat,Home,W,1.0,0.0,Liverpool,1.9,1.6,25.0,29245.0,Ryan Yates,4-3-3,4-4-2,Paul Tierney,Match Report,,2023,Nottingham Forest
2102,13,2022-10-30,14:00,Premier League,Matchweek 14,Sun,Away,L,0.0,5.0,Arsenal,0.4,2.3,31.0,60263.0,Ryan Yates,4-3-3,4-3-3,Simon Hooper,Match Report,,2023,Nottingham Forest
2103,14,2022-11-05,15:00,Premier League,Matchweek 15,Sat,Home,D,2.0,2.0,Brentford,1.5,1.5,48.0,28869.0,Ryan Yates,4-3-1-2,4-3-3,Andre Marriner,Match Report,,2023,Nottingham Forest
2104,16,2022-11-12,15:00,Premier League,Matchweek 16,Sat,Home,W,1.0,0.0,Crystal Palace,1.1,1.2,32.0,29045.0,Joe Worrall,4-3-3,4-3-3,John Brooks,Match Report,,2023,Nottingham Forest
2105,18,2022-12-27,20:00,Premier League,Matchweek 17,Tue,Away,L,0.0,3.0,Manchester Utd,0.7,2.4,35.0,73608.0,Joe Worrall,4-3-3,4-2-3-1,Anthony Taylor,Match Report,,2023,Nottingham Forest
2106,19,2023-01-01,16:30,Premier League,Matchweek 18,Sun,Home,D,1.0,1.0,Chelsea,1.4,0.9,29.0,29229.0,Joe Worrall,4-3-3,4-3-3,Peter Bankes,Match Report,,2023,Nottingham Forest
2107,20,2023-01-04,19:30,Premier League,Matchweek 19,Wed,Away,W,1.0,0.0,Southampton,1.4,0.5,37.0,30150.0,Joe Worrall,4-3-1-2,3-1-4-2,Thomas Bramall,Match Report,,2023,Nottingham Forest
2108,23,2023-01-14,15:00,Premier League,Matchweek 20,Sat,Home,W,2.0,0.0,Leicester City,2.4,1.0,39.0,29301.0,Joe Worrall,4-3-1-2,4-2-3-1,Paul Tierney,Match Report,,2023,Nottingham Forest
2109,24,2023-01-21,15:00,Premier League,Matchweek 21,Sat,Away,D,1.0,1.0,Bournemouth,1.9,1.4,57.0,10248.0,Joe Worrall,4-3-1-2,4-4-2,Andy Madley,Match Report,,2023,Nottingham Forest
2110,27,2023-02-05,14:00,Premier League,Matchweek 22,Sun,Home,W,1.0,0.0,Leeds United,0.4,0.9,30.0,29363.0,Remo Freuler,4-3-1-2,4-2-3-1,Robert Jones,Match Report,,2023,Nottingham Forest
2111,28,2023-02-11,15:00,Premier League,Matchweek 23,Sat,Away,L,0.0,2.0,Fulham,0.7,1.5,50.0,24244.0,Remo Freuler,4-2-3-1,4-2-3-1,Andy Madley,Match Report,,2023,Nottingham Forest
2112,29,2023-02-18,15:00,Premier League,Matchweek 24,Sat,Home,D,1.0,1.0,Manchester City,0.9,2.4,27.0,29365.0,Joe Worrall,4-3-2-1,3-2-4-1,Graham Scott,Match Report,,2023,Nottingham Forest
2113,30,2023-02-25,15:00,Premier League,Matchweek 25,Sat,Away,L,0.0,4.0,West Ham,0.4,2.7,51.0,62469.0,Joe Worrall,4-3-2-1,4-3-3,Jarred Gillett,Match Report,,2023,Nottingham Forest
2114,31,2023-03-05,14:00,Premier League,Matchweek 26,Sun,Home,D,2.0,2.0,Everton,0.8,1.7,57.0,29353.0,Joe Worrall,4-3-2-1,4-5-1,John Brooks,Match Report,,2023,Nottingham Forest
2115,32,2023-03-11,15:00,Premier League,Matchweek 27,Sat,Away,L,1.0,3.0,Tottenham,1.5,2.0,45.0,61460.0,Joe Worrall,4-3-2-1,3-4-3,Craig Pawson,Match Report,,2023,Nottingham Forest
2116,33,2023-03-17,20:00,Premier League,Matchweek 28,Fri,Home,L,1.0,2.0,Newcastle Utd,0.4,2.4,39.0,29362.0,Ryan Yates,4-2-3-1,4-3-3,Paul Tierney,Match Report,,2023,Nottingham Forest
2117,34,2023-04-01,15:00,Premier League,Matchweek 29,Sat,Home,D,1.0,1.0,Wolves,1.3,0.5,29.0,29368.0,Remo Freuler,4-3-2-1,4-2-3-1,Chris Kavanagh,Match Report,,2023,Nottingham Forest
2118,35,2023-04-04,19:45,Premier League,Matchweek 7,Tue,Away,L,1.0,2.0,Leeds United,0.8,1.8,39.0,36740.0,Remo Freuler,4-3-2-1,4-2-3-1,Robert Jones,Match Report,,2023,Nottingham Forest
2119,36,2023-04-08,15:00,Premier League,Matchweek 30,Sat,Away,L,0.0,2.0,Aston Villa,0.2,1.3,37.0,42076.0,Joe Worrall,3-4-3,4-4-2,Anthony Taylor,Match Report,,2023,Nottingham Forest
2120,37,2023-04-16,16:30,Premier League,Matchweek 31,Sun,Home,L,0.0,2.0,Manchester Utd,0.7,3.5,32.0,29435.0,Remo Freuler,3-4-1-2,4-2-3-1,Simon Hooper,Match Report,,2023,Nottingham Forest
2121,38,2023-04-22,15:00,Premier League,Matchweek 32,Sat,Away,L,2.0,3.0,Liverpool,0.9,2.8,20.0,53254.0,Remo Freuler,3-4-3,4-3-3,Michael Oliver,Match Report,,2023,Nottingham Forest
2122,39,2023-04-26,19:30,Premier League,Matchweek 33,Wed,Home,W,3.0,1.0,Brighton,2.4,2.3,26.0,28808.0,Serge Aurier,3-4-3,4-2-3-1,Jarred Gillett,Match Report,,2023,Nottingham Forest
2123,40,2023-04-29,15:00,Premier League,Matchweek 34,Sat,Away,L,1.0,2.0,Brentford,0.7,1.6,32.0,17080.0,Joe Worrall,3-4-3,4-3-3,Peter Bankes,Match Report,,2023,Nottingham Forest
2124,41,2023-05-08,20:00,Premier League,Matchweek 35,Mon,Home,W,4.0,3.0,Southampton,1.8,3.1,36.0,29154.0,Ryan Yates,4-3-3,4-2-3-1,Michael Oliver,Match Report,,2023,Nottingham Forest
2125,42,2023-05-13,15:00,Premier League,Matchweek 36,Sat,Away,D,2.0,2.0,Chelsea,1.3,1.2,25.0,40030.0,Joe Worrall,3-4-3,4-3-3,Paul Tierney,Match Report,,2023,Nottingham Forest
2126,43,2023-05-20,17:30,Premier League,Matchweek 37,Sat,Home,W,1.0,0.0,Arsenal,0.6,0.6,19.0,29514.0,Joe Worrall,3-4-3,4-3-3,Anthony Taylor,Match Report,,2023,Nottingham Forest
2127,44,2023-05-28,16:30,Premier League,Matchweek 38,Sun,Away,D,1.0,1.0,Crystal Palace,0.5,1.4,34.0,25198.0,Joe Worrall,3-4-3,4-2-3-1,Thomas Bramall,Match Report,,2023,Nottingham Forest
2128,0,2022-08-06,17:30,Premier League,Matchweek 1,Sat,Home,L,0.0,1.0,Chelsea,0.7,1.5,38.0,39254.0,Jordan Pickford,5-4-1,3-4-3,Craig Pawson,Match Report,,2023,Everton
2129,1,2022-08-13,12:30,Premier League,Matchweek 2,Sat,Away,L,1.0,2.0,Aston Villa,1.6,2.3,43.0,41883.0,Jordan Pickford,3-4-3,4-1-2-1-2,Michael Oliver,Match Report,,2023,Everton
2130,2,2022-08-20,15:00,Premier League,Matchweek 3,Sat,Home,D,1.0,1.0,Nott'ham Forest,1.5,1.0,49.0,39271.0,Jordan Pickford,3-4-3,3-4-1-2,Andre Marriner,Match Report,,2023,Everton
2131,4,2022-08-27,15:00,Premier League,Matchweek 4,Sat,Away,D,1.0,1.0,Brentford,1.1,2.1,42.0,17009.0,Jordan Pickford,3-4-3,4-3-3,John Brooks,Match Report,,2023,Everton
2132,5,2022-08-30,20:00,Premier League,Matchweek 5,Tue,Away,D,1.0,1.0,Leeds United,1.0,1.0,31.0,36338.0,Jordan Pickford,4-3-3,4-2-3-1,Darren England,Match Report,,2023,Everton
2133,6,2022-09-03,12:30,Premier League,Matchweek 6,Sat,Home,D,0.0,0.0,Liverpool,1.7,2.1,39.0,39240.0,Jordan Pickford,4-3-3,4-3-3,Anthony Taylor,Match Report,,2023,Everton
2134,7,2022-09-18,14:15,Premier League,Matchweek 8,Sun,Home,W,1.0,0.0,West Ham,0.4,1.0,53.0,39298.0,Conor Coady,4-3-3,4-2-3-1,Michael Oliver,Match Report,,2023,Everton
2135,8,2022-10-01,15:00,Premier League,Matchweek 9,Sat,Away,W,2.0,1.0,Southampton,2.0,1.7,45.0,30510.0,Séamus Coleman,4-3-3,4-4-2,Andre Marriner,Match Report,,2023,Everton
2136,9,2022-10-09,19:00,Premier League,Matchweek 10,Sun,Home,L,1.0,2.0,Manchester Utd,0.6,1.4,40.0,39258.0,Séamus Coleman,4-3-3,4-2-3-1,David Coote,Match Report,,2023,Everton
2137,10,2022-10-15,17:30,Premier League,Matchweek 11,Sat,Away,L,0.0,2.0,Tottenham,0.4,2.2,38.0,61812.0,Séamus Coleman,5-3-2,3-4-3,Paul Tierney,Match Report,,2023,Everton
2138,11,2022-10-19,19:30,Premier League,Matchweek 12,Wed,Away,L,0.0,1.0,Newcastle Utd,0.2,1.5,51.0,52247.0,Séamus Coleman,4-3-3,4-3-3,Tony Harrington,Match Report,,2023,Everton
2139,12,2022-10-22,15:00,Premier League,Matchweek 13,Sat,Home,W,3.0,0.0,Crystal Palace,1.4,0.9,46.0,38939.0,Séamus Coleman,4-2-3-1,4-1-4-1,Simon Hooper,Match Report,,2023,Everton
2140,13,2022-10-29,17:30,Premier League,Matchweek 14,Sat,Away,D,0.0,0.0,Fulham,0.9,1.9,44.0,23534.0,Séamus Coleman,4-2-3-1,4-2-3-1,John Brooks,Match Report,,2023,Everton
2141,14,2022-11-05,17:30,Premier League,Matchweek 15,Sat,Home,L,0.0,2.0,Leicester City,1.2,2.3,49.0,39206.0,Séamus Coleman,4-3-3,4-1-4-1,David Coote,Match Report,,2023,Everton
2142,16,2022-11-12,15:00,Premier League,Matchweek 16,Sat,Away,L,0.0,3.0,Bournemouth,0.8,2.4,64.0,10382.0,Jordan Pickford,4-3-3,4-4-2,Craig Pawson,Match Report,,2023,Everton
2143,17,2022-12-26,15:00,Premier League,Matchweek 17,Mon,Home,L,1.0,2.0,Wolves,1.7,0.8,58.0,39252.0,Jordan Pickford,4-3-3,4-3-3,Craig Pawson,Match Report,,2023,Everton
2144,18,2022-12-31,15:00,Premier League,Matchweek 18,Sat,Away,D,1.0,1.0,Manchester City,0.1,1.7,26.0,53444.0,Jordan Pickford,5-3-2,4-3-3,Andy Madley,Match Report,,2023,Everton
2145,19,2023-01-03,19:45,Premier League,Matchweek 19,Tue,Home,L,1.0,4.0,Brighton,1.3,2.2,49.0,39103.0,Jordan Pickford,4-3-3,4-2-3-1,Andre Marriner,Match Report,,2023,Everton
2146,21,2023-01-14,15:00,Premier League,Matchweek 20,Sat,Home,L,1.0,2.0,Southampton,1.4,1.2,52.0,39305.0,Séamus Coleman,3-4-3,4-2-3-1,John Brooks,Match Report,,2023,Everton
2147,22,2023-01-21,15:00,Premier League,Matchweek 21,Sat,Away,L,0.0,2.0,West Ham,0.5,2.2,67.0,62470.0,Séamus Coleman,3-4-3,3-4-3,Stuart Attwell,Match Report,,2023,Everton
2148,23,2023-02-04,12:30,Premier League,Matchweek 22,Sat,Home,W,1.0,0.0,Arsenal,1.7,0.9,30.0,39314.0,Séamus Coleman,4-5-1,4-3-3,David Coote,Match Report,,2023,Everton
2149,24,2023-02-13,20:00,Premier League,Matchweek 23,Mon,Away,L,0.0,2.0,Liverpool,0.4,2.3,41.0,53027.0,Séamus Coleman,4-5-1,4-3-3,Simon Hooper,Match Report,,2023,Everton
2150,25,2023-02-18,15:00,Premier League,Matchweek 24,Sat,Home,W,1.0,0.0,Leeds United,1.4,0.5,51.0,39232.0,Séamus Coleman,4-5-1,4-2-3-1,Andy Madley,Match Report,,2023,Everton
2151,26,2023-02-25,15:00,Premier League,Matchweek 25,Sat,Home,L,0.0,2.0,Aston Villa,1.6,1.9,47.0,39309.0,Séamus Coleman,4-1-4-1,4-4-2,Anthony Taylor,Match Report,,2023,Everton
2152,27,2023-03-01,19:45,Premier League,Matchweek 7,Wed,Away,L,0.0,4.0,Arsenal,1.2,2.4,27.0,60213.0,Séamus Coleman,4-5-1,4-3-3,Michael Oliver,Match Report,,2023,Everton
2153,28,2023-03-05,14:00,Premier League,Matchweek 26,Sun,Away,D,2.0,2.0,Nott'ham Forest,1.7,0.8,43.0,29353.0,Séamus Coleman,4-5-1,4-3-2-1,John Brooks,Match Report,,2023,Everton
2154,29,2023-03-11,15:00,Premier League,Matchweek 27,Sat,Home,W,1.0,0.0,Brentford,1.0,2.0,33.0,39274.0,Séamus Coleman,4-5-1,4-3-3,Simon Hooper,Match Report,,2023,Everton
2155,30,2023-03-18,17:30,Premier League,Matchweek 28,Sat,Away,D,2.0,2.0,Chelsea,1.2,2.3,32.0,40025.0,Séamus Coleman,4-5-1,3-4-3,Darren England,Match Report,,2023,Everton
2156,31,2023-04-03,20:00,Premier League,Matchweek 29,Mon,Home,D,1.0,1.0,Tottenham,0.9,1.4,39.0,39294.0,Séamus Coleman,4-1-4-1,3-4-3,David Coote,Match Report,,2023,Everton
2157,32,2023-04-08,12:30,Premier League,Matchweek 30,Sat,Away,L,0.0,2.0,Manchester Utd,1.0,3.4,37.0,73509.0,Séamus Coleman,4-4-2,4-2-3-1,Michael Oliver,Match Report,,2023,Everton
2158,33,2023-04-15,15:00,Premier League,Matchweek 31,Sat,Home,L,1.0,3.0,Fulham,1.4,1.8,46.0,39241.0,Jordan Pickford,4-4-2,4-2-3-1,Anthony Taylor,Match Report,,2023,Everton
2159,34,2023-04-22,15:00,Premier League,Matchweek 32,Sat,Away,D,0.0,0.0,Crystal Palace,0.4,0.5,44.0,25202.0,Jordan Pickford,4-2-3-1,4-3-3,John Brooks,Match Report,,2023,Everton
2160,35,2023-04-27,19:45,Premier League,Matchweek 33,Thu,Home,L,1.0,4.0,Newcastle Utd,0.9,2.4,40.0,39248.0,Jordan Pickford,4-3-3,4-3-3,Andre Marriner,Match Report,,2023,Everton
2161,36,2023-05-01,20:00,Premier League,Matchweek 34,Mon,Away,D,2.0,2.0,Leicester City,3.1,3.4,46.0,32173.0,Séamus Coleman,4-2-3-1,4-3-3,Michael Oliver,Match Report,,2023,Everton
2162,37,2023-05-08,17:30,Premier League,Matchweek 35,Mon,Away,W,5.0,1.0,Brighton,2.3,3.2,22.0,31567.0,Jordan Pickford,4-2-3-1,4-2-3-1,Simon Hooper,Match Report,,2023,Everton
2163,38,2023-05-14,14:00,Premier League,Matchweek 36,Sun,Home,L,0.0,3.0,Manchester City,1.6,0.8,37.0,39376.0,Jordan Pickford,4-2-3-1,4-2-3-1,Anthony Taylor,Match Report,,2023,Everton
2164,39,2023-05-20,15:00,Premier League,Matchweek 37,Sat,Away,D,1.0,1.0,Wolves,2.0,1.6,48.0,31684.0,Jordan Pickford,4-1-4-1,4-4-2,David Coote,Match Report,,2023,Everton
2165,40,2023-05-28,16:30,Premier League,Matchweek 38,Sun,Home,W,1.0,0.0,Bournemouth,1.0,0.5,38.0,39201.0,Jordan Pickford,3-4-3,4-2-3-1,Stuart Attwell,Match Report,,2023,Everton
2166,0,2022-08-07,14:00,Premier League,Matchweek 1,Sun,Home,D,2.0,2.0,Brentford,0.6,0.8,56.0,31794.0,Jonny Evans,3-5-1-1,4-3-3,Jarred Gillett,Match Report,,2023,Leicester City
2167,1,2022-08-13,15:00,Premier League,Matchweek 2,Sat,Away,L,2.0,4.0,Arsenal,0.5,2.7,50.0,60033.0,Jonny Evans,3-5-1-1,4-3-3,Darren England,Match Report,,2023,Leicester City
2168,2,2022-08-20,15:00,Premier League,Matchweek 3,Sat,Home,L,1.0,2.0,Southampton,0.3,0.9,62.0,30850.0,Jonny Evans,4-1-4-1,4-2-3-1,Michael Salisbury,Match Report,,2023,Leicester City
2169,4,2022-08-27,15:00,Premier League,Matchweek 4,Sat,Away,L,1.0,2.0,Chelsea,2.5,1.8,55.0,39953.0,Jonny Evans,4-1-4-1,4-4-2,Paul Tierney,Match Report,,2023,Leicester City
2170,5,2022-09-01,20:00,Premier League,Matchweek 5,Thu,Home,L,0.0,1.0,Manchester Utd,0.7,1.5,53.0,32226.0,Jonny Evans,4-1-4-1,4-2-3-1,Craig Pawson,Match Report,,2023,Leicester City
2171,6,2022-09-04,14:00,Premier League,Matchweek 6,Sun,Away,L,2.0,5.0,Brighton,1.4,2.6,47.0,31185.0,Jonny Evans,4-4-2,3-5-2,Tony Harrington,Match Report,,2023,Leicester City
2172,7,2022-09-17,17:30,Premier League,Matchweek 8,Sat,Away,L,2.0,6.0,Tottenham,1.8,2.2,56.0,61450.0,Jonny Evans,4-1-4-1,3-4-3,Simon Hooper,Match Report,,2023,Leicester City
2173,8,2022-10-03,20:00,Premier League,Matchweek 9,Mon,Home,W,4.0,0.0,Nott'ham Forest,1.3,1.1,51.0,32202.0,Jonny Evans,4-1-4-1,4-2-3-1,Robert Jones,Match Report,,2023,Leicester City
2174,9,2022-10-08,15:00,Premier League,Matchweek 10,Sat,Away,L,1.0,2.0,Bournemouth,1.0,1.1,55.0,10272.0,Jonny Evans,4-1-4-1,4-4-2,Michael Salisbury,Match Report,,2023,Leicester City
2175,10,2022-10-15,12:30,Premier League,Matchweek 11,Sat,Home,D,0.0,0.0,Crystal Palace,1.0,0.4,54.0,31298.0,Youri Tielemans,4-1-4-1,4-3-3,Andy Madley,Match Report,,2023,Leicester City
2176,11,2022-10-20,20:15,Premier League,Matchweek 12,Thu,Home,W,2.0,0.0,Leeds United,0.8,1.3,46.0,30814.0,Youri Tielemans,4-1-4-1,4-2-3-1,Peter Bankes,Match Report,,2023,Leicester City
2177,12,2022-10-23,14:00,Premier League,Matchweek 13,Sun,Away,W,4.0,0.0,Wolves,0.9,2.1,40.0,31425.0,Youri Tielemans,4-1-4-1,4-2-3-1,Michael Oliver,Match Report,,2023,Leicester City
2178,13,2022-10-29,12:30,Premier League,Matchweek 14,Sat,Home,L,0.0,1.0,Manchester City,0.7,1.0,36.0,32223.0,Youri Tielemans,3-4-3,4-3-3,Robert Jones,Match Report,,2023,Leicester City
2179,14,2022-11-05,17:30,Premier League,Matchweek 15,Sat,Away,W,2.0,0.0,Everton,2.3,1.2,51.0,39206.0,Youri Tielemans,4-1-4-1,4-3-3,David Coote,Match Report,,2023,Leicester City
2180,16,2022-11-12,15:00,Premier League,Matchweek 16,Sat,Away,W,2.0,0.0,West Ham,1.8,1.4,46.0,62459.0,Youri Tielemans,4-1-4-1,4-2-3-1,Jarred Gillett,Match Report,,2023,Leicester City
2181,18,2022-12-26,15:00,Premier League,Matchweek 17,Mon,Home,L,0.0,3.0,Newcastle Utd,0.5,1.9,60.0,32185.0,Youri Tielemans,4-2-3-1,4-3-3,Jarred Gillett,Match Report,,2023,Leicester City
2182,19,2022-12-30,20:00,Premier League,Matchweek 18,Fri,Away,L,1.0,2.0,Liverpool,1.0,2.2,43.0,53343.0,Wilfred Ndidi,4-2-3-1,4-3-3,Craig Pawson,Match Report,,2023,Leicester City
2183,20,2023-01-03,19:45,Premier League,Matchweek 19,Tue,Home,L,0.0,1.0,Fulham,1.7,1.7,61.0,30813.0,Youri Tielemans,4-2-3-1,4-2-3-1,Darren Bond,Match Report,,2023,Leicester City
2184,23,2023-01-14,15:00,Premier League,Matchweek 20,Sat,Away,L,0.0,2.0,Nott'ham Forest,1.0,2.4,61.0,29301.0,Marc Albrighton,4-2-3-1,4-3-1-2,Paul Tierney,Match Report,,2023,Leicester City
2185,24,2023-01-21,15:00,Premier League,Matchweek 21,Sat,Home,D,2.0,2.0,Brighton,0.9,1.7,37.0,32056.0,Youri Tielemans,4-4-2,4-2-3-1,Thomas Bramall,Match Report,,2023,Leicester City
2186,26,2023-02-04,15:00,Premier League,Matchweek 22,Sat,Away,W,4.0,2.0,Aston Villa,2.6,1.7,38.0,42055.0,Youri Tielemans,4-2-3-1,4-4-2,Darren England,Match Report,,2023,Leicester City
2187,27,2023-02-11,15:00,Premier League,Matchweek 23,Sat,Home,W,4.0,1.0,Tottenham,1.7,1.3,49.0,32184.0,James Maddison,4-2-3-1,3-4-3,Michael Salisbury,Match Report,,2023,Leicester City
2188,28,2023-02-19,14:00,Premier League,Matchweek 24,Sun,Away,L,0.0,3.0,Manchester Utd,1.6,4.4,43.0,73578.0,James Maddison,4-2-3-1,4-2-3-1,Stuart Attwell,Match Report,,2023,Leicester City
2189,29,2023-02-25,15:00,Premier League,Matchweek 25,Sat,Home,L,0.0,1.0,Arsenal,0.0,0.7,35.0,32227.0,Wilfred Ndidi,4-3-3,4-3-3,Craig Pawson,Match Report,,2023,Leicester City
2190,31,2023-03-04,17:30,Premier League,Matchweek 26,Sat,Away,L,0.0,1.0,Southampton,1.9,1.4,65.0,30139.0,James Maddison,4-2-3-1,4-2-3-1,Robert Jones,Match Report,,2023,Leicester City
2191,32,2023-03-11,15:00,Premier League,Matchweek 27,Sat,Home,L,1.0,3.0,Chelsea,2.4,1.6,48.0,32170.0,James Maddison,3-4-3,3-4-3,Andre Marriner,Match Report,,2023,Leicester City
2192,33,2023-03-18,15:00,Premier League,Matchweek 28,Sat,Away,D,1.0,1.0,Brentford,1.3,0.6,47.0,17006.0,James Maddison,4-2-3-1,4-3-3,Darren Bond,Match Report,,2023,Leicester City
2193,34,2023-04-01,15:00,Premier League,Matchweek 29,Sat,Away,L,1.0,2.0,Crystal Palace,0.2,2.3,48.0,25147.0,James Maddison,4-2-3-1,4-3-3,Tim Robinson,Match Report,,2023,Leicester City
2194,35,2023-04-04,19:45,Premier League,Matchweek 7,Tue,Home,L,1.0,2.0,Aston Villa,0.5,1.0,36.0,32087.0,James Maddison,4-3-3,4-4-2,Graham Scott,Match Report,,2023,Leicester City
2195,36,2023-04-08,15:00,Premier League,Matchweek 30,Sat,Home,L,0.0,1.0,Bournemouth,0.6,1.9,51.0,32094.0,James Maddison,4-2-3-1,4-2-3-1,David Coote,Match Report,,2023,Leicester City
2196,37,2023-04-15,17:30,Premier League,Matchweek 31,Sat,Away,L,1.0,3.0,Manchester City,2.3,1.6,30.0,53329.0,Youri Tielemans,3-4-3,3-2-4-1,Darren England,Match Report,,2023,Leicester City
2197,38,2023-04-22,15:00,Premier League,Matchweek 32,Sat,Home,W,2.0,1.0,Wolves,2.4,0.9,42.0,32053.0,Youri Tielemans,4-2-3-1,4-4-2,Andy Madley,Match Report,,2023,Leicester City
2198,39,2023-04-25,20:00,Premier League,Matchweek 33,Tue,Away,D,1.0,1.0,Leeds United,2.1,1.5,59.0,36666.0,Youri Tielemans,4-2-3-1,4-2-3-1,Paul Tierney,Match Report,,2023,Leicester City
2199,40,2023-05-01,20:00,Premier League,Matchweek 34,Mon,Home,D,2.0,2.0,Everton,3.4,3.1,54.0,32173.0,Youri Tielemans,4-3-3,4-2-3-1,Michael Oliver,Match Report,,2023,Leicester City
2200,41,2023-05-08,15:00,Premier League,Matchweek 35,Mon,Away,L,3.0,5.0,Fulham,2.8,1.6,43.0,24442.0,Youri Tielemans,4-2-3-1,4-2-3-1,Robert Jones,Match Report,,2023,Leicester City
2201,42,2023-05-15,20:00,Premier League,Matchweek 36,Mon,Home,L,0.0,3.0,Liverpool,0.4,2.2,34.0,32225.0,Jonny Evans,4-2-3-1,4-3-3,Craig Pawson,Match Report,,2023,Leicester City
2202,43,2023-05-22,20:00,Premier League,Matchweek 37,Mon,Away,D,0.0,0.0,Newcastle Utd,0.1,2.1,23.0,52152.0,Jonny Evans,5-3-2,4-3-3,Andre Marriner,Match Report,,2023,Leicester City
2203,44,2023-05-28,16:30,Premier League,Matchweek 38,Sun,Home,W,2.0,1.0,West Ham,1.4,1.4,48.0,32183.0,Jonny Evans,4-2-3-1,4-2-3-1,Simon Hooper,Match Report,,2023,Leicester City
2204,0,2022-08-06,15:00,Premier League,Matchweek 1,Sat,Home,W,2.0,1.0,Wolves,0.8,1.3,40.0,36347.0,Patrick Bamford,4-2-3-1,4-2-3-1,Robert Jones,Match Report,,2023,Leeds United
2205,1,2022-08-13,15:00,Premier League,Matchweek 2,Sat,Away,D,2.0,2.0,Southampton,1.8,1.2,57.0,30815.0,Patrick Bamford,4-2-3-1,3-4-3,Tony Harrington,Match Report,,2023,Leeds United
2206,2,2022-08-21,14:00,Premier League,Matchweek 3,Sun,Home,W,3.0,0.0,Chelsea,2.1,0.9,39.0,36372.0,Rodrigo,4-2-3-1,3-5-2,Stuart Attwell,Match Report,,2023,Leeds United
2207,4,2022-08-27,15:00,Premier League,Matchweek 4,Sat,Away,L,0.0,1.0,Brighton,1.8,2.0,56.0,30953.0,Rodrigo,4-2-3-1,4-4-2,Michael Salisbury,Match Report,,2023,Leeds United
2208,5,2022-08-30,20:00,Premier League,Matchweek 5,Tue,Home,D,1.0,1.0,Everton,1.0,1.0,69.0,36338.0,Rodrigo,4-2-3-1,4-3-3,Darren England,Match Report,,2023,Leeds United
2209,6,2022-09-03,15:00,Premier League,Matchweek 6,Sat,Away,L,2.0,5.0,Brentford,1.7,2.3,68.0,17092.0,Robin Koch,4-2-3-1,4-3-3,Robert Jones,Match Report,,2023,Leeds United
2210,7,2022-10-02,16:30,Premier League,Matchweek 9,Sun,Home,D,0.0,0.0,Aston Villa,0.4,2.2,44.0,36582.0,Liam Cooper,4-2-3-1,4-3-3,Stuart Attwell,Match Report,,2023,Leeds United
2211,8,2022-10-09,14:00,Premier League,Matchweek 10,Sun,Away,L,1.0,2.0,Crystal Palace,1.0,1.1,46.0,25042.0,Liam Cooper,4-2-3-1,4-3-3,Paul Tierney,Match Report,,2023,Leeds United
2212,9,2022-10-16,14:00,Premier League,Matchweek 11,Sun,Home,L,0.0,1.0,Arsenal,1.8,0.5,47.0,36700.0,Liam Cooper,4-2-3-1,4-3-3,Chris Kavanagh,Match Report,,2023,Leeds United
2213,10,2022-10-20,20:15,Premier League,Matchweek 12,Thu,Away,L,0.0,2.0,Leicester City,1.3,0.8,54.0,30814.0,Patrick Bamford,4-2-3-1,4-1-4-1,Peter Bankes,Match Report,,2023,Leeds United
2214,11,2022-10-23,14:00,Premier League,Matchweek 13,Sun,Home,L,2.0,3.0,Fulham,1.6,1.8,57.0,36447.0,Liam Cooper,4-2-3-1,4-2-3-1,Anthony Taylor,Match Report,,2023,Leeds United
2215,12,2022-10-29,19:45,Premier League,Matchweek 14,Sat,Away,W,2.0,1.0,Liverpool,1.8,1.7,32.0,53274.0,Liam Cooper,4-2-3-1,4-1-2-1-2,Michael Oliver,Match Report,,2023,Leeds United
2216,13,2022-11-05,15:00,Premier League,Matchweek 15,Sat,Home,W,4.0,3.0,Bournemouth,2.2,1.5,60.0,36304.0,Liam Cooper,4-2-3-1,4-4-2,Tony Harrington,Match Report,,2023,Leeds United
2217,15,2022-11-12,15:00,Premier League,Matchweek 16,Sat,Away,L,3.0,4.0,Tottenham,1.1,1.8,45.0,61667.0,Liam Cooper,4-2-3-1,3-4-3,Michael Salisbury,Match Report,,2023,Leeds United
2218,16,2022-12-28,20:00,Premier League,Matchweek 17,Wed,Home,L,1.0,3.0,Manchester City,0.6,4.3,31.0,36889.0,Liam Cooper,4-3-3,4-3-3,Stuart Attwell,Match Report,,2023,Leeds United
2219,17,2022-12-31,15:00,Premier League,Matchweek 18,Sat,Away,D,0.0,0.0,Newcastle Utd,0.4,2.2,40.0,52211.0,Liam Cooper,4-2-3-1,4-3-3,Simon Hooper,Match Report,,2023,Leeds United
2220,18,2023-01-04,19:45,Premier League,Matchweek 19,Wed,Home,D,2.0,2.0,West Ham,1.6,1.4,62.0,36173.0,Liam Cooper,4-2-3-1,4-3-3,David Coote,Match Report,,2023,Leeds United
2221,20,2023-01-13,20:00,Premier League,Matchweek 20,Fri,Away,L,1.0,2.0,Aston Villa,2.4,1.2,48.0,42008.0,Liam Cooper,4-2-3-1,4-4-2,Michael Oliver,Match Report,,2023,Leeds United
2222,22,2023-01-22,14:00,Premier League,Matchweek 21,Sun,Home,D,0.0,0.0,Brentford,0.5,0.4,58.0,36260.0,Luke Ayling,4-2-3-1,3-5-2,Peter Bankes,Match Report,,2023,Leeds United
2223,24,2023-02-05,14:00,Premier League,Matchweek 22,Sun,Away,L,0.0,1.0,Nott'ham Forest,0.9,0.4,70.0,29363.0,Liam Cooper,4-2-3-1,4-3-1-2,Robert Jones,Match Report,,2023,Leeds United
2224,25,2023-02-08,20:00,Premier League,Matchweek 8,Wed,Away,D,2.0,2.0,Manchester Utd,0.6,2.0,34.0,73456.0,Luke Ayling,4-2-3-1,4-2-3-1,Simon Hooper,Match Report,,2023,Leeds United
2225,26,2023-02-12,14:00,Premier League,Matchweek 23,Sun,Home,L,0.0,2.0,Manchester Utd,1.8,1.1,34.0,36919.0,Luke Ayling,4-2-3-1,4-2-3-1,Paul Tierney,Match Report,,2023,Leeds United
2226,27,2023-02-18,15:00,Premier League,Matchweek 24,Sat,Away,L,0.0,1.0,Everton,0.5,1.4,49.0,39232.0,Luke Ayling,4-2-3-1,4-5-1,Andy Madley,Match Report,,2023,Leeds United
2227,28,2023-02-25,15:00,Premier League,Matchweek 25,Sat,Home,W,1.0,0.0,Southampton,0.9,0.4,61.0,36641.0,Luke Ayling,4-2-3-1,4-4-2,Peter Bankes,Match Report,,2023,Leeds United
2228,30,2023-03-04,15:00,Premier League,Matchweek 26,Sat,Away,L,0.0,1.0,Chelsea,1.0,1.5,43.0,39905.0,Luke Ayling,4-2-3-1,3-4-3,Michael Oliver,Match Report,,2023,Leeds United
2229,31,2023-03-11,15:00,Premier League,Matchweek 27,Sat,Home,D,2.0,2.0,Brighton,0.9,2.7,38.0,36471.0,Luke Ayling,4-2-3-1,4-2-3-1,Paul Tierney,Match Report,,2023,Leeds United
2230,32,2023-03-18,15:00,Premier League,Matchweek 28,Sat,Away,W,4.0,2.0,Wolves,1.6,2.7,35.0,31570.0,Luke Ayling,4-2-3-1,4-3-3,Michael Salisbury,Match Report,,2023,Leeds United
2231,33,2023-04-01,15:00,Premier League,Matchweek 29,Sat,Away,L,1.0,4.0,Arsenal,0.7,3.8,34.0,60283.0,Luke Ayling,4-3-3,4-3-3,Darren England,Match Report,,2023,Leeds United
2232,34,2023-04-04,19:45,Premier League,Matchweek 7,Tue,Home,W,2.0,1.0,Nott'ham Forest,1.8,0.8,61.0,36740.0,Luke Ayling,4-2-3-1,4-3-2-1,Robert Jones,Match Report,,2023,Leeds United
2233,35,2023-04-09,14:00,Premier League,Matchweek 30,Sun,Home,L,1.0,5.0,Crystal Palace,0.9,3.0,48.0,36427.0,Luke Ayling,4-2-3-1,4-3-3,Simon Hooper,Match Report,,2023,Leeds United
2234,36,2023-04-17,20:00,Premier League,Matchweek 31,Mon,Home,L,1.0,6.0,Liverpool,1.4,2.7,27.0,36657.0,Rodrigo,4-2-3-1,4-3-3,Craig Pawson,Match Report,,2023,Leeds United
2235,37,2023-04-22,12:30,Premier League,Matchweek 32,Sat,Away,L,1.0,2.0,Fulham,0.8,1.7,50.0,24356.0,Liam Cooper,4-2-3-1,4-2-3-1,Peter Bankes,Match Report,,2023,Leeds United
2236,38,2023-04-25,20:00,Premier League,Matchweek 33,Tue,Home,D,1.0,1.0,Leicester City,1.5,2.1,41.0,36666.0,Liam Cooper,4-2-3-1,4-2-3-1,Paul Tierney,Match Report,,2023,Leeds United
2237,39,2023-04-30,14:00,Premier League,Matchweek 34,Sun,Away,L,1.0,4.0,Bournemouth,1.6,1.9,58.0,10434.0,Liam Cooper,3-4-3,4-2-3-1,Chris Kavanagh,Match Report,,2023,Leeds United
2238,40,2023-05-06,15:00,Premier League,Matchweek 35,Sat,Away,L,1.0,2.0,Manchester City,0.2,2.6,20.0,53406.0,Luke Ayling,4-2-3-1,3-2-4-1,Andy Madley,Match Report,,2023,Leeds United
2239,41,2023-05-13,12:30,Premier League,Matchweek 36,Sat,Home,D,2.0,2.0,Newcastle Utd,2.0,2.3,36.0,36955.0,Luke Ayling,4-3-3,4-3-3,Simon Hooper,Match Report,,2023,Leeds United
2240,42,2023-05-21,13:30,Premier League,Matchweek 37,Sun,Away,L,1.0,3.0,West Ham,0.9,2.1,41.0,62478.0,Luke Ayling,4-3-3,4-2-3-1,Peter Bankes,Match Report,,2023,Leeds United
2241,43,2023-05-28,16:30,Premier League,Matchweek 38,Sun,Home,L,1.0,4.0,Tottenham,1.5,2.2,52.0,36871.0,Liam Cooper,5-4-1,4-4-2,Anthony Taylor,Match Report,,2023,Leeds United
2242,0,2022-08-06,15:00,Premier League,Matchweek 1,Sat,Away,L,1.0,4.0,Tottenham,0.5,1.5,42.0,61732.0,James Ward-Prowse,5-3-2,3-4-3,Andre Marriner,Match Report,,2023,Southampton
2243,1,2022-08-13,15:00,Premier League,Matchweek 2,Sat,Home,D,2.0,2.0,Leeds United,1.2,1.8,43.0,30815.0,James Ward-Prowse,3-4-3,4-2-3-1,Tony Harrington,Match Report,,2023,Southampton
2244,2,2022-08-20,15:00,Premier League,Matchweek 3,Sat,Away,W,2.0,1.0,Leicester City,0.9,0.3,38.0,30850.0,James Ward-Prowse,4-2-3-1,4-1-4-1,Michael Salisbury,Match Report,,2023,Southampton
2245,4,2022-08-27,12:30,Premier League,Matchweek 4,Sat,Home,L,0.0,1.0,Manchester Utd,1.4,1.1,49.0,31196.0,James Ward-Prowse,4-2-3-1,4-2-3-1,Andy Madley,Match Report,,2023,Southampton
2246,5,2022-08-30,19:45,Premier League,Matchweek 5,Tue,Home,W,2.0,1.0,Chelsea,1.1,1.1,33.0,31542.0,James Ward-Prowse,4-2-3-1,4-2-2-2,Michael Oliver,Match Report,,2023,Southampton
2247,6,2022-09-03,15:00,Premier League,Matchweek 6,Sat,Away,L,0.0,1.0,Wolves,1.2,0.8,49.0,30546.0,James Ward-Prowse,4-2-3-1,4-3-3,John Brooks,Match Report,,2023,Southampton
2248,7,2022-09-16,20:00,Premier League,Matchweek 8,Fri,Away,L,0.0,1.0,Aston Villa,0.3,1.5,47.0,40758.0,James Ward-Prowse,4-2-3-1,4-3-2-1,Tony Harrington,Match Report,,2023,Southampton
2249,8,2022-10-01,15:00,Premier League,Matchweek 9,Sat,Home,L,1.0,2.0,Everton,1.7,2.0,55.0,30510.0,James Ward-Prowse,4-4-2,4-3-3,Andre Marriner,Match Report,,2023,Southampton
2250,9,2022-10-08,15:00,Premier League,Matchweek 10,Sat,Away,L,0.0,4.0,Manchester City,0.2,2.4,35.0,53365.0,James Ward-Prowse,4-4-2,4-2-3-1,Andy Madley,Match Report,,2023,Southampton
2251,10,2022-10-16,14:00,Premier League,Matchweek 11,Sun,Home,D,1.0,1.0,West Ham,0.5,1.7,39.0,29159.0,James Ward-Prowse,4-3-3,3-4-3,Peter Bankes,Match Report,,2023,Southampton
2252,11,2022-10-19,19:30,Premier League,Matchweek 12,Wed,Away,W,1.0,0.0,Bournemouth,1.0,1.0,46.0,10405.0,James Ward-Prowse,4-4-2,3-4-3,John Brooks,Match Report,,2023,Southampton
2253,12,2022-10-23,14:00,Premier League,Matchweek 13,Sun,Home,D,1.0,1.0,Arsenal,0.7,1.0,41.0,31145.0,James Ward-Prowse,4-4-2,4-3-3,Robert Jones,Match Report,,2023,Southampton
2254,13,2022-10-29,15:00,Premier League,Matchweek 14,Sat,Away,L,0.0,1.0,Crystal Palace,1.3,0.9,56.0,25130.0,James Ward-Prowse,3-5-2,4-3-3,Michael Salisbury,Match Report,,2023,Southampton
2255,14,2022-11-06,14:00,Premier League,Matchweek 15,Sun,Home,L,1.0,4.0,Newcastle Utd,1.7,0.9,55.0,30402.0,James Ward-Prowse,4-2-3-1,4-3-3,Stuart Attwell,Match Report,,2023,Southampton
2256,16,2022-11-12,15:00,Premier League,Matchweek 16,Sat,Away,L,1.0,3.0,Liverpool,1.1,1.9,40.0,53331.0,James Ward-Prowse,5-3-2,4-3-3,Simon Hooper,Match Report,,2023,Southampton
2257,18,2022-12-26,15:00,Premier League,Matchweek 17,Mon,Home,L,1.0,3.0,Brighton,1.9,0.6,34.0,31010.0,James Ward-Prowse,4-2-3-1,4-2-3-1,Robert Jones,Match Report,,2023,Southampton
2258,19,2022-12-31,15:00,Premier League,Matchweek 18,Sat,Away,L,1.0,2.0,Fulham,0.8,1.5,38.0,24344.0,James Ward-Prowse,3-4-3,4-2-3-1,Graham Scott,Match Report,,2023,Southampton
2259,20,2023-01-04,19:30,Premier League,Matchweek 19,Wed,Home,L,0.0,1.0,Nott'ham Forest,0.5,1.4,63.0,30150.0,James Ward-Prowse,3-1-4-2,4-3-1-2,Thomas Bramall,Match Report,,2023,Southampton
2260,23,2023-01-14,15:00,Premier League,Matchweek 20,Sat,Away,W,2.0,1.0,Everton,1.2,1.4,48.0,39305.0,James Ward-Prowse,4-2-3-1,3-4-3,John Brooks,Match Report,,2023,Southampton
2261,24,2023-01-21,15:00,Premier League,Matchweek 21,Sat,Home,L,0.0,1.0,Aston Villa,0.6,1.4,37.0,30158.0,James Ward-Prowse,4-2-3-1,4-4-2,Michael Salisbury,Match Report,,2023,Southampton
2262,28,2023-02-04,15:00,Premier League,Matchweek 22,Sat,Away,L,0.0,3.0,Brentford,0.7,2.0,51.0,17051.0,James Ward-Prowse,4-2-3-1,4-3-3,Darren Bond,Match Report,,2023,Southampton
2263,29,2023-02-11,15:00,Premier League,Matchweek 23,Sat,Home,L,1.0,2.0,Wolves,1.1,0.8,41.0,29751.0,James Ward-Prowse,5-3-2,4-2-3-1,Jarred Gillett,Match Report,,2023,Southampton
2264,30,2023-02-18,15:00,Premier League,Matchweek 24,Sat,Away,W,1.0,0.0,Chelsea,0.6,1.6,38.0,40152.0,James Ward-Prowse,4-4-2,4-2-3-1,David Coote,Match Report,,2023,Southampton
2265,31,2023-02-25,15:00,Premier League,Matchweek 25,Sat,Away,L,0.0,1.0,Leeds United,0.4,0.9,39.0,36641.0,James Ward-Prowse,4-4-2,4-2-3-1,Peter Bankes,Match Report,,2023,Southampton
2266,33,2023-03-04,17:30,Premier League,Matchweek 26,Sat,Home,W,1.0,0.0,Leicester City,1.4,1.9,35.0,30139.0,James Ward-Prowse,4-2-3-1,4-2-3-1,Robert Jones,Match Report,,2023,Southampton
2267,34,2023-03-12,14:00,Premier League,Matchweek 27,Sun,Away,D,0.0,0.0,Manchester Utd,1.0,0.8,53.0,73439.0,James Ward-Prowse,4-2-3-1,4-1-4-1,Anthony Taylor,Match Report,,2023,Southampton
2268,35,2023-03-15,19:30,Premier League,Matchweek 7,Wed,Home,L,0.0,2.0,Brentford,0.5,1.9,66.0,30438.0,James Ward-Prowse,4-2-3-1,4-3-3,Michael Salisbury,Match Report,,2023,Southampton
2269,36,2023-03-18,15:00,Premier League,Matchweek 28,Sat,Home,D,3.0,3.0,Tottenham,2.4,2.3,51.0,30157.0,James Ward-Prowse,4-4-2,3-4-3,Simon Hooper,Match Report,,2023,Southampton
2270,37,2023-04-02,14:00,Premier League,Matchweek 29,Sun,Away,L,0.0,1.0,West Ham,0.3,1.4,57.0,62498.0,James Ward-Prowse,4-4-2,4-3-3,Paul Tierney,Match Report,,2023,Southampton
2271,38,2023-04-08,17:30,Premier League,Matchweek 30,Sat,Home,L,1.0,4.0,Manchester City,0.4,2.9,27.0,30963.0,James Ward-Prowse,4-4-2,3-2-4-1,Robert Jones,Match Report,,2023,Southampton
2272,39,2023-04-15,15:00,Premier League,Matchweek 31,Sat,Home,L,0.0,2.0,Crystal Palace,0.8,0.9,58.0,30309.0,James Ward-Prowse,4-4-2,4-3-3,Michael Oliver,Match Report,,2023,Southampton
2273,40,2023-04-21,20:00,Premier League,Matchweek 32,Fri,Away,D,3.0,3.0,Arsenal,1.3,2.4,26.0,60175.0,James Ward-Prowse,4-4-2,4-3-3,Simon Hooper,Match Report,,2023,Southampton
2274,41,2023-04-27,19:45,Premier League,Matchweek 33,Thu,Home,L,0.0,1.0,Bournemouth,0.5,0.9,57.0,30414.0,James Ward-Prowse,4-4-2,3-4-3,Darren England,Match Report,,2023,Southampton
2275,42,2023-04-30,14:00,Premier League,Matchweek 34,Sun,Away,L,1.0,3.0,Newcastle Utd,0.8,4.3,37.0,52234.0,James Ward-Prowse,4-4-2,4-3-3,Anthony Taylor,Match Report,,2023,Southampton
2276,43,2023-05-08,20:00,Premier League,Matchweek 35,Mon,Away,L,3.0,4.0,Nott'ham Forest,3.1,1.8,64.0,29154.0,James Ward-Prowse,4-2-3-1,4-3-3,Michael Oliver,Match Report,,2023,Southampton
2277,44,2023-05-13,15:00,Premier League,Matchweek 36,Sat,Home,L,0.0,2.0,Fulham,0.4,1.4,36.0,28978.0,James Ward-Prowse,4-2-3-1,4-2-3-1,Thomas Bramall,Match Report,,2023,Southampton
2278,45,2023-05-21,14:00,Premier League,Matchweek 37,Sun,Away,L,1.0,3.0,Brighton,0.6,2.5,37.0,31507.0,James Ward-Prowse,4-1-4-1,4-2-3-1,Paul Tierney,Match Report,,2023,Southampton
2279,46,2023-05-28,16:30,Premier League,Matchweek 38,Sun,Home,D,4.0,4.0,Liverpool,1.8,4.0,31.0,31129.0,James Ward-Prowse,4-2-3-1,4-3-3,Darren England,Match Report,,2023,Southampton
2280,1,2021-08-15,16:30,Premier League,Matchweek 1,Sun,Away,L,0.0,1.0,Tottenham,1.8,1.0,65.0,58262.0,Fernandinho,4-3-3,4-3-3,Anthony Taylor,Match Report,,2022,Manchester City
2281,2,2021-08-21,15:00,Premier League,Matchweek 2,Sat,Home,W,5.0,0.0,Norwich City,2.6,0.1,67.0,51437.0,İlkay Gündoğan,4-3-3,4-3-3,Graham Scott,Match Report,,2022,Manchester City
2282,3,2021-08-28,12:30,Premier League,Matchweek 3,Sat,Home,W,5.0,0.0,Arsenal,4.4,0.2,80.0,52276.0,İlkay Gündoğan,4-3-3,5-4-1,Martin Atkinson,Match Report,,2022,Manchester City
2283,4,2021-09-11,15:00,Premier League,Matchweek 4,Sat,Away,W,1.0,0.0,Leicester City,2.8,0.6,61.0,32087.0,İlkay Gündoğan,4-3-3,4-2-3-1,Paul Tierney,Match Report,,2022,Manchester City
2284,6,2021-09-18,15:00,Premier League,Matchweek 5,Sat,Home,D,0.0,0.0,Southampton,1.0,0.4,64.0,52698.0,Fernandinho,4-3-3,4-4-2,Jonathan Moss,Match Report,,2022,Manchester City
2285,8,2021-09-25,12:30,Premier League,Matchweek 6,Sat,Away,W,1.0,0.0,Chelsea,1.7,0.2,59.0,40036.0,Rúben Dias,4-3-3,3-5-2,Michael Oliver,Match Report,,2022,Manchester City
2286,10,2021-10-03,16:30,Premier League,Matchweek 7,Sun,Away,D,2.0,2.0,Liverpool,1.2,0.9,51.0,53102.0,Rúben Dias,4-3-3,4-3-3,Paul Tierney,Match Report,,2022,Manchester City
2287,11,2021-10-16,15:00,Premier League,Matchweek 8,Sat,Home,W,2.0,0.0,Burnley,2.1,0.9,70.0,52711.0,Kevin De Bruyne,4-3-3,4-4-2,Martin Atkinson,Match Report,,2022,Manchester City
2288,13,2021-10-23,17:30,Premier League,Matchweek 9,Sat,Away,W,4.0,1.0,Brighton,3.8,1.3,52.0,31215.0,İlkay Gündoğan,4-3-3,3-5-2,Kevin Friend,Match Report,,2022,Manchester City
2289,15,2021-10-30,15:00,Premier League,Matchweek 10,Sat,Home,L,0.0,2.0,Crystal Palace,0.7,0.7,68.0,53014.0,Rúben Dias,4-3-3,4-3-3,Andre Marriner,Match Report,,2022,Manchester City
2290,17,2021-11-06,12:30,Premier League,Matchweek 11,Sat,Away,W,2.0,0.0,Manchester Utd,1.6,0.9,67.0,73086.0,İlkay Gündoğan,4-3-3,3-5-2,Michael Oliver,Match Report,,2022,Manchester City
2291,18,2021-11-21,14:00,Premier League,Matchweek 12,Sun,Home,W,3.0,0.0,Everton,2.5,0.2,77.0,52571.0,İlkay Gündoğan,4-3-3,4-4-1-1,Stuart Attwell,Match Report,,2022,Manchester City
2292,20,2021-11-28,14:00,Premier League,Matchweek 13,Sun,Home,W,2.0,1.0,West Ham,2.1,0.2,68.0,53245.0,İlkay Gündoğan,4-3-3,4-2-3-1,Michael Oliver,Match Report,,2022,Manchester City
2293,21,2021-12-01,20:15,Premier League,Matchweek 14,Wed,Away,W,2.0,1.0,Aston Villa,1.0,0.8,64.0,41400.0,Fernandinho,4-2-3-1,4-3-3,Mike Dean,Match Report,,2022,Manchester City
2294,22,2021-12-04,17:30,Premier League,Matchweek 15,Sat,Away,W,3.0,1.0,Watford,3.1,0.8,77.0,20673.0,İlkay Gündoğan,4-3-3,4-1-4-1,Simon Hooper,Match Report,,2022,Manchester City
2295,24,2021-12-11,12:30,Premier League,Matchweek 16,Sat,Home,W,1.0,0.0,Wolves,3.2,0.2,71.0,52613.0,İlkay Gündoğan,4-3-3,3-5-2,Jonathan Moss,Match Report,,2022,Manchester City
2296,25,2021-12-14,20:00,Premier League,Matchweek 17,Tue,Home,W,7.0,0.0,Leeds United,3.1,0.3,63.0,52401.0,Rúben Dias,4-2-3-1,4-2-3-1,Paul Tierney,Match Report,,2022,Manchester City
2297,26,2021-12-19,14:15,Premier League,Matchweek 18,Sun,Away,W,4.0,0.0,Newcastle Utd,2.9,0.3,71.0,52127.0,Rúben Dias,4-2-3-1,4-5-1,Martin Atkinson,Match Report,,2022,Manchester City
2298,27,2021-12-26,15:00,Premier League,Matchweek 19,Sun,Home,W,6.0,3.0,Leicester City,3.6,2.7,72.0,53226.0,Fernandinho,4-3-3,4-4-1-1,Chris Kavanagh,Match Report,,2022,Manchester City
2299,28,2021-12-29,20:15,Premier League,Matchweek 20,Wed,Away,W,1.0,0.0,Brentford,1.1,0.4,76.0,17009.0,Fernandinho,4-3-3,3-5-2,David Coote,Match Report,,2022,Manchester City
2300,29,2022-01-01,12:30,Premier League,Matchweek 21,Sat,Away,W,2.0,1.0,Arsenal,2.0,0.8,71.0,59757.0,Rúben Dias,4-2-3-1,4-2-3-1,Stuart Attwell,Match Report,,2022,Manchester City
2301,31,2022-01-15,12:30,Premier League,Matchweek 22,Sat,Home,W,1.0,0.0,Chelsea,1.0,0.3,56.0,53319.0,Kevin De Bruyne,4-2-3-1,3-4-3,Craig Pawson,Match Report,,2022,Manchester City
2302,32,2022-01-22,17:30,Premier League,Matchweek 23,Sat,Away,D,1.0,1.0,Southampton,1.8,0.8,74.0,31178.0,Rúben Dias,4-3-3,4-4-2,Simon Hooper,Match Report,,2022,Manchester City
2303,34,2022-02-09,19:45,Premier League,Matchweek 24,Wed,Home,W,2.0,0.0,Brentford,1.9,0.4,74.0,51658.0,Rúben Dias,4-3-3,3-5-2,Darren England,Match Report,,2022,Manchester City
2304,35,2022-02-12,17:30,Premier League,Matchweek 25,Sat,Away,W,4.0,0.0,Norwich City,4.6,0.4,71.0,27010.0,Fernandinho,4-3-3,4-3-3,Andre Marriner,Match Report,,2022,Manchester City
2305,37,2022-02-19,17:30,Premier League,Matchweek 26,Sat,Home,L,2.0,3.0,Tottenham,2.1,1.4,71.0,53201.0,İlkay Gündoğan,4-3-3,3-4-3,Anthony Taylor,Match Report,,2022,Manchester City
2306,38,2022-02-26,17:30,Premier League,Matchweek 27,Sat,Away,W,1.0,0.0,Everton,1.8,0.5,67.0,39105.0,İlkay Gündoğan,4-3-3,4-3-3,Paul Tierney,Match Report,,2022,Manchester City
2307,40,2022-03-06,16:30,Premier League,Matchweek 28,Sun,Home,W,4.0,1.0,Manchester Utd,2.7,0.5,69.0,53165.0,Kevin De Bruyne,4-3-3,4-2-3-1,Michael Oliver,Match Report,,2022,Manchester City
2308,42,2022-03-14,20:00,Premier League,Matchweek 29,Mon,Away,D,0.0,0.0,Crystal Palace,2.8,0.6,73.0,25309.0,Kevin De Bruyne,4-3-3,4-3-3,Martin Atkinson,Match Report,,2022,Manchester City
2309,44,2022-04-02,15:00,Premier League,Matchweek 31,Sat,Away,W,2.0,0.0,Burnley,1.8,0.1,76.0,21249.0,İlkay Gündoğan,4-3-3,4-5-1,Craig Pawson,Match Report,,2022,Manchester City
2310,46,2022-04-10,16:30,Premier League,Matchweek 32,Sun,Home,D,2.0,2.0,Liverpool,1.3,1.3,55.0,53197.0,Kevin De Bruyne,4-2-3-1,4-3-3,Anthony Taylor,Match Report,,2022,Manchester City
2311,49,2022-04-20,20:00,Premier League,Matchweek 30,Wed,Home,W,3.0,0.0,Brighton,1.3,0.2,65.0,52226.0,İlkay Gündoğan,4-3-3,3-5-2,Mike Dean,Match Report,,2022,Manchester City
2312,50,2022-04-23,15:00,Premier League,Matchweek 34,Sat,Home,W,5.0,1.0,Watford,3.6,0.5,73.0,53013.0,Fernandinho,4-2-3-1,4-3-3,Kevin Friend,Match Report,,2022,Manchester City
2313,52,2022-04-30,17:30,Premier League,Matchweek 35,Sat,Away,W,4.0,0.0,Leeds United,2.4,1.3,58.0,35771.0,İlkay Gündoğan,4-2-3-1,5-4-1,Paul Tierney,Match Report,,2022,Manchester City
2314,54,2022-05-08,16:30,Premier League,Matchweek 36,Sun,Home,W,5.0,0.0,Newcastle Utd,3.1,0.8,71.0,53336.0,İlkay Gündoğan,4-2-3-1,4-3-3,Stuart Attwell,Match Report,,2022,Manchester City
2315,55,2022-05-11,20:15,Premier League,Matchweek 33,Wed,Away,W,5.0,1.0,Wolves,2.3,0.5,66.0,32000.0,Fernandinho,4-2-3-1,3-5-2,Martin Atkinson,Match Report,,2022,Manchester City
2316,56,2022-05-15,14:00,Premier League,Matchweek 37,Sun,Away,D,2.0,2.0,West Ham,2.4,1.1,78.0,59972.0,Fernandinho,4-3-3,4-2-3-1,Anthony Taylor,Match Report,,2022,Manchester City
2317,57,2022-05-22,16:00,Premier League,Matchweek 38,Sun,Home,W,3.0,2.0,Aston Villa,3.4,0.2,71.0,53395.0,Fernandinho,4-3-3,4-3-2-1,Michael Oliver,Match Report,,2022,Manchester City
2318,0,2021-08-14,17:30,Premier League,Matchweek 1,Sat,Away,W,3.0,0.0,Norwich City,1.6,1.4,50.0,27023.0,James Milner,4-3-3,4-3-3,Andre Marriner,Match Report,,2022,Liverpool
2319,1,2021-08-21,12:30,Premier League,Matchweek 2,Sat,Home,W,2.0,0.0,Burnley,2.7,0.9,65.0,52591.0,Jordan Henderson,4-3-3,4-4-2,Mike Dean,Match Report,,2022,Liverpool
2320,2,2021-08-28,17:30,Premier League,Matchweek 3,Sat,Home,D,1.0,1.0,Chelsea,2.5,0.6,65.0,54000.0,Jordan Henderson,4-3-3,3-4-3,Anthony Taylor,Match Report,,2022,Liverpool
2321,3,2021-09-12,16:30,Premier League,Matchweek 4,Sun,Away,W,3.0,0.0,Leeds United,4.3,1.2,56.0,36507.0,Virgil van Dijk,4-3-3,4-1-4-1,Craig Pawson,Match Report,,2022,Liverpool
2322,5,2021-09-18,15:00,Premier League,Matchweek 5,Sat,Home,W,3.0,0.0,Crystal Palace,3.1,0.6,59.0,52000.0,Jordan Henderson,4-3-3,4-3-3,Andy Madley,Match Report,,2022,Liverpool
2323,7,2021-09-25,17:30,Premier League,Matchweek 6,Sat,Away,D,3.0,3.0,Brentford,2.8,2.1,67.0,16876.0,Jordan Henderson,4-3-3,3-5-2,Stuart Attwell,Match Report,,2022,Liverpool
2324,9,2021-10-03,16:30,Premier League,Matchweek 7,Sun,Home,D,2.0,2.0,Manchester City,0.9,1.2,49.0,53102.0,Jordan Henderson,4-3-3,4-3-3,Paul Tierney,Match Report,,2022,Liverpool
2325,10,2021-10-16,12:30,Premier League,Matchweek 8,Sat,Away,W,5.0,0.0,Watford,3.3,0.5,75.0,21085.0,Jordan Henderson,4-3-3,5-4-1,Jonathan Moss,Match Report,,2022,Liverpool
2326,12,2021-10-24,16:30,Premier League,Matchweek 9,Sun,Away,W,5.0,0.0,Manchester Utd,3.4,1.6,62.0,73088.0,Jordan Henderson,4-3-3,4-2-3-1,Anthony Taylor,Match Report,,2022,Liverpool
2327,14,2021-10-30,15:00,Premier League,Matchweek 10,Sat,Home,D,2.0,2.0,Brighton,1.5,1.0,58.0,52598.0,Jordan Henderson,4-3-3,4-2-3-1,Mike Dean,Match Report,,2022,Liverpool
2328,16,2021-11-07,16:30,Premier League,Matchweek 11,Sun,Away,L,2.0,3.0,West Ham,1.2,1.0,69.0,59909.0,Jordan Henderson,4-3-3,4-2-3-1,Craig Pawson,Match Report,,2022,Liverpool
2329,17,2021-11-20,17:30,Premier League,Matchweek 12,Sat,Home,W,4.0,0.0,Arsenal,4.3,0.4,62.0,53092.0,Virgil van Dijk,4-3-3,4-4-1-1,Michael Oliver,Match Report,,2022,Liverpool
2330,19,2021-11-27,15:00,Premier League,Matchweek 13,Sat,Home,W,4.0,0.0,Southampton,2.9,1.0,64.0,53040.0,Jordan Henderson,4-3-3,3-4-3,Andre Marriner,Match Report,,2022,Liverpool
2331,20,2021-12-01,20:15,Premier League,Matchweek 14,Wed,Away,W,4.0,1.0,Everton,2.4,0.7,67.0,39641.0,Jordan Henderson,4-3-3,4-4-2,Paul Tierney,Match Report,,2022,Liverpool
2332,21,2021-12-04,15:00,Premier League,Matchweek 15,Sat,Away,W,1.0,0.0,Wolves,2.7,0.1,66.0,30729.0,Jordan Henderson,4-3-3,3-4-3,Chris Kavanagh,Match Report,,2022,Liverpool
2333,23,2021-12-11,15:00,Premier League,Matchweek 16,Sat,Home,W,1.0,0.0,Aston Villa,2.2,0.2,62.0,53093.0,Jordan Henderson,4-3-3,4-3-3,Stuart Attwell,Match Report,,2022,Liverpool
2334,24,2021-12-16,20:00,Premier League,Matchweek 17,Thu,Home,W,3.0,1.0,Newcastle Utd,2.7,0.3,74.0,52951.0,Jordan Henderson,4-3-3,4-5-1,Mike Dean,Match Report,,2022,Liverpool
2335,25,2021-12-19,16:30,Premier League,Matchweek 18,Sun,Away,D,2.0,2.0,Tottenham,1.1,3.0,56.0,45421.0,James Milner,4-3-3,5-3-2,Paul Tierney,Match Report,,2022,Liverpool
2336,27,2021-12-28,20:00,Premier League,Matchweek 20,Tue,Away,L,0.0,1.0,Leicester City,2.3,0.4,63.0,32230.0,Jordan Henderson,4-3-3,4-3-1-2,Michael Oliver,Match Report,,2022,Liverpool
2337,28,2022-01-02,16:30,Premier League,Matchweek 21,Sun,Away,D,2.0,2.0,Chelsea,1.3,1.2,46.0,40072.0,Jordan Henderson,4-3-3,3-4-3,Anthony Taylor,Match Report,,2022,Liverpool
2338,31,2022-01-16,14:00,Premier League,Matchweek 22,Sun,Home,W,3.0,0.0,Brentford,2.7,0.7,68.0,52824.0,Jordan Henderson,4-3-3,3-5-2,Jonathan Moss,Match Report,,2022,Liverpool
2339,33,2022-01-23,14:00,Premier League,Matchweek 23,Sun,Away,W,3.0,1.0,Crystal Palace,1.9,2.2,57.0,25002.0,Jordan Henderson,4-3-3,4-3-3,Kevin Friend,Match Report,,2022,Liverpool
2340,35,2022-02-10,19:45,Premier League,Matchweek 24,Thu,Home,W,2.0,0.0,Leicester City,1.8,0.5,64.0,53050.0,Virgil van Dijk,4-3-3,4-2-3-1,Chris Kavanagh,Match Report,,2022,Liverpool
2341,36,2022-02-13,14:00,Premier League,Matchweek 25,Sun,Away,W,1.0,0.0,Burnley,1.7,1.5,66.0,19563.0,Jordan Henderson,4-3-3,4-4-2,Martin Atkinson,Match Report,,2022,Liverpool
2342,38,2022-02-19,15:00,Premier League,Matchweek 26,Sat,Home,W,3.0,1.0,Norwich City,3.6,0.6,69.0,53135.0,Jordan Henderson,4-3-3,4-3-3,Mike Dean,Match Report,,2022,Liverpool
2343,39,2022-02-23,19:45,Premier League,Matchweek 19,Wed,Home,W,6.0,0.0,Leeds United,5.9,0.2,63.0,53018.0,Virgil van Dijk,4-3-3,4-1-4-1,Michael Oliver,Match Report,,2022,Liverpool
2344,42,2022-03-05,17:30,Premier League,Matchweek 28,Sat,Home,W,1.0,0.0,West Ham,2.4,1.3,68.0,59925.0,Jordan Henderson,4-3-3,4-4-2,Jonathan Moss,Match Report,,2022,Liverpool
2345,44,2022-03-12,12:30,Premier League,Matchweek 29,Sat,Away,W,2.0,0.0,Brighton,2.2,0.5,48.0,31474.0,Jordan Henderson,4-3-3,4-2-3-1,Mike Dean,Match Report,,2022,Liverpool
2346,45,2022-03-16,20:15,Premier League,Matchweek 27,Wed,Away,W,2.0,0.0,Arsenal,0.8,0.5,51.0,59968.0,Jordan Henderson,4-3-3,4-2-3-1,Andre Marriner,Match Report,,2022,Liverpool
2347,47,2022-04-02,12:30,Premier League,Matchweek 31,Sat,Home,W,2.0,0.0,Watford,2.2,0.6,73.0,53104.0,Jordan Henderson,4-3-3,4-1-4-1,Stuart Attwell,Match Report,,2022,Liverpool
2348,49,2022-04-10,16:30,Premier League,Matchweek 32,Sun,Away,D,2.0,2.0,Manchester City,1.3,1.3,45.0,53197.0,Jordan Henderson,4-3-3,4-2-3-1,Anthony Taylor,Match Report,,2022,Liverpool
2349,52,2022-04-19,20:00,Premier League,Matchweek 30,Tue,Home,W,4.0,0.0,Manchester Utd,2.0,0.1,71.0,52686.0,Jordan Henderson,4-3-3,3-4-3,Martin Atkinson,Match Report,,2022,Liverpool
2350,53,2022-04-24,16:30,Premier League,Matchweek 34,Sun,Home,W,2.0,0.0,Everton,1.7,0.4,82.0,53213.0,Virgil van Dijk,4-3-3,4-3-3,Stuart Attwell,Match Report,,2022,Liverpool
2351,55,2022-04-30,12:30,Premier League,Matchweek 35,Sat,Away,W,1.0,0.0,Newcastle Utd,2.3,0.2,64.0,52281.0,Jordan Henderson,4-3-3,4-3-3,Andre Marriner,Match Report,,2022,Liverpool
2352,57,2022-05-07,19:45,Premier League,Matchweek 36,Sat,Home,D,1.0,1.0,Tottenham,1.3,0.9,64.0,53177.0,Jordan Henderson,4-3-3,3-4-3,Michael Oliver,Match Report,,2022,Liverpool
2353,58,2022-05-10,20:00,Premier League,Matchweek 33,Tue,Away,W,2.0,1.0,Aston Villa,1.8,1.4,60.0,41919.0,Virgil van Dijk,4-3-3,4-3-1-2,Jonathan Moss,Match Report,,2022,Liverpool
2354,60,2022-05-17,19:45,Premier League,Matchweek 37,Tue,Away,W,2.0,1.0,Southampton,1.3,0.1,70.0,31588.0,James Milner,4-3-3,5-4-1,Martin Atkinson,Match Report,,2022,Liverpool
2355,61,2022-05-22,16:00,Premier League,Matchweek 38,Sun,Home,W,3.0,1.0,Wolves,2.7,1.3,63.0,53097.0,Jordan Henderson,4-3-3,3-5-2,Anthony Taylor,Match Report,,2022,Liverpool
2356,1,2021-08-14,15:00,Premier League,Matchweek 1,Sat,Home,W,3.0,0.0,Crystal Palace,0.7,0.2,62.0,38965.0,César Azpilicueta,3-4-3,4-4-2,Jonathan Moss,Match Report,,2022,Chelsea
2357,2,2021-08-22,16:30,Premier League,Matchweek 2,Sun,Away,W,2.0,0.0,Arsenal,3.1,0.3,65.0,58729.0,César Azpilicueta,3-4-3,4-2-3-1,Paul Tierney,Match Report,,2022,Chelsea
2358,3,2021-08-28,17:30,Premier League,Matchweek 3,Sat,Away,D,1.0,1.0,Liverpool,0.6,2.5,35.0,54000.0,César Azpilicueta,3-4-3,4-3-3,Anthony Taylor,Match Report,,2022,Chelsea
2359,4,2021-09-11,17:30,Premier League,Matchweek 4,Sat,Home,W,3.0,0.0,Aston Villa,1.3,1.2,57.0,39969.0,Marcos Alonso,3-4-3,5-3-2,Stuart Attwell,Match Report,,2022,Chelsea
2360,6,2021-09-19,16:30,Premier League,Matchweek 5,Sun,Away,W,3.0,0.0,Tottenham,2.1,0.5,53.0,60059.0,César Azpilicueta,3-4-3,4-3-2-1,Paul Tierney,Match Report,,2022,Chelsea
2361,8,2021-09-25,12:30,Premier League,Matchweek 6,Sat,Home,L,0.0,1.0,Manchester City,0.2,1.7,41.0,40036.0,César Azpilicueta,3-5-2,4-3-3,Michael Oliver,Match Report,,2022,Chelsea
2362,10,2021-10-02,15:00,Premier League,Matchweek 7,Sat,Home,W,3.0,1.0,Southampton,3.3,1.3,62.0,40109.0,César Azpilicueta,3-4-3,4-4-2,Martin Atkinson,Match Report,,2022,Chelsea
2363,11,2021-10-16,17:30,Premier League,Matchweek 8,Sat,Away,W,1.0,0.0,Brentford,0.3,1.4,55.0,16940.0,César Azpilicueta,3-5-2,3-5-2,Anthony Taylor,Match Report,,2022,Chelsea
2364,13,2021-10-23,12:30,Premier League,Matchweek 9,Sat,Home,W,7.0,0.0,Norwich City,3.1,0.1,62.0,40113.0,Jorginho,3-4-3,3-5-2,Andy Madley,Match Report,,2022,Chelsea
2365,15,2021-10-30,15:00,Premier League,Matchweek 10,Sat,Away,W,3.0,0.0,Newcastle Utd,2.2,0.2,79.0,52208.0,Jorginho,3-4-3,5-3-2,Paul Tierney,Match Report,,2022,Chelsea
2366,17,2021-11-06,15:00,Premier League,Matchweek 11,Sat,Home,D,1.0,1.0,Burnley,1.8,0.7,70.0,39798.0,Jorginho,3-4-1-2,4-4-2,Andre Marriner,Match Report,,2022,Chelsea
2367,18,2021-11-20,12:30,Premier League,Matchweek 12,Sat,Away,W,3.0,0.0,Leicester City,2.0,0.4,61.0,35497.0,Jorginho,3-4-3,3-4-3,Paul Tierney,Match Report,,2022,Chelsea
2368,20,2021-11-28,16:30,Premier League,Matchweek 13,Sun,Home,D,1.0,1.0,Manchester Utd,2.7,0.9,65.0,40041.0,Jorginho,3-4-3,4-3-1-2,Anthony Taylor,Match Report,,2022,Chelsea
2369,21,2021-12-01,19:30,Premier League,Matchweek 14,Wed,Away,W,2.0,1.0,Watford,0.9,1.0,49.0,20388.0,César Azpilicueta,3-4-3,4-1-4-1,David Coote,Match Report,,2022,Chelsea
2370,22,2021-12-04,12:30,Premier League,Matchweek 15,Sat,Away,L,2.0,3.0,West Ham,1.1,1.8,63.0,59942.0,Jorginho,3-4-3,3-4-3,Andre Marriner,Match Report,,2022,Chelsea
2371,24,2021-12-11,15:00,Premier League,Matchweek 16,Sat,Home,W,3.0,2.0,Leeds United,2.5,1.4,57.0,39959.0,César Azpilicueta,3-4-3,4-3-1-2,Chris Kavanagh,Match Report,,2022,Chelsea
2372,25,2021-12-16,19:45,Premier League,Matchweek 17,Thu,Home,D,1.0,1.0,Everton,2.9,0.6,80.0,13933.0,César Azpilicueta,3-4-3,5-4-1,Michael Oliver,Match Report,,2022,Chelsea
2373,26,2021-12-19,14:00,Premier League,Matchweek 18,Sun,Away,D,0.0,0.0,Wolves,0.9,0.2,63.0,30631.0,César Azpilicueta,3-4-3,3-5-2,David Coote,Match Report,,2022,Chelsea
2374,28,2021-12-26,17:30,Premier League,Matchweek 19,Sun,Away,W,3.0,1.0,Aston Villa,2.6,0.4,58.0,41907.0,Jorginho,3-4-3,4-3-1-2,Martin Atkinson,Match Report,,2022,Chelsea
2375,29,2021-12-29,19:30,Premier League,Matchweek 20,Wed,Home,D,1.0,1.0,Brighton,0.7,0.9,47.0,40080.0,César Azpilicueta,3-4-3,3-4-3,Mike Dean,Match Report,,2022,Chelsea
2376,30,2022-01-02,16:30,Premier League,Matchweek 21,Sun,Home,D,2.0,2.0,Liverpool,1.2,1.3,54.0,40072.0,César Azpilicueta,3-4-3,4-3-3,Anthony Taylor,Match Report,,2022,Chelsea
2377,34,2022-01-15,12:30,Premier League,Matchweek 22,Sat,Away,L,0.0,1.0,Manchester City,0.3,1.0,44.0,53319.0,César Azpilicueta,3-4-3,4-2-3-1,Craig Pawson,Match Report,,2022,Chelsea
2378,35,2022-01-18,20:00,Premier League,Matchweek 24,Tue,Away,D,1.0,1.0,Brighton,0.7,0.7,56.0,30880.0,César Azpilicueta,4-2-2-2,4-1-4-1,Kevin Friend,Match Report,,2022,Chelsea
2379,36,2022-01-23,16:30,Premier League,Matchweek 23,Sun,Home,W,2.0,0.0,Tottenham,1.2,0.5,64.0,40020.0,César Azpilicueta,4-3-3,4-4-2,Paul Tierney,Match Report,,2022,Chelsea
2380,38,2022-02-19,15:00,Premier League,Matchweek 26,Sat,Away,W,1.0,0.0,Crystal Palace,0.9,0.5,58.0,25109.0,Jorginho,4-3-3,4-2-3-1,David Coote,Match Report,,2022,Chelsea
2381,42,2022-03-05,15:00,Premier League,Matchweek 28,Sat,Away,W,4.0,0.0,Burnley,2.3,0.7,72.0,19439.0,Jorginho,3-4-3,4-4-2,Andre Marriner,Match Report,,2022,Chelsea
2382,43,2022-03-10,19:30,Premier League,Matchweek 30,Thu,Away,W,3.0,1.0,Norwich City,1.8,1.0,66.0,26684.0,César Azpilicueta,3-4-3,5-3-2,Martin Atkinson,Match Report,,2022,Chelsea
2383,44,2022-03-13,14:00,Premier League,Matchweek 29,Sun,Home,W,1.0,0.0,Newcastle Utd,1.1,0.3,71.0,40026.0,Jorginho,4-3-3,5-4-1,David Coote,Match Report,,2022,Chelsea
2384,47,2022-04-02,15:00,Premier League,Matchweek 31,Sat,Home,L,1.0,4.0,Brentford,1.3,1.8,70.0,39061.0,César Azpilicueta,4-3-3,5-3-2,Andy Madley,Match Report,,2022,Chelsea
2385,49,2022-04-09,15:00,Premier League,Matchweek 32,Sat,Away,W,6.0,0.0,Southampton,4.2,0.5,70.0,31359.0,N'Golo Kanté,3-4-1-2,4-4-2,Kevin Friend,Match Report,,2022,Chelsea
2386,52,2022-04-20,19:45,Premier League,Matchweek 25,Wed,Home,L,2.0,4.0,Arsenal,0.7,2.0,67.0,32249.0,César Azpilicueta,3-4-1-2,4-2-3-1,Jonathan Moss,Match Report,,2022,Chelsea
2387,53,2022-04-24,14:00,Premier League,Matchweek 34,Sun,Home,W,1.0,0.0,West Ham,3.0,0.5,66.0,32231.0,César Azpilicueta,3-4-1-2,3-4-3,Michael Oliver,Match Report,,2022,Chelsea
2388,54,2022-04-28,19:45,Premier League,Matchweek 37,Thu,Away,D,1.0,1.0,Manchester Utd,1.9,0.5,64.0,73564.0,César Azpilicueta,3-4-1-2,4-2-3-1,Mike Dean,Match Report,,2022,Chelsea
2389,55,2022-05-01,14:00,Premier League,Matchweek 35,Sun,Away,L,0.0,1.0,Everton,0.8,0.8,77.0,39256.0,César Azpilicueta,3-4-1-2,5-4-1,Kevin Friend,Match Report,,2022,Chelsea
2390,56,2022-05-07,15:00,Premier League,Matchweek 36,Sat,Home,D,2.0,2.0,Wolves,1.7,2.0,59.0,32190.0,César Azpilicueta,3-4-1-2,3-5-2,Peter Bankes,Match Report,,2022,Chelsea
2391,57,2022-05-11,19:30,Premier League,Matchweek 33,Wed,Away,W,3.0,0.0,Leeds United,1.3,0.4,67.0,36549.0,Jorginho,3-4-3,5-4-1,Anthony Taylor,Match Report,,2022,Chelsea
2392,59,2022-05-19,20:00,Premier League,Matchweek 27,Thu,Home,D,1.0,1.0,Leicester City,1.6,0.1,67.0,31478.0,Jorginho,3-4-3,3-1-4-2,Stuart Attwell,Match Report,,2022,Chelsea
2393,60,2022-05-22,16:00,Premier League,Matchweek 38,Sun,Home,W,2.0,1.0,Watford,2.2,0.6,71.0,32089.0,César Azpilicueta,3-4-3,4-3-3,Mike Dean,Match Report,,2022,Chelsea
2394,0,2021-08-15,16:30,Premier League,Matchweek 1,Sun,Home,W,1.0,0.0,Manchester City,1.0,1.8,35.0,58262.0,Hugo Lloris,4-3-3,4-3-3,Anthony Taylor,Match Report,,2022,Tottenham Hotspur
2395,2,2021-08-22,14:00,Premier League,Matchweek 2,Sun,Away,W,1.0,0.0,Wolves,1.7,1.7,42.0,30368.0,Hugo Lloris,4-3-3,3-4-3,Stuart Attwell,Match Report,,2022,Tottenham Hotspur
2396,4,2021-08-29,14:00,Premier League,Matchweek 3,Sun,Home,W,1.0,0.0,Watford,1.0,0.8,57.0,57672.0,Hugo Lloris,4-3-3,4-1-4-1,Andre Marriner,Match Report,,2022,Tottenham Hotspur
2397,5,2021-09-11,12:30,Premier League,Matchweek 4,Sat,Away,L,0.0,3.0,Crystal Palace,0.1,2.1,38.0,26000.0,Hugo Lloris,4-1-2-1-2◆,4-3-3,Jonathan Moss,Match Report,,2022,Tottenham Hotspur
2398,7,2021-09-19,16:30,Premier League,Matchweek 5,Sun,Home,L,0.0,3.0,Chelsea,0.5,2.1,47.0,60059.0,Hugo Lloris,4-3-2-1,3-4-3,Paul Tierney,Match Report,,2022,Tottenham Hotspur
2399,9,2021-09-26,16:30,Premier League,Matchweek 6,Sun,Away,L,1.0,3.0,Arsenal,1.0,1.1,54.0,59919.0,Hugo Lloris,4-3-3,4-2-3-1,Craig Pawson,Match Report,,2022,Tottenham Hotspur
2400,11,2021-10-03,14:00,Premier League,Matchweek 7,Sun,Home,W,2.0,1.0,Aston Villa,1.3,1.2,56.0,53076.0,Hugo Lloris,4-2-3-1,3-5-2,Chris Kavanagh,Match Report,,2022,Tottenham Hotspur
2401,12,2021-10-17,16:30,Premier League,Matchweek 8,Sun,Away,W,3.0,2.0,Newcastle Utd,1.7,0.4,64.0,52214.0,Hugo Lloris,4-2-3-1,4-1-4-1,Andre Marriner,Match Report,,2022,Tottenham Hotspur
2402,14,2021-10-24,14:00,Premier League,Matchweek 9,Sun,Away,L,0.0,1.0,West Ham,0.7,1.3,62.0,59924.0,Hugo Lloris,4-2-3-1,4-2-3-1,Paul Tierney,Match Report,,2022,Tottenham Hotspur
2403,16,2021-10-30,17:30,Premier League,Matchweek 10,Sat,Home,L,0.0,3.0,Manchester Utd,1.0,1.5,58.0,60356.0,Hugo Lloris,4-2-3-1,3-5-2,Stuart Attwell,Match Report,,2022,Tottenham Hotspur
2404,18,2021-11-07,14:00,Premier League,Matchweek 11,Sun,Away,D,0.0,0.0,Everton,0.7,0.6,55.0,39059.0,Hugo Lloris,3-4-3,4-4-1-1,Chris Kavanagh,Match Report,,2022,Tottenham Hotspur
2405,19,2021-11-21,16:30,Premier League,Matchweek 12,Sun,Home,W,2.0,1.0,Leeds United,2.1,1.4,43.0,58989.0,Hugo Lloris,3-4-3,3-3-3-1,Andre Marriner,Match Report,,2022,Tottenham Hotspur
2406,21,2021-12-02,19:30,Premier League,Matchweek 14,Thu,Home,W,2.0,0.0,Brentford,1.9,0.3,47.0,54202.0,Hugo Lloris,3-4-3,3-5-2,Jonathan Moss,Match Report,,2022,Tottenham Hotspur
2407,22,2021-12-05,14:00,Premier League,Matchweek 15,Sun,Home,W,3.0,0.0,Norwich City,1.6,1.2,41.0,57088.0,Hugo Lloris,3-4-3,5-3-2,Jarred Gillett,Match Report,,2022,Tottenham Hotspur
2408,24,2021-12-19,16:30,Premier League,Matchweek 18,Sun,Home,D,2.0,2.0,Liverpool,3.0,1.1,44.0,45421.0,Hugo Lloris,5-3-2,4-3-3,Paul Tierney,Match Report,,2022,Tottenham Hotspur
2409,26,2021-12-26,15:00,Premier League,Matchweek 19,Sun,Home,W,3.0,0.0,Crystal Palace,2.3,0.2,60.0,40539.0,Hugo Lloris,3-4-3,4-3-3,Jonathan Moss,Match Report,,2022,Tottenham Hotspur
2410,27,2021-12-28,15:00,Premier League,Matchweek 20,Tue,Away,D,1.0,1.0,Southampton,2.3,0.4,65.0,31304.0,Hugo Lloris,3-4-3,5-3-2,Anthony Taylor,Match Report,,2022,Tottenham Hotspur
2411,28,2022-01-01,15:00,Premier League,Matchweek 21,Sat,Away,W,1.0,0.0,Watford,2.2,0.3,74.0,20391.0,Hugo Lloris,3-4-3,4-4-2,Robert Jones,Match Report,,2022,Tottenham Hotspur
2412,32,2022-01-19,19:30,Premier League,Matchweek 17,Wed,Away,W,3.0,2.0,Leicester City,3.1,1.2,51.0,31986.0,Hugo Lloris,3-5-2,3-5-2,Jonathan Moss,Match Report,,2022,Tottenham Hotspur
2413,33,2022-01-23,16:30,Premier League,Matchweek 23,Sun,Away,L,0.0,2.0,Chelsea,0.5,1.2,36.0,40020.0,Hugo Lloris,4-4-2,4-3-3,Paul Tierney,Match Report,,2022,Tottenham Hotspur
2414,35,2022-02-09,19:45,Premier League,Matchweek 24,Wed,Home,L,2.0,3.0,Southampton,1.4,2.2,48.0,54012.0,Hugo Lloris,3-4-3,4-4-2,David Coote,Match Report,,2022,Tottenham Hotspur
2415,36,2022-02-13,14:00,Premier League,Matchweek 25,Sun,Home,L,0.0,2.0,Wolves,1.2,1.3,58.0,56452.0,Hugo Lloris,3-4-3,3-5-2,Kevin Friend,Match Report,,2022,Tottenham Hotspur
2416,37,2022-02-19,17:30,Premier League,Matchweek 26,Sat,Away,W,3.0,2.0,Manchester City,1.4,2.1,29.0,53201.0,Hugo Lloris,3-4-3,4-3-3,Anthony Taylor,Match Report,,2022,Tottenham Hotspur
2417,38,2022-02-23,19:30,Premier League,Matchweek 13,Wed,Away,L,0.0,1.0,Burnley,0.7,0.9,66.0,19488.0,Hugo Lloris,3-4-3,4-4-2,Graham Scott,Match Report,,2022,Tottenham Hotspur
2418,39,2022-02-26,12:30,Premier League,Matchweek 27,Sat,Away,W,4.0,0.0,Leeds United,1.9,1.5,50.0,36599.0,Hugo Lloris,3-4-3,4-1-4-1,Craig Pawson,Match Report,,2022,Tottenham Hotspur
2419,41,2022-03-07,20:00,Premier League,Matchweek 28,Mon,Home,W,5.0,0.0,Everton,2.5,0.2,55.0,59647.0,Hugo Lloris,3-4-3,4-2-3-1,Stuart Attwell,Match Report,,2022,Tottenham Hotspur
2420,42,2022-03-12,17:30,Premier League,Matchweek 29,Sat,Away,L,2.0,3.0,Manchester Utd,1.5,1.0,57.0,73458.0,Hugo Lloris,3-4-3,4-2-3-1,Jonathan Moss,Match Report,,2022,Tottenham Hotspur
2421,43,2022-03-16,19:30,Premier League,Matchweek 16,Wed,Away,W,2.0,0.0,Brighton,2.2,0.7,52.0,31144.0,Hugo Lloris,3-4-3,4-2-3-1,Robert Jones,Match Report,,2022,Tottenham Hotspur
2422,44,2022-03-20,16:30,Premier League,Matchweek 30,Sun,Home,W,3.0,1.0,West Ham,3.0,0.6,53.0,58685.0,Hugo Lloris,3-4-3,3-4-3,Anthony Taylor,Match Report,,2022,Tottenham Hotspur
2423,45,2022-04-03,16:30,Premier League,Matchweek 31,Sun,Home,W,5.0,1.0,Newcastle Utd,3.1,0.5,60.0,57553.0,Hugo Lloris,3-4-3,4-3-3,Martin Atkinson,Match Report,,2022,Tottenham Hotspur
2424,46,2022-04-09,17:30,Premier League,Matchweek 32,Sat,Away,W,4.0,0.0,Aston Villa,1.1,1.6,48.0,41949.0,Hugo Lloris,3-4-3,4-3-1-2,Graham Scott,Match Report,,2022,Tottenham Hotspur
2425,47,2022-04-16,12:30,Premier League,Matchweek 33,Sat,Home,L,0.0,1.0,Brighton,0.5,0.6,49.0,58685.0,Hugo Lloris,3-4-3,3-5-2,Craig Pawson,Match Report,,2022,Tottenham Hotspur
2426,48,2022-04-23,17:30,Premier League,Matchweek 34,Sat,Away,D,0.0,0.0,Brentford,0.6,0.9,56.0,17072.0,Hugo Lloris,3-4-3,5-3-2,Martin Atkinson,Match Report,,2022,Tottenham Hotspur
2427,49,2022-05-01,14:00,Premier League,Matchweek 35,Sun,Home,W,3.0,1.0,Leicester City,1.2,0.5,40.0,59482.0,Hugo Lloris,3-4-3,3-5-2,Jonathan Moss,Match Report,,2022,Tottenham Hotspur
2428,50,2022-05-07,19:45,Premier League,Matchweek 36,Sat,Away,D,1.0,1.0,Liverpool,0.9,1.3,36.0,53177.0,Hugo Lloris,3-4-3,4-3-3,Michael Oliver,Match Report,,2022,Tottenham Hotspur
2429,51,2022-05-12,19:45,Premier League,Matchweek 22,Thu,Home,W,3.0,0.0,Arsenal,2.7,0.5,57.0,62027.0,Hugo Lloris,3-4-3,4-3-3,Paul Tierney,Match Report,,2022,Tottenham Hotspur
2430,52,2022-05-15,12:00,Premier League,Matchweek 37,Sun,Home,W,1.0,0.0,Burnley,2.2,0.7,68.0,61729.0,Hugo Lloris,3-4-3,5-3-2,Kevin Friend,Match Report,,2022,Tottenham Hotspur
2431,53,2022-05-22,16:00,Premier League,Matchweek 38,Sun,Away,W,5.0,0.0,Norwich City,3.4,0.5,59.0,27022.0,Hugo Lloris,3-4-3,5-4-1,Chris Kavanagh,Match Report,,2022,Tottenham Hotspur
2432,0,2021-08-13,20:00,Premier League,Matchweek 1,Fri,Away,L,0.0,2.0,Brentford,1.3,1.2,64.0,16479.0,Granit Xhaka,4-2-3-1,3-5-2,Michael Oliver,Match Report,,2022,Arsenal
2433,1,2021-08-22,16:30,Premier League,Matchweek 2,Sun,Home,L,0.0,2.0,Chelsea,0.3,3.1,35.0,58729.0,Granit Xhaka,4-2-3-1,3-4-3,Paul Tierney,Match Report,,2022,Arsenal
2434,3,2021-08-28,12:30,Premier League,Matchweek 3,Sat,Away,L,0.0,5.0,Manchester City,0.2,4.4,20.0,52276.0,Pierre-Emerick Aubameyang,5-4-1,4-3-3,Martin Atkinson,Match Report,,2022,Arsenal
2435,4,2021-09-11,15:00,Premier League,Matchweek 4,Sat,Home,W,1.0,0.0,Norwich City,2.7,0.7,51.0,58000.0,Pierre-Emerick Aubameyang,4-2-3-1,4-3-3,Michael Oliver,Match Report,,2022,Arsenal
2436,5,2021-09-18,15:00,Premier League,Matchweek 5,Sat,Away,W,1.0,0.0,Burnley,1.1,1.0,54.0,20000.0,Pierre-Emerick Aubameyang,4-1-4-1,4-4-2,Anthony Taylor,Match Report,,2022,Arsenal
2437,7,2021-09-26,16:30,Premier League,Matchweek 6,Sun,Home,W,3.0,1.0,Tottenham,1.1,1.0,46.0,59919.0,Pierre-Emerick Aubameyang,4-2-3-1,4-3-3,Craig Pawson,Match Report,,2022,Arsenal
2438,8,2021-10-02,17:30,Premier League,Matchweek 7,Sat,Away,D,0.0,0.0,Brighton,0.4,1.1,42.0,31266.0,Pierre-Emerick Aubameyang,4-2-3-1,3-5-2,Jonathan Moss,Match Report,,2022,Arsenal
2439,9,2021-10-18,20:00,Premier League,Matchweek 8,Mon,Home,D,2.0,2.0,Crystal Palace,1.7,0.7,54.0,59475.0,Pierre-Emerick Aubameyang,4-1-4-1,4-2-3-1,Mike Dean,Match Report,,2022,Arsenal
2440,10,2021-10-22,20:00,Premier League,Matchweek 9,Fri,Home,W,3.0,1.0,Aston Villa,2.7,1.4,53.0,59496.0,Pierre-Emerick Aubameyang,4-2-3-1,3-4-1-2,Craig Pawson,Match Report,,2022,Arsenal
2441,12,2021-10-30,12:30,Premier League,Matchweek 10,Sat,Away,W,2.0,0.0,Leicester City,0.7,1.3,36.0,32209.0,Pierre-Emerick Aubameyang,4-4-1-1,3-4-1-2,Michael Oliver,Match Report,,2022,Arsenal
2442,13,2021-11-07,14:00,Premier League,Matchweek 11,Sun,Home,W,1.0,0.0,Watford,1.6,0.5,60.0,59833.0,Pierre-Emerick Aubameyang,4-4-1-1,4-1-4-1,Kevin Friend,Match Report,,2022,Arsenal
2443,14,2021-11-20,17:30,Premier League,Matchweek 12,Sat,Away,L,0.0,4.0,Liverpool,0.4,4.3,38.0,53092.0,Pierre-Emerick Aubameyang,4-4-1-1,4-3-3,Michael Oliver,Match Report,,2022,Arsenal
2444,15,2021-11-27,12:30,Premier League,Matchweek 13,Sat,Home,W,2.0,0.0,Newcastle Utd,2.5,0.3,66.0,59886.0,Pierre-Emerick Aubameyang,4-4-1-1,4-4-2,Stuart Attwell,Match Report,,2022,Arsenal
2445,16,2021-12-02,20:15,Premier League,Matchweek 14,Thu,Away,L,2.0,3.0,Manchester Utd,1.4,1.9,56.0,73123.0,Pierre-Emerick Aubameyang,4-4-1-1,4-2-3-1,Martin Atkinson,Match Report,,2022,Arsenal
2446,17,2021-12-06,20:00,Premier League,Matchweek 15,Mon,Away,L,1.0,2.0,Everton,1.0,0.9,63.0,38906.0,Alexandre Lacazette,4-2-3-1,4-4-1-1,Mike Dean,Match Report,,2022,Arsenal
2447,18,2021-12-11,15:00,Premier League,Matchweek 16,Sat,Home,W,3.0,0.0,Southampton,1.8,0.6,61.0,59653.0,Alexandre Lacazette,4-4-1-1,4-4-2,Jarred Gillett,Match Report,,2022,Arsenal
2448,19,2021-12-15,20:00,Premier League,Matchweek 17,Wed,Home,W,2.0,0.0,West Ham,2.8,0.4,55.0,59777.0,Alexandre Lacazette,4-4-1-1,4-2-3-1,Anthony Taylor,Match Report,,2022,Arsenal
2449,20,2021-12-18,17:30,Premier League,Matchweek 18,Sat,Away,W,4.0,1.0,Leeds United,3.5,1.6,49.0,36166.0,Alexandre Lacazette,4-2-3-1,4-2-3-1,Andre Marriner,Match Report,,2022,Arsenal
2450,22,2021-12-26,15:00,Premier League,Matchweek 19,Sun,Away,W,5.0,0.0,Norwich City,2.5,0.1,64.0,26940.0,Alexandre Lacazette,4-2-3-1,4-2-3-1,Graham Scott,Match Report,,2022,Arsenal
2451,23,2022-01-01,12:30,Premier League,Matchweek 21,Sat,Home,L,1.0,2.0,Manchester City,0.8,2.0,29.0,59757.0,Alexandre Lacazette,4-2-3-1,4-2-3-1,Stuart Attwell,Match Report,,2022,Arsenal
2452,27,2022-01-23,14:00,Premier League,Matchweek 23,Sun,Home,D,0.0,0.0,Burnley,1.2,0.4,75.0,59255.0,Alexandre Lacazette,4-1-4-1,4-4-2,David Coote,Match Report,,2022,Arsenal
2453,28,2022-02-10,19:45,Premier League,Matchweek 24,Thu,Away,W,1.0,0.0,Wolves,1.8,0.8,42.0,31523.0,Alexandre Lacazette,4-2-3-1,3-4-3,Michael Oliver,Match Report,,2022,Arsenal
2454,29,2022-02-19,15:00,Premier League,Matchweek 26,Sat,Home,W,2.0,1.0,Brentford,1.7,0.6,66.0,59249.0,Alexandre Lacazette,4-2-3-1,3-5-2,Jonathan Moss,Match Report,,2022,Arsenal
2455,30,2022-02-24,19:45,Premier League,Matchweek 20,Thu,Home,W,2.0,1.0,Wolves,3.1,1.0,56.0,59888.0,Alexandre Lacazette,4-2-3-1,3-4-3,Martin Atkinson,Match Report,,2022,Arsenal
2456,31,2022-03-06,14:00,Premier League,Matchweek 28,Sun,Away,W,3.0,2.0,Watford,1.0,1.0,56.0,21142.0,Alexandre Lacazette,4-2-3-1,4-3-3,Craig Pawson,Match Report,,2022,Arsenal
2457,32,2022-03-13,16:30,Premier League,Matchweek 29,Sun,Home,W,2.0,0.0,Leicester City,2.4,0.4,46.0,60111.0,Alexandre Lacazette,4-2-3-1,4-2-3-1,Anthony Taylor,Match Report,,2022,Arsenal
2458,33,2022-03-16,20:15,Premier League,Matchweek 27,Wed,Home,L,0.0,2.0,Liverpool,0.5,0.8,49.0,59968.0,Alexandre Lacazette,4-2-3-1,4-3-3,Andre Marriner,Match Report,,2022,Arsenal
2459,34,2022-03-19,12:30,Premier League,Matchweek 30,Sat,Away,W,1.0,0.0,Aston Villa,1.3,0.5,53.0,41956.0,Alexandre Lacazette,4-2-3-1,4-3-2-1,Andy Madley,Match Report,,2022,Arsenal
2460,35,2022-04-04,20:00,Premier League,Matchweek 31,Mon,Away,L,0.0,3.0,Crystal Palace,0.8,1.5,68.0,25149.0,Alexandre Lacazette,4-2-3-1,4-2-3-1,Paul Tierney,Match Report,,2022,Arsenal
2461,36,2022-04-09,15:00,Premier League,Matchweek 32,Sat,Home,L,1.0,2.0,Brighton,1.9,0.6,64.0,60112.0,Alexandre Lacazette,4-2-3-1,3-5-2,David Coote,Match Report,,2022,Arsenal
2462,37,2022-04-16,15:00,Premier League,Matchweek 33,Sat,Away,L,0.0,1.0,Southampton,1.7,0.8,75.0,31465.0,Martin Ødegaard,4-2-3-1,3-4-3,Peter Bankes,Match Report,,2022,Arsenal
2463,38,2022-04-20,19:45,Premier League,Matchweek 25,Wed,Away,W,4.0,2.0,Chelsea,2.0,0.7,33.0,32249.0,Martin Ødegaard,4-2-3-1,3-4-1-2,Jonathan Moss,Match Report,,2022,Arsenal
2464,39,2022-04-23,12:30,Premier League,Matchweek 34,Sat,Home,W,3.0,1.0,Manchester Utd,2.3,1.8,54.0,60223.0,Martin Ødegaard,4-2-3-1,4-2-3-1,Craig Pawson,Match Report,,2022,Arsenal
2465,40,2022-05-01,16:30,Premier League,Matchweek 35,Sun,Away,W,2.0,1.0,West Ham,0.9,0.5,43.0,59959.0,Martin Ødegaard,4-2-3-1,4-2-3-1,Mike Dean,Match Report,,2022,Arsenal
2466,41,2022-05-08,14:00,Premier League,Matchweek 36,Sun,Home,W,2.0,1.0,Leeds United,2.0,0.3,64.0,60108.0,Martin Ødegaard,4-2-3-1,4-2-3-1,Chris Kavanagh,Match Report,,2022,Arsenal
2467,42,2022-05-12,19:45,Premier League,Matchweek 22,Thu,Away,L,0.0,3.0,Tottenham,0.5,2.7,43.0,62027.0,Martin Ødegaard,4-3-3,3-4-3,Paul Tierney,Match Report,,2022,Arsenal
2468,43,2022-05-16,20:00,Premier League,Matchweek 37,Mon,Away,L,0.0,2.0,Newcastle Utd,0.6,1.6,49.0,52274.0,Martin Ødegaard,4-2-3-1,4-3-3,Darren England,Match Report,,2022,Arsenal
2469,44,2022-05-22,16:00,Premier League,Matchweek 38,Sun,Home,W,5.0,1.0,Everton,4.2,1.1,73.0,60201.0,Martin Ødegaard,4-2-3-1,5-4-1,Andre Marriner,Match Report,,2022,Arsenal
2470,0,2021-08-14,12:30,Premier League,Matchweek 1,Sat,Home,W,5.0,1.0,Leeds United,1.5,0.5,49.0,72732.0,Harry Maguire,4-2-3-1,4-1-4-1,Paul Tierney,Match Report,,2022,Manchester United
2471,1,2021-08-22,14:00,Premier League,Matchweek 2,Sun,Away,D,1.0,1.0,Southampton,1.8,0.7,63.0,32000.0,Harry Maguire,4-2-3-1,4-4-2,Craig Pawson,Match Report,,2022,Manchester United
2472,2,2021-08-29,16:30,Premier League,Matchweek 3,Sun,Away,W,1.0,0.0,Wolves,0.6,2.1,56.0,30621.0,Harry Maguire,4-2-3-1,3-4-3,Mike Dean,Match Report,,2022,Manchester United
2473,3,2021-09-11,15:00,Premier League,Matchweek 4,Sat,Home,W,4.0,1.0,Newcastle Utd,2.5,0.4,63.0,72732.0,Harry Maguire,4-2-3-1,5-4-1,Anthony Taylor,Match Report,,2022,Manchester United
2474,5,2021-09-19,14:00,Premier League,Matchweek 5,Sun,Away,W,2.0,1.0,West Ham,2.0,1.6,60.0,60000.0,Harry Maguire,4-2-3-1,4-4-2,Martin Atkinson,Match Report,,2022,Manchester United
2475,7,2021-09-25,12:30,Premier League,Matchweek 6,Sat,Home,L,0.0,1.0,Aston Villa,2.2,1.0,59.0,72922.0,Harry Maguire,4-2-3-1,3-5-2,Mike Dean,Match Report,,2022,Manchester United
2476,9,2021-10-02,12:30,Premier League,Matchweek 7,Sat,Home,D,1.0,1.0,Everton,1.0,1.3,72.0,73128.0,Bruno Fernandes,4-2-3-1,4-4-1-1,Michael Oliver,Match Report,,2022,Manchester United
2477,10,2021-10-16,15:00,Premier League,Matchweek 8,Sat,Away,L,2.0,4.0,Leicester City,1.2,2.4,51.0,32219.0,Harry Maguire,4-2-3-1,3-4-1-2,Craig Pawson,Match Report,,2022,Manchester United
2478,12,2021-10-24,16:30,Premier League,Matchweek 9,Sun,Home,L,0.0,5.0,Liverpool,1.6,3.4,38.0,73088.0,Harry Maguire,4-2-3-1,4-3-3,Anthony Taylor,Match Report,,2022,Manchester United
2479,13,2021-10-30,17:30,Premier League,Matchweek 10,Sat,Away,W,3.0,0.0,Tottenham,1.5,1.0,42.0,60356.0,Harry Maguire,3-5-2,4-2-3-1,Stuart Attwell,Match Report,,2022,Manchester United
2480,15,2021-11-06,12:30,Premier League,Matchweek 11,Sat,Home,L,0.0,2.0,Manchester City,0.9,1.6,33.0,73086.0,Harry Maguire,3-5-2,4-3-3,Michael Oliver,Match Report,,2022,Manchester United
2481,16,2021-11-20,15:00,Premier League,Matchweek 12,Sat,Away,L,1.0,4.0,Watford,1.4,2.7,61.0,21087.0,Harry Maguire,4-2-3-1,4-1-4-1,Jonathan Moss,Match Report,,2022,Manchester United
2482,18,2021-11-28,16:30,Premier League,Matchweek 13,Sun,Away,D,1.0,1.0,Chelsea,0.9,2.7,35.0,40041.0,Bruno Fernandes,4-3-1-2,3-4-3,Anthony Taylor,Match Report,,2022,Manchester United
2483,19,2021-12-02,20:15,Premier League,Matchweek 14,Thu,Home,W,3.0,2.0,Arsenal,1.9,1.4,44.0,73123.0,Harry Maguire,4-2-3-1,4-4-1-1,Martin Atkinson,Match Report,,2022,Manchester United
2484,20,2021-12-05,14:00,Premier League,Matchweek 15,Sun,Home,W,1.0,0.0,Crystal Palace,0.9,0.5,61.0,73172.0,Harry Maguire,4-2-2-2,4-3-3,Craig Pawson,Match Report,,2022,Manchester United
2485,22,2021-12-11,17:30,Premier League,Matchweek 16,Sat,Away,W,1.0,0.0,Norwich City,2.0,1.2,52.0,27606.0,Harry Maguire,4-2-2-2,4-3-3,Darren England,Match Report,,2022,Manchester United
2486,23,2021-12-27,20:00,Premier League,Matchweek 19,Mon,Away,D,1.0,1.0,Newcastle Utd,1.6,1.3,68.0,52178.0,Harry Maguire,4-2-2-2,4-5-1,Craig Pawson,Match Report,,2022,Manchester United
2487,24,2021-12-30,20:15,Premier League,Matchweek 20,Thu,Home,W,3.0,1.0,Burnley,2.4,1.1,57.0,73121.0,Harry Maguire,4-2-2-2,4-4-2,Jonathan Moss,Match Report,,2022,Manchester United
2488,25,2022-01-03,17:30,Premier League,Matchweek 21,Mon,Home,L,0.0,1.0,Wolves,0.8,0.7,51.0,73045.0,Cristiano Ronaldo,4-2-2-2,3-4-3,Mike Dean,Match Report,,2022,Manchester United
2489,27,2022-01-15,17:30,Premier League,Matchweek 22,Sat,Away,D,2.0,2.0,Aston Villa,1.0,1.9,46.0,41968.0,Bruno Fernandes,4-3-3,4-3-3,David Coote,Match Report,,2022,Manchester United
2490,28,2022-01-19,20:00,Premier League,Matchweek 17,Wed,Away,W,3.0,1.0,Brentford,2.3,2.3,56.0,17094.0,Bruno Fernandes,4-2-3-1,3-5-2,Andre Marriner,Match Report,,2022,Manchester United
2491,29,2022-01-22,15:00,Premier League,Matchweek 23,Sat,Home,W,1.0,0.0,West Ham,1.9,0.3,57.0,73130.0,Harry Maguire,4-2-3-1,4-2-3-1,Jonathan Moss,Match Report,,2022,Manchester United
2492,31,2022-02-08,20:00,Premier League,Matchweek 24,Tue,Away,D,1.0,1.0,Burnley,1.8,0.4,63.0,21233.0,Harry Maguire,4-2-3-1,4-4-2,Mike Dean,Match Report,,2022,Manchester United
2493,32,2022-02-12,12:30,Premier League,Matchweek 25,Sat,Home,D,1.0,1.0,Southampton,2.1,0.8,53.0,73084.0,Harry Maguire,4-2-3-1,4-4-2,Stuart Attwell,Match Report,,2022,Manchester United
2494,33,2022-02-15,20:15,Premier League,Matchweek 18,Tue,Home,W,2.0,0.0,Brighton,1.7,0.7,50.0,73012.0,Harry Maguire,4-2-3-1,4-1-2-1-2,Peter Bankes,Match Report,,2022,Manchester United
2495,34,2022-02-20,14:00,Premier League,Matchweek 26,Sun,Away,W,4.0,2.0,Leeds United,2.2,1.8,46.0,36715.0,Harry Maguire,4-2-3-1,4-2-3-1,Paul Tierney,Match Report,,2022,Manchester United
2496,36,2022-02-26,15:00,Premier League,Matchweek 27,Sat,Home,D,0.0,0.0,Watford,2.8,0.6,67.0,73152.0,Bruno Fernandes,4-2-3-1,4-3-3,Kevin Friend,Match Report,,2022,Manchester United
2497,37,2022-03-06,16:30,Premier League,Matchweek 28,Sun,Away,L,1.0,4.0,Manchester City,0.5,2.7,31.0,53165.0,Harry Maguire,4-2-3-1,4-3-3,Michael Oliver,Match Report,,2022,Manchester United
2498,38,2022-03-12,17:30,Premier League,Matchweek 29,Sat,Home,W,3.0,2.0,Tottenham,1.0,1.5,43.0,73458.0,Harry Maguire,4-2-3-1,3-4-3,Jonathan Moss,Match Report,,2022,Manchester United
2499,40,2022-04-02,17:30,Premier League,Matchweek 31,Sat,Home,D,1.0,1.0,Leicester City,0.9,0.8,54.0,73444.0,Harry Maguire,4-2-3-1,4-2-3-1,Andre Marriner,Match Report,,2022,Manchester United
2500,41,2022-04-09,12:30,Premier League,Matchweek 32,Sat,Away,L,0.0,1.0,Everton,0.8,0.4,67.0,39080.0,Harry Maguire,4-2-3-1,4-3-3,Jonathan Moss,Match Report,,2022,Manchester United
2501,42,2022-04-16,15:00,Premier League,Matchweek 33,Sat,Home,W,3.0,2.0,Norwich City,1.9,1.5,61.0,73381.0,Harry Maguire,4-3-3,4-2-3-1,Andy Madley,Match Report,,2022,Manchester United
2502,43,2022-04-19,20:00,Premier League,Matchweek 30,Tue,Away,L,0.0,4.0,Liverpool,0.1,2.0,29.0,52686.0,Harry Maguire,3-4-3,4-3-3,Martin Atkinson,Match Report,,2022,Manchester United
2503,44,2022-04-23,12:30,Premier League,Matchweek 34,Sat,Away,L,1.0,3.0,Arsenal,1.8,2.3,46.0,60223.0,Bruno Fernandes,4-2-3-1,4-2-3-1,Craig Pawson,Match Report,,2022,Manchester United
2504,45,2022-04-28,19:45,Premier League,Matchweek 37,Thu,Home,D,1.0,1.0,Chelsea,0.5,1.9,36.0,73564.0,Bruno Fernandes,4-2-3-1,3-4-1-2,Mike Dean,Match Report,,2022,Manchester United
2505,46,2022-05-02,20:00,Premier League,Matchweek 35,Mon,Home,W,3.0,0.0,Brentford,2.0,0.6,63.0,73482.0,Bruno Fernandes,4-2-3-1,5-3-2,Chris Kavanagh,Match Report,,2022,Manchester United
2506,47,2022-05-07,17:30,Premier League,Matchweek 36,Sat,Away,L,0.0,4.0,Brighton,0.9,2.3,58.0,31637.0,Bruno Fernandes,4-2-3-1,3-4-3,Andy Madley,Match Report,,2022,Manchester United
2507,48,2022-05-22,16:00,Premier League,Matchweek 38,Sun,Away,L,0.0,1.0,Crystal Palace,0.7,0.6,61.0,25434.0,Harry Maguire,4-2-3-1,4-3-3,Martin Atkinson,Match Report,,2022,Manchester United
2508,0,2021-08-15,14:00,Premier League,Matchweek 1,Sun,Away,W,4.0,2.0,Newcastle Utd,2.7,1.8,54.0,50673.0,Declan Rice,4-2-3-1,5-3-2,Martin Atkinson,Match Report,,2022,West Ham United
2509,1,2021-08-23,20:00,Premier League,Matchweek 2,Mon,Home,W,4.0,1.0,Leicester City,2.3,0.6,52.0,59901.0,Declan Rice,4-2-3-1,4-2-3-1,Michael Oliver,Match Report,,2022,West Ham United
2510,2,2021-08-28,15:00,Premier League,Matchweek 3,Sat,Home,D,2.0,2.0,Crystal Palace,1.3,1.1,47.0,59751.0,Declan Rice,4-2-3-1,4-3-3,Stuart Attwell,Match Report,,2022,West Ham United
2511,3,2021-09-11,15:00,Premier League,Matchweek 4,Sat,Away,D,0.0,0.0,Southampton,0.7,0.7,58.0,30000.0,Declan Rice,4-2-3-1,4-1-4-1,David Coote,Match Report,,2022,West Ham United
2512,5,2021-09-19,14:00,Premier League,Matchweek 5,Sun,Home,L,1.0,2.0,Manchester Utd,1.6,2.0,40.0,60000.0,Declan Rice,4-4-2,4-2-3-1,Martin Atkinson,Match Report,,2022,West Ham United
2513,7,2021-09-25,15:00,Premier League,Matchweek 6,Sat,Away,W,2.0,1.0,Leeds United,1.6,1.2,47.0,36417.0,Declan Rice,4-2-3-1,4-1-4-1,Kevin Friend,Match Report,,2022,West Ham United
2514,9,2021-10-03,14:00,Premier League,Matchweek 7,Sun,Home,L,1.0,2.0,Brentford,1.5,1.2,59.0,49940.0,Declan Rice,4-2-3-1,3-5-2,Peter Bankes,Match Report,,2022,West Ham United
2515,10,2021-10-17,14:00,Premier League,Matchweek 8,Sun,Away,W,1.0,0.0,Everton,1.2,0.9,61.0,39132.0,Declan Rice,4-2-3-1,4-4-1-1,Stuart Attwell,Match Report,,2022,West Ham United
2516,12,2021-10-24,14:00,Premier League,Matchweek 9,Sun,Home,W,1.0,0.0,Tottenham,1.3,0.7,38.0,59924.0,Declan Rice,4-2-3-1,4-2-3-1,Paul Tierney,Match Report,,2022,West Ham United
2517,14,2021-10-31,16:30,Premier League,Matchweek 10,Sun,Away,W,4.0,1.0,Aston Villa,2.3,0.7,57.0,41874.0,Declan Rice,4-2-3-1,4-3-3,Chris Kavanagh,Match Report,,2022,West Ham United
2518,16,2021-11-07,16:30,Premier League,Matchweek 11,Sun,Home,W,3.0,2.0,Liverpool,1.0,1.2,31.0,59909.0,Declan Rice,4-2-3-1,4-3-3,Craig Pawson,Match Report,,2022,West Ham United
2519,17,2021-11-20,15:00,Premier League,Matchweek 12,Sat,Away,L,0.0,1.0,Wolves,0.4,1.4,48.0,30667.0,Declan Rice,4-2-3-1,3-4-3,Mike Dean,Match Report,,2022,West Ham United
2520,19,2021-11-28,14:00,Premier League,Matchweek 13,Sun,Away,L,1.0,2.0,Manchester City,0.2,2.1,32.0,53245.0,Declan Rice,4-2-3-1,4-3-3,Michael Oliver,Match Report,,2022,West Ham United
2521,20,2021-12-01,19:30,Premier League,Matchweek 14,Wed,Home,D,1.0,1.0,Brighton,1.3,1.3,35.0,59626.0,Declan Rice,4-2-3-1,4-2-3-1,Chris Kavanagh,Match Report,,2022,West Ham United
2522,21,2021-12-04,12:30,Premier League,Matchweek 15,Sat,Home,W,3.0,2.0,Chelsea,1.8,1.1,37.0,59942.0,Declan Rice,3-4-3,3-4-3,Andre Marriner,Match Report,,2022,West Ham United
2523,23,2021-12-12,14:00,Premier League,Matchweek 16,Sun,Away,D,0.0,0.0,Burnley,0.8,0.8,60.0,18065.0,Declan Rice,4-2-3-1,4-4-2,Graham Scott,Match Report,,2022,West Ham United
2524,24,2021-12-15,20:00,Premier League,Matchweek 17,Wed,Away,L,0.0,2.0,Arsenal,0.4,2.8,45.0,59777.0,Declan Rice,4-2-3-1,4-4-1-1,Anthony Taylor,Match Report,,2022,West Ham United
2525,26,2021-12-26,15:00,Premier League,Matchweek 19,Sun,Home,L,2.0,3.0,Southampton,1.6,1.2,56.0,41027.0,Declan Rice,4-2-3-1,4-1-4-1,Kevin Friend,Match Report,,2022,West Ham United
2526,27,2021-12-28,15:00,Premier League,Matchweek 20,Tue,Away,W,4.0,1.0,Watford,3.6,1.6,57.0,20073.0,Mark Noble,4-2-3-1,4-1-4-1,Darren England,Match Report,,2022,West Ham United
2527,28,2022-01-01,17:30,Premier League,Matchweek 21,Sat,Away,W,3.0,2.0,Crystal Palace,2.2,2.4,38.0,24351.0,Declan Rice,4-2-3-1,4-3-3,Darren England,Match Report,,2022,West Ham United
2528,30,2022-01-12,19:45,Premier League,Matchweek 18,Wed,Home,W,2.0,0.0,Norwich City,2.5,0.3,62.0,59775.0,Declan Rice,4-2-3-1,4-2-3-1,Simon Hooper,Match Report,,2022,West Ham United
2529,31,2022-01-16,14:00,Premier League,Matchweek 22,Sun,Home,L,2.0,3.0,Leeds United,2.4,2.2,48.0,59951.0,Declan Rice,4-2-3-1,4-1-4-1,Mike Dean,Match Report,,2022,West Ham United
2530,32,2022-01-22,15:00,Premier League,Matchweek 23,Sat,Away,L,0.0,1.0,Manchester Utd,0.3,1.9,43.0,73130.0,Declan Rice,4-2-3-1,4-2-3-1,Jonathan Moss,Match Report,,2022,West Ham United
2531,34,2022-02-08,19:45,Premier League,Matchweek 24,Tue,Home,W,1.0,0.0,Watford,0.8,0.3,64.0,59581.0,Declan Rice,4-2-3-1,4-4-2,Martin Atkinson,Match Report,,2022,West Ham United
2532,35,2022-02-13,16:30,Premier League,Matchweek 25,Sun,Away,D,2.0,2.0,Leicester City,1.1,1.4,45.0,32061.0,Declan Rice,4-2-3-1,4-3-3,Michael Oliver,Match Report,,2022,West Ham United
2533,36,2022-02-19,12:30,Premier League,Matchweek 26,Sat,Home,D,1.0,1.0,Newcastle Utd,0.6,0.8,47.0,59949.0,Declan Rice,4-2-3-1,4-3-3,Chris Kavanagh,Match Report,,2022,West Ham United
2534,37,2022-02-27,14:00,Premier League,Matchweek 27,Sun,Home,W,1.0,0.0,Wolves,1.8,0.7,39.0,59946.0,Declan Rice,3-4-3,3-4-3,Anthony Taylor,Match Report,,2022,West Ham United
2535,39,2022-03-05,17:30,Premier League,Matchweek 28,Sat,Away,L,0.0,1.0,Liverpool,1.3,2.4,32.0,59925.0,Aaron Cresswell,4-4-2,4-3-3,Jonathan Moss,Match Report,,2022,West Ham United
2536,41,2022-03-13,14:00,Premier League,Matchweek 29,Sun,Home,W,2.0,1.0,Aston Villa,1.2,1.1,47.0,59957.0,Declan Rice,4-2-3-1,4-1-2-1-2,Jarred Gillett,Match Report,,2022,West Ham United
2537,43,2022-03-20,16:30,Premier League,Matchweek 30,Sun,Away,L,1.0,3.0,Tottenham,0.6,3.0,47.0,58685.0,Declan Rice,3-4-3,3-4-3,Anthony Taylor,Match Report,,2022,West Ham United
2538,44,2022-04-03,14:00,Premier League,Matchweek 31,Sun,Home,W,2.0,1.0,Everton,1.2,0.7,55.0,59953.0,Declan Rice,4-2-3-1,4-3-3,Michael Oliver,Match Report,,2022,West Ham United
2539,46,2022-04-10,14:00,Premier League,Matchweek 32,Sun,Away,L,0.0,2.0,Brentford,0.3,1.4,53.0,17032.0,Declan Rice,4-2-3-1,4-3-3,Martin Atkinson,Match Report,,2022,West Ham United
2540,48,2022-04-17,14:15,Premier League,Matchweek 33,Sun,Home,D,1.0,1.0,Burnley,2.2,1.8,61.0,59958.0,Declan Rice,4-2-3-1,4-4-2,Paul Tierney,Match Report,,2022,West Ham United
2541,49,2022-04-24,14:00,Premier League,Matchweek 34,Sun,Away,L,0.0,1.0,Chelsea,0.5,3.0,34.0,32231.0,Mark Noble,3-4-3,3-4-1-2,Michael Oliver,Match Report,,2022,West Ham United
2542,51,2022-05-01,16:30,Premier League,Matchweek 35,Sun,Home,L,1.0,2.0,Arsenal,0.5,0.9,57.0,59959.0,Mark Noble,4-2-3-1,4-2-3-1,Mike Dean,Match Report,,2022,West Ham United
2543,53,2022-05-08,14:00,Premier League,Matchweek 36,Sun,Away,W,4.0,0.0,Norwich City,3.0,0.8,63.0,26428.0,Declan Rice,4-2-3-1,4-2-3-1,Robert Jones,Match Report,,2022,West Ham United
2544,54,2022-05-15,14:00,Premier League,Matchweek 37,Sun,Home,D,2.0,2.0,Manchester City,1.1,2.4,22.0,59972.0,Declan Rice,4-2-3-1,4-3-3,Anthony Taylor,Match Report,,2022,West Ham United
2545,55,2022-05-22,16:00,Premier League,Matchweek 38,Sun,Away,L,1.0,3.0,Brighton,0.2,1.6,50.0,31604.0,Declan Rice,4-2-3-1,4-3-2-1,Kevin Friend,Match Report,,2022,West Ham United
2546,1,2021-08-14,15:00,Premier League,Matchweek 1,Sat,Home,W,1.0,0.0,Wolves,0.5,1.3,56.0,31983.0,Kasper Schmeichel,4-2-3-1,3-4-3,Craig Pawson,Match Report,,2022,Leicester City
2547,2,2021-08-23,20:00,Premier League,Matchweek 2,Mon,Away,L,1.0,4.0,West Ham,0.6,2.3,48.0,59901.0,Kasper Schmeichel,4-2-3-1,4-2-3-1,Michael Oliver,Match Report,,2022,Leicester City
2548,3,2021-08-28,15:00,Premier League,Matchweek 3,Sat,Away,W,2.0,1.0,Norwich City,1.5,1.5,55.0,26765.0,Kasper Schmeichel,4-4-2,4-3-3,Robert Jones,Match Report,,2022,Leicester City
2549,4,2021-09-11,15:00,Premier League,Matchweek 4,Sat,Home,L,0.0,1.0,Manchester City,0.6,2.8,39.0,32087.0,Kasper Schmeichel,4-2-3-1,4-3-3,Paul Tierney,Match Report,,2022,Leicester City
2550,6,2021-09-19,14:00,Premier League,Matchweek 5,Sun,Away,L,1.0,2.0,Brighton,1.6,1.7,63.0,31078.0,Kasper Schmeichel,4-3-3,4-4-2,Stuart Attwell,Match Report,,2022,Leicester City
2551,8,2021-09-25,15:00,Premier League,Matchweek 6,Sat,Home,D,2.0,2.0,Burnley,2.4,0.5,66.0,31650.0,Kasper Schmeichel,4-3-3,4-4-2,Chris Kavanagh,Match Report,,2022,Leicester City
2552,10,2021-10-03,14:00,Premier League,Matchweek 7,Sun,Away,D,2.0,2.0,Crystal Palace,1.2,1.5,40.0,25000.0,Kasper Schmeichel,4-4-2,4-3-3,Anthony Taylor,Match Report,,2022,Leicester City
2553,11,2021-10-16,15:00,Premier League,Matchweek 8,Sat,Home,W,4.0,2.0,Manchester Utd,2.4,1.2,49.0,32219.0,Kasper Schmeichel,3-4-1-2,4-2-3-1,Craig Pawson,Match Report,,2022,Leicester City
2554,13,2021-10-24,14:00,Premier League,Matchweek 9,Sun,Away,W,2.0,1.0,Brentford,1.5,1.0,46.0,16814.0,Kasper Schmeichel,3-4-1-2,3-5-2,Simon Hooper,Match Report,,2022,Leicester City
2555,15,2021-10-30,12:30,Premier League,Matchweek 10,Sat,Home,L,0.0,2.0,Arsenal,1.3,0.7,64.0,32209.0,Kasper Schmeichel,3-4-1-2,4-4-1-1,Michael Oliver,Match Report,,2022,Leicester City
2556,17,2021-11-07,14:00,Premier League,Matchweek 11,Sun,Away,D,1.0,1.0,Leeds United,0.7,1.3,44.0,36478.0,Kasper Schmeichel,4-3-3,4-2-3-1,Darren England,Match Report,,2022,Leicester City
2557,18,2021-11-20,12:30,Premier League,Matchweek 12,Sat,Home,L,0.0,3.0,Chelsea,0.4,2.0,39.0,35497.0,Kasper Schmeichel,3-4-3,3-4-3,Paul Tierney,Match Report,,2022,Leicester City
2558,20,2021-11-28,14:00,Premier League,Matchweek 13,Sun,Home,W,4.0,2.0,Watford,2.1,2.8,56.0,32020.0,Kasper Schmeichel,4-2-3-1,4-1-4-1,Andy Madley,Match Report,,2022,Leicester City
2559,21,2021-12-01,19:30,Premier League,Matchweek 14,Wed,Away,D,2.0,2.0,Southampton,1.5,1.5,55.0,26951.0,Kasper Schmeichel,4-2-3-1,4-4-2,Robert Jones,Match Report,,2022,Leicester City
2560,22,2021-12-05,16:30,Premier League,Matchweek 15,Sun,Away,L,1.0,2.0,Aston Villa,1.1,2.1,59.0,41572.0,Kasper Schmeichel,4-2-3-1,4-3-3,Michael Oliver,Match Report,,2022,Leicester City
2561,24,2021-12-12,14:00,Premier League,Matchweek 16,Sun,Home,W,4.0,0.0,Newcastle Utd,2.6,1.0,47.0,31959.0,Kasper Schmeichel,4-2-3-1,4-4-2,Peter Bankes,Match Report,,2022,Leicester City
2562,26,2021-12-26,15:00,Premier League,Matchweek 19,Sun,Away,L,3.0,6.0,Manchester City,2.7,3.6,28.0,53226.0,Kasper Schmeichel,4-4-1-1,4-3-3,Chris Kavanagh,Match Report,,2022,Leicester City
2563,27,2021-12-28,20:00,Premier League,Matchweek 20,Tue,Home,W,1.0,0.0,Liverpool,0.4,2.3,37.0,32230.0,Kasper Schmeichel,4-3-1-2,4-3-3,Michael Oliver,Match Report,,2022,Leicester City
2564,29,2022-01-19,19:30,Premier League,Matchweek 17,Wed,Home,L,2.0,3.0,Tottenham,1.2,3.1,49.0,31986.0,Kasper Schmeichel,3-5-2,3-5-2,Jonathan Moss,Match Report,,2022,Leicester City
2565,30,2022-01-23,14:00,Premier League,Matchweek 23,Sun,Home,D,1.0,1.0,Brighton,1.4,1.1,44.0,31231.0,Kasper Schmeichel,4-2-3-1,4-1-2-1-2,Martin Atkinson,Match Report,,2022,Leicester City
2566,32,2022-02-10,19:45,Premier League,Matchweek 24,Thu,Away,L,0.0,2.0,Liverpool,0.5,1.8,36.0,53050.0,Kasper Schmeichel,4-2-3-1,4-3-3,Chris Kavanagh,Match Report,,2022,Leicester City
2567,33,2022-02-13,16:30,Premier League,Matchweek 25,Sun,Home,D,2.0,2.0,West Ham,1.4,1.1,55.0,32061.0,Kasper Schmeichel,4-3-3,4-2-3-1,Michael Oliver,Match Report,,2022,Leicester City
2568,35,2022-02-20,16:30,Premier League,Matchweek 26,Sun,Away,L,1.0,2.0,Wolves,1.7,0.5,63.0,31587.0,Kasper Schmeichel,4-3-3,3-5-2,Craig Pawson,Match Report,,2022,Leicester City
2569,37,2022-03-01,19:45,Premier League,Matchweek 22,Tue,Away,W,2.0,0.0,Burnley,1.5,0.9,55.0,17825.0,Kasper Schmeichel,4-3-3,4-4-2,Chris Kavanagh,Match Report,,2022,Leicester City
2570,38,2022-03-05,12:30,Premier League,Matchweek 28,Sat,Home,W,1.0,0.0,Leeds United,0.4,1.7,51.0,32236.0,Kasper Schmeichel,4-3-3,4-2-3-1,David Coote,Match Report,,2022,Leicester City
2571,40,2022-03-13,16:30,Premier League,Matchweek 29,Sun,Away,L,0.0,2.0,Arsenal,0.4,2.4,54.0,60111.0,Kasper Schmeichel,4-2-3-1,4-2-3-1,Anthony Taylor,Match Report,,2022,Leicester City
2572,42,2022-03-20,14:00,Premier League,Matchweek 30,Sun,Home,W,2.0,1.0,Brentford,1.0,1.3,52.0,31830.0,Kasper Schmeichel,4-2-3-1,4-5-1,Darren England,Match Report,,2022,Leicester City
2573,43,2022-04-02,17:30,Premier League,Matchweek 31,Sat,Away,D,1.0,1.0,Manchester Utd,0.8,0.9,46.0,73444.0,Kasper Schmeichel,4-2-3-1,4-2-3-1,Andre Marriner,Match Report,,2022,Leicester City
2574,45,2022-04-10,14:00,Premier League,Matchweek 32,Sun,Home,W,2.0,1.0,Crystal Palace,1.0,1.4,51.0,31896.0,Kasper Schmeichel,4-2-3-1,4-2-3-1,Robert Jones,Match Report,,2022,Leicester City
2575,47,2022-04-17,14:15,Premier League,Matchweek 33,Sun,Away,L,1.0,2.0,Newcastle Utd,0.6,1.8,68.0,52104.0,Kasper Schmeichel,4-1-4-1,4-3-3,Jarred Gillett,Match Report,,2022,Leicester City
2576,48,2022-04-20,19:45,Premier League,Matchweek 18,Wed,Away,D,1.0,1.0,Everton,0.9,1.8,63.0,39153.0,Kasper Schmeichel,4-2-3-1,4-3-3,David Coote,Match Report,,2022,Leicester City
2577,49,2022-04-23,15:00,Premier League,Matchweek 34,Sat,Home,D,0.0,0.0,Aston Villa,0.3,0.9,64.0,32185.0,Kasper Schmeichel,4-1-4-1,4-3-2-1,Andy Madley,Match Report,,2022,Leicester City
2578,51,2022-05-01,14:00,Premier League,Matchweek 35,Sun,Away,L,1.0,3.0,Tottenham,0.5,1.2,60.0,59482.0,Kasper Schmeichel,3-5-2,3-4-3,Jonathan Moss,Match Report,,2022,Leicester City
2579,53,2022-05-08,14:00,Premier League,Matchweek 36,Sun,Home,L,1.0,2.0,Everton,1.5,1.1,66.0,32001.0,Kasper Schmeichel,3-1-4-2,5-4-1,Craig Pawson,Match Report,,2022,Leicester City
2580,54,2022-05-11,19:45,Premier League,Matchweek 21,Wed,Home,W,3.0,0.0,Norwich City,2.0,1.1,65.0,38092.0,Kasper Schmeichel,4-2-3-1,4-1-4-1,Simon Hooper,Match Report,,2022,Leicester City
2581,55,2022-05-15,14:00,Premier League,Matchweek 37,Sun,Away,W,5.0,1.0,Watford,2.5,1.4,59.0,20257.0,Jonny Evans,4-1-4-1,4-3-3,Jarred Gillett,Match Report,,2022,Leicester City
2582,56,2022-05-19,20:00,Premier League,Matchweek 27,Thu,Away,D,1.0,1.0,Chelsea,0.1,1.6,33.0,31478.0,Kasper Schmeichel,3-1-4-2,3-4-3,Stuart Attwell,Match Report,,2022,Leicester City
2583,57,2022-05-22,16:00,Premier League,Matchweek 38,Sun,Home,W,4.0,1.0,Southampton,3.4,1.1,51.0,32003.0,Kasper Schmeichel,4-2-3-1,4-4-2,Jonathan Moss,Match Report,,2022,Leicester City
2584,0,2021-08-14,15:00,Premier League,Matchweek 1,Sat,Away,W,2.0,1.0,Burnley,1.0,1.5,63.0,16910.0,Lewis Dunk,4-1-4-1,4-4-2,David Coote,Match Report,,2022,Brighton and Hove Albion
2585,1,2021-08-21,17:30,Premier League,Matchweek 2,Sat,Home,W,2.0,0.0,Watford,1.3,0.5,56.0,29485.0,Lewis Dunk,4-4-1-1,4-1-4-1,Anthony Taylor,Match Report,,2022,Brighton and Hove Albion
2586,3,2021-08-28,15:00,Premier League,Matchweek 3,Sat,Home,L,0.0,2.0,Everton,0.7,1.4,65.0,30548.0,Lewis Dunk,3-4-3,4-4-1-1,Jonathan Moss,Match Report,,2022,Brighton and Hove Albion
2587,4,2021-09-11,15:00,Premier League,Matchweek 4,Sat,Away,W,1.0,0.0,Brentford,0.3,0.4,59.0,16518.0,Lewis Dunk,3-4-1-2,3-5-2,Graham Scott,Match Report,,2022,Brighton and Hove Albion
2588,5,2021-09-19,14:00,Premier League,Matchweek 5,Sun,Home,W,2.0,1.0,Leicester City,1.7,1.6,37.0,31078.0,Lewis Dunk,4-4-2,4-3-3,Stuart Attwell,Match Report,,2022,Brighton and Hove Albion
2589,7,2021-09-27,20:00,Premier League,Matchweek 6,Mon,Away,D,1.0,1.0,Crystal Palace,0.8,1.4,53.0,22975.0,Lewis Dunk,3-4-3,4-3-3,Andre Marriner,Match Report,,2022,Brighton and Hove Albion
2590,8,2021-10-02,17:30,Premier League,Matchweek 7,Sat,Home,D,0.0,0.0,Arsenal,1.1,0.4,58.0,31266.0,Lewis Dunk,3-5-2,4-2-3-1,Jonathan Moss,Match Report,,2022,Brighton and Hove Albion
2591,9,2021-10-16,15:00,Premier League,Matchweek 8,Sat,Away,D,0.0,0.0,Norwich City,0.8,1.2,64.0,26777.0,Lewis Dunk,3-5-2,5-3-2,Peter Bankes,Match Report,,2022,Brighton and Hove Albion
2592,10,2021-10-23,17:30,Premier League,Matchweek 9,Sat,Home,L,1.0,4.0,Manchester City,1.3,3.8,48.0,31215.0,Lewis Dunk,3-5-2,4-3-3,Kevin Friend,Match Report,,2022,Brighton and Hove Albion
2593,12,2021-10-30,15:00,Premier League,Matchweek 10,Sat,Away,D,2.0,2.0,Liverpool,1.0,1.5,42.0,52598.0,Lewis Dunk,4-2-3-1,4-3-3,Mike Dean,Match Report,,2022,Brighton and Hove Albion
2594,13,2021-11-06,17:30,Premier League,Matchweek 11,Sat,Home,D,1.0,1.0,Newcastle Utd,1.5,0.3,65.0,31267.0,Lewis Dunk,4-2-3-1,5-4-1,David Coote,Match Report,,2022,Brighton and Hove Albion
2595,14,2021-11-20,15:00,Premier League,Matchweek 12,Sat,Away,L,0.0,2.0,Aston Villa,0.4,0.7,62.0,41925.0,Lewis Dunk,3-5-2,4-3-3,Anthony Taylor,Match Report,,2022,Brighton and Hove Albion
2596,15,2021-11-27,17:30,Premier League,Matchweek 13,Sat,Home,D,0.0,0.0,Leeds United,2.1,0.6,57.0,31166.0,Lewis Dunk,4-2-3-1,4-2-3-1,Craig Pawson,Match Report,,2022,Brighton and Hove Albion
2597,16,2021-12-01,19:30,Premier League,Matchweek 14,Wed,Away,D,1.0,1.0,West Ham,1.3,1.3,65.0,59626.0,Lewis Dunk,4-2-3-1,4-2-3-1,Chris Kavanagh,Match Report,,2022,Brighton and Hove Albion
2598,17,2021-12-04,15:00,Premier League,Matchweek 15,Sat,Away,D,1.0,1.0,Southampton,1.6,1.6,56.0,28706.0,Shane Duffy,3-5-2,4-4-2,Anthony Taylor,Match Report,,2022,Brighton and Hove Albion
2599,18,2021-12-15,19:30,Premier League,Matchweek 17,Wed,Home,L,0.0,1.0,Wolves,1.2,1.0,59.0,30362.0,Dan Burn,4-3-3,3-4-3,Tony Harrington,Match Report,,2022,Brighton and Hove Albion
2600,19,2021-12-26,20:00,Premier League,Matchweek 19,Sun,Home,W,2.0,0.0,Brentford,0.8,0.7,50.0,30141.0,Adam Lallana,4-1-2-1-2◆,3-5-2,Darren England,Match Report,,2022,Brighton and Hove Albion
2601,20,2021-12-29,19:30,Premier League,Matchweek 20,Wed,Away,D,1.0,1.0,Chelsea,0.9,0.7,53.0,40080.0,Adam Lallana,3-4-3,3-4-3,Mike Dean,Match Report,,2022,Brighton and Hove Albion
2602,21,2022-01-02,14:00,Premier League,Matchweek 21,Sun,Away,W,3.0,2.0,Everton,1.7,1.6,50.0,38203.0,Adam Lallana,4-4-2,5-4-1,John Brooks,Match Report,,2022,Brighton and Hove Albion
2603,23,2022-01-14,20:00,Premier League,Matchweek 22,Fri,Home,D,1.0,1.0,Crystal Palace,2.0,0.2,63.0,30675.0,Adam Lallana,4-1-2-1-2◆,4-3-3,Robert Jones,Match Report,,2022,Brighton and Hove Albion
2604,24,2022-01-18,20:00,Premier League,Matchweek 24,Tue,Home,D,1.0,1.0,Chelsea,0.7,0.7,44.0,30880.0,Adam Webster,4-1-4-1,4-2-2-2,Kevin Friend,Match Report,,2022,Brighton and Hove Albion
2605,25,2022-01-23,14:00,Premier League,Matchweek 23,Sun,Away,D,1.0,1.0,Leicester City,1.1,1.4,56.0,31231.0,Adam Webster,4-1-2-1-2◆,4-2-3-1,Martin Atkinson,Match Report,,2022,Brighton and Hove Albion
2606,27,2022-02-12,15:00,Premier League,Matchweek 25,Sat,Away,W,2.0,0.0,Watford,1.6,0.5,64.0,20795.0,Lewis Dunk,3-1-4-2,4-4-2,Jonathan Moss,Match Report,,2022,Brighton and Hove Albion
2607,28,2022-02-15,20:15,Premier League,Matchweek 18,Tue,Away,L,0.0,2.0,Manchester Utd,0.7,1.7,50.0,73012.0,Lewis Dunk,4-1-2-1-2◆,4-2-3-1,Peter Bankes,Match Report,,2022,Brighton and Hove Albion
2608,29,2022-02-19,15:00,Premier League,Matchweek 26,Sat,Home,L,0.0,3.0,Burnley,0.6,0.7,68.0,30361.0,Adam Lallana,4-4-2,4-4-2,Kevin Friend,Match Report,,2022,Brighton and Hove Albion
2609,30,2022-02-26,15:00,Premier League,Matchweek 27,Sat,Home,L,0.0,2.0,Aston Villa,0.7,1.0,66.0,31475.0,Lewis Dunk,3-5-2,4-1-2-1-2,John Brooks,Match Report,,2022,Brighton and Hove Albion
2610,31,2022-03-05,15:00,Premier League,Matchweek 28,Sat,Away,L,1.0,2.0,Newcastle Utd,1.5,1.7,68.0,52214.0,Lewis Dunk,4-1-2-1-2◆,4-3-3,Martin Atkinson,Match Report,,2022,Brighton and Hove Albion
2611,32,2022-03-12,12:30,Premier League,Matchweek 29,Sat,Home,L,0.0,2.0,Liverpool,0.5,2.2,52.0,31474.0,Lewis Dunk,4-2-3-1,4-3-3,Mike Dean,Match Report,,2022,Brighton and Hove Albion
2612,33,2022-03-16,19:30,Premier League,Matchweek 16,Wed,Home,L,0.0,2.0,Tottenham,0.7,2.2,48.0,31144.0,Lewis Dunk,4-2-3-1,3-4-3,Robert Jones,Match Report,,2022,Brighton and Hove Albion
2613,34,2022-04-02,15:00,Premier League,Matchweek 31,Sat,Home,D,0.0,0.0,Norwich City,2.8,0.4,63.0,31245.0,Lewis Dunk,3-4-1-2,4-1-2-1-2,Simon Hooper,Match Report,,2022,Brighton and Hove Albion
2614,35,2022-04-09,15:00,Premier League,Matchweek 32,Sat,Away,W,2.0,1.0,Arsenal,0.6,1.9,36.0,60112.0,Lewis Dunk,3-5-2,4-2-3-1,David Coote,Match Report,,2022,Brighton and Hove Albion
2615,36,2022-04-16,12:30,Premier League,Matchweek 33,Sat,Away,W,1.0,0.0,Tottenham,0.6,0.5,51.0,58685.0,Lewis Dunk,3-5-2,3-4-3,Craig Pawson,Match Report,,2022,Brighton and Hove Albion
2616,37,2022-04-20,20:00,Premier League,Matchweek 30,Wed,Away,L,0.0,3.0,Manchester City,0.2,1.3,35.0,52226.0,Lewis Dunk,3-5-2,4-3-3,Mike Dean,Match Report,,2022,Brighton and Hove Albion
2617,38,2022-04-24,14:00,Premier League,Matchweek 34,Sun,Home,D,2.0,2.0,Southampton,1.7,0.9,48.0,31335.0,Lewis Dunk,4-3-1-2,4-4-2,Robert Jones,Match Report,,2022,Brighton and Hove Albion
2618,39,2022-04-30,15:00,Premier League,Matchweek 35,Sat,Away,W,3.0,0.0,Wolves,2.6,0.7,51.0,31243.0,Lewis Dunk,3-4-3,3-5-2,Simon Hooper,Match Report,,2022,Brighton and Hove Albion
2619,40,2022-05-07,17:30,Premier League,Matchweek 36,Sat,Home,W,4.0,0.0,Manchester Utd,2.3,0.9,42.0,31637.0,Lewis Dunk,3-4-3,4-2-3-1,Andy Madley,Match Report,,2022,Brighton and Hove Albion
2620,41,2022-05-15,14:00,Premier League,Matchweek 37,Sun,Away,D,1.0,1.0,Leeds United,2.2,1.6,50.0,36638.0,Lewis Dunk,3-4-3,4-2-3-1,Mike Dean,Match Report,,2022,Brighton and Hove Albion
2621,42,2022-05-22,16:00,Premier League,Matchweek 38,Sun,Home,W,3.0,1.0,West Ham,1.6,0.2,50.0,31604.0,Lewis Dunk,4-3-2-1,4-2-3-1,Kevin Friend,Match Report,,2022,Brighton and Hove Albion
2622,0,2021-08-14,15:00,Premier League,Matchweek 1,Sat,Away,L,0.0,1.0,Leicester City,1.3,0.5,44.0,31983.0,Conor Coady,3-4-3,4-2-3-1,Craig Pawson,Match Report,,2022,Wolverhampton Wanderers
2623,1,2021-08-22,14:00,Premier League,Matchweek 2,Sun,Home,L,0.0,1.0,Tottenham,1.7,1.7,58.0,30368.0,Conor Coady,3-4-3,4-3-3,Stuart Attwell,Match Report,,2022,Wolverhampton Wanderers
2624,3,2021-08-29,16:30,Premier League,Matchweek 3,Sun,Home,L,0.0,1.0,Manchester Utd,2.1,0.6,44.0,30621.0,Conor Coady,3-4-3,4-2-3-1,Mike Dean,Match Report,,2022,Wolverhampton Wanderers
2625,4,2021-09-11,15:00,Premier League,Matchweek 4,Sat,Away,W,2.0,0.0,Watford,2.2,0.2,55.0,20019.0,Conor Coady,3-4-3,4-1-4-1,Peter Bankes,Match Report,,2022,Wolverhampton Wanderers
2626,5,2021-09-18,12:30,Premier League,Matchweek 5,Sat,Home,L,0.0,2.0,Brentford,0.6,2.5,62.0,30000.0,Conor Coady,3-4-3,3-5-2,Darren England,Match Report,,2022,Wolverhampton Wanderers
2627,7,2021-09-26,14:00,Premier League,Matchweek 6,Sun,Away,W,1.0,0.0,Southampton,1.0,1.0,43.0,28002.0,Conor Coady,3-4-3,4-4-2,Andy Madley,Match Report,,2022,Wolverhampton Wanderers
2628,8,2021-10-02,15:00,Premier League,Matchweek 7,Sat,Home,W,2.0,1.0,Newcastle Utd,1.0,0.6,52.0,30483.0,Conor Coady,3-4-3,4-1-4-1,Graham Scott,Match Report,,2022,Wolverhampton Wanderers
2629,9,2021-10-16,15:00,Premier League,Matchweek 8,Sat,Away,W,3.0,2.0,Aston Villa,2.0,1.0,52.0,41951.0,Conor Coady,3-4-3,3-4-1-2,Michael Oliver,Match Report,,2022,Wolverhampton Wanderers
2630,10,2021-10-23,15:00,Premier League,Matchweek 9,Sat,Away,D,1.0,1.0,Leeds United,0.9,1.6,38.0,36475.0,Conor Coady,3-4-3,4-4-1-1,Robert Jones,Match Report,,2022,Wolverhampton Wanderers
2631,11,2021-11-01,20:00,Premier League,Matchweek 10,Mon,Home,W,2.0,1.0,Everton,1.7,1.5,61.0,30617.0,Conor Coady,3-4-3,4-4-2,Martin Atkinson,Match Report,,2022,Wolverhampton Wanderers
2632,12,2021-11-06,15:00,Premier League,Matchweek 11,Sat,Away,L,0.0,2.0,Crystal Palace,0.3,1.9,40.0,24390.0,Conor Coady,3-4-3,4-3-3,Graham Scott,Match Report,,2022,Wolverhampton Wanderers
2633,13,2021-11-20,15:00,Premier League,Matchweek 12,Sat,Home,W,1.0,0.0,West Ham,1.4,0.4,52.0,30667.0,Conor Coady,3-4-3,4-2-3-1,Mike Dean,Match Report,,2022,Wolverhampton Wanderers
2634,14,2021-11-27,15:00,Premier League,Matchweek 13,Sat,Away,D,0.0,0.0,Norwich City,0.3,1.6,57.0,26911.0,Conor Coady,3-4-3,4-1-4-1,Simon Hooper,Match Report,,2022,Wolverhampton Wanderers
2635,15,2021-12-01,19:30,Premier League,Matchweek 14,Wed,Home,D,0.0,0.0,Burnley,0.7,0.2,65.0,30328.0,Conor Coady,3-4-3,4-4-2,John Brooks,Match Report,,2022,Wolverhampton Wanderers
2636,16,2021-12-04,15:00,Premier League,Matchweek 15,Sat,Home,L,0.0,1.0,Liverpool,0.1,2.7,34.0,30729.0,Conor Coady,3-4-3,4-3-3,Chris Kavanagh,Match Report,,2022,Wolverhampton Wanderers
2637,17,2021-12-11,12:30,Premier League,Matchweek 16,Sat,Away,L,0.0,1.0,Manchester City,0.2,3.2,29.0,52613.0,Conor Coady,3-5-2,4-3-3,Jonathan Moss,Match Report,,2022,Wolverhampton Wanderers
2638,18,2021-12-15,19:30,Premier League,Matchweek 17,Wed,Away,W,1.0,0.0,Brighton,1.0,1.2,41.0,30362.0,Conor Coady,3-4-3,4-3-3,Tony Harrington,Match Report,,2022,Wolverhampton Wanderers
2639,19,2021-12-19,14:00,Premier League,Matchweek 18,Sun,Home,D,0.0,0.0,Chelsea,0.2,0.9,37.0,30631.0,Conor Coady,3-5-2,3-4-3,David Coote,Match Report,,2022,Wolverhampton Wanderers
2640,20,2022-01-03,17:30,Premier League,Matchweek 21,Mon,Away,W,1.0,0.0,Manchester Utd,0.7,0.8,49.0,73045.0,Conor Coady,3-4-3,4-2-2-2,Mike Dean,Match Report,,2022,Wolverhampton Wanderers
2641,22,2022-01-15,15:00,Premier League,Matchweek 22,Sat,Home,W,3.0,1.0,Southampton,2.5,0.8,43.0,30057.0,Conor Coady,3-4-3,3-5-2,Michael Salisbury,Match Report,,2022,Wolverhampton Wanderers
2642,23,2022-01-22,15:00,Premier League,Matchweek 23,Sat,Away,W,2.0,1.0,Brentford,0.2,1.1,50.0,16982.0,Conor Coady,3-5-2,3-5-2,Peter Bankes,Match Report,,2022,Wolverhampton Wanderers
2643,25,2022-02-10,19:45,Premier League,Matchweek 24,Thu,Home,L,0.0,1.0,Arsenal,0.8,1.8,58.0,31523.0,Conor Coady,3-4-3,4-2-3-1,Michael Oliver,Match Report,,2022,Wolverhampton Wanderers
2644,26,2022-02-13,14:00,Premier League,Matchweek 25,Sun,Away,W,2.0,0.0,Tottenham,1.3,1.2,42.0,56452.0,Conor Coady,3-5-2,3-4-3,Kevin Friend,Match Report,,2022,Wolverhampton Wanderers
2645,27,2022-02-20,16:30,Premier League,Matchweek 26,Sun,Home,W,2.0,1.0,Leicester City,0.5,1.7,37.0,31587.0,Conor Coady,3-5-2,4-3-3,Craig Pawson,Match Report,,2022,Wolverhampton Wanderers
2646,28,2022-02-24,19:45,Premier League,Matchweek 20,Thu,Away,L,1.0,2.0,Arsenal,1.0,3.1,44.0,59888.0,Conor Coady,3-4-3,4-2-3-1,Martin Atkinson,Match Report,,2022,Wolverhampton Wanderers
2647,29,2022-02-27,14:00,Premier League,Matchweek 27,Sun,Away,L,0.0,1.0,West Ham,0.7,1.8,61.0,59946.0,Conor Coady,3-4-3,3-4-3,Anthony Taylor,Match Report,,2022,Wolverhampton Wanderers
2648,30,2022-03-05,15:00,Premier League,Matchweek 28,Sat,Home,L,0.0,2.0,Crystal Palace,0.7,2.7,63.0,31395.0,Conor Coady,3-4-3,4-2-3-1,Andy Madley,Match Report,,2022,Wolverhampton Wanderers
2649,31,2022-03-10,19:30,Premier League,Matchweek 19,Thu,Home,W,4.0,0.0,Watford,0.7,0.6,66.0,29658.0,Conor Coady,3-4-3,4-3-3,Darren England,Match Report,,2022,Wolverhampton Wanderers
2650,32,2022-03-13,14:00,Premier League,Matchweek 29,Sun,Away,W,1.0,0.0,Everton,0.8,0.4,61.0,39112.0,Conor Coady,3-5-2,3-4-3,Michael Oliver,Match Report,,2022,Wolverhampton Wanderers
2651,33,2022-03-18,20:00,Premier League,Matchweek 30,Fri,Home,L,2.0,3.0,Leeds United,1.2,2.0,48.0,31842.0,Conor Coady,3-4-3,4-2-3-1,Kevin Friend,Match Report,,2022,Wolverhampton Wanderers
2652,34,2022-04-02,15:00,Premier League,Matchweek 31,Sat,Home,W,2.0,1.0,Aston Villa,1.3,2.1,49.0,31012.0,Conor Coady,3-4-3,4-3-1-2,Darren England,Match Report,,2022,Wolverhampton Wanderers
2653,35,2022-04-08,20:00,Premier League,Matchweek 32,Fri,Away,L,0.0,1.0,Newcastle Utd,0.4,1.5,58.0,52164.0,Conor Coady,3-4-3,4-3-3,Peter Bankes,Match Report,,2022,Wolverhampton Wanderers
2654,36,2022-04-24,14:00,Premier League,Matchweek 34,Sun,Away,L,0.0,1.0,Burnley,0.6,1.4,64.0,19246.0,Conor Coady,3-4-3,4-4-2,Anthony Taylor,Match Report,,2022,Wolverhampton Wanderers
2655,37,2022-04-30,15:00,Premier League,Matchweek 35,Sat,Home,L,0.0,3.0,Brighton,0.7,2.6,49.0,31243.0,Conor Coady,3-5-2,3-4-3,Simon Hooper,Match Report,,2022,Wolverhampton Wanderers
2656,38,2022-05-07,15:00,Premier League,Matchweek 36,Sat,Away,D,2.0,2.0,Chelsea,2.0,1.7,41.0,32190.0,Conor Coady,3-5-2,3-4-1-2,Peter Bankes,Match Report,,2022,Wolverhampton Wanderers
2657,39,2022-05-11,20:15,Premier League,Matchweek 33,Wed,Home,L,1.0,5.0,Manchester City,0.5,2.3,34.0,32000.0,Conor Coady,3-5-2,4-2-3-1,Martin Atkinson,Match Report,,2022,Wolverhampton Wanderers
2658,40,2022-05-15,14:00,Premier League,Matchweek 37,Sun,Home,D,1.0,1.0,Norwich City,0.9,1.1,64.0,31219.0,Conor Coady,3-4-3,3-4-3,Tony Harrington,Match Report,,2022,Wolverhampton Wanderers
2659,41,2022-05-22,16:00,Premier League,Matchweek 38,Sun,Away,L,1.0,3.0,Liverpool,1.3,2.7,37.0,53097.0,Conor Coady,3-5-2,4-3-3,Anthony Taylor,Match Report,,2022,Wolverhampton Wanderers
2660,0,2021-08-15,14:00,Premier League,Matchweek 1,Sun,Home,L,2.0,4.0,West Ham,1.8,2.7,46.0,50673.0,Federico Fernández,5-3-2,4-2-3-1,Martin Atkinson,Match Report,,2022,Newcastle United
2661,1,2021-08-21,15:00,Premier League,Matchweek 2,Sat,Away,L,0.0,2.0,Aston Villa,0.7,1.2,53.0,41964.0,Jamaal Lascelles,5-3-2,4-3-3,David Coote,Match Report,,2022,Newcastle United
2662,3,2021-08-28,15:00,Premier League,Matchweek 3,Sat,Home,D,2.0,2.0,Southampton,1.0,3.6,37.0,44017.0,Jamaal Lascelles,3-5-2,4-4-2,Paul Tierney,Match Report,,2022,Newcastle United
2663,4,2021-09-11,15:00,Premier League,Matchweek 4,Sat,Away,L,1.0,4.0,Manchester Utd,0.4,2.5,37.0,72732.0,Jamaal Lascelles,5-4-1,4-2-3-1,Anthony Taylor,Match Report,,2022,Newcastle United
2664,5,2021-09-17,20:00,Premier League,Matchweek 5,Fri,Home,D,1.0,1.0,Leeds United,1.3,1.5,35.0,50407.0,Jamaal Lascelles,5-4-1,4-1-4-1,Mike Dean,Match Report,,2022,Newcastle United
2665,6,2021-09-25,15:00,Premier League,Matchweek 6,Sat,Away,D,1.0,1.0,Watford,1.9,0.9,47.0,20650.0,Federico Fernández,4-1-4-1,4-2-3-1,Jarred Gillett,Match Report,,2022,Newcastle United
2666,7,2021-10-02,15:00,Premier League,Matchweek 7,Sat,Away,L,1.0,2.0,Wolves,0.6,1.0,48.0,30483.0,Federico Fernández,4-1-4-1,3-4-3,Graham Scott,Match Report,,2022,Newcastle United
2667,8,2021-10-17,16:30,Premier League,Matchweek 8,Sun,Home,L,2.0,3.0,Tottenham,0.4,1.7,36.0,52214.0,Jamaal Lascelles,4-1-4-1,4-2-3-1,Andre Marriner,Match Report,,2022,Newcastle United
2668,9,2021-10-23,15:00,Premier League,Matchweek 9,Sat,Away,D,1.0,1.0,Crystal Palace,0.3,1.9,26.0,24609.0,Jamaal Lascelles,5-3-2,4-3-3,Darren England,Match Report,,2022,Newcastle United
2669,10,2021-10-30,15:00,Premier League,Matchweek 10,Sat,Home,L,0.0,3.0,Chelsea,0.2,2.2,21.0,52208.0,Jamaal Lascelles,5-3-2,3-4-3,Paul Tierney,Match Report,,2022,Newcastle United
2670,11,2021-11-06,17:30,Premier League,Matchweek 11,Sat,Away,D,1.0,1.0,Brighton,0.3,1.5,35.0,31267.0,Jamaal Lascelles,5-4-1,4-2-3-1,David Coote,Match Report,,2022,Newcastle United
2671,12,2021-11-20,15:00,Premier League,Matchweek 12,Sat,Home,D,3.0,3.0,Brentford,1.5,0.9,53.0,52131.0,Jamaal Lascelles,3-4-3,3-5-2,Robert Jones,Match Report,,2022,Newcastle United
2672,13,2021-11-27,12:30,Premier League,Matchweek 13,Sat,Away,L,0.0,2.0,Arsenal,0.3,2.5,34.0,59886.0,Jamaal Lascelles,4-4-2,4-4-1-1,Stuart Attwell,Match Report,,2022,Newcastle United
2673,14,2021-11-30,19:30,Premier League,Matchweek 14,Tue,Home,D,1.0,1.0,Norwich City,1.1,1.2,32.0,50757.0,Callum Wilson,4-4-2,4-1-4-1,Andy Madley,Match Report,,2022,Newcastle United
2674,15,2021-12-04,15:00,Premier League,Matchweek 15,Sat,Home,W,1.0,0.0,Burnley,1.0,0.6,48.0,51948.0,Jamaal Lascelles,4-4-2,4-4-2,Paul Tierney,Match Report,,2022,Newcastle United
2675,16,2021-12-12,14:00,Premier League,Matchweek 16,Sun,Away,L,0.0,4.0,Leicester City,1.0,2.6,53.0,31959.0,Jamaal Lascelles,4-4-2,4-2-3-1,Peter Bankes,Match Report,,2022,Newcastle United
2676,17,2021-12-16,20:00,Premier League,Matchweek 17,Thu,Away,L,1.0,3.0,Liverpool,0.3,2.7,26.0,52951.0,Jamaal Lascelles,4-5-1,4-3-3,Mike Dean,Match Report,,2022,Newcastle United
2677,18,2021-12-19,14:15,Premier League,Matchweek 18,Sun,Home,L,0.0,4.0,Manchester City,0.3,2.9,29.0,52127.0,Jamaal Lascelles,4-5-1,4-2-3-1,Martin Atkinson,Match Report,,2022,Newcastle United
2678,19,2021-12-27,20:00,Premier League,Matchweek 19,Mon,Home,D,1.0,1.0,Manchester Utd,1.3,1.6,32.0,52178.0,Jamaal Lascelles,4-5-1,4-2-2-2,Craig Pawson,Match Report,,2022,Newcastle United
2679,21,2022-01-15,15:00,Premier League,Matchweek 22,Sat,Home,D,1.0,1.0,Watford,1.2,1.4,52.0,52223.0,Jamaal Lascelles,4-3-3,4-3-3,Paul Tierney,Match Report,,2022,Newcastle United
2680,22,2022-01-22,15:00,Premier League,Matchweek 23,Sat,Away,W,1.0,0.0,Leeds United,0.9,0.7,38.0,36405.0,Jamaal Lascelles,4-3-3,4-2-3-1,Chris Kavanagh,Match Report,,2022,Newcastle United
2681,23,2022-02-08,19:45,Premier League,Matchweek 24,Tue,Home,W,3.0,1.0,Everton,1.9,0.7,40.0,52186.0,Jamaal Lascelles,4-3-3,3-4-3,Anthony Taylor,Match Report,,2022,Newcastle United
2682,24,2022-02-13,14:00,Premier League,Matchweek 25,Sun,Home,W,1.0,0.0,Aston Villa,0.5,0.6,38.0,52207.0,Kieran Trippier,4-3-3,4-3-3,Craig Pawson,Match Report,,2022,Newcastle United
2683,25,2022-02-19,12:30,Premier League,Matchweek 26,Sat,Away,D,1.0,1.0,West Ham,0.8,0.6,53.0,59949.0,Jonjo Shelvey,4-3-3,4-2-3-1,Chris Kavanagh,Match Report,,2022,Newcastle United
2684,26,2022-02-26,15:00,Premier League,Matchweek 27,Sat,Away,W,2.0,0.0,Brentford,2.7,0.4,63.0,17039.0,Jonjo Shelvey,4-3-3,4-3-3,Mike Dean,Match Report,,2022,Newcastle United
2685,27,2022-03-05,15:00,Premier League,Matchweek 28,Sat,Home,W,2.0,1.0,Brighton,1.7,1.5,32.0,52214.0,Jonjo Shelvey,4-3-3,4-1-2-1-2,Martin Atkinson,Match Report,,2022,Newcastle United
2686,28,2022-03-10,19:30,Premier League,Matchweek 21,Thu,Away,W,2.0,1.0,Southampton,0.6,1.1,33.0,30056.0,Jonjo Shelvey,4-3-3,4-4-2,Kevin Friend,Match Report,,2022,Newcastle United
2687,29,2022-03-13,14:00,Premier League,Matchweek 29,Sun,Away,L,0.0,1.0,Chelsea,0.3,1.1,29.0,40026.0,Jamaal Lascelles,5-4-1,4-3-3,David Coote,Match Report,,2022,Newcastle United
2688,30,2022-03-17,19:45,Premier League,Matchweek 20,Thu,Away,L,0.0,1.0,Everton,0.9,0.7,61.0,39068.0,Fabian Schär,4-3-3,4-2-3-1,Craig Pawson,Match Report,,2022,Newcastle United
2689,31,2022-04-03,16:30,Premier League,Matchweek 31,Sun,Away,L,1.0,5.0,Tottenham,0.5,3.1,40.0,57553.0,Jonjo Shelvey,4-3-3,3-4-3,Martin Atkinson,Match Report,,2022,Newcastle United
2690,32,2022-04-08,20:00,Premier League,Matchweek 32,Fri,Home,W,1.0,0.0,Wolves,1.5,0.4,42.0,52164.0,Jonjo Shelvey,4-3-3,3-4-3,Peter Bankes,Match Report,,2022,Newcastle United
2691,33,2022-04-17,14:15,Premier League,Matchweek 33,Sun,Home,W,2.0,1.0,Leicester City,1.8,0.6,32.0,52104.0,Jonjo Shelvey,4-3-3,4-1-4-1,Jarred Gillett,Match Report,,2022,Newcastle United
2692,34,2022-04-20,19:45,Premier League,Matchweek 30,Wed,Home,W,1.0,0.0,Crystal Palace,0.9,0.5,37.0,51938.0,Jonjo Shelvey,4-3-3,4-2-3-1,Tony Harrington,Match Report,,2022,Newcastle United
2693,35,2022-04-23,15:00,Premier League,Matchweek 34,Sat,Away,W,3.0,0.0,Norwich City,1.9,0.6,54.0,26910.0,Jamaal Lascelles,4-3-3,4-2-3-1,Chris Kavanagh,Match Report,,2022,Newcastle United
2694,36,2022-04-30,12:30,Premier League,Matchweek 35,Sat,Home,L,0.0,1.0,Liverpool,0.2,2.3,36.0,52281.0,Jonjo Shelvey,4-3-3,4-3-3,Andre Marriner,Match Report,,2022,Newcastle United
2695,37,2022-05-08,16:30,Premier League,Matchweek 36,Sun,Away,L,0.0,5.0,Manchester City,0.8,3.1,29.0,53336.0,Jamaal Lascelles,4-3-3,4-2-3-1,Stuart Attwell,Match Report,,2022,Newcastle United
2696,38,2022-05-16,20:00,Premier League,Matchweek 37,Mon,Home,W,2.0,0.0,Arsenal,1.6,0.6,51.0,52274.0,Callum Wilson,4-3-3,4-2-3-1,Darren England,Match Report,,2022,Newcastle United
2697,39,2022-05-22,16:00,Premier League,Matchweek 38,Sun,Away,W,2.0,1.0,Burnley,1.8,1.6,48.0,21361.0,Jamaal Lascelles,4-3-3,4-4-2,Craig Pawson,Match Report,,2022,Newcastle United
2698,0,2021-08-14,15:00,Premier League,Matchweek 1,Sat,Away,L,0.0,3.0,Chelsea,0.2,0.7,38.0,38965.0,James McArthur,4-4-2,3-4-3,Jonathan Moss,Match Report,,2022,Crystal Palace
2699,1,2021-08-21,15:00,Premier League,Matchweek 2,Sat,Home,D,0.0,0.0,Brentford,0.5,0.9,53.0,23091.0,James McArthur,4-3-3,3-5-2,Martin Atkinson,Match Report,,2022,Crystal Palace
2700,3,2021-08-28,15:00,Premier League,Matchweek 3,Sat,Away,D,2.0,2.0,West Ham,1.1,1.3,53.0,59751.0,James McArthur,4-3-3,4-2-3-1,Stuart Attwell,Match Report,,2022,Crystal Palace
2701,4,2021-09-11,12:30,Premier League,Matchweek 4,Sat,Home,W,3.0,0.0,Tottenham,2.1,0.1,62.0,26000.0,James McArthur,4-3-3,4-1-2-1-2,Jonathan Moss,Match Report,,2022,Crystal Palace
2702,5,2021-09-18,15:00,Premier League,Matchweek 5,Sat,Away,L,0.0,3.0,Liverpool,0.6,3.1,41.0,52000.0,James McArthur,4-3-3,4-3-3,Andy Madley,Match Report,,2022,Crystal Palace
2703,6,2021-09-27,20:00,Premier League,Matchweek 6,Mon,Home,D,1.0,1.0,Brighton,1.4,0.8,47.0,22975.0,Luka Milivojević,4-3-3,3-4-3,Andre Marriner,Match Report,,2022,Crystal Palace
2704,7,2021-10-03,14:00,Premier League,Matchweek 7,Sun,Home,D,2.0,2.0,Leicester City,1.5,1.2,60.0,25000.0,Luka Milivojević,4-3-3,4-4-2,Anthony Taylor,Match Report,,2022,Crystal Palace
2705,8,2021-10-18,20:00,Premier League,Matchweek 8,Mon,Away,D,2.0,2.0,Arsenal,0.7,1.7,46.0,59475.0,Luka Milivojević,4-2-3-1,4-1-4-1,Mike Dean,Match Report,,2022,Crystal Palace
2706,9,2021-10-23,15:00,Premier League,Matchweek 9,Sat,Home,D,1.0,1.0,Newcastle Utd,1.9,0.3,74.0,24609.0,Luka Milivojević,4-3-3,5-3-2,Darren England,Match Report,,2022,Crystal Palace
2707,10,2021-10-30,15:00,Premier League,Matchweek 10,Sat,Away,W,2.0,0.0,Manchester City,0.7,0.7,32.0,53014.0,James McArthur,4-3-3,4-3-3,Andre Marriner,Match Report,,2022,Crystal Palace
2708,11,2021-11-06,15:00,Premier League,Matchweek 11,Sat,Home,W,2.0,0.0,Wolves,1.9,0.3,60.0,24390.0,James McArthur,4-3-3,3-4-3,Graham Scott,Match Report,,2022,Crystal Palace
2709,12,2021-11-20,15:00,Premier League,Matchweek 12,Sat,Away,D,3.0,3.0,Burnley,1.9,1.5,60.0,18028.0,Luka Milivojević,4-3-3,4-4-2,Simon Hooper,Match Report,,2022,Crystal Palace
2710,13,2021-11-27,15:00,Premier League,Matchweek 13,Sat,Home,L,1.0,2.0,Aston Villa,1.0,0.5,64.0,25203.0,Luka Milivojević,4-2-3-1,4-3-3,Michael Salisbury,Match Report,,2022,Crystal Palace
2711,14,2021-11-30,20:15,Premier League,Matchweek 14,Tue,Away,L,0.0,1.0,Leeds United,1.1,1.4,39.0,35558.0,Joel Ward,4-3-3,4-1-4-1,Kevin Friend,Match Report,,2022,Crystal Palace
2712,15,2021-12-05,14:00,Premier League,Matchweek 15,Sun,Away,L,0.0,1.0,Manchester Utd,0.5,0.9,39.0,73172.0,Wilfried Zaha,4-3-3,4-2-2-2,Craig Pawson,Match Report,,2022,Crystal Palace
2713,16,2021-12-12,16:30,Premier League,Matchweek 16,Sun,Home,W,3.0,1.0,Everton,1.8,1.0,61.0,24066.0,Joel Ward,4-3-3,4-1-4-1,Andy Madley,Match Report,,2022,Crystal Palace
2714,17,2021-12-15,19:30,Premier League,Matchweek 17,Wed,Home,D,2.0,2.0,Southampton,1.2,0.6,59.0,22861.0,Joel Ward,4-3-3,4-4-2,Simon Hooper,Match Report,,2022,Crystal Palace
2715,18,2021-12-26,15:00,Premier League,Matchweek 19,Sun,Away,L,0.0,3.0,Tottenham,0.2,2.3,40.0,40539.0,Joel Ward,4-3-3,3-4-3,Jonathan Moss,Match Report,,2022,Crystal Palace
2716,19,2021-12-28,15:00,Premier League,Matchweek 20,Tue,Home,W,3.0,0.0,Norwich City,1.9,0.9,51.0,24433.0,Joel Ward,4-3-3,4-2-3-1,Paul Tierney,Match Report,,2022,Crystal Palace
2717,20,2022-01-01,17:30,Premier League,Matchweek 21,Sat,Home,L,2.0,3.0,West Ham,2.4,2.2,62.0,24351.0,Luka Milivojević,4-3-3,4-2-3-1,Darren England,Match Report,,2022,Crystal Palace
2718,22,2022-01-14,20:00,Premier League,Matchweek 22,Fri,Away,D,1.0,1.0,Brighton,0.2,2.0,37.0,30675.0,Joel Ward,4-3-3,4-1-2-1-2,Robert Jones,Match Report,,2022,Crystal Palace
2719,23,2022-01-23,14:00,Premier League,Matchweek 23,Sun,Home,L,1.0,3.0,Liverpool,2.2,1.9,43.0,25002.0,Joel Ward,4-3-3,4-3-3,Kevin Friend,Match Report,,2022,Crystal Palace
2720,25,2022-02-09,19:45,Premier League,Matchweek 24,Wed,Away,D,1.0,1.0,Norwich City,1.3,0.4,70.0,26652.0,Joel Ward,4-3-3,4-4-2,Paul Tierney,Match Report,,2022,Crystal Palace
2721,26,2022-02-12,15:00,Premier League,Matchweek 25,Sat,Away,D,0.0,0.0,Brentford,0.3,1.6,58.0,16958.0,Joel Ward,4-3-3,3-5-2,Simon Hooper,Match Report,,2022,Crystal Palace
2722,27,2022-02-19,15:00,Premier League,Matchweek 26,Sat,Home,L,0.0,1.0,Chelsea,0.5,0.9,42.0,25109.0,James McArthur,4-2-3-1,4-3-3,David Coote,Match Report,,2022,Crystal Palace
2723,28,2022-02-23,19:30,Premier League,Matchweek 18,Wed,Away,W,4.0,1.0,Watford,1.1,1.4,54.0,20012.0,Marc Guéhi,4-3-3,4-3-3,Andre Marriner,Match Report,,2022,Crystal Palace
2724,29,2022-02-26,15:00,Premier League,Matchweek 27,Sat,Home,D,1.0,1.0,Burnley,1.0,0.2,59.0,24203.0,Luka Milivojević,4-3-3,4-4-2,Jonathan Moss,Match Report,,2022,Crystal Palace
2725,31,2022-03-05,15:00,Premier League,Matchweek 28,Sat,Away,W,2.0,0.0,Wolves,2.7,0.7,37.0,31395.0,Marc Guéhi,4-2-3-1,3-4-3,Andy Madley,Match Report,,2022,Crystal Palace
2726,32,2022-03-14,20:00,Premier League,Matchweek 29,Mon,Home,D,0.0,0.0,Manchester City,0.6,2.8,27.0,25309.0,Marc Guéhi,4-3-3,4-3-3,Martin Atkinson,Match Report,,2022,Crystal Palace
2727,34,2022-04-04,20:00,Premier League,Matchweek 31,Mon,Home,W,3.0,0.0,Arsenal,1.5,0.8,32.0,25149.0,Marc Guéhi,4-2-3-1,4-2-3-1,Paul Tierney,Match Report,,2022,Crystal Palace
2728,35,2022-04-10,14:00,Premier League,Matchweek 32,Sun,Away,L,1.0,2.0,Leicester City,1.4,1.0,49.0,31896.0,Marc Guéhi,4-2-3-1,4-2-3-1,Robert Jones,Match Report,,2022,Crystal Palace
2729,37,2022-04-20,19:45,Premier League,Matchweek 30,Wed,Away,L,0.0,1.0,Newcastle Utd,0.5,0.9,63.0,51938.0,Marc Guéhi,4-2-3-1,4-3-3,Tony Harrington,Match Report,,2022,Crystal Palace
2730,38,2022-04-25,20:00,Premier League,Matchweek 34,Mon,Home,D,0.0,0.0,Leeds United,1.9,0.5,53.0,25357.0,James McArthur,4-3-3,4-2-3-1,Darren England,Match Report,,2022,Crystal Palace
2731,39,2022-04-30,15:00,Premier League,Matchweek 35,Sat,Away,W,2.0,1.0,Southampton,1.1,0.6,62.0,31359.0,James McArthur,4-3-3,4-4-2,Jarred Gillett,Match Report,,2022,Crystal Palace
2732,40,2022-05-07,15:00,Premier League,Matchweek 36,Sat,Home,W,1.0,0.0,Watford,2.2,0.4,67.0,24622.0,Joel Ward,4-3-3,4-3-3,Graham Scott,Match Report,,2022,Crystal Palace
2733,41,2022-05-15,14:00,Premier League,Matchweek 37,Sun,Away,D,1.0,1.0,Aston Villa,1.4,1.0,51.0,41136.0,Luka Milivojević,5-3-2,4-3-1-2,Chris Kavanagh,Match Report,,2022,Crystal Palace
2734,42,2022-05-19,19:45,Premier League,Matchweek 33,Thu,Away,L,2.0,3.0,Everton,1.1,0.8,57.0,38448.0,Marc Guéhi,4-3-3,3-4-3,Anthony Taylor,Match Report,,2022,Crystal Palace
2735,43,2022-05-22,16:00,Premier League,Matchweek 38,Sun,Home,W,1.0,0.0,Manchester Utd,0.6,0.7,39.0,25434.0,Joel Ward,4-3-3,4-2-3-1,Martin Atkinson,Match Report,,2022,Crystal Palace
2736,0,2021-08-13,20:00,Premier League,Matchweek 1,Fri,Home,W,2.0,0.0,Arsenal,1.2,1.3,36.0,16479.0,Pontus Jansson,3-5-2,4-2-3-1,Michael Oliver,Match Report,,2022,Brentford
2737,1,2021-08-21,15:00,Premier League,Matchweek 2,Sat,Away,D,0.0,0.0,Crystal Palace,0.9,0.5,47.0,23091.0,Pontus Jansson,3-5-2,4-3-3,Martin Atkinson,Match Report,,2022,Brentford
2738,3,2021-08-28,15:00,Premier League,Matchweek 3,Sat,Away,D,1.0,1.0,Aston Villa,0.9,0.7,54.0,42045.0,Pontus Jansson,3-4-1-2,4-1-4-1,Peter Bankes,Match Report,,2022,Brentford
2739,4,2021-09-11,15:00,Premier League,Matchweek 4,Sat,Home,L,0.0,1.0,Brighton,0.4,0.3,41.0,16518.0,Pontus Jansson,3-5-2,3-4-1-2,Graham Scott,Match Report,,2022,Brentford
2740,5,2021-09-18,12:30,Premier League,Matchweek 5,Sat,Away,W,2.0,0.0,Wolves,2.5,0.6,38.0,30000.0,Pontus Jansson,3-5-2,3-4-3,Darren England,Match Report,,2022,Brentford
2741,7,2021-09-25,17:30,Premier League,Matchweek 6,Sat,Home,D,3.0,3.0,Liverpool,2.1,2.8,33.0,16876.0,Pontus Jansson,3-5-2,4-3-3,Stuart Attwell,Match Report,,2022,Brentford
2742,8,2021-10-03,14:00,Premier League,Matchweek 7,Sun,Away,W,2.0,1.0,West Ham,1.2,1.5,41.0,49940.0,Pontus Jansson,3-5-2,4-2-3-1,Peter Bankes,Match Report,,2022,Brentford
2743,9,2021-10-16,17:30,Premier League,Matchweek 8,Sat,Home,L,0.0,1.0,Chelsea,1.4,0.3,45.0,16940.0,Pontus Jansson,3-5-2,3-5-2,Anthony Taylor,Match Report,,2022,Brentford
2744,10,2021-10-24,14:00,Premier League,Matchweek 9,Sun,Home,L,1.0,2.0,Leicester City,1.0,1.5,54.0,16814.0,Pontus Jansson,3-5-2,3-4-1-2,Simon Hooper,Match Report,,2022,Brentford
2745,12,2021-10-30,15:00,Premier League,Matchweek 10,Sat,Away,L,1.0,3.0,Burnley,0.8,2.3,59.0,18821.0,Pontus Jansson,3-5-2,4-4-2,Jonathan Moss,Match Report,,2022,Brentford
2746,13,2021-11-06,15:00,Premier League,Matchweek 11,Sat,Home,L,1.0,2.0,Norwich City,2.5,1.2,64.0,16837.0,Pontus Jansson,3-5-2,4-2-3-1,Jarred Gillett,Match Report,,2022,Brentford
2747,14,2021-11-20,15:00,Premier League,Matchweek 12,Sat,Away,D,3.0,3.0,Newcastle Utd,0.9,1.5,47.0,52131.0,Pontus Jansson,3-5-2,3-4-3,Robert Jones,Match Report,,2022,Brentford
2748,15,2021-11-28,14:00,Premier League,Matchweek 13,Sun,Home,W,1.0,0.0,Everton,1.2,1.0,40.0,16957.0,Pontus Jansson,3-5-2,4-4-1-1,Darren England,Match Report,,2022,Brentford
2749,16,2021-12-02,19:30,Premier League,Matchweek 14,Thu,Away,L,0.0,2.0,Tottenham,0.3,1.9,53.0,54202.0,Pontus Jansson,3-5-2,3-4-3,Jonathan Moss,Match Report,,2022,Brentford
2750,17,2021-12-05,14:00,Premier League,Matchweek 15,Sun,Away,D,2.0,2.0,Leeds United,1.0,1.2,37.0,35639.0,Pontus Jansson,3-5-2,3-4-3,David Coote,Match Report,,2022,Brentford
2751,18,2021-12-10,20:00,Premier League,Matchweek 16,Fri,Home,W,2.0,1.0,Watford,1.6,0.5,63.0,16861.0,Pontus Jansson,3-5-2,4-2-3-1,Michael Oliver,Match Report,,2022,Brentford
2752,20,2021-12-26,20:00,Premier League,Matchweek 19,Sun,Away,L,0.0,2.0,Brighton,0.7,0.8,50.0,30141.0,Pontus Jansson,3-5-2,4-1-2-1-2,Darren England,Match Report,,2022,Brentford
2753,21,2021-12-29,20:15,Premier League,Matchweek 20,Wed,Home,L,0.0,1.0,Manchester City,0.4,1.1,24.0,17009.0,Pontus Jansson,3-5-2,4-3-3,David Coote,Match Report,,2022,Brentford
2754,22,2022-01-02,14:00,Premier League,Matchweek 21,Sun,Home,W,2.0,1.0,Aston Villa,0.6,0.8,45.0,16876.0,Pontus Jansson,3-5-2,4-3-3,Craig Pawson,Match Report,,2022,Brentford
2755,24,2022-01-11,19:45,Premier League,Matchweek 18,Tue,Away,L,1.0,4.0,Southampton,0.5,1.4,52.0,27383.0,Pontus Jansson,3-5-2,3-5-2,Stuart Attwell,Match Report,,2022,Brentford
2756,25,2022-01-16,14:00,Premier League,Matchweek 22,Sun,Away,L,0.0,3.0,Liverpool,0.7,2.7,32.0,52824.0,Pontus Jansson,3-5-2,4-3-3,Jonathan Moss,Match Report,,2022,Brentford
2757,26,2022-01-19,20:00,Premier League,Matchweek 17,Wed,Home,L,1.0,3.0,Manchester Utd,2.3,2.3,44.0,17094.0,Pontus Jansson,3-5-2,4-2-3-1,Andre Marriner,Match Report,,2022,Brentford
2758,27,2022-01-22,15:00,Premier League,Matchweek 23,Sat,Home,L,1.0,2.0,Wolves,1.1,0.2,50.0,16982.0,Pontus Jansson,3-5-2,3-5-2,Peter Bankes,Match Report,,2022,Brentford
2759,29,2022-02-09,19:45,Premier League,Matchweek 24,Wed,Away,L,0.0,2.0,Manchester City,0.4,1.9,26.0,51658.0,Pontus Jansson,3-5-2,4-3-3,Darren England,Match Report,,2022,Brentford
2760,30,2022-02-12,15:00,Premier League,Matchweek 25,Sat,Home,D,0.0,0.0,Crystal Palace,1.6,0.3,42.0,16958.0,Pontus Jansson,3-5-2,4-3-3,Simon Hooper,Match Report,,2022,Brentford
2761,31,2022-02-19,15:00,Premier League,Matchweek 26,Sat,Away,L,1.0,2.0,Arsenal,0.6,1.7,34.0,59249.0,Pontus Jansson,3-5-2,4-2-3-1,Jonathan Moss,Match Report,,2022,Brentford
2762,32,2022-02-26,15:00,Premier League,Matchweek 27,Sat,Home,L,0.0,2.0,Newcastle Utd,0.4,2.7,37.0,17039.0,Pontus Jansson,4-3-3,4-3-3,Mike Dean,Match Report,,2022,Brentford
2763,33,2022-03-05,15:00,Premier League,Matchweek 28,Sat,Away,W,3.0,1.0,Norwich City,2.0,1.0,40.0,26887.0,Pontus Jansson,4-5-1,4-2-3-1,Anthony Taylor,Match Report,,2022,Brentford
2764,34,2022-03-12,15:00,Premier League,Matchweek 29,Sat,Home,W,2.0,0.0,Burnley,1.9,0.7,55.0,17088.0,Pontus Jansson,4-5-1,4-4-2,Paul Tierney,Match Report,,2022,Brentford
2765,35,2022-03-20,14:00,Premier League,Matchweek 30,Sun,Away,L,1.0,2.0,Leicester City,1.3,1.0,48.0,31830.0,Pontus Jansson,4-5-1,4-2-3-1,Darren England,Match Report,,2022,Brentford
2766,36,2022-04-02,15:00,Premier League,Matchweek 31,Sat,Away,W,4.0,1.0,Chelsea,1.8,1.3,30.0,39061.0,Pontus Jansson,5-3-2,4-3-3,Andy Madley,Match Report,,2022,Brentford
2767,37,2022-04-10,14:00,Premier League,Matchweek 32,Sun,Home,W,2.0,0.0,West Ham,1.4,0.3,47.0,17032.0,Christian Nørgaard,4-3-3,4-2-3-1,Martin Atkinson,Match Report,,2022,Brentford
2768,38,2022-04-16,15:00,Premier League,Matchweek 33,Sat,Away,W,2.0,1.0,Watford,1.9,1.7,50.0,21045.0,Pontus Jansson,4-3-3,4-3-3,Simon Hooper,Match Report,,2022,Brentford
2769,39,2022-04-23,17:30,Premier League,Matchweek 34,Sat,Home,D,0.0,0.0,Tottenham,0.9,0.6,44.0,17072.0,Pontus Jansson,5-3-2,3-4-3,Martin Atkinson,Match Report,,2022,Brentford
2770,40,2022-05-02,20:00,Premier League,Matchweek 35,Mon,Away,L,0.0,3.0,Manchester Utd,0.6,2.0,37.0,73482.0,Pontus Jansson,5-3-2,4-2-3-1,Chris Kavanagh,Match Report,,2022,Brentford
2771,41,2022-05-07,15:00,Premier League,Matchweek 36,Sat,Home,W,3.0,0.0,Southampton,2.6,1.4,41.0,17051.0,Pontus Jansson,4-3-3,4-4-2,Michael Salisbury,Match Report,,2022,Brentford
2772,42,2022-05-15,16:30,Premier League,Matchweek 37,Sun,Away,W,3.0,2.0,Everton,1.4,2.1,72.0,38819.0,Pontus Jansson,4-3-3,3-4-3,Michael Oliver,Match Report,,2022,Brentford
2773,43,2022-05-22,16:00,Premier League,Matchweek 38,Sun,Home,L,1.0,2.0,Leeds United,0.8,1.3,49.0,16957.0,Pontus Jansson,4-3-3,4-4-1-1,Paul Tierney,Match Report,,2022,Brentford
2774,0,2021-08-14,15:00,Premier League,Matchweek 1,Sat,Away,L,2.0,3.0,Watford,1.2,1.2,62.0,20051.0,Tyrone Mings,4-2-3-1,4-1-4-1,Mike Dean,Match Report,,2022,Aston Villa
2775,1,2021-08-21,15:00,Premier League,Matchweek 2,Sat,Home,W,2.0,0.0,Newcastle Utd,1.2,0.7,47.0,41964.0,Tyrone Mings,4-3-3,5-3-2,David Coote,Match Report,,2022,Aston Villa
2776,3,2021-08-28,15:00,Premier League,Matchweek 3,Sat,Home,D,1.0,1.0,Brentford,0.7,0.9,46.0,42045.0,Ezri Konsa,4-1-4-1,3-4-1-2,Peter Bankes,Match Report,,2022,Aston Villa
2777,4,2021-09-11,17:30,Premier League,Matchweek 4,Sat,Away,L,0.0,3.0,Chelsea,1.2,1.3,43.0,39969.0,Tyrone Mings,5-3-2,3-4-3,Stuart Attwell,Match Report,,2022,Aston Villa
2778,5,2021-09-18,17:30,Premier League,Matchweek 5,Sat,Home,W,3.0,0.0,Everton,0.8,0.7,55.0,41888.0,Tyrone Mings,5-3-2,4-4-1-1,Craig Pawson,Match Report,,2022,Aston Villa
2779,7,2021-09-25,12:30,Premier League,Matchweek 6,Sat,Away,W,1.0,0.0,Manchester Utd,1.0,2.2,41.0,72922.0,Tyrone Mings,3-5-2,4-2-3-1,Mike Dean,Match Report,,2022,Aston Villa
2780,8,2021-10-03,14:00,Premier League,Matchweek 7,Sun,Away,L,1.0,2.0,Tottenham,1.2,1.3,44.0,53076.0,Tyrone Mings,3-5-2,4-2-3-1,Chris Kavanagh,Match Report,,2022,Aston Villa
2781,9,2021-10-16,15:00,Premier League,Matchweek 8,Sat,Home,L,2.0,3.0,Wolves,1.0,2.0,48.0,41951.0,Tyrone Mings,3-4-1-2,3-4-3,Michael Oliver,Match Report,,2022,Aston Villa
2782,10,2021-10-22,20:00,Premier League,Matchweek 9,Fri,Away,L,1.0,3.0,Arsenal,1.4,2.7,47.0,59496.0,Tyrone Mings,3-4-1-2,4-2-3-1,Craig Pawson,Match Report,,2022,Aston Villa
2783,11,2021-10-31,16:30,Premier League,Matchweek 10,Sun,Home,L,1.0,4.0,West Ham,0.7,2.3,43.0,41874.0,John McGinn,4-3-3,4-2-3-1,Chris Kavanagh,Match Report,,2022,Aston Villa
2784,12,2021-11-05,20:00,Premier League,Matchweek 11,Fri,Away,L,0.0,1.0,Southampton,0.6,0.6,44.0,30178.0,Tyrone Mings,4-2-3-1,4-4-2,Andy Madley,Match Report,,2022,Aston Villa
2785,13,2021-11-20,15:00,Premier League,Matchweek 12,Sat,Home,W,2.0,0.0,Brighton,0.7,0.4,38.0,41925.0,Tyrone Mings,4-3-3,3-5-2,Anthony Taylor,Match Report,,2022,Aston Villa
2786,14,2021-11-27,15:00,Premier League,Matchweek 13,Sat,Away,W,2.0,1.0,Crystal Palace,0.5,1.0,36.0,25203.0,Tyrone Mings,4-3-3,4-2-3-1,Michael Salisbury,Match Report,,2022,Aston Villa
2787,15,2021-12-01,20:15,Premier League,Matchweek 14,Wed,Home,L,1.0,2.0,Manchester City,0.8,1.0,36.0,41400.0,Tyrone Mings,4-3-3,4-2-3-1,Mike Dean,Match Report,,2022,Aston Villa
2788,16,2021-12-05,16:30,Premier League,Matchweek 15,Sun,Home,W,2.0,1.0,Leicester City,2.1,1.1,41.0,41572.0,Tyrone Mings,4-3-3,4-2-3-1,Michael Oliver,Match Report,,2022,Aston Villa
2789,17,2021-12-11,15:00,Premier League,Matchweek 16,Sat,Away,L,0.0,1.0,Liverpool,0.2,2.2,38.0,53093.0,Tyrone Mings,4-3-3,4-3-3,Stuart Attwell,Match Report,,2022,Aston Villa
2790,18,2021-12-14,19:45,Premier League,Matchweek 17,Tue,Away,W,2.0,0.0,Norwich City,2.0,0.5,50.0,26836.0,Tyrone Mings,4-3-3,4-3-3,David Coote,Match Report,,2022,Aston Villa
2791,19,2021-12-26,17:30,Premier League,Matchweek 19,Sun,Home,L,1.0,3.0,Chelsea,0.4,2.6,42.0,41907.0,Tyrone Mings,4-3-1-2,3-4-3,Martin Atkinson,Match Report,,2022,Aston Villa
2792,20,2022-01-02,14:00,Premier League,Matchweek 21,Sun,Away,L,1.0,2.0,Brentford,0.8,0.6,55.0,16876.0,John McGinn,4-3-3,3-5-2,Craig Pawson,Match Report,,2022,Aston Villa
2793,22,2022-01-15,17:30,Premier League,Matchweek 22,Sat,Home,D,2.0,2.0,Manchester Utd,1.9,1.0,54.0,41968.0,Tyrone Mings,4-3-3,4-3-3,David Coote,Match Report,,2022,Aston Villa
2794,23,2022-01-22,12:30,Premier League,Matchweek 23,Sat,Away,W,1.0,0.0,Everton,0.8,1.6,50.0,38203.0,Tyrone Mings,4-3-3,4-4-2,Craig Pawson,Match Report,,2022,Aston Villa
2795,24,2022-02-09,20:00,Premier League,Matchweek 24,Wed,Home,D,3.0,3.0,Leeds United,1.6,1.8,40.0,41927.0,Tyrone Mings,4-3-3,4-2-3-1,Jarred Gillett,Match Report,,2022,Aston Villa
2796,25,2022-02-13,14:00,Premier League,Matchweek 25,Sun,Away,L,0.0,1.0,Newcastle Utd,0.6,0.5,62.0,52207.0,Tyrone Mings,4-3-3,4-3-3,Craig Pawson,Match Report,,2022,Aston Villa
2797,26,2022-02-19,15:00,Premier League,Matchweek 26,Sat,Home,L,0.0,1.0,Watford,1.3,1.2,59.0,41936.0,Tyrone Mings,4-3-3,4-3-3,Robert Jones,Match Report,,2022,Aston Villa
2798,27,2022-02-26,15:00,Premier League,Matchweek 27,Sat,Away,W,2.0,0.0,Brighton,1.0,0.7,34.0,31475.0,Tyrone Mings,4-1-2-1-2◆,3-5-2,John Brooks,Match Report,,2022,Aston Villa
2799,28,2022-03-05,15:00,Premier League,Matchweek 28,Sat,Home,W,4.0,0.0,Southampton,2.5,1.1,38.0,41855.0,Tyrone Mings,4-3-1-2,4-4-2,Peter Bankes,Match Report,,2022,Aston Villa
2800,29,2022-03-10,19:45,Premier League,Matchweek 20,Thu,Away,W,3.0,0.0,Leeds United,1.5,0.2,49.0,36400.0,Tyrone Mings,4-3-1-2,4-2-3-1,Simon Hooper,Match Report,,2022,Aston Villa
2801,30,2022-03-13,14:00,Premier League,Matchweek 29,Sun,Away,L,1.0,2.0,West Ham,1.1,1.2,53.0,59957.0,Tyrone Mings,4-1-2-1-2◆,4-2-3-1,Jarred Gillett,Match Report,,2022,Aston Villa
2802,31,2022-03-19,12:30,Premier League,Matchweek 30,Sat,Home,L,0.0,1.0,Arsenal,0.5,1.3,47.0,41956.0,Tyrone Mings,4-3-2-1,4-2-3-1,Andy Madley,Match Report,,2022,Aston Villa
2803,32,2022-04-02,15:00,Premier League,Matchweek 31,Sat,Away,L,1.0,2.0,Wolves,2.1,1.3,51.0,31012.0,Tyrone Mings,4-3-1-2,3-4-3,Darren England,Match Report,,2022,Aston Villa
2804,33,2022-04-09,17:30,Premier League,Matchweek 32,Sat,Home,L,0.0,4.0,Tottenham,1.6,1.1,52.0,41949.0,Tyrone Mings,4-3-1-2,3-4-3,Graham Scott,Match Report,,2022,Aston Villa
2805,34,2022-04-23,15:00,Premier League,Matchweek 34,Sat,Away,D,0.0,0.0,Leicester City,0.9,0.3,36.0,32185.0,Tyrone Mings,4-3-2-1,4-1-4-1,Andy Madley,Match Report,,2022,Aston Villa
2806,35,2022-04-30,15:00,Premier League,Matchweek 35,Sat,Home,W,2.0,0.0,Norwich City,1.8,0.5,45.0,40290.0,Tyrone Mings,4-1-4-1,4-2-3-1,John Brooks,Match Report,,2022,Aston Villa
2807,36,2022-05-07,15:00,Premier League,Matchweek 36,Sat,Away,W,3.0,1.0,Burnley,2.1,1.9,51.0,20891.0,Tyrone Mings,4-1-2-1-2◆,4-4-2,David Coote,Match Report,,2022,Aston Villa
2808,37,2022-05-10,20:00,Premier League,Matchweek 33,Tue,Home,L,1.0,2.0,Liverpool,1.4,1.8,40.0,41919.0,Tyrone Mings,4-3-1-2,4-3-3,Jonathan Moss,Match Report,,2022,Aston Villa
2809,38,2022-05-15,14:00,Premier League,Matchweek 37,Sun,Home,D,1.0,1.0,Crystal Palace,1.0,1.4,49.0,41136.0,Tyrone Mings,4-3-1-2,5-3-2,Chris Kavanagh,Match Report,,2022,Aston Villa
2810,39,2022-05-19,20:00,Premier League,Matchweek 18,Thu,Home,D,1.0,1.0,Burnley,1.5,1.6,71.0,40468.0,Tyrone Mings,4-3-2-1,5-3-2,Paul Tierney,Match Report,,2022,Aston Villa
2811,40,2022-05-22,16:00,Premier League,Matchweek 38,Sun,Away,L,2.0,3.0,Manchester City,0.2,3.4,29.0,53395.0,Tyrone Mings,4-3-2-1,4-3-3,Michael Oliver,Match Report,,2022,Aston Villa
2812,0,2021-08-14,15:00,Premier League,Matchweek 1,Sat,Away,L,1.0,3.0,Everton,0.8,2.4,52.0,38487.0,James Ward-Prowse,4-4-2,4-2-3-1,Andy Madley,Match Report,,2022,Southampton
2813,1,2021-08-22,14:00,Premier League,Matchweek 2,Sun,Home,D,1.0,1.0,Manchester Utd,0.7,1.8,37.0,32000.0,James Ward-Prowse,4-4-2,4-2-3-1,Craig Pawson,Match Report,,2022,Southampton
2814,3,2021-08-28,15:00,Premier League,Matchweek 3,Sat,Away,D,2.0,2.0,Newcastle Utd,3.6,1.0,63.0,44017.0,James Ward-Prowse,4-4-2,3-5-2,Paul Tierney,Match Report,,2022,Southampton
2815,4,2021-09-11,15:00,Premier League,Matchweek 4,Sat,Home,D,0.0,0.0,West Ham,0.7,0.7,42.0,30000.0,James Ward-Prowse,4-1-4-1,4-2-3-1,David Coote,Match Report,,2022,Southampton
2816,5,2021-09-18,15:00,Premier League,Matchweek 5,Sat,Away,D,0.0,0.0,Manchester City,0.4,1.0,36.0,52698.0,James Ward-Prowse,4-4-2,4-3-3,Jonathan Moss,Match Report,,2022,Southampton
2817,7,2021-09-26,14:00,Premier League,Matchweek 6,Sun,Home,L,0.0,1.0,Wolves,1.0,1.0,57.0,28002.0,James Ward-Prowse,4-4-2,3-4-3,Andy Madley,Match Report,,2022,Southampton
2818,8,2021-10-02,15:00,Premier League,Matchweek 7,Sat,Away,L,1.0,3.0,Chelsea,1.3,3.3,38.0,40109.0,James Ward-Prowse,4-4-2,3-4-3,Martin Atkinson,Match Report,,2022,Southampton
2819,9,2021-10-16,15:00,Premier League,Matchweek 8,Sat,Home,W,1.0,0.0,Leeds United,1.9,0.2,46.0,30506.0,Oriol Romeu,4-4-2,3-3-3-1,David Coote,Match Report,,2022,Southampton
2820,10,2021-10-23,15:00,Premier League,Matchweek 9,Sat,Home,D,2.0,2.0,Burnley,1.6,0.7,61.0,29145.0,Oriol Romeu,4-4-2,4-4-2,Chris Kavanagh,Match Report,,2022,Southampton
2821,12,2021-10-30,15:00,Premier League,Matchweek 10,Sat,Away,W,1.0,0.0,Watford,1.8,1.0,60.0,20869.0,James Ward-Prowse,4-4-2,4-4-1-1,Peter Bankes,Match Report,,2022,Southampton
2822,13,2021-11-05,20:00,Premier League,Matchweek 11,Fri,Home,W,1.0,0.0,Aston Villa,0.6,0.6,56.0,30178.0,James Ward-Prowse,4-4-2,4-2-3-1,Andy Madley,Match Report,,2022,Southampton
2823,14,2021-11-20,15:00,Premier League,Matchweek 12,Sat,Away,L,1.0,2.0,Norwich City,1.0,0.5,62.0,26885.0,James Ward-Prowse,4-4-2,4-3-3,Martin Atkinson,Match Report,,2022,Southampton
2824,15,2021-11-27,15:00,Premier League,Matchweek 13,Sat,Away,L,0.0,4.0,Liverpool,1.0,2.9,36.0,53040.0,James Ward-Prowse,3-4-3,4-3-3,Andre Marriner,Match Report,,2022,Southampton
2825,16,2021-12-01,19:30,Premier League,Matchweek 14,Wed,Home,D,2.0,2.0,Leicester City,1.5,1.5,45.0,26951.0,James Ward-Prowse,4-4-2,4-2-3-1,Robert Jones,Match Report,,2022,Southampton
2826,17,2021-12-04,15:00,Premier League,Matchweek 15,Sat,Home,D,1.0,1.0,Brighton,1.6,1.6,44.0,28706.0,James Ward-Prowse,4-4-2,3-5-2,Anthony Taylor,Match Report,,2022,Southampton
2827,18,2021-12-11,15:00,Premier League,Matchweek 16,Sat,Away,L,0.0,3.0,Arsenal,0.6,1.8,39.0,59653.0,James Ward-Prowse,4-4-2,4-4-1-1,Jarred Gillett,Match Report,,2022,Southampton
2828,19,2021-12-15,19:30,Premier League,Matchweek 17,Wed,Away,D,2.0,2.0,Crystal Palace,0.6,1.2,41.0,22861.0,James Ward-Prowse,4-4-2,4-3-3,Simon Hooper,Match Report,,2022,Southampton
2829,20,2021-12-26,15:00,Premier League,Matchweek 19,Sun,Away,W,3.0,2.0,West Ham,1.2,1.6,44.0,41027.0,James Ward-Prowse,4-1-4-1,4-2-3-1,Kevin Friend,Match Report,,2022,Southampton
2830,21,2021-12-28,15:00,Premier League,Matchweek 20,Tue,Home,D,1.0,1.0,Tottenham,0.4,2.3,35.0,31304.0,James Ward-Prowse,5-3-2,3-4-3,Anthony Taylor,Match Report,,2022,Southampton
2831,23,2022-01-11,19:45,Premier League,Matchweek 18,Tue,Home,W,4.0,1.0,Brentford,1.4,0.5,48.0,27383.0,James Ward-Prowse,3-5-2,3-5-2,Stuart Attwell,Match Report,,2022,Southampton
2832,24,2022-01-15,15:00,Premier League,Matchweek 22,Sat,Away,L,1.0,3.0,Wolves,0.8,2.5,57.0,30057.0,James Ward-Prowse,3-5-2,3-4-3,Michael Salisbury,Match Report,,2022,Southampton
2833,25,2022-01-22,17:30,Premier League,Matchweek 23,Sat,Home,D,1.0,1.0,Manchester City,0.8,1.8,26.0,31178.0,James Ward-Prowse,4-4-2,4-3-3,Simon Hooper,Match Report,,2022,Southampton
2834,27,2022-02-09,19:45,Premier League,Matchweek 24,Wed,Away,W,3.0,2.0,Tottenham,2.2,1.4,52.0,54012.0,James Ward-Prowse,4-4-2,3-4-3,David Coote,Match Report,,2022,Southampton
2835,28,2022-02-12,12:30,Premier League,Matchweek 25,Sat,Away,D,1.0,1.0,Manchester Utd,0.8,2.1,47.0,73084.0,James Ward-Prowse,4-4-2,4-2-3-1,Stuart Attwell,Match Report,,2022,Southampton
2836,29,2022-02-19,15:00,Premier League,Matchweek 26,Sat,Home,W,2.0,0.0,Everton,2.5,0.3,55.0,31312.0,James Ward-Prowse,4-4-2,4-4-2,Andy Madley,Match Report,,2022,Southampton
2837,30,2022-02-25,20:00,Premier League,Matchweek 27,Fri,Home,W,2.0,0.0,Norwich City,2.6,0.6,58.0,31182.0,James Ward-Prowse,4-4-2,4-1-4-1,Simon Hooper,Match Report,,2022,Southampton
2838,32,2022-03-05,15:00,Premier League,Matchweek 28,Sat,Away,L,0.0,4.0,Aston Villa,1.1,2.5,62.0,41855.0,James Ward-Prowse,4-4-2,4-3-1-2,Peter Bankes,Match Report,,2022,Southampton
2839,33,2022-03-10,19:30,Premier League,Matchweek 21,Thu,Home,L,1.0,2.0,Newcastle Utd,1.1,0.6,67.0,30056.0,James Ward-Prowse,4-4-2,4-3-3,Kevin Friend,Match Report,,2022,Southampton
2840,34,2022-03-13,14:00,Premier League,Matchweek 29,Sun,Home,L,1.0,2.0,Watford,1.4,1.7,63.0,28863.0,James Ward-Prowse,4-4-2,4-3-3,Graham Scott,Match Report,,2022,Southampton
2841,36,2022-04-02,15:00,Premier League,Matchweek 31,Sat,Away,D,1.0,1.0,Leeds United,1.4,1.2,44.0,36580.0,James Ward-Prowse,4-3-1-2,4-2-3-1,Anthony Taylor,Match Report,,2022,Southampton
2842,37,2022-04-09,15:00,Premier League,Matchweek 32,Sat,Home,L,0.0,6.0,Chelsea,0.5,4.2,30.0,31359.0,James Ward-Prowse,4-4-2,3-4-1-2,Kevin Friend,Match Report,,2022,Southampton
2843,38,2022-04-16,15:00,Premier League,Matchweek 33,Sat,Home,W,1.0,0.0,Arsenal,0.8,1.7,25.0,31465.0,James Ward-Prowse,3-4-3,4-2-3-1,Peter Bankes,Match Report,,2022,Southampton
2844,39,2022-04-21,19:45,Premier League,Matchweek 30,Thu,Away,L,0.0,2.0,Burnley,0.9,1.5,56.0,17384.0,James Ward-Prowse,3-1-4-2,4-4-2,Stuart Attwell,Match Report,,2022,Southampton
2845,40,2022-04-24,14:00,Premier League,Matchweek 34,Sun,Away,D,2.0,2.0,Brighton,0.9,1.7,52.0,31335.0,James Ward-Prowse,4-4-2,4-3-1-2,Robert Jones,Match Report,,2022,Southampton
2846,41,2022-04-30,15:00,Premier League,Matchweek 35,Sat,Home,L,1.0,2.0,Crystal Palace,0.6,1.1,38.0,31359.0,James Ward-Prowse,4-4-2,4-3-3,Jarred Gillett,Match Report,,2022,Southampton
2847,42,2022-05-07,15:00,Premier League,Matchweek 36,Sat,Away,L,0.0,3.0,Brentford,1.4,2.6,59.0,17051.0,James Ward-Prowse,4-4-2,4-3-3,Michael Salisbury,Match Report,,2022,Southampton
2848,43,2022-05-17,19:45,Premier League,Matchweek 37,Tue,Home,L,1.0,2.0,Liverpool,0.1,1.3,30.0,31588.0,James Ward-Prowse,5-4-1,4-3-3,Martin Atkinson,Match Report,,2022,Southampton
2849,44,2022-05-22,16:00,Premier League,Matchweek 38,Sun,Away,L,1.0,4.0,Leicester City,1.1,3.4,49.0,32003.0,James Ward-Prowse,4-4-2,4-2-3-1,Jonathan Moss,Match Report,,2022,Southampton
2850,0,2021-08-14,15:00,Premier League,Matchweek 1,Sat,Home,W,3.0,1.0,Southampton,2.4,0.8,48.0,38487.0,Séamus Coleman,4-2-3-1,4-4-2,Andy Madley,Match Report,,2022,Everton
2851,1,2021-08-21,15:00,Premier League,Matchweek 2,Sat,Away,D,2.0,2.0,Leeds United,1.8,1.2,31.0,36293.0,Séamus Coleman,4-4-1-1,3-3-3-1,Darren England,Match Report,,2022,Everton
2852,3,2021-08-28,15:00,Premier League,Matchweek 3,Sat,Away,W,2.0,0.0,Brighton,1.4,0.7,35.0,30548.0,Séamus Coleman,4-4-1-1,3-4-3,Jonathan Moss,Match Report,,2022,Everton
2853,4,2021-09-13,20:00,Premier League,Matchweek 4,Mon,Home,W,3.0,1.0,Burnley,1.4,1.0,52.0,30000.0,Séamus Coleman,3-4-3,4-4-2,Martin Atkinson,Match Report,,2022,Everton
2854,5,2021-09-18,17:30,Premier League,Matchweek 5,Sat,Away,L,0.0,3.0,Aston Villa,0.7,0.8,45.0,41888.0,Lucas Digne,4-4-1-1,5-3-2,Craig Pawson,Match Report,,2022,Everton
2855,7,2021-09-25,15:00,Premier League,Matchweek 6,Sat,Home,W,2.0,0.0,Norwich City,1.9,0.5,47.0,38821.0,Lucas Digne,4-4-1-1,5-3-2,David Coote,Match Report,,2022,Everton
2856,8,2021-10-02,12:30,Premier League,Matchweek 7,Sat,Away,D,1.0,1.0,Manchester Utd,1.3,1.0,28.0,73128.0,Lucas Digne,4-4-1-1,4-2-3-1,Michael Oliver,Match Report,,2022,Everton
2857,9,2021-10-17,14:00,Premier League,Matchweek 8,Sun,Home,L,0.0,1.0,West Ham,0.9,1.2,39.0,39132.0,Séamus Coleman,4-4-1-1,4-2-3-1,Stuart Attwell,Match Report,,2022,Everton
2858,10,2021-10-23,15:00,Premier League,Matchweek 9,Sat,Home,L,2.0,5.0,Watford,1.5,3.7,49.0,38834.0,Séamus Coleman,4-4-1-1,4-1-4-1,Graham Scott,Match Report,,2022,Everton
2859,11,2021-11-01,20:00,Premier League,Matchweek 10,Mon,Away,L,1.0,2.0,Wolves,1.5,1.7,39.0,30617.0,Séamus Coleman,4-4-2,3-4-3,Martin Atkinson,Match Report,,2022,Everton
2860,12,2021-11-07,14:00,Premier League,Matchweek 11,Sun,Home,D,0.0,0.0,Tottenham,0.6,0.7,45.0,39059.0,Séamus Coleman,4-4-1-1,3-4-3,Chris Kavanagh,Match Report,,2022,Everton
2861,13,2021-11-21,14:00,Premier League,Matchweek 12,Sun,Away,L,0.0,3.0,Manchester City,0.2,2.5,23.0,52571.0,Séamus Coleman,4-4-1-1,4-3-3,Stuart Attwell,Match Report,,2022,Everton
2862,14,2021-11-28,14:00,Premier League,Matchweek 13,Sun,Away,L,0.0,1.0,Brentford,1.0,1.2,60.0,16957.0,Séamus Coleman,4-4-1-1,3-5-2,Darren England,Match Report,,2022,Everton
2863,15,2021-12-01,20:15,Premier League,Matchweek 14,Wed,Home,L,1.0,4.0,Liverpool,0.7,2.4,33.0,39641.0,Séamus Coleman,4-4-2,4-3-3,Paul Tierney,Match Report,,2022,Everton
2864,16,2021-12-06,20:00,Premier League,Matchweek 15,Mon,Home,W,2.0,1.0,Arsenal,0.9,1.0,37.0,38906.0,Séamus Coleman,4-4-1-1,4-2-3-1,Mike Dean,Match Report,,2022,Everton
2865,17,2021-12-12,16:30,Premier League,Matchweek 16,Sun,Away,L,1.0,3.0,Crystal Palace,1.0,1.8,39.0,24066.0,Séamus Coleman,4-1-4-1,4-3-3,Andy Madley,Match Report,,2022,Everton
2866,18,2021-12-16,19:45,Premier League,Matchweek 17,Thu,Away,D,1.0,1.0,Chelsea,0.6,2.9,20.0,13933.0,Michael Keane,5-4-1,3-4-3,Michael Oliver,Match Report,,2022,Everton
2867,19,2022-01-02,14:00,Premier League,Matchweek 21,Sun,Home,L,2.0,3.0,Brighton,1.6,1.7,50.0,38203.0,Séamus Coleman,5-4-1,4-4-2,John Brooks,Match Report,,2022,Everton
2868,21,2022-01-15,15:00,Premier League,Matchweek 22,Sat,Away,L,1.0,2.0,Norwich City,0.6,1.0,59.0,26629.0,Séamus Coleman,4-4-2,4-4-2,Andy Madley,Match Report,,2022,Everton
2869,22,2022-01-22,12:30,Premier League,Matchweek 23,Sat,Home,L,0.0,1.0,Aston Villa,1.6,0.8,50.0,38203.0,Yerry Mina,4-4-2,4-3-3,Craig Pawson,Match Report,,2022,Everton
2870,24,2022-02-08,19:45,Premier League,Matchweek 24,Tue,Away,L,1.0,3.0,Newcastle Utd,0.7,1.9,60.0,52186.0,Séamus Coleman,3-4-3,4-3-3,Anthony Taylor,Match Report,,2022,Everton
2871,25,2022-02-12,15:00,Premier League,Matchweek 25,Sat,Home,W,3.0,0.0,Leeds United,2.7,0.3,42.0,39150.0,Séamus Coleman,4-4-2,3-3-3-1,Graham Scott,Match Report,,2022,Everton
2872,26,2022-02-19,15:00,Premier League,Matchweek 26,Sat,Away,L,0.0,2.0,Southampton,0.3,2.5,45.0,31312.0,Séamus Coleman,4-4-2,4-4-2,Andy Madley,Match Report,,2022,Everton
2873,27,2022-02-26,17:30,Premier League,Matchweek 27,Sat,Home,L,0.0,1.0,Manchester City,0.5,1.8,33.0,39105.0,Séamus Coleman,4-3-3,4-3-3,Paul Tierney,Match Report,,2022,Everton
2874,29,2022-03-07,20:00,Premier League,Matchweek 28,Mon,Away,L,0.0,5.0,Tottenham,0.2,2.5,45.0,59647.0,Séamus Coleman,4-2-3-1,3-4-3,Stuart Attwell,Match Report,,2022,Everton
2875,30,2022-03-13,14:00,Premier League,Matchweek 29,Sun,Home,L,0.0,1.0,Wolves,0.4,0.8,39.0,39112.0,Séamus Coleman,3-4-3,3-5-2,Michael Oliver,Match Report,,2022,Everton
2876,31,2022-03-17,19:45,Premier League,Matchweek 20,Thu,Home,W,1.0,0.0,Newcastle Utd,0.7,0.9,39.0,39068.0,Séamus Coleman,4-2-3-1,4-3-3,Craig Pawson,Match Report,,2022,Everton
2877,33,2022-04-03,14:00,Premier League,Matchweek 31,Sun,Away,L,1.0,2.0,West Ham,0.7,1.2,45.0,59953.0,Michael Keane,4-3-3,4-2-3-1,Michael Oliver,Match Report,,2022,Everton
2878,34,2022-04-06,19:30,Premier League,Matchweek 19,Wed,Away,L,2.0,3.0,Burnley,2.4,2.0,48.0,19830.0,Jordan Pickford,4-3-3,4-4-2,Mike Dean,Match Report,,2022,Everton
2879,35,2022-04-09,12:30,Premier League,Matchweek 32,Sat,Home,W,1.0,0.0,Manchester Utd,0.4,0.8,33.0,39080.0,Séamus Coleman,4-3-3,4-2-3-1,Jonathan Moss,Match Report,,2022,Everton
2880,36,2022-04-20,19:45,Premier League,Matchweek 18,Wed,Home,D,1.0,1.0,Leicester City,1.8,0.9,37.0,39153.0,Séamus Coleman,4-3-3,4-2-3-1,David Coote,Match Report,,2022,Everton
2881,37,2022-04-24,16:30,Premier League,Matchweek 34,Sun,Away,L,0.0,2.0,Liverpool,0.4,1.7,18.0,53213.0,Séamus Coleman,4-3-3,4-3-3,Stuart Attwell,Match Report,,2022,Everton
2882,38,2022-05-01,14:00,Premier League,Matchweek 35,Sun,Home,W,1.0,0.0,Chelsea,0.8,0.8,23.0,39256.0,Séamus Coleman,5-4-1,3-4-1-2,Kevin Friend,Match Report,,2022,Everton
2883,39,2022-05-08,14:00,Premier League,Matchweek 36,Sun,Away,W,2.0,1.0,Leicester City,1.1,1.5,34.0,32001.0,Séamus Coleman,5-4-1,3-1-4-2,Craig Pawson,Match Report,,2022,Everton
2884,40,2022-05-11,19:45,Premier League,Matchweek 30,Wed,Away,D,0.0,0.0,Watford,0.7,0.3,52.0,20653.0,Séamus Coleman,5-4-1,4-3-3,Mike Dean,Match Report,,2022,Everton
2885,41,2022-05-15,16:30,Premier League,Matchweek 37,Sun,Home,L,2.0,3.0,Brentford,2.1,1.4,28.0,38819.0,Séamus Coleman,3-4-3,4-3-3,Michael Oliver,Match Report,,2022,Everton
2886,42,2022-05-19,19:45,Premier League,Matchweek 33,Thu,Home,W,3.0,2.0,Crystal Palace,0.8,1.1,43.0,38448.0,Séamus Coleman,3-4-3,4-3-3,Anthony Taylor,Match Report,,2022,Everton
2887,43,2022-05-22,16:00,Premier League,Matchweek 38,Sun,Away,L,1.0,5.0,Arsenal,1.1,4.2,27.0,60201.0,Asmir Begović,5-4-1,4-2-3-1,Andre Marriner,Match Report,,2022,Everton
2888,0,2021-08-14,12:30,Premier League,Matchweek 1,Sat,Away,L,1.0,5.0,Manchester Utd,0.5,1.5,51.0,72732.0,Liam Cooper,4-1-4-1,4-2-3-1,Paul Tierney,Match Report,,2022,Leeds United
2889,1,2021-08-21,15:00,Premier League,Matchweek 2,Sat,Home,D,2.0,2.0,Everton,1.2,1.8,69.0,36293.0,Liam Cooper,3-3-3-1,4-4-1-1,Darren England,Match Report,,2022,Leeds United
2890,3,2021-08-29,14:00,Premier League,Matchweek 3,Sun,Away,D,1.0,1.0,Burnley,1.2,1.0,64.0,20000.0,Liam Cooper,3-3-3-1,4-4-2,Michael Oliver,Match Report,,2022,Leeds United
2891,4,2021-09-12,16:30,Premier League,Matchweek 4,Sun,Home,L,0.0,3.0,Liverpool,1.2,4.3,44.0,36507.0,Liam Cooper,4-1-4-1,4-3-3,Craig Pawson,Match Report,,2022,Leeds United
2892,5,2021-09-17,20:00,Premier League,Matchweek 5,Fri,Away,D,1.0,1.0,Newcastle Utd,1.5,1.3,65.0,50407.0,Liam Cooper,4-1-4-1,5-4-1,Mike Dean,Match Report,,2022,Leeds United
2893,7,2021-09-25,15:00,Premier League,Matchweek 6,Sat,Home,L,1.0,2.0,West Ham,1.2,1.6,53.0,36417.0,Liam Cooper,4-1-4-1,4-2-3-1,Kevin Friend,Match Report,,2022,Leeds United
2894,8,2021-10-02,15:00,Premier League,Matchweek 7,Sat,Home,W,1.0,0.0,Watford,1.3,0.2,66.0,36261.0,Liam Cooper,4-1-4-1,4-2-3-1,Simon Hooper,Match Report,,2022,Leeds United
2895,9,2021-10-16,15:00,Premier League,Matchweek 8,Sat,Away,L,0.0,1.0,Southampton,0.2,1.9,54.0,30506.0,Liam Cooper,3-3-3-1,4-4-2,David Coote,Match Report,,2022,Leeds United
2896,10,2021-10-23,15:00,Premier League,Matchweek 9,Sat,Home,D,1.0,1.0,Wolves,1.6,0.9,62.0,36475.0,Liam Cooper,4-4-1-1,3-4-3,Robert Jones,Match Report,,2022,Leeds United
2897,12,2021-10-31,14:00,Premier League,Matchweek 10,Sun,Away,W,2.0,1.0,Norwich City,0.7,0.8,52.0,26913.0,Liam Cooper,3-3-3-1,4-4-2,Anthony Taylor,Match Report,,2022,Leeds United
2898,13,2021-11-07,14:00,Premier League,Matchweek 11,Sun,Home,D,1.0,1.0,Leicester City,1.3,0.7,56.0,36478.0,Liam Cooper,4-2-3-1,4-3-3,Darren England,Match Report,,2022,Leeds United
2899,14,2021-11-21,16:30,Premier League,Matchweek 12,Sun,Away,L,1.0,2.0,Tottenham,1.4,2.1,57.0,58989.0,Liam Cooper,3-3-3-1,3-4-3,Andre Marriner,Match Report,,2022,Leeds United
2900,15,2021-11-27,17:30,Premier League,Matchweek 13,Sat,Away,D,0.0,0.0,Brighton,0.6,2.1,43.0,31166.0,Liam Cooper,4-2-3-1,4-2-3-1,Craig Pawson,Match Report,,2022,Leeds United
2901,16,2021-11-30,20:15,Premier League,Matchweek 14,Tue,Home,W,1.0,0.0,Crystal Palace,1.4,1.1,61.0,35558.0,Liam Cooper,4-1-4-1,4-3-3,Kevin Friend,Match Report,,2022,Leeds United
2902,17,2021-12-05,14:00,Premier League,Matchweek 15,Sun,Home,D,2.0,2.0,Brentford,1.2,1.0,63.0,35639.0,Liam Cooper,3-4-3,3-5-2,David Coote,Match Report,,2022,Leeds United
2903,18,2021-12-11,15:00,Premier League,Matchweek 16,Sat,Away,L,2.0,3.0,Chelsea,1.4,2.5,43.0,39959.0,Luke Ayling,4-3-1-2,3-4-3,Chris Kavanagh,Match Report,,2022,Leeds United
2904,19,2021-12-14,20:00,Premier League,Matchweek 17,Tue,Away,L,0.0,7.0,Manchester City,0.3,3.1,37.0,52401.0,Luke Ayling,4-2-3-1,4-2-3-1,Paul Tierney,Match Report,,2022,Leeds United
2905,20,2021-12-18,17:30,Premier League,Matchweek 18,Sat,Home,L,1.0,4.0,Arsenal,1.6,3.5,51.0,36166.0,Luke Ayling,4-2-3-1,4-2-3-1,Andre Marriner,Match Report,,2022,Leeds United
2906,21,2022-01-02,14:00,Premier League,Matchweek 21,Sun,Home,W,3.0,1.0,Burnley,1.9,1.0,55.0,36083.0,Luke Ayling,3-4-3,4-4-2,Paul Tierney,Match Report,,2022,Leeds United
2907,23,2022-01-16,14:00,Premier League,Matchweek 22,Sun,Away,W,3.0,2.0,West Ham,2.2,2.4,52.0,59951.0,Luke Ayling,4-1-4-1,4-2-3-1,Mike Dean,Match Report,,2022,Leeds United
2908,24,2022-01-22,15:00,Premier League,Matchweek 23,Sat,Home,L,0.0,1.0,Newcastle Utd,0.7,0.9,62.0,36405.0,Luke Ayling,4-2-3-1,4-3-3,Chris Kavanagh,Match Report,,2022,Leeds United
2909,25,2022-02-09,20:00,Premier League,Matchweek 24,Wed,Away,D,3.0,3.0,Aston Villa,1.8,1.6,60.0,41927.0,Luke Ayling,4-2-3-1,4-3-3,Jarred Gillett,Match Report,,2022,Leeds United
2910,26,2022-02-12,15:00,Premier League,Matchweek 25,Sat,Away,L,0.0,3.0,Everton,0.3,2.7,58.0,39150.0,Luke Ayling,3-3-3-1,4-4-2,Graham Scott,Match Report,,2022,Leeds United
2911,27,2022-02-20,14:00,Premier League,Matchweek 26,Sun,Home,L,2.0,4.0,Manchester Utd,1.8,2.2,54.0,36715.0,Luke Ayling,4-2-3-1,4-2-3-1,Paul Tierney,Match Report,,2022,Leeds United
2912,28,2022-02-23,19:45,Premier League,Matchweek 19,Wed,Away,L,0.0,6.0,Liverpool,0.2,5.9,37.0,53018.0,Luke Ayling,4-1-4-1,4-3-3,Michael Oliver,Match Report,,2022,Leeds United
2913,29,2022-02-26,12:30,Premier League,Matchweek 27,Sat,Home,L,0.0,4.0,Tottenham,1.5,1.9,50.0,36599.0,Luke Ayling,4-1-4-1,3-4-3,Craig Pawson,Match Report,,2022,Leeds United
2914,30,2022-03-05,12:30,Premier League,Matchweek 28,Sat,Away,L,0.0,1.0,Leicester City,1.7,0.4,49.0,32236.0,Luke Ayling,4-2-3-1,4-3-3,David Coote,Match Report,,2022,Leeds United
2915,31,2022-03-10,19:45,Premier League,Matchweek 20,Thu,Home,L,0.0,3.0,Aston Villa,0.2,1.5,51.0,36400.0,Luke Ayling,4-2-3-1,4-3-1-2,Simon Hooper,Match Report,,2022,Leeds United
2916,32,2022-03-13,14:00,Premier League,Matchweek 29,Sun,Home,W,2.0,1.0,Norwich City,2.5,1.5,52.0,36321.0,Luke Ayling,4-2-3-1,4-3-3,Stuart Attwell,Match Report,,2022,Leeds United
2917,33,2022-03-18,20:00,Premier League,Matchweek 30,Fri,Away,W,3.0,2.0,Wolves,2.0,1.2,52.0,31842.0,Luke Ayling,4-2-3-1,3-4-3,Kevin Friend,Match Report,,2022,Leeds United
2918,34,2022-04-02,15:00,Premier League,Matchweek 31,Sat,Home,D,1.0,1.0,Southampton,1.2,1.4,56.0,36580.0,Liam Cooper,4-2-3-1,4-3-1-2,Anthony Taylor,Match Report,,2022,Leeds United
2919,35,2022-04-09,15:00,Premier League,Matchweek 32,Sat,Away,W,3.0,0.0,Watford,0.7,1.1,51.0,20957.0,Liam Cooper,4-2-3-1,4-3-3,Andre Marriner,Match Report,,2022,Leeds United
2920,36,2022-04-25,20:00,Premier League,Matchweek 34,Mon,Away,D,0.0,0.0,Crystal Palace,0.5,1.9,47.0,25357.0,Liam Cooper,4-2-3-1,4-3-3,Darren England,Match Report,,2022,Leeds United
2921,37,2022-04-30,17:30,Premier League,Matchweek 35,Sat,Home,L,0.0,4.0,Manchester City,1.3,2.4,42.0,35771.0,Luke Ayling,5-4-1,4-2-3-1,Paul Tierney,Match Report,,2022,Leeds United
2922,38,2022-05-08,14:00,Premier League,Matchweek 36,Sun,Away,L,1.0,2.0,Arsenal,0.3,2.0,36.0,60108.0,Luke Ayling,4-2-3-1,4-2-3-1,Chris Kavanagh,Match Report,,2022,Leeds United
2923,39,2022-05-11,19:30,Premier League,Matchweek 33,Wed,Home,L,0.0,3.0,Chelsea,0.4,1.3,33.0,36549.0,Liam Cooper,5-4-1,3-4-3,Anthony Taylor,Match Report,,2022,Leeds United
2924,40,2022-05-15,14:00,Premier League,Matchweek 37,Sun,Home,D,1.0,1.0,Brighton,1.6,2.2,50.0,36638.0,Liam Cooper,4-2-3-1,3-4-3,Mike Dean,Match Report,,2022,Leeds United
2925,41,2022-05-22,16:00,Premier League,Matchweek 38,Sun,Away,W,2.0,1.0,Brentford,1.3,0.8,51.0,16957.0,Liam Cooper,4-4-1-1,4-3-3,Paul Tierney,Match Report,,2022,Leeds United
2926,0,2021-08-14,15:00,Premier League,Matchweek 1,Sat,Home,L,1.0,2.0,Brighton,1.5,1.0,37.0,16910.0,Ben Mee,4-4-2,4-1-4-1,David Coote,Match Report,,2022,Burnley
2927,1,2021-08-21,12:30,Premier League,Matchweek 2,Sat,Away,L,0.0,2.0,Liverpool,0.9,2.7,35.0,52591.0,Ben Mee,4-4-2,4-3-3,Mike Dean,Match Report,,2022,Burnley
2928,3,2021-08-29,14:00,Premier League,Matchweek 3,Sun,Home,D,1.0,1.0,Leeds United,1.0,1.2,36.0,20000.0,Ben Mee,4-4-2,3-3-3-1,Michael Oliver,Match Report,,2022,Burnley
2929,4,2021-09-13,20:00,Premier League,Matchweek 4,Mon,Away,L,1.0,3.0,Everton,1.0,1.4,48.0,30000.0,Ben Mee,4-4-2,3-4-3,Martin Atkinson,Match Report,,2022,Burnley
2930,5,2021-09-18,15:00,Premier League,Matchweek 5,Sat,Home,L,0.0,1.0,Arsenal,1.0,1.1,46.0,20000.0,Ben Mee,4-4-2,4-1-4-1,Anthony Taylor,Match Report,,2022,Burnley
2931,7,2021-09-25,15:00,Premier League,Matchweek 6,Sat,Away,D,2.0,2.0,Leicester City,0.5,2.4,34.0,31650.0,Ben Mee,4-4-2,4-3-3,Chris Kavanagh,Match Report,,2022,Burnley
2932,8,2021-10-02,15:00,Premier League,Matchweek 7,Sat,Home,D,0.0,0.0,Norwich City,1.2,0.6,56.0,17427.0,James Tarkowski,4-4-2,5-3-2,Kevin Friend,Match Report,,2022,Burnley
2933,9,2021-10-16,15:00,Premier League,Matchweek 8,Sat,Away,L,0.0,2.0,Manchester City,0.9,2.1,30.0,52711.0,James Tarkowski,4-4-2,4-3-3,Martin Atkinson,Match Report,,2022,Burnley
2934,10,2021-10-23,15:00,Premier League,Matchweek 9,Sat,Away,D,2.0,2.0,Southampton,0.7,1.6,39.0,29145.0,James Tarkowski,4-4-2,4-4-2,Chris Kavanagh,Match Report,,2022,Burnley
2935,12,2021-10-30,15:00,Premier League,Matchweek 10,Sat,Home,W,3.0,1.0,Brentford,2.3,0.8,41.0,18821.0,Ben Mee,4-4-2,3-5-2,Jonathan Moss,Match Report,,2022,Burnley
2936,13,2021-11-06,15:00,Premier League,Matchweek 11,Sat,Away,D,1.0,1.0,Chelsea,0.7,1.8,30.0,39798.0,Ben Mee,4-4-2,3-4-1-2,Andre Marriner,Match Report,,2022,Burnley
2937,14,2021-11-20,15:00,Premier League,Matchweek 12,Sat,Home,D,3.0,3.0,Crystal Palace,1.5,1.9,40.0,18028.0,Ben Mee,4-4-2,4-3-3,Simon Hooper,Match Report,,2022,Burnley
2938,15,2021-12-01,19:30,Premier League,Matchweek 14,Wed,Away,D,0.0,0.0,Wolves,0.2,0.7,35.0,30328.0,Ben Mee,4-4-2,3-4-3,John Brooks,Match Report,,2022,Burnley
2939,16,2021-12-04,15:00,Premier League,Matchweek 15,Sat,Away,L,0.0,1.0,Newcastle Utd,0.6,1.0,52.0,51948.0,James Tarkowski,4-4-2,4-4-2,Paul Tierney,Match Report,,2022,Burnley
2940,17,2021-12-12,14:00,Premier League,Matchweek 16,Sun,Home,D,0.0,0.0,West Ham,0.8,0.8,40.0,18065.0,Ben Mee,4-4-2,4-2-3-1,Graham Scott,Match Report,,2022,Burnley
2941,18,2021-12-30,20:15,Premier League,Matchweek 20,Thu,Away,L,1.0,3.0,Manchester Utd,1.1,2.4,43.0,73121.0,Ben Mee,4-4-2,4-2-2-2,Jonathan Moss,Match Report,,2022,Burnley
2942,19,2022-01-02,14:00,Premier League,Matchweek 21,Sun,Away,L,1.0,3.0,Leeds United,1.0,1.9,45.0,36083.0,Ben Mee,4-4-2,3-4-3,Paul Tierney,Match Report,,2022,Burnley
2943,21,2022-01-23,14:00,Premier League,Matchweek 23,Sun,Away,D,0.0,0.0,Arsenal,0.4,1.2,25.0,59255.0,Ben Mee,4-4-2,4-1-4-1,David Coote,Match Report,,2022,Burnley
2944,22,2022-02-05,18:00,Premier League,Matchweek 17,Sat,Home,D,0.0,0.0,Watford,0.6,0.8,53.0,19527.0,Ben Mee,4-4-2,4-4-2,Craig Pawson,Match Report,,2022,Burnley
2945,23,2022-02-08,20:00,Premier League,Matchweek 24,Tue,Home,D,1.0,1.0,Manchester Utd,0.4,1.8,37.0,21233.0,Ben Mee,4-4-2,4-2-3-1,Mike Dean,Match Report,,2022,Burnley
2946,24,2022-02-13,14:00,Premier League,Matchweek 25,Sun,Home,L,0.0,1.0,Liverpool,1.5,1.7,34.0,19563.0,Ben Mee,4-4-2,4-3-3,Martin Atkinson,Match Report,,2022,Burnley
2947,25,2022-02-19,15:00,Premier League,Matchweek 26,Sat,Away,W,3.0,0.0,Brighton,0.7,0.6,32.0,30361.0,Ben Mee,4-4-2,4-4-2,Kevin Friend,Match Report,,2022,Burnley
2948,26,2022-02-23,19:30,Premier League,Matchweek 13,Wed,Home,W,1.0,0.0,Tottenham,0.9,0.7,34.0,19488.0,Ben Mee,4-4-2,3-4-3,Graham Scott,Match Report,,2022,Burnley
2949,27,2022-02-26,15:00,Premier League,Matchweek 27,Sat,Away,D,1.0,1.0,Crystal Palace,0.2,1.0,41.0,24203.0,Ben Mee,4-4-2,4-3-3,Jonathan Moss,Match Report,,2022,Burnley
2950,28,2022-03-01,19:45,Premier League,Matchweek 22,Tue,Home,L,0.0,2.0,Leicester City,0.9,1.5,45.0,17825.0,Ben Mee,4-4-2,4-3-3,Chris Kavanagh,Match Report,,2022,Burnley
2951,29,2022-03-05,15:00,Premier League,Matchweek 28,Sat,Home,L,0.0,4.0,Chelsea,0.7,2.3,28.0,19439.0,James Tarkowski,4-4-2,3-4-3,Andre Marriner,Match Report,,2022,Burnley
2952,30,2022-03-12,15:00,Premier League,Matchweek 29,Sat,Away,L,0.0,2.0,Brentford,0.7,1.9,45.0,17088.0,James Tarkowski,4-4-2,4-5-1,Paul Tierney,Match Report,,2022,Burnley
2953,31,2022-04-02,15:00,Premier League,Matchweek 31,Sat,Home,L,0.0,2.0,Manchester City,0.1,1.8,24.0,21249.0,James Tarkowski,4-5-1,4-3-3,Craig Pawson,Match Report,,2022,Burnley
2954,32,2022-04-06,19:30,Premier League,Matchweek 19,Wed,Home,W,3.0,2.0,Everton,2.0,2.4,52.0,19830.0,James Tarkowski,4-4-2,4-3-3,Mike Dean,Match Report,,2022,Burnley
2955,33,2022-04-10,14:00,Premier League,Matchweek 32,Sun,Away,L,0.0,2.0,Norwich City,1.7,1.7,55.0,26361.0,James Tarkowski,4-4-2,4-2-3-1,Michael Oliver,Match Report,,2022,Burnley
2956,34,2022-04-17,14:15,Premier League,Matchweek 33,Sun,Away,D,1.0,1.0,West Ham,1.8,2.2,39.0,59958.0,James Tarkowski,4-4-2,4-2-3-1,Paul Tierney,Match Report,,2022,Burnley
2957,35,2022-04-21,19:45,Premier League,Matchweek 30,Thu,Home,W,2.0,0.0,Southampton,1.5,0.9,44.0,17384.0,James Tarkowski,4-4-2,3-1-4-2,Stuart Attwell,Match Report,,2022,Burnley
2958,36,2022-04-24,14:00,Premier League,Matchweek 34,Sun,Home,W,1.0,0.0,Wolves,1.4,0.6,36.0,19246.0,James Tarkowski,4-4-2,3-4-3,Anthony Taylor,Match Report,,2022,Burnley
2959,37,2022-04-30,15:00,Premier League,Matchweek 35,Sat,Away,W,2.0,1.0,Watford,1.6,1.0,53.0,20738.0,James Tarkowski,4-4-2,4-3-3,Craig Pawson,Match Report,,2022,Burnley
2960,38,2022-05-07,15:00,Premier League,Matchweek 36,Sat,Home,L,1.0,3.0,Aston Villa,1.9,2.1,49.0,20891.0,James Tarkowski,4-4-2,4-1-2-1-2,David Coote,Match Report,,2022,Burnley
2961,39,2022-05-15,12:00,Premier League,Matchweek 37,Sun,Away,L,0.0,1.0,Tottenham,0.7,2.2,32.0,61729.0,Jack Cork,5-3-2,3-4-3,Kevin Friend,Match Report,,2022,Burnley
2962,40,2022-05-19,20:00,Premier League,Matchweek 18,Thu,Away,D,1.0,1.0,Aston Villa,1.6,1.5,29.0,40468.0,James Tarkowski,5-3-2,4-3-2-1,Paul Tierney,Match Report,,2022,Burnley
2963,41,2022-05-22,16:00,Premier League,Matchweek 38,Sun,Home,L,1.0,2.0,Newcastle Utd,1.6,1.8,52.0,21361.0,James Tarkowski,4-4-2,4-3-3,Craig Pawson,Match Report,,2022,Burnley
2964,0,2021-08-14,15:00,Premier League,Matchweek 1,Sat,Home,W,3.0,2.0,Aston Villa,1.2,1.2,38.0,20051.0,Tom Cleverley,4-1-4-1,4-2-3-1,Mike Dean,Match Report,,2022,Watford
2965,1,2021-08-21,17:30,Premier League,Matchweek 2,Sat,Away,L,0.0,2.0,Brighton,0.5,1.3,44.0,29485.0,Tom Cleverley,4-1-4-1,4-4-1-1,Anthony Taylor,Match Report,,2022,Watford
2966,3,2021-08-29,14:00,Premier League,Matchweek 3,Sun,Away,L,0.0,1.0,Tottenham,0.8,1.0,43.0,57672.0,Craig Cathcart,4-1-4-1,4-3-3,Andre Marriner,Match Report,,2022,Watford
2967,4,2021-09-11,15:00,Premier League,Matchweek 4,Sat,Home,L,0.0,2.0,Wolves,0.2,2.2,45.0,20019.0,William Troost-Ekong,4-1-4-1,3-4-3,Peter Bankes,Match Report,,2022,Watford
2968,5,2021-09-18,15:00,Premier League,Matchweek 5,Sat,Away,W,3.0,1.0,Norwich City,2.4,1.0,51.0,26649.0,Tom Cleverley,4-2-3-1,4-3-3,Robert Jones,Match Report,,2022,Watford
2969,7,2021-09-25,15:00,Premier League,Matchweek 6,Sat,Home,D,1.0,1.0,Newcastle Utd,0.9,1.9,53.0,20650.0,Tom Cleverley,4-2-3-1,4-1-4-1,Jarred Gillett,Match Report,,2022,Watford
2970,8,2021-10-02,15:00,Premier League,Matchweek 7,Sat,Away,L,0.0,1.0,Leeds United,0.2,1.3,34.0,36261.0,Ben Foster,4-2-3-1,4-1-4-1,Simon Hooper,Match Report,,2022,Watford
2971,9,2021-10-16,12:30,Premier League,Matchweek 8,Sat,Home,L,0.0,5.0,Liverpool,0.5,3.3,25.0,21085.0,Moussa Sissoko,5-4-1,4-3-3,Jonathan Moss,Match Report,,2022,Watford
2972,10,2021-10-23,15:00,Premier League,Matchweek 9,Sat,Away,W,5.0,2.0,Everton,3.7,1.5,51.0,38834.0,Moussa Sissoko,4-1-4-1,4-4-1-1,Graham Scott,Match Report,,2022,Watford
2973,11,2021-10-30,15:00,Premier League,Matchweek 10,Sat,Home,L,0.0,1.0,Southampton,1.0,1.8,40.0,20869.0,Moussa Sissoko,4-4-1-1,4-4-2,Peter Bankes,Match Report,,2022,Watford
2974,12,2021-11-07,14:00,Premier League,Matchweek 11,Sun,Away,L,0.0,1.0,Arsenal,0.5,1.6,40.0,59833.0,Moussa Sissoko,4-1-4-1,4-4-1-1,Kevin Friend,Match Report,,2022,Watford
2975,13,2021-11-20,15:00,Premier League,Matchweek 12,Sat,Home,W,4.0,1.0,Manchester Utd,2.7,1.4,39.0,21087.0,Moussa Sissoko,4-1-4-1,4-2-3-1,Jonathan Moss,Match Report,,2022,Watford
2976,14,2021-11-28,14:00,Premier League,Matchweek 13,Sun,Away,L,2.0,4.0,Leicester City,2.8,2.1,44.0,32020.0,Moussa Sissoko,4-1-4-1,4-2-3-1,Andy Madley,Match Report,,2022,Watford
2977,15,2021-12-01,19:30,Premier League,Matchweek 14,Wed,Home,L,1.0,2.0,Chelsea,1.0,0.9,51.0,20388.0,Moussa Sissoko,4-1-4-1,3-4-3,David Coote,Match Report,,2022,Watford
2978,16,2021-12-04,17:30,Premier League,Matchweek 15,Sat,Home,L,1.0,3.0,Manchester City,0.8,3.1,23.0,20673.0,Moussa Sissoko,4-1-4-1,4-3-3,Simon Hooper,Match Report,,2022,Watford
2979,17,2021-12-10,20:00,Premier League,Matchweek 16,Fri,Away,L,1.0,2.0,Brentford,0.5,1.6,37.0,16861.0,Moussa Sissoko,4-2-3-1,3-5-2,Michael Oliver,Match Report,,2022,Watford
2980,18,2021-12-28,15:00,Premier League,Matchweek 20,Tue,Home,L,1.0,4.0,West Ham,1.6,3.6,43.0,20073.0,Moussa Sissoko,4-1-4-1,4-2-3-1,Darren England,Match Report,,2022,Watford
2981,19,2022-01-01,15:00,Premier League,Matchweek 21,Sat,Home,L,0.0,1.0,Tottenham,0.3,2.2,26.0,20391.0,Moussa Sissoko,4-4-2,3-4-3,Robert Jones,Match Report,,2022,Watford
2982,21,2022-01-15,15:00,Premier League,Matchweek 22,Sat,Away,D,1.0,1.0,Newcastle Utd,1.4,1.2,48.0,52223.0,Moussa Sissoko,4-3-3,4-3-3,Paul Tierney,Match Report,,2022,Watford
2983,22,2022-01-21,20:00,Premier League,Matchweek 23,Fri,Home,L,0.0,3.0,Norwich City,1.2,1.1,67.0,20782.0,Moussa Sissoko,4-3-3,4-4-2,Mike Dean,Match Report,,2022,Watford
2984,23,2022-02-05,18:00,Premier League,Matchweek 17,Sat,Away,D,0.0,0.0,Burnley,0.8,0.6,47.0,19527.0,Moussa Sissoko,4-4-2,4-4-2,Craig Pawson,Match Report,,2022,Watford
2985,24,2022-02-08,19:45,Premier League,Matchweek 24,Tue,Away,L,0.0,1.0,West Ham,0.3,0.8,36.0,59581.0,Moussa Sissoko,4-4-2,4-2-3-1,Martin Atkinson,Match Report,,2022,Watford
2986,25,2022-02-12,15:00,Premier League,Matchweek 25,Sat,Home,L,0.0,2.0,Brighton,0.5,1.6,36.0,20795.0,Moussa Sissoko,4-4-2,3-1-4-2,Jonathan Moss,Match Report,,2022,Watford
2987,26,2022-02-19,15:00,Premier League,Matchweek 26,Sat,Away,W,1.0,0.0,Aston Villa,1.2,1.3,41.0,41936.0,Moussa Sissoko,4-3-3,4-3-3,Robert Jones,Match Report,,2022,Watford
2988,27,2022-02-23,19:30,Premier League,Matchweek 18,Wed,Home,L,1.0,4.0,Crystal Palace,1.4,1.1,46.0,20012.0,Moussa Sissoko,4-3-3,4-3-3,Andre Marriner,Match Report,,2022,Watford
2989,28,2022-02-26,15:00,Premier League,Matchweek 27,Sat,Away,D,0.0,0.0,Manchester Utd,0.6,2.8,33.0,73152.0,Moussa Sissoko,4-3-3,4-2-3-1,Kevin Friend,Match Report,,2022,Watford
2990,29,2022-03-06,14:00,Premier League,Matchweek 28,Sun,Home,L,2.0,3.0,Arsenal,1.0,1.0,44.0,21142.0,Moussa Sissoko,4-3-3,4-2-3-1,Craig Pawson,Match Report,,2022,Watford
2991,30,2022-03-10,19:30,Premier League,Matchweek 19,Thu,Away,L,0.0,4.0,Wolves,0.6,0.7,34.0,29658.0,Moussa Sissoko,4-3-3,3-4-3,Darren England,Match Report,,2022,Watford
2992,31,2022-03-13,14:00,Premier League,Matchweek 29,Sun,Away,W,2.0,1.0,Southampton,1.7,1.4,37.0,28863.0,Moussa Sissoko,4-3-3,4-4-2,Graham Scott,Match Report,,2022,Watford
2993,32,2022-04-02,12:30,Premier League,Matchweek 31,Sat,Away,L,0.0,2.0,Liverpool,0.6,2.2,27.0,53104.0,Moussa Sissoko,4-1-4-1,4-3-3,Stuart Attwell,Match Report,,2022,Watford
2994,33,2022-04-09,15:00,Premier League,Matchweek 32,Sat,Home,L,0.0,3.0,Leeds United,1.1,0.7,49.0,20957.0,Moussa Sissoko,4-3-3,4-2-3-1,Andre Marriner,Match Report,,2022,Watford
2995,34,2022-04-16,15:00,Premier League,Matchweek 33,Sat,Home,L,1.0,2.0,Brentford,1.7,1.9,50.0,21045.0,Moussa Sissoko,4-3-3,4-3-3,Simon Hooper,Match Report,,2022,Watford
2996,35,2022-04-23,15:00,Premier League,Matchweek 34,Sat,Away,L,1.0,5.0,Manchester City,0.5,3.6,27.0,53013.0,Moussa Sissoko,4-3-3,4-2-3-1,Kevin Friend,Match Report,,2022,Watford
2997,36,2022-04-30,15:00,Premier League,Matchweek 35,Sat,Home,L,1.0,2.0,Burnley,1.0,1.6,47.0,20738.0,Moussa Sissoko,4-3-3,4-4-2,Craig Pawson,Match Report,,2022,Watford
2998,37,2022-05-07,15:00,Premier League,Matchweek 36,Sat,Away,L,0.0,1.0,Crystal Palace,0.4,2.2,33.0,24622.0,Moussa Sissoko,4-3-3,4-3-3,Graham Scott,Match Report,,2022,Watford
2999,38,2022-05-11,19:45,Premier League,Matchweek 30,Wed,Home,D,0.0,0.0,Everton,0.3,0.7,48.0,20653.0,Moussa Sissoko,4-3-3,5-4-1,Mike Dean,Match Report,,2022,Watford
3000,39,2022-05-15,14:00,Premier League,Matchweek 37,Sun,Home,L,1.0,5.0,Leicester City,1.4,2.5,41.0,20257.0,Moussa Sissoko,4-3-3,4-1-4-1,Jarred Gillett,Match Report,,2022,Watford
3001,40,2022-05-22,16:00,Premier League,Matchweek 38,Sun,Away,L,1.0,2.0,Chelsea,0.6,2.2,29.0,32089.0,Moussa Sissoko,4-3-3,3-4-3,Mike Dean,Match Report,,2022,Watford
3002,0,2021-08-14,17:30,Premier League,Matchweek 1,Sat,Home,L,0.0,3.0,Liverpool,1.4,1.6,50.0,27023.0,Grant Hanley,4-3-3,4-3-3,Andre Marriner,Match Report,,2022,Norwich City
3003,1,2021-08-21,15:00,Premier League,Matchweek 2,Sat,Away,L,0.0,5.0,Manchester City,0.1,2.6,33.0,51437.0,Grant Hanley,4-3-3,4-3-3,Graham Scott,Match Report,,2022,Norwich City
3004,3,2021-08-28,15:00,Premier League,Matchweek 3,Sat,Home,L,1.0,2.0,Leicester City,1.5,1.5,45.0,26765.0,Grant Hanley,4-3-3,4-4-2,Robert Jones,Match Report,,2022,Norwich City
3005,4,2021-09-11,15:00,Premier League,Matchweek 4,Sat,Away,L,0.0,1.0,Arsenal,0.7,2.7,49.0,58000.0,Grant Hanley,4-3-3,4-2-3-1,Michael Oliver,Match Report,,2022,Norwich City
3006,5,2021-09-18,15:00,Premier League,Matchweek 5,Sat,Home,L,1.0,3.0,Watford,1.0,2.4,49.0,26649.0,Grant Hanley,4-3-3,4-2-3-1,Robert Jones,Match Report,,2022,Norwich City
3007,7,2021-09-25,15:00,Premier League,Matchweek 6,Sat,Away,L,0.0,2.0,Everton,0.5,1.9,53.0,38821.0,Grant Hanley,5-3-2,4-4-1-1,David Coote,Match Report,,2022,Norwich City
3008,8,2021-10-02,15:00,Premier League,Matchweek 7,Sat,Away,D,0.0,0.0,Burnley,0.6,1.2,44.0,17427.0,Grant Hanley,5-3-2,4-4-2,Kevin Friend,Match Report,,2022,Norwich City
3009,9,2021-10-16,15:00,Premier League,Matchweek 8,Sat,Home,D,0.0,0.0,Brighton,1.2,0.8,36.0,26777.0,Grant Hanley,5-3-2,3-5-2,Peter Bankes,Match Report,,2022,Norwich City
3010,10,2021-10-23,12:30,Premier League,Matchweek 9,Sat,Away,L,0.0,7.0,Chelsea,0.1,3.1,38.0,40113.0,Grant Hanley,3-5-2,3-4-3,Andy Madley,Match Report,,2022,Norwich City
3011,11,2021-10-31,14:00,Premier League,Matchweek 10,Sun,Home,L,1.0,2.0,Leeds United,0.8,0.7,48.0,26913.0,Grant Hanley,4-4-2,3-3-3-1,Anthony Taylor,Match Report,,2022,Norwich City
3012,12,2021-11-06,15:00,Premier League,Matchweek 11,Sat,Away,W,2.0,1.0,Brentford,1.2,2.5,36.0,16837.0,Ben Gibson,4-2-3-1,3-5-2,Jarred Gillett,Match Report,,2022,Norwich City
3013,13,2021-11-20,15:00,Premier League,Matchweek 12,Sat,Home,W,2.0,1.0,Southampton,0.5,1.0,38.0,26885.0,Grant Hanley,4-3-3,4-4-2,Martin Atkinson,Match Report,,2022,Norwich City
3014,14,2021-11-27,15:00,Premier League,Matchweek 13,Sat,Home,D,0.0,0.0,Wolves,1.6,0.3,43.0,26911.0,Grant Hanley,4-1-4-1,3-4-3,Simon Hooper,Match Report,,2022,Norwich City
3015,15,2021-11-30,19:30,Premier League,Matchweek 14,Tue,Away,D,1.0,1.0,Newcastle Utd,1.2,1.1,68.0,50757.0,Grant Hanley,4-1-4-1,4-4-2,Andy Madley,Match Report,,2022,Norwich City
3016,16,2021-12-05,14:00,Premier League,Matchweek 15,Sun,Away,L,0.0,3.0,Tottenham,1.2,1.6,59.0,57088.0,Grant Hanley,5-3-2,3-4-3,Jarred Gillett,Match Report,,2022,Norwich City
3017,17,2021-12-11,17:30,Premier League,Matchweek 16,Sat,Home,L,0.0,1.0,Manchester Utd,1.2,2.0,48.0,27606.0,Grant Hanley,4-3-3,4-2-2-2,Darren England,Match Report,,2022,Norwich City
3018,18,2021-12-14,19:45,Premier League,Matchweek 17,Tue,Home,L,0.0,2.0,Aston Villa,0.5,2.0,50.0,26836.0,Ben Gibson,4-3-3,4-3-3,David Coote,Match Report,,2022,Norwich City
3019,19,2021-12-26,15:00,Premier League,Matchweek 19,Sun,Home,L,0.0,5.0,Arsenal,0.1,2.5,36.0,26940.0,Ben Gibson,4-2-3-1,4-2-3-1,Graham Scott,Match Report,,2022,Norwich City
3020,20,2021-12-28,15:00,Premier League,Matchweek 20,Tue,Away,L,0.0,3.0,Crystal Palace,0.9,1.9,49.0,24433.0,Ben Gibson,4-2-3-1,4-3-3,Paul Tierney,Match Report,,2022,Norwich City
3021,22,2022-01-12,19:45,Premier League,Matchweek 18,Wed,Away,L,0.0,2.0,West Ham,0.3,2.5,38.0,59775.0,Grant Hanley,4-2-3-1,4-2-3-1,Simon Hooper,Match Report,,2022,Norwich City
3022,23,2022-01-15,15:00,Premier League,Matchweek 22,Sat,Home,W,2.0,1.0,Everton,1.0,0.6,41.0,26629.0,Grant Hanley,4-4-2,4-4-2,Andy Madley,Match Report,,2022,Norwich City
3023,24,2022-01-21,20:00,Premier League,Matchweek 23,Fri,Away,W,3.0,0.0,Watford,1.1,1.2,33.0,20782.0,Grant Hanley,4-4-2,4-3-3,Mike Dean,Match Report,,2022,Norwich City
3024,26,2022-02-09,19:45,Premier League,Matchweek 24,Wed,Home,D,1.0,1.0,Crystal Palace,0.4,1.3,30.0,26652.0,Grant Hanley,4-4-2,4-3-3,Paul Tierney,Match Report,,2022,Norwich City
3025,27,2022-02-12,17:30,Premier League,Matchweek 25,Sat,Home,L,0.0,4.0,Manchester City,0.4,4.6,29.0,27010.0,Grant Hanley,4-3-3,4-3-3,Andre Marriner,Match Report,,2022,Norwich City
3026,28,2022-02-19,15:00,Premier League,Matchweek 26,Sat,Away,L,1.0,3.0,Liverpool,0.6,3.6,31.0,53135.0,Grant Hanley,4-3-3,4-3-3,Mike Dean,Match Report,,2022,Norwich City
3027,29,2022-02-25,20:00,Premier League,Matchweek 27,Fri,Away,L,0.0,2.0,Southampton,0.6,2.6,42.0,31182.0,Grant Hanley,4-1-4-1,4-4-2,Simon Hooper,Match Report,,2022,Norwich City
3028,31,2022-03-05,15:00,Premier League,Matchweek 28,Sat,Home,L,1.0,3.0,Brentford,1.0,2.0,60.0,26887.0,Grant Hanley,4-2-3-1,4-5-1,Anthony Taylor,Match Report,,2022,Norwich City
3029,32,2022-03-10,19:30,Premier League,Matchweek 30,Thu,Home,L,1.0,3.0,Chelsea,1.0,1.8,34.0,26684.0,Grant Hanley,5-3-2,3-4-3,Martin Atkinson,Match Report,,2022,Norwich City
3030,33,2022-03-13,14:00,Premier League,Matchweek 29,Sun,Away,L,1.0,2.0,Leeds United,1.5,2.5,48.0,36321.0,Ben Gibson,4-3-3,4-2-3-1,Stuart Attwell,Match Report,,2022,Norwich City
3031,34,2022-04-02,15:00,Premier League,Matchweek 31,Sat,Away,D,0.0,0.0,Brighton,0.4,2.8,37.0,31245.0,Grant Hanley,4-1-2-1-2◆,3-4-1-2,Simon Hooper,Match Report,,2022,Norwich City
3032,35,2022-04-10,14:00,Premier League,Matchweek 32,Sun,Home,W,2.0,0.0,Burnley,1.7,1.7,45.0,26361.0,Grant Hanley,4-2-3-1,4-4-2,Michael Oliver,Match Report,,2022,Norwich City
3033,36,2022-04-16,15:00,Premier League,Matchweek 33,Sat,Away,L,2.0,3.0,Manchester Utd,1.5,1.9,39.0,73381.0,Grant Hanley,4-2-3-1,4-3-3,Andy Madley,Match Report,,2022,Norwich City
3034,37,2022-04-23,15:00,Premier League,Matchweek 34,Sat,Home,L,0.0,3.0,Newcastle Utd,0.6,1.9,46.0,26910.0,Grant Hanley,4-2-3-1,4-3-3,Chris Kavanagh,Match Report,,2022,Norwich City
3035,38,2022-04-30,15:00,Premier League,Matchweek 35,Sat,Away,L,0.0,2.0,Aston Villa,0.5,1.8,55.0,40290.0,Grant Hanley,4-2-3-1,4-1-4-1,John Brooks,Match Report,,2022,Norwich City
3036,39,2022-05-08,14:00,Premier League,Matchweek 36,Sun,Home,L,0.0,4.0,West Ham,0.8,3.0,37.0,26428.0,Grant Hanley,4-2-3-1,4-2-3-1,Robert Jones,Match Report,,2022,Norwich City
3037,40,2022-05-11,19:45,Premier League,Matchweek 21,Wed,Away,L,0.0,3.0,Leicester City,1.1,2.0,35.0,38092.0,Grant Hanley,4-1-4-1,4-2-3-1,Simon Hooper,Match Report,,2022,Norwich City
3038,41,2022-05-15,14:00,Premier League,Matchweek 37,Sun,Away,D,1.0,1.0,Wolves,1.1,0.9,36.0,31219.0,Grant Hanley,3-4-3,3-4-3,Tony Harrington,Match Report,,2022,Norwich City
3039,42,2022-05-22,16:00,Premier League,Matchweek 38,Sun,Home,L,0.0,5.0,Tottenham,0.5,3.4,41.0,27022.0,Grant Hanley,5-4-1,3-4-3,Chris Kavanagh,Match Report,,2022,Norwich City
