,Unnamed: 0.1,Unnamed: 0,date,time,comp,round,day,venue,result,gf,ga,opponent,gls,sh,sot,sot%,g/sh,g/sot,dist,fk,pk,pkatt,xg,npxg,npxg/sh,g-xg,np:g-xg,match report,season,team
0,0,0,2024-08-17,12:30,Premier League,Matchweek 1,Sat,Away,W,2.0,0.0,Ipswich Town,2,18.0,5.0,27.8,0.11,0.4,14.8,0.0,0,0,2.6,2.6,0.15,-0.6,-0.6,Match Report,2025,Liverpool
1,1,1,2024-08-25,16:30,Premier League,Matchweek 2,Sun,Home,W,2.0,0.0,Brentford,2,19.0,8.0,42.1,0.11,0.25,13.6,1.0,0,0,2.5,2.5,0.14,-0.5,-0.5,Match Report,2025,Liverpool
2,2,2,2024-09-01,16:00,Premier League,Matchweek 3,Sun,Away,W,3.0,0.0,Manchester Utd,3,11.0,3.0,27.3,0.27,1.0,13.4,0.0,0,0,1.8,1.8,0.16,1.2,1.2,Match Report,2025,Liverpool
3,3,3,2024-09-14,15:00,Premier League,Matchweek 4,Sat,Home,L,0.0,1.0,Nott'ham Forest,0,14.0,5.0,35.7,0.0,0.0,14.9,0.0,0,0,0.9,0.9,0.07,-0.9,-0.9,Match Report,2025,Liverpool
4,5,5,2024-09-21,15:00,Premier League,Matchweek 5,Sat,Home,W,3.0,0.0,Bournemouth,3,19.0,12.0,63.2,0.16,0.25,16.6,0.0,0,0,2.0,2.0,0.11,1.0,1.0,Match Report,2025,Liverpool
5,7,7,2024-09-28,17:30,Premier League,Matchweek 6,Sat,Away,W,2.0,1.0,Wolves,2,9.0,5.0,55.6,0.11,0.2,18.0,1.0,1,1,2.5,1.7,0.19,-0.5,-0.7,Match Report,2025,Liverpool
6,9,9,2024-10-05,12:30,Premier League,Matchweek 7,Sat,Away,W,1.0,0.0,Crystal Palace,1,16.0,4.0,25.0,0.06,0.25,18.9,0.0,0,0,1.4,1.4,0.09,-0.4,-0.4,Match Report,2025,Liverpool
7,10,10,2024-10-20,16:30,Premier League,Matchweek 8,Sun,Home,W,2.0,1.0,Chelsea,2,8.0,4.0,50.0,0.13,0.25,22.7,1.0,1,1,1.9,1.1,0.14,0.1,-0.1,Match Report,2025,Liverpool
8,12,12,2024-10-27,16:30,Premier League,Matchweek 9,Sun,Away,D,2.0,2.0,Arsenal,2,9.0,4.0,44.4,0.22,0.5,17.8,0.0,0,0,0.8,0.8,0.09,1.2,1.2,Match Report,2025,Liverpool
9,14,14,2024-11-02,15:00,Premier League,Matchweek 10,Sat,Home,W,2.0,1.0,Brighton,2,16.0,8.0,50.0,0.13,0.25,14.0,0.0,0,0,1.6,1.6,0.1,0.4,0.4,Match Report,2025,Liverpool
10,16,16,2024-11-09,20:00,Premier League,Matchweek 11,Sat,Home,W,2.0,0.0,Aston Villa,2,14.0,5.0,35.7,0.14,0.4,16.1,0.0,0,0,2.0,2.0,0.14,0.0,0.0,Match Report,2025,Liverpool
11,17,17,2024-11-24,14:00,Premier League,Matchweek 12,Sun,Away,W,3.0,2.0,Southampton,3,26.0,10.0,38.5,0.08,0.2,18.2,1.0,1,1,3.1,2.3,0.09,-0.1,-0.3,Match Report,2025,Liverpool
12,19,19,2024-12-01,16:00,Premier League,Matchweek 13,Sun,Home,W,2.0,0.0,Manchester City,2,17.0,6.0,35.3,0.06,0.17,17.5,0.0,1,1,3.4,2.6,0.16,-1.4,-1.6,Match Report,2025,Liverpool
13,20,20,2024-12-04,19:30,Premier League,Matchweek 14,Wed,Away,D,3.0,3.0,Newcastle Utd,3,16.0,5.0,31.3,0.19,0.6,12.7,0.0,0,0,1.9,1.9,0.12,1.1,1.1,Match Report,2025,Liverpool
14,22,22,2024-12-14,15:00,Premier League,Matchweek 16,Sat,Home,D,2.0,2.0,Fulham,2,16.0,4.0,25.0,0.13,0.5,13.9,0.0,0,0,2.1,2.1,0.13,-0.1,-0.1,Match Report,2025,Liverpool
15,24,24,2024-12-22,16:30,Premier League,Matchweek 17,Sun,Away,W,6.0,3.0,Tottenham,6,24.0,11.0,45.8,0.25,0.55,13.3,0.0,0,0,5.6,5.6,0.26,0.4,0.4,Match Report,2025,Liverpool
16,25,25,2024-12-26,20:00,Premier League,Matchweek 18,Thu,Home,W,3.0,1.0,Leicester City,3,19.0,7.0,36.8,0.16,0.43,15.3,0.0,0,0,2.0,2.0,0.11,1.0,1.0,Match Report,2025,Liverpool
17,26,26,2024-12-29,17:15,Premier League,Matchweek 19,Sun,Away,W,5.0,0.0,West Ham,5,22.0,13.0,59.1,0.23,0.38,15.8,0.0,0,0,3.1,3.1,0.14,1.9,1.9,Match Report,2025,Liverpool
18,27,27,2025-01-05,16:30,Premier League,Matchweek 20,Sun,Home,D,2.0,2.0,Manchester Utd,2,18.0,5.0,27.8,0.06,0.2,16.9,1.0,1,1,2.7,1.9,0.11,-0.7,-0.9,Match Report,2025,Liverpool
19,30,30,2025-01-14,20:00,Premier League,Matchweek 21,Tue,Away,D,1.0,1.0,Nott'ham Forest,1,23.0,6.0,26.1,0.04,0.17,17.0,0.0,0,0,2.0,2.0,0.09,-1.0,-1.0,Match Report,2025,Liverpool
20,31,31,2025-01-18,15:00,Premier League,Matchweek 22,Sat,Away,W,2.0,0.0,Brentford,2,37.0,8.0,21.6,0.05,0.25,15.4,0.0,0,0,3.4,3.4,0.09,-1.4,-1.4,Match Report,2025,Liverpool
21,33,33,2025-01-25,15:00,Premier League,Matchweek 23,Sat,Home,W,4.0,1.0,Ipswich Town,4,16.0,6.0,37.5,0.25,0.67,17.8,0.0,0,0,2.0,2.0,0.14,2.0,2.0,Match Report,2025,Liverpool
22,35,35,2025-02-01,15:00,Premier League,Matchweek 24,Sat,Away,W,2.0,0.0,Bournemouth,2,18.0,6.0,33.3,0.06,0.17,18.5,0.0,1,1,2.5,1.7,0.1,-0.5,-0.7,Match Report,2025,Liverpool
23,37,0,2024-08-17,15:00,Premier League,Matchweek 1,Sat,Home,W,2.0,0.0,Wolves,2,18.0,6.0,33.3,0.11,0.33,17.3,0.0,0,0,1.2,1.2,0.07,0.8,0.8,Match Report,2025,Arsenal
24,38,1,2024-08-24,17:30,Premier League,Matchweek 2,Sat,Away,W,2.0,0.0,Aston Villa,2,9.0,4.0,44.4,0.22,0.5,18.8,0.0,0,0,0.9,0.9,0.1,1.1,1.1,Match Report,2025,Arsenal
25,39,2,2024-08-31,12:30,Premier League,Matchweek 3,Sat,Home,D,1.0,1.0,Brighton,1,11.0,7.0,63.6,0.09,0.14,12.9,0.0,0,0,2.1,2.1,0.2,-1.1,-1.1,Match Report,2025,Arsenal
26,40,3,2024-09-15,14:00,Premier League,Matchweek 4,Sun,Away,W,1.0,0.0,Tottenham,1,7.0,4.0,57.1,0.14,0.25,12.1,0.0,0,0,0.7,0.7,0.11,0.3,0.3,Match Report,2025,Arsenal
27,42,5,2024-09-22,16:30,Premier League,Matchweek 5,Sun,Away,D,2.0,2.0,Manchester City,2,5.0,3.0,60.0,0.4,0.67,11.3,0.0,0,0,0.7,0.7,0.13,1.3,1.3,Match Report,2025,Arsenal
28,44,7,2024-09-28,15:00,Premier League,Matchweek 6,Sat,Home,W,4.0,2.0,Leicester City,3,35.0,16.0,45.7,0.09,0.19,14.1,0.0,0,0,4.4,4.4,0.14,-1.4,-1.4,Match Report,2025,Arsenal
29,46,9,2024-10-05,15:00,Premier League,Matchweek 7,Sat,Home,W,3.0,1.0,Southampton,3,29.0,6.0,20.7,0.1,0.5,14.6,0.0,0,0,2.8,2.8,0.1,0.2,0.2,Match Report,2025,Arsenal
30,47,10,2024-10-19,17:30,Premier League,Matchweek 8,Sat,Away,L,0.0,2.0,Bournemouth,0,6.0,1.0,16.7,0.0,0.0,15.1,0.0,0,0,0.7,0.7,0.12,-0.7,-0.7,Match Report,2025,Arsenal
31,49,12,2024-10-27,16:30,Premier League,Matchweek 9,Sun,Home,D,2.0,2.0,Liverpool,2,9.0,3.0,33.3,0.22,0.67,14.1,0.0,0,0,0.9,0.9,0.1,1.1,1.1,Match Report,2025,Arsenal
32,51,14,2024-11-02,12:30,Premier League,Matchweek 10,Sat,Away,L,0.0,1.0,Newcastle Utd,0,10.0,0.0,0.0,0.0,,14.9,0.0,0,0,1.1,1.1,0.11,-1.1,-1.1,Match Report,2025,Arsenal
33,53,16,2024-11-10,16:30,Premier League,Matchweek 11,Sun,Away,D,1.0,1.0,Chelsea,1,13.0,3.0,23.1,0.08,0.33,16.3,0.0,0,0,1.5,1.5,0.12,-0.5,-0.5,Match Report,2025,Arsenal
34,54,17,2024-11-23,15:00,Premier League,Matchweek 12,Sat,Home,W,3.0,0.0,Nott'ham Forest,3,19.0,6.0,31.6,0.16,0.5,17.7,0.0,0,0,1.2,1.2,0.06,1.8,1.8,Match Report,2025,Arsenal
35,56,19,2024-11-30,17:30,Premier League,Matchweek 13,Sat,Away,W,5.0,2.0,West Ham,5,14.0,5.0,35.7,0.21,0.6,15.4,1.0,2,2,3.5,2.0,0.14,1.5,1.0,Match Report,2025,Arsenal
36,57,20,2024-12-04,20:15,Premier League,Matchweek 14,Wed,Home,W,2.0,0.0,Manchester Utd,2,14.0,6.0,42.9,0.14,0.33,11.0,0.0,0,0,2.1,2.1,0.15,-0.1,-0.1,Match Report,2025,Arsenal
37,58,21,2024-12-08,14:00,Premier League,Matchweek 15,Sun,Away,D,1.0,1.0,Fulham,1,12.0,4.0,33.3,0.08,0.25,12.2,0.0,0,0,1.8,1.8,0.17,-0.8,-0.8,Match Report,2025,Arsenal
38,60,23,2024-12-14,15:00,Premier League,Matchweek 16,Sat,Home,D,0.0,0.0,Everton,0,13.0,5.0,38.5,0.0,0.0,13.0,0.0,0,0,1.2,1.2,0.09,-1.2,-1.2,Match Report,2025,Arsenal
39,62,25,2024-12-21,17:30,Premier League,Matchweek 17,Sat,Away,W,5.0,1.0,Crystal Palace,5,14.0,6.0,42.9,0.36,0.83,11.5,0.0,0,0,2.5,2.5,0.21,2.5,2.5,Match Report,2025,Arsenal
40,63,26,2024-12-27,20:15,Premier League,Matchweek 18,Fri,Home,W,1.0,0.0,Ipswich Town,1,13.0,5.0,38.5,0.08,0.2,15.7,1.0,0,0,1.8,1.8,0.14,-0.8,-0.8,Match Report,2025,Arsenal
41,64,27,2025-01-01,17:30,Premier League,Matchweek 19,Wed,Away,W,3.0,1.0,Brentford,3,14.0,4.0,28.6,0.21,0.75,14.7,0.0,0,0,1.9,1.9,0.14,1.1,1.1,Match Report,2025,Arsenal
42,65,28,2025-01-04,17:30,Premier League,Matchweek 20,Sat,Away,D,1.0,1.0,Brighton,1,9.0,3.0,33.3,0.11,0.33,15.3,0.0,0,0,0.9,0.9,0.1,0.1,0.1,Match Report,2025,Arsenal
43,68,31,2025-01-15,20:00,Premier League,Matchweek 21,Wed,Home,W,2.0,1.0,Tottenham,1,14.0,4.0,28.6,0.07,0.25,15.2,0.0,0,0,1.4,1.4,0.1,-0.4,-0.4,Match Report,2025,Arsenal
44,69,32,2025-01-18,17:30,Premier League,Matchweek 22,Sat,Home,D,2.0,2.0,Aston Villa,2,18.0,6.0,33.3,0.11,0.33,15.5,0.0,0,0,1.3,1.3,0.07,0.7,0.7,Match Report,2025,Arsenal
45,71,34,2025-01-25,15:00,Premier League,Matchweek 23,Sat,Away,W,1.0,0.0,Wolves,1,9.0,3.0,33.3,0.11,0.33,14.8,1.0,0,0,1.0,1.0,0.11,0.0,0.0,Match Report,2025,Arsenal
46,73,36,2025-02-02,16:30,Premier League,Matchweek 24,Sun,Home,W,5.0,1.0,Manchester City,5,12.0,7.0,58.3,0.42,0.71,15.8,0.0,0,0,1.0,1.0,0.08,4.0,4.0,Match Report,2025,Arsenal
47,76,0,2024-08-17,15:00,Premier League,Matchweek 1,Sat,Home,D,1.0,1.0,Bournemouth,1,14.0,8.0,57.1,0.07,0.13,19.2,0.0,0,0,1.3,1.3,0.1,-0.3,-0.3,Match Report,2025,Nottingham Forest
48,77,1,2024-08-24,15:00,Premier League,Matchweek 2,Sat,Away,W,1.0,0.0,Southampton,1,23.0,8.0,34.8,0.04,0.13,17.2,0.0,0,0,2.2,2.2,0.11,-1.2,-1.2,Match Report,2025,Nottingham Forest
49,79,3,2024-08-31,15:00,Premier League,Matchweek 3,Sat,Home,D,1.0,1.0,Wolves,1,16.0,5.0,31.3,0.06,0.2,14.6,1.0,0,0,1.0,1.0,0.06,0.0,0.0,Match Report,2025,Nottingham Forest
50,80,4,2024-09-14,15:00,Premier League,Matchweek 4,Sat,Away,W,1.0,0.0,Liverpool,1,5.0,3.0,60.0,0.2,0.33,18.6,0.0,0,0,0.4,0.4,0.09,0.6,0.6,Match Report,2025,Nottingham Forest
51,81,5,2024-09-22,14:00,Premier League,Matchweek 5,Sun,Away,D,2.0,2.0,Brighton,2,3.0,2.0,66.7,0.33,0.5,17.4,0.0,1,1,1.4,0.6,0.21,0.6,0.4,Match Report,2025,Nottingham Forest
52,82,6,2024-09-28,15:00,Premier League,Matchweek 6,Sat,Home,L,0.0,1.0,Fulham,0,11.0,1.0,9.1,0.0,0.0,19.3,0.0,0,0,0.8,0.8,0.07,-0.8,-0.8,Match Report,2025,Nottingham Forest
53,83,7,2024-10-06,14:00,Premier League,Matchweek 7,Sun,Away,D,1.0,1.0,Chelsea,1,16.0,9.0,56.3,0.06,0.11,20.2,2.0,0,0,0.9,0.9,0.05,0.1,0.1,Match Report,2025,Nottingham Forest
54,84,8,2024-10-21,20:00,Premier League,Matchweek 8,Mon,Home,W,1.0,0.0,Crystal Palace,1,20.0,6.0,30.0,0.05,0.17,18.0,0.0,0,0,1.7,1.7,0.09,-0.7,-0.7,Match Report,2025,Nottingham Forest
55,85,9,2024-10-25,20:00,Premier League,Matchweek 9,Fri,Away,W,3.0,1.0,Leicester City,3,20.0,5.0,25.0,0.15,0.6,21.6,1.0,0,0,1.7,1.7,0.09,1.3,1.3,Match Report,2025,Nottingham Forest
56,86,10,2024-11-02,15:00,Premier League,Matchweek 10,Sat,Home,W,3.0,0.0,West Ham,3,19.0,6.0,31.6,0.16,0.5,18.7,1.0,0,0,2.2,2.2,0.11,0.8,0.8,Match Report,2025,Nottingham Forest
57,87,11,2024-11-10,14:00,Premier League,Matchweek 11,Sun,Home,L,1.0,3.0,Newcastle Utd,1,9.0,3.0,33.3,0.11,0.33,16.4,0.0,0,0,0.6,0.6,0.06,0.4,0.4,Match Report,2025,Nottingham Forest
58,88,12,2024-11-23,15:00,Premier League,Matchweek 12,Sat,Away,L,0.0,3.0,Arsenal,0,7.0,0.0,0.0,0.0,,16.3,1.0,0,0,0.3,0.3,0.05,-0.3,-0.3,Match Report,2025,Nottingham Forest
59,89,13,2024-11-30,15:00,Premier League,Matchweek 13,Sat,Home,W,1.0,0.0,Ipswich Town,1,11.0,4.0,36.4,0.0,0.0,16.9,1.0,1,1,1.6,0.9,0.08,-0.6,-0.9,Match Report,2025,Nottingham Forest
60,90,14,2024-12-04,19:30,Premier League,Matchweek 14,Wed,Away,L,0.0,3.0,Manchester City,0,12.0,3.0,25.0,0.0,0.0,16.6,0.0,0,0,1.0,1.0,0.09,-1.0,-1.0,Match Report,2025,Nottingham Forest
61,91,15,2024-12-07,17:30,Premier League,Matchweek 15,Sat,Away,W,3.0,2.0,Manchester Utd,3,11.0,3.0,27.3,0.27,1.0,16.3,0.0,0,0,0.8,0.8,0.08,2.2,2.2,Match Report,2025,Nottingham Forest
62,92,16,2024-12-14,17:30,Premier League,Matchweek 16,Sat,Home,W,2.0,1.0,Aston Villa,2,17.0,6.0,35.3,0.12,0.33,15.2,0.0,0,0,1.7,1.7,0.1,0.3,0.3,Match Report,2025,Nottingham Forest
63,93,17,2024-12-21,15:00,Premier League,Matchweek 17,Sat,Away,W,2.0,0.0,Brentford,2,10.0,6.0,60.0,0.2,0.33,17.4,0.0,0,0,0.9,0.9,0.09,1.1,1.1,Match Report,2025,Nottingham Forest
64,94,18,2024-12-26,15:00,Premier League,Matchweek 18,Thu,Home,W,1.0,0.0,Tottenham,1,10.0,3.0,30.0,0.1,0.33,15.5,0.0,0,0,1.1,1.1,0.11,-0.1,-0.1,Match Report,2025,Nottingham Forest
65,95,19,2024-12-29,15:00,Premier League,Matchweek 19,Sun,Away,W,2.0,0.0,Everton,2,11.0,7.0,63.6,0.18,0.29,17.4,0.0,0,0,1.5,1.5,0.15,0.5,0.5,Match Report,2025,Nottingham Forest
66,96,20,2025-01-06,20:00,Premier League,Matchweek 20,Mon,Away,W,3.0,0.0,Wolves,3,11.0,3.0,27.3,0.27,1.0,16.2,1.0,0,0,2.1,2.1,0.19,0.9,0.9,Match Report,2025,Nottingham Forest
67,98,22,2025-01-14,20:00,Premier League,Matchweek 21,Tue,Home,D,1.0,1.0,Liverpool,1,6.0,3.0,50.0,0.17,0.33,26.8,1.0,0,0,0.3,0.3,0.05,0.7,0.7,Match Report,2025,Nottingham Forest
68,99,23,2025-01-19,14:00,Premier League,Matchweek 22,Sun,Home,W,3.0,2.0,Southampton,3,14.0,4.0,28.6,0.21,0.75,16.0,1.0,0,0,1.8,1.8,0.15,1.2,1.2,Match Report,2025,Nottingham Forest
69,100,24,2025-01-25,15:00,Premier League,Matchweek 23,Sat,Away,L,0.0,5.0,Bournemouth,0,18.0,4.0,22.2,0.0,0.0,18.0,2.0,0,0,1.0,1.0,0.05,-1.0,-1.0,Match Report,2025,Nottingham Forest
70,101,25,2025-02-01,12:30,Premier League,Matchweek 24,Sat,Home,W,7.0,0.0,Brighton,6,13.0,8.0,61.5,0.38,0.63,13.4,0.0,1,1,3.3,2.5,0.2,2.7,2.5,Match Report,2025,Nottingham Forest
71,103,0,2024-08-18,16:30,Premier League,Matchweek 1,Sun,Home,L,0.0,2.0,Manchester City,0,10.0,3.0,30.0,0.0,0.0,17.1,0.0,0,0,1.0,1.0,0.1,-1.0,-1.0,Match Report,2025,Chelsea
72,105,2,2024-08-25,14:00,Premier League,Matchweek 2,Sun,Away,W,6.0,2.0,Wolves,6,14.0,8.0,57.1,0.43,0.75,15.4,1.0,0,0,1.6,1.6,0.12,4.4,4.4,Match Report,2025,Chelsea
73,107,4,2024-09-01,13:30,Premier League,Matchweek 3,Sun,Home,D,1.0,1.0,Crystal Palace,1,13.0,7.0,53.8,0.08,0.14,15.9,1.0,0,0,2.4,2.4,0.18,-1.4,-1.4,Match Report,2025,Chelsea
74,108,5,2024-09-14,20:00,Premier League,Matchweek 4,Sat,Away,W,1.0,0.0,Bournemouth,1,10.0,3.0,30.0,0.1,0.33,18.2,0.0,0,0,0.8,0.8,0.08,0.2,0.2,Match Report,2025,Chelsea
75,109,6,2024-09-21,12:30,Premier League,Matchweek 5,Sat,Away,W,3.0,0.0,West Ham,3,12.0,5.0,41.7,0.25,0.6,15.0,0.0,0,0,2.2,2.2,0.18,0.8,0.8,Match Report,2025,Chelsea
76,111,8,2024-09-28,15:00,Premier League,Matchweek 6,Sat,Home,W,4.0,2.0,Brighton,4,14.0,5.0,35.7,0.21,0.6,15.7,1.0,1,1,4.2,3.4,0.24,-0.2,-0.4,Match Report,2025,Chelsea
77,113,10,2024-10-06,14:00,Premier League,Matchweek 7,Sun,Home,D,1.0,1.0,Nott'ham Forest,1,22.0,8.0,36.4,0.05,0.13,17.2,0.0,0,0,2.3,2.3,0.11,-1.3,-1.3,Match Report,2025,Chelsea
78,114,11,2024-10-20,16:30,Premier League,Matchweek 8,Sun,Away,L,1.0,2.0,Liverpool,1,12.0,2.0,16.7,0.08,0.5,16.1,1.0,0,0,1.0,1.0,0.08,0.0,0.0,Match Report,2025,Chelsea
79,116,13,2024-10-27,14:00,Premier League,Matchweek 9,Sun,Home,W,2.0,1.0,Newcastle Utd,2,17.0,7.0,41.2,0.12,0.29,16.7,0.0,0,0,1.6,1.6,0.09,0.4,0.4,Match Report,2025,Chelsea
80,118,15,2024-11-03,16:30,Premier League,Matchweek 10,Sun,Away,D,1.0,1.0,Manchester Utd,1,12.0,3.0,25.0,0.08,0.33,16.0,0.0,0,0,1.1,1.1,0.09,-0.1,-0.1,Match Report,2025,Chelsea
81,120,17,2024-11-10,16:30,Premier League,Matchweek 11,Sun,Home,D,1.0,1.0,Arsenal,1,17.0,3.0,17.6,0.06,0.33,20.8,3.0,0,0,1.5,1.5,0.09,-0.5,-0.5,Match Report,2025,Chelsea
82,121,18,2024-11-23,12:30,Premier League,Matchweek 12,Sat,Away,W,2.0,1.0,Leicester City,2,16.0,6.0,37.5,0.13,0.33,14.2,0.0,0,0,2.7,2.7,0.18,-0.7,-0.7,Match Report,2025,Chelsea
83,123,20,2024-12-01,13:30,Premier League,Matchweek 13,Sun,Home,W,3.0,0.0,Aston Villa,3,17.0,8.0,47.1,0.18,0.38,15.8,0.0,0,0,1.6,1.6,0.1,1.4,1.4,Match Report,2025,Chelsea
84,124,21,2024-12-04,19:30,Premier League,Matchweek 14,Wed,Away,W,5.0,1.0,Southampton,5,26.0,11.0,42.3,0.19,0.45,12.6,1.0,0,0,5.2,5.2,0.21,-0.2,-0.2,Match Report,2025,Chelsea
85,125,22,2024-12-08,16:30,Premier League,Matchweek 15,Sun,Away,W,4.0,3.0,Tottenham,4,15.0,6.0,40.0,0.13,0.33,17.9,0.0,2,2,2.8,1.2,0.08,1.2,0.8,Match Report,2025,Chelsea
86,127,24,2024-12-15,19:00,Premier League,Matchweek 16,Sun,Home,W,2.0,1.0,Brentford,2,26.0,8.0,30.8,0.08,0.25,16.2,0.0,0,0,2.2,2.2,0.09,-0.2,-0.2,Match Report,2025,Chelsea
87,129,26,2024-12-22,14:00,Premier League,Matchweek 17,Sun,Away,D,0.0,0.0,Everton,0,12.0,4.0,33.3,0.0,0.0,16.8,2.0,0,0,1.2,1.2,0.11,-1.2,-1.2,Match Report,2025,Chelsea
88,130,27,2024-12-26,15:00,Premier League,Matchweek 18,Thu,Home,L,1.0,2.0,Fulham,1,12.0,8.0,66.7,0.08,0.13,18.7,1.0,0,0,1.1,1.1,0.09,-0.1,-0.1,Match Report,2025,Chelsea
89,131,28,2024-12-30,19:45,Premier League,Matchweek 19,Mon,Away,L,0.0,2.0,Ipswich Town,0,20.0,4.0,20.0,0.0,0.0,17.1,0.0,0,0,2.0,2.0,0.1,-2.0,-2.0,Match Report,2025,Chelsea
90,132,29,2025-01-04,15:00,Premier League,Matchweek 20,Sat,Away,D,1.0,1.0,Crystal Palace,1,15.0,1.0,6.7,0.07,1.0,16.2,0.0,0,0,1.2,1.2,0.08,-0.2,-0.2,Match Report,2025,Chelsea
91,134,31,2025-01-14,19:30,Premier League,Matchweek 21,Tue,Home,D,2.0,2.0,Bournemouth,2,26.0,10.0,38.5,0.08,0.2,16.6,2.0,0,0,2.5,2.5,0.1,-0.5,-0.5,Match Report,2025,Chelsea
92,135,32,2025-01-20,20:00,Premier League,Matchweek 22,Mon,Home,W,3.0,1.0,Wolves,3,19.0,6.0,31.6,0.16,0.5,14.0,0.0,0,0,3.1,3.1,0.17,-0.1,-0.1,Match Report,2025,Chelsea
93,136,33,2025-01-25,17:30,Premier League,Matchweek 23,Sat,Away,L,1.0,3.0,Manchester City,1,10.0,4.0,40.0,0.1,0.25,16.5,0.0,0,0,1.8,1.8,0.18,-0.8,-0.8,Match Report,2025,Chelsea
94,137,34,2025-02-03,20:00,Premier League,Matchweek 24,Mon,Home,W,2.0,1.0,West Ham,1,22.0,3.0,13.6,0.05,0.33,17.0,1.0,0,0,1.6,1.6,0.08,-0.6,-0.6,Match Report,2025,Chelsea
95,140,1,2024-08-18,16:30,Premier League,Matchweek 1,Sun,Away,W,2.0,0.0,Chelsea,2,11.0,5.0,45.5,0.18,0.4,19.1,0.0,0,0,0.8,0.8,0.07,1.2,1.2,Match Report,2025,Manchester City
96,141,2,2024-08-24,15:00,Premier League,Matchweek 2,Sat,Home,W,4.0,1.0,Ipswich Town,4,13.0,4.0,30.8,0.23,0.75,17.8,1.0,1,1,3.3,2.6,0.2,0.7,0.4,Match Report,2025,Manchester City
97,142,3,2024-08-31,17:30,Premier League,Matchweek 3,Sat,Away,W,3.0,1.0,West Ham,3,23.0,8.0,34.8,0.13,0.38,15.0,1.0,0,0,3.0,3.0,0.13,0.0,0.0,Match Report,2025,Manchester City
98,143,4,2024-09-14,15:00,Premier League,Matchweek 4,Sat,Home,W,2.0,1.0,Brentford,2,18.0,7.0,38.9,0.11,0.29,17.2,0.0,0,0,2.1,2.1,0.12,-0.1,-0.1,Match Report,2025,Manchester City
99,145,6,2024-09-22,16:30,Premier League,Matchweek 5,Sun,Home,D,2.0,2.0,Arsenal,2,33.0,11.0,33.3,0.06,0.18,20.2,1.0,0,0,2.1,2.1,0.07,-0.1,-0.1,Match Report,2025,Manchester City
100,147,8,2024-09-28,12:30,Premier League,Matchweek 6,Sat,Away,D,1.0,1.0,Newcastle Utd,1,16.0,6.0,37.5,0.06,0.17,17.6,0.0,0,0,0.9,0.9,0.06,0.1,0.1,Match Report,2025,Manchester City
101,149,10,2024-10-05,15:00,Premier League,Matchweek 7,Sat,Home,W,3.0,2.0,Fulham,3,20.0,7.0,35.0,0.15,0.43,17.6,1.0,0,0,1.6,1.6,0.08,1.4,1.4,Match Report,2025,Manchester City
102,150,11,2024-10-20,14:00,Premier League,Matchweek 8,Sun,Away,W,2.0,1.0,Wolves,2,22.0,7.0,31.8,0.09,0.29,18.3,2.0,0,0,1.6,1.6,0.07,0.4,0.4,Match Report,2025,Manchester City
103,152,13,2024-10-26,15:00,Premier League,Matchweek 9,Sat,Home,W,1.0,0.0,Southampton,1,22.0,7.0,31.8,0.05,0.14,16.6,0.0,0,0,2.9,2.9,0.13,-1.9,-1.9,Match Report,2025,Manchester City
104,154,15,2024-11-02,15:00,Premier League,Matchweek 10,Sat,Away,L,1.0,2.0,Bournemouth,1,18.0,4.0,22.2,0.06,0.25,14.5,0.0,0,0,1.6,1.6,0.09,-0.6,-0.6,Match Report,2025,Manchester City
105,156,17,2024-11-09,17:30,Premier League,Matchweek 11,Sat,Away,L,1.0,2.0,Brighton,1,15.0,6.0,40.0,0.07,0.17,14.1,0.0,0,0,2.1,2.1,0.18,-1.1,-1.1,Match Report,2025,Manchester City
106,157,18,2024-11-23,17:30,Premier League,Matchweek 12,Sat,Home,L,0.0,4.0,Tottenham,0,23.0,5.0,21.7,0.0,0.0,14.4,0.0,0,0,2.1,2.1,0.09,-2.1,-2.1,Match Report,2025,Manchester City
107,159,20,2024-12-01,16:00,Premier League,Matchweek 13,Sun,Away,L,0.0,2.0,Liverpool,0,8.0,2.0,25.0,0.0,0.0,16.2,0.0,0,0,0.8,0.8,0.1,-0.8,-0.8,Match Report,2025,Manchester City
108,160,21,2024-12-04,19:30,Premier League,Matchweek 14,Wed,Home,W,3.0,0.0,Nott'ham Forest,3,17.0,6.0,35.3,0.18,0.5,15.2,1.0,0,0,2.4,2.4,0.14,0.6,0.6,Match Report,2025,Manchester City
109,161,22,2024-12-07,15:00,Premier League,Matchweek 15,Sat,Away,D,2.0,2.0,Crystal Palace,2,12.0,4.0,33.3,0.17,0.5,15.1,0.0,0,0,1.4,1.4,0.12,0.6,0.6,Match Report,2025,Manchester City
110,163,24,2024-12-15,16:30,Premier League,Matchweek 16,Sun,Home,L,1.0,2.0,Manchester Utd,1,10.0,3.0,30.0,0.1,0.33,18.7,0.0,0,0,0.9,0.9,0.1,0.1,0.1,Match Report,2025,Manchester City
111,164,25,2024-12-21,12:30,Premier League,Matchweek 17,Sat,Away,L,1.0,2.0,Aston Villa,1,12.0,6.0,50.0,0.08,0.17,18.4,0.0,0,0,1.0,1.0,0.09,0.0,0.0,Match Report,2025,Manchester City
112,165,26,2024-12-26,12:30,Premier League,Matchweek 18,Thu,Home,D,1.0,1.0,Everton,1,23.0,4.0,17.4,0.04,0.25,17.2,1.0,0,1,2.1,1.2,0.05,-1.1,-0.2,Match Report,2025,Manchester City
113,166,27,2024-12-29,14:30,Premier League,Matchweek 19,Sun,Away,W,2.0,0.0,Leicester City,2,14.0,5.0,35.7,0.14,0.4,18.3,1.0,0,0,1.3,1.3,0.09,0.7,0.7,Match Report,2025,Manchester City
114,167,28,2025-01-04,15:00,Premier League,Matchweek 20,Sat,Home,W,4.0,1.0,West Ham,3,10.0,7.0,70.0,0.3,0.43,16.6,0.0,0,0,1.9,1.9,0.19,1.1,1.1,Match Report,2025,Manchester City
115,169,30,2025-01-14,19:30,Premier League,Matchweek 21,Tue,Away,D,2.0,2.0,Brentford,2,21.0,8.0,38.1,0.1,0.25,15.1,0.0,0,0,2.2,2.2,0.11,-0.2,-0.2,Match Report,2025,Manchester City
116,170,31,2025-01-19,16:30,Premier League,Matchweek 22,Sun,Away,W,6.0,0.0,Ipswich Town,6,17.0,9.0,52.9,0.35,0.67,14.9,0.0,0,0,3.0,3.0,0.18,3.0,3.0,Match Report,2025,Manchester City
117,172,33,2025-01-25,17:30,Premier League,Matchweek 23,Sat,Home,W,3.0,1.0,Chelsea,3,15.0,6.0,40.0,0.2,0.5,17.1,1.0,0,0,2.2,2.2,0.17,0.8,0.8,Match Report,2025,Manchester City
118,174,35,2025-02-02,16:30,Premier League,Matchweek 24,Sun,Away,L,1.0,5.0,Arsenal,1,7.0,4.0,57.1,0.14,0.25,12.6,0.0,0,0,0.8,0.8,0.12,0.2,0.2,Match Report,2025,Manchester City
119,176,0,2024-08-17,15:00,Premier League,Matchweek 1,Sat,Home,W,1.0,0.0,Southampton,1,3.0,1.0,33.3,0.33,1.0,13.2,0.0,0,0,0.3,0.3,0.08,0.7,0.7,Match Report,2025,Newcastle United
120,177,1,2024-08-25,14:00,Premier League,Matchweek 2,Sun,Away,D,1.0,1.0,Bournemouth,1,14.0,5.0,35.7,0.07,0.2,12.6,0.0,0,0,1.6,1.6,0.12,-0.6,-0.6,Match Report,2025,Newcastle United
121,179,3,2024-09-01,13:30,Premier League,Matchweek 3,Sun,Home,W,2.0,1.0,Tottenham,2,9.0,3.0,33.3,0.22,0.67,14.0,0.0,0,0,1.8,1.8,0.2,0.2,0.2,Match Report,2025,Newcastle United
122,180,4,2024-09-15,16:30,Premier League,Matchweek 4,Sun,Away,W,2.0,1.0,Wolves,2,14.0,6.0,42.9,0.14,0.33,17.9,0.0,0,0,1.5,1.5,0.11,0.5,0.5,Match Report,2025,Newcastle United
123,181,5,2024-09-21,15:00,Premier League,Matchweek 5,Sat,Away,L,1.0,3.0,Fulham,1,16.0,5.0,31.3,0.06,0.2,16.9,1.0,0,0,1.5,1.5,0.1,-0.5,-0.5,Match Report,2025,Newcastle United
124,182,6,2024-09-28,12:30,Premier League,Matchweek 6,Sat,Home,D,1.0,1.0,Manchester City,1,10.0,3.0,30.0,0.0,0.0,15.1,0.0,1,1,1.6,0.8,0.08,-0.6,-0.8,Match Report,2025,Newcastle United
125,184,8,2024-10-05,17:30,Premier League,Matchweek 7,Sat,Away,D,0.0,0.0,Everton,0,13.0,1.0,7.7,0.0,0.0,13.8,0.0,0,1,2.1,1.3,0.1,-2.1,-1.3,Match Report,2025,Newcastle United
126,185,9,2024-10-19,15:00,Premier League,Matchweek 8,Sat,Home,L,0.0,1.0,Brighton,0,21.0,6.0,28.6,0.0,0.0,17.3,2.0,0,0,2.0,2.0,0.1,-2.0,-2.0,Match Report,2025,Newcastle United
127,186,10,2024-10-27,14:00,Premier League,Matchweek 9,Sun,Away,L,1.0,2.0,Chelsea,1,11.0,2.0,18.2,0.09,0.5,14.0,1.0,0,0,1.8,1.8,0.16,-0.8,-0.8,Match Report,2025,Newcastle United
128,188,12,2024-11-02,12:30,Premier League,Matchweek 10,Sat,Home,W,1.0,0.0,Arsenal,1,9.0,4.0,44.4,0.11,0.25,14.6,0.0,0,0,0.5,0.5,0.06,0.5,0.5,Match Report,2025,Newcastle United
129,189,13,2024-11-10,14:00,Premier League,Matchweek 11,Sun,Away,W,3.0,1.0,Nott'ham Forest,3,17.0,6.0,35.3,0.18,0.5,16.1,0.0,0,0,1.6,1.6,0.1,1.4,1.4,Match Report,2025,Newcastle United
130,190,14,2024-11-25,20:00,Premier League,Matchweek 12,Mon,Home,L,0.0,2.0,West Ham,0,18.0,2.0,11.1,0.0,0.0,16.1,0.0,0,0,1.6,1.6,0.09,-1.6,-1.6,Match Report,2025,Newcastle United
131,191,15,2024-11-30,15:00,Premier League,Matchweek 13,Sat,Away,D,1.0,1.0,Crystal Palace,0,1.0,0.0,0.0,0.0,,6.9,0.0,0,0,0.0,0.0,0.04,0.0,0.0,Match Report,2025,Newcastle United
132,192,16,2024-12-04,19:30,Premier League,Matchweek 14,Wed,Home,D,3.0,3.0,Liverpool,3,17.0,6.0,35.3,0.18,0.5,19.1,1.0,0,0,2.1,2.1,0.12,0.9,0.9,Match Report,2025,Newcastle United
133,193,17,2024-12-07,15:00,Premier League,Matchweek 15,Sat,Away,L,2.0,4.0,Brentford,2,16.0,3.0,18.8,0.13,0.67,16.2,0.0,0,0,1.5,1.5,0.09,0.5,0.5,Match Report,2025,Newcastle United
134,194,18,2024-12-14,15:00,Premier League,Matchweek 16,Sat,Home,W,4.0,0.0,Leicester City,4,27.0,11.0,40.7,0.15,0.36,15.1,1.0,0,0,3.8,3.8,0.14,0.2,0.2,Match Report,2025,Newcastle United
135,196,20,2024-12-21,15:00,Premier League,Matchweek 17,Sat,Away,W,4.0,0.0,Ipswich Town,4,15.0,7.0,46.7,0.27,0.57,14.1,0.0,0,0,2.3,2.3,0.16,1.7,1.7,Match Report,2025,Newcastle United
136,197,21,2024-12-26,15:00,Premier League,Matchweek 18,Thu,Home,W,3.0,0.0,Aston Villa,3,22.0,7.0,31.8,0.14,0.43,15.8,1.0,0,0,2.7,2.7,0.13,0.3,0.3,Match Report,2025,Newcastle United
137,198,22,2024-12-30,20:00,Premier League,Matchweek 19,Mon,Away,W,2.0,0.0,Manchester Utd,2,12.0,4.0,33.3,0.17,0.5,15.2,0.0,0,0,1.9,1.9,0.16,0.1,0.1,Match Report,2025,Newcastle United
138,199,23,2025-01-04,12:30,Premier League,Matchweek 20,Sat,Away,W,2.0,1.0,Tottenham,2,14.0,4.0,28.6,0.14,0.5,14.2,0.0,0,0,2.5,2.5,0.18,-0.5,-0.5,Match Report,2025,Newcastle United
139,202,26,2025-01-15,19:30,Premier League,Matchweek 21,Wed,Home,W,3.0,0.0,Wolves,3,17.0,5.0,29.4,0.18,0.6,17.0,0.0,0,0,2.1,2.1,0.12,0.9,0.9,Match Report,2025,Newcastle United
140,203,27,2025-01-18,12:30,Premier League,Matchweek 22,Sat,Home,L,1.0,4.0,Bournemouth,1,13.0,4.0,30.8,0.08,0.25,19.0,1.0,0,0,0.8,0.8,0.06,0.2,0.2,Match Report,2025,Newcastle United
141,204,28,2025-01-25,15:00,Premier League,Matchweek 23,Sat,Away,W,3.0,1.0,Southampton,3,16.0,7.0,43.8,0.13,0.29,19.3,0.0,1,1,2.9,2.1,0.13,0.1,-0.1,Match Report,2025,Newcastle United
142,205,29,2025-02-01,15:00,Premier League,Matchweek 24,Sat,Home,L,1.0,2.0,Fulham,1,11.0,4.0,36.4,0.09,0.25,15.3,0.0,0,0,0.8,0.8,0.07,0.2,0.2,Match Report,2025,Newcastle United
143,208,0,2024-08-17,15:00,Premier League,Matchweek 1,Sat,Away,D,1.0,1.0,Nott'ham Forest,1,13.0,4.0,30.8,0.08,0.25,19.6,1.0,0,0,1.2,1.2,0.09,-0.2,-0.2,Match Report,2025,Bournemouth
144,209,1,2024-08-25,14:00,Premier League,Matchweek 2,Sun,Home,D,1.0,1.0,Newcastle Utd,1,16.0,4.0,25.0,0.06,0.25,16.5,1.0,0,0,2.2,2.2,0.14,-1.2,-1.2,Match Report,2025,Bournemouth
145,211,3,2024-08-31,15:00,Premier League,Matchweek 3,Sat,Away,W,3.0,2.0,Everton,3,17.0,7.0,41.2,0.18,0.43,14.9,0.0,0,0,2.4,2.4,0.15,0.6,0.6,Match Report,2025,Bournemouth
146,212,4,2024-09-14,20:00,Premier League,Matchweek 4,Sat,Home,L,0.0,1.0,Chelsea,0,18.0,6.0,33.3,0.0,0.0,22.4,0.0,0,1,1.7,0.9,0.05,-1.7,-0.9,Match Report,2025,Bournemouth
147,213,5,2024-09-21,15:00,Premier League,Matchweek 5,Sat,Away,L,0.0,3.0,Liverpool,0,19.0,6.0,31.6,0.0,0.0,18.7,1.0,0,0,1.1,1.1,0.06,-1.1,-1.1,Match Report,2025,Bournemouth
148,214,6,2024-09-30,20:00,Premier League,Matchweek 6,Mon,Home,W,3.0,1.0,Southampton,3,14.0,6.0,42.9,0.21,0.5,18.8,0.0,0,0,1.3,1.3,0.1,1.7,1.7,Match Report,2025,Bournemouth
149,215,7,2024-10-05,15:00,Premier League,Matchweek 7,Sat,Away,L,0.0,1.0,Leicester City,0,19.0,2.0,10.5,0.0,0.0,14.3,0.0,0,0,2.1,2.1,0.11,-2.1,-2.1,Match Report,2025,Bournemouth
150,216,8,2024-10-19,17:30,Premier League,Matchweek 8,Sat,Home,W,2.0,0.0,Arsenal,2,12.0,3.0,25.0,0.08,0.33,18.9,0.0,1,1,1.8,1.0,0.09,0.2,0.0,Match Report,2025,Bournemouth
151,217,9,2024-10-26,15:00,Premier League,Matchweek 9,Sat,Away,D,1.0,1.0,Aston Villa,1,10.0,3.0,30.0,0.1,0.33,21.6,0.0,0,0,0.3,0.3,0.03,0.7,0.7,Match Report,2025,Bournemouth
152,218,10,2024-11-02,15:00,Premier League,Matchweek 10,Sat,Home,W,2.0,1.0,Manchester City,2,12.0,6.0,50.0,0.17,0.33,16.0,0.0,0,0,2.0,2.0,0.18,0.0,0.0,Match Report,2025,Bournemouth
153,219,11,2024-11-09,15:00,Premier League,Matchweek 11,Sat,Away,L,2.0,3.0,Brentford,2,15.0,3.0,20.0,0.13,0.67,14.8,1.0,0,0,2.6,2.6,0.17,-0.6,-0.6,Match Report,2025,Bournemouth
154,220,12,2024-11-23,15:00,Premier League,Matchweek 12,Sat,Home,L,1.0,2.0,Brighton,1,19.0,5.0,26.3,0.05,0.2,15.5,0.0,0,0,1.6,1.6,0.09,-0.6,-0.6,Match Report,2025,Bournemouth
155,221,13,2024-11-30,15:00,Premier League,Matchweek 13,Sat,Away,W,4.0,2.0,Wolves,4,9.0,5.0,55.6,0.11,0.2,21.4,0.0,3,3,3.3,0.9,0.1,0.7,0.1,Match Report,2025,Bournemouth
156,222,14,2024-12-05,20:15,Premier League,Matchweek 14,Thu,Home,W,1.0,0.0,Tottenham,1,21.0,8.0,38.1,0.05,0.13,13.8,0.0,0,0,3.5,3.5,0.18,-2.5,-2.5,Match Report,2025,Bournemouth
157,223,15,2024-12-08,14:00,Premier League,Matchweek 15,Sun,Away,W,2.0,1.0,Ipswich Town,2,22.0,6.0,27.3,0.09,0.33,16.4,0.0,0,0,3.2,3.2,0.15,-1.2,-1.2,Match Report,2025,Bournemouth
158,224,16,2024-12-16,20:00,Premier League,Matchweek 16,Mon,Home,D,1.0,1.0,West Ham,1,29.0,9.0,31.0,0.03,0.11,18.3,1.0,0,0,1.9,1.9,0.07,-0.9,-0.9,Match Report,2025,Bournemouth
159,225,17,2024-12-22,14:00,Premier League,Matchweek 17,Sun,Away,W,3.0,0.0,Manchester Utd,3,9.0,4.0,44.4,0.22,0.5,19.7,0.0,1,1,1.6,0.8,0.09,1.4,1.2,Match Report,2025,Bournemouth
160,226,18,2024-12-26,15:00,Premier League,Matchweek 18,Thu,Home,D,0.0,0.0,Crystal Palace,0,18.0,3.0,16.7,0.0,0.0,14.2,1.0,0,0,1.4,1.4,0.08,-1.4,-1.4,Match Report,2025,Bournemouth
161,227,19,2024-12-29,15:00,Premier League,Matchweek 19,Sun,Away,D,2.0,2.0,Fulham,2,16.0,8.0,50.0,0.13,0.25,13.7,0.0,0,0,2.0,2.0,0.12,0.0,0.0,Match Report,2025,Bournemouth
162,228,20,2025-01-04,15:00,Premier League,Matchweek 20,Sat,Home,W,1.0,0.0,Everton,1,19.0,8.0,42.1,0.05,0.13,14.8,0.0,0,0,1.8,1.8,0.1,-0.8,-0.8,Match Report,2025,Bournemouth
163,230,22,2025-01-14,19:30,Premier League,Matchweek 21,Tue,Away,D,2.0,2.0,Chelsea,2,6.0,2.0,33.3,0.17,0.5,18.6,0.0,1,1,1.2,0.4,0.07,0.8,0.6,Match Report,2025,Bournemouth
164,231,23,2025-01-18,12:30,Premier League,Matchweek 22,Sat,Away,W,4.0,1.0,Newcastle Utd,4,19.0,10.0,52.6,0.21,0.4,13.4,0.0,0,0,2.0,2.0,0.11,2.0,2.0,Match Report,2025,Bournemouth
165,232,24,2025-01-25,15:00,Premier League,Matchweek 23,Sat,Home,W,5.0,0.0,Nott'ham Forest,5,16.0,10.0,62.5,0.31,0.5,16.3,1.0,0,0,1.7,1.7,0.11,3.3,3.3,Match Report,2025,Bournemouth
166,233,25,2025-02-01,15:00,Premier League,Matchweek 24,Sat,Home,L,0.0,2.0,Liverpool,0,14.0,3.0,21.4,0.0,0.0,17.4,0.0,0,0,1.6,1.6,0.11,-1.6,-1.6,Match Report,2025,Bournemouth
167,235,0,2024-08-17,17:30,Premier League,Matchweek 1,Sat,Away,W,2.0,1.0,West Ham,2,15.0,3.0,20.0,0.13,0.67,15.2,0.0,0,0,2.0,2.0,0.14,0.0,0.0,Match Report,2025,Aston Villa
168,236,1,2024-08-24,17:30,Premier League,Matchweek 2,Sat,Home,L,0.0,2.0,Arsenal,0,11.0,3.0,27.3,0.0,0.0,16.0,0.0,0,0,1.2,1.2,0.12,-1.2,-1.2,Match Report,2025,Aston Villa
169,237,2,2024-08-31,15:00,Premier League,Matchweek 3,Sat,Away,W,2.0,1.0,Leicester City,2,10.0,5.0,50.0,0.2,0.4,17.9,0.0,0,0,1.4,1.4,0.16,0.6,0.6,Match Report,2025,Aston Villa
170,238,3,2024-09-14,17:30,Premier League,Matchweek 4,Sat,Home,W,3.0,2.0,Everton,3,17.0,7.0,41.2,0.18,0.43,14.0,0.0,0,0,2.1,2.1,0.13,0.9,0.9,Match Report,2025,Aston Villa
171,240,5,2024-09-21,15:00,Premier League,Matchweek 5,Sat,Home,W,3.0,1.0,Wolves,3,9.0,3.0,33.3,0.33,1.0,13.7,1.0,0,0,1.7,1.7,0.19,1.3,1.3,Match Report,2025,Aston Villa
172,242,7,2024-09-29,14:00,Premier League,Matchweek 6,Sun,Away,D,2.0,2.0,Ipswich Town,2,7.0,3.0,42.9,0.29,0.67,19.0,1.0,0,0,0.8,0.8,0.12,1.2,1.2,Match Report,2025,Aston Villa
173,244,9,2024-10-06,14:00,Premier League,Matchweek 7,Sun,Home,D,0.0,0.0,Manchester Utd,0,11.0,1.0,9.1,0.0,0.0,20.3,1.0,0,0,0.5,0.5,0.05,-0.5,-0.5,Match Report,2025,Aston Villa
174,245,10,2024-10-19,15:00,Premier League,Matchweek 8,Sat,Away,W,3.0,1.0,Fulham,2,14.0,5.0,35.7,0.14,0.4,15.1,1.0,0,0,1.6,1.6,0.12,0.4,0.4,Match Report,2025,Aston Villa
175,247,12,2024-10-26,15:00,Premier League,Matchweek 9,Sat,Home,D,1.0,1.0,Bournemouth,1,18.0,8.0,44.4,0.06,0.13,15.1,0.0,0,0,1.8,1.8,0.1,-0.8,-0.8,Match Report,2025,Aston Villa
176,249,14,2024-11-03,14:00,Premier League,Matchweek 10,Sun,Away,L,1.0,4.0,Tottenham,1,12.0,1.0,8.3,0.08,1.0,16.2,0.0,0,0,1.8,1.8,0.15,-0.8,-0.8,Match Report,2025,Aston Villa
177,251,16,2024-11-09,20:00,Premier League,Matchweek 11,Sat,Away,L,0.0,2.0,Liverpool,0,12.0,2.0,16.7,0.0,0.0,11.6,0.0,0,0,1.2,1.2,0.12,-1.2,-1.2,Match Report,2025,Aston Villa
178,252,17,2024-11-23,15:00,Premier League,Matchweek 12,Sat,Home,D,2.0,2.0,Crystal Palace,2,16.0,4.0,25.0,0.13,0.5,14.9,0.0,0,1,3.0,2.2,0.15,-1.0,-0.2,Match Report,2025,Aston Villa
179,254,19,2024-12-01,13:30,Premier League,Matchweek 13,Sun,Away,L,0.0,3.0,Chelsea,0,10.0,3.0,30.0,0.0,0.0,13.4,0.0,0,0,1.2,1.2,0.12,-1.2,-1.2,Match Report,2025,Aston Villa
180,255,20,2024-12-04,20:15,Premier League,Matchweek 14,Wed,Home,W,3.0,1.0,Brentford,3,19.0,9.0,47.4,0.11,0.22,15.0,0.0,1,1,2.4,1.6,0.09,0.6,0.4,Match Report,2025,Aston Villa
181,256,21,2024-12-07,15:00,Premier League,Matchweek 15,Sat,Home,W,1.0,0.0,Southampton,1,18.0,4.0,22.2,0.06,0.25,14.2,0.0,0,0,2.3,2.3,0.13,-1.3,-1.3,Match Report,2025,Aston Villa
182,258,23,2024-12-14,17:30,Premier League,Matchweek 16,Sat,Away,L,1.0,2.0,Nott'ham Forest,1,8.0,2.0,25.0,0.13,0.5,15.6,0.0,0,0,0.4,0.4,0.05,0.6,0.6,Match Report,2025,Aston Villa
183,259,24,2024-12-21,12:30,Premier League,Matchweek 17,Sat,Home,W,2.0,1.0,Manchester City,2,11.0,6.0,54.5,0.18,0.33,13.9,0.0,0,0,1.6,1.6,0.15,0.4,0.4,Match Report,2025,Aston Villa
184,260,25,2024-12-26,15:00,Premier League,Matchweek 18,Thu,Away,L,0.0,3.0,Newcastle Utd,0,4.0,1.0,25.0,0.0,0.0,17.0,1.0,0,0,0.3,0.3,0.09,-0.3,-0.3,Match Report,2025,Aston Villa
185,261,26,2024-12-30,19:45,Premier League,Matchweek 19,Mon,Home,D,2.0,2.0,Brighton,2,19.0,3.0,15.8,0.05,0.33,17.9,0.0,1,1,1.8,1.0,0.05,0.2,0.0,Match Report,2025,Aston Villa
186,262,27,2025-01-04,15:00,Premier League,Matchweek 20,Sat,Home,W,2.0,1.0,Leicester City,2,13.0,5.0,38.5,0.15,0.4,15.9,0.0,0,0,1.4,1.4,0.12,0.6,0.6,Match Report,2025,Aston Villa
187,264,29,2025-01-15,19:30,Premier League,Matchweek 21,Wed,Away,W,1.0,0.0,Everton,1,11.0,3.0,27.3,0.09,0.33,20.5,1.0,0,0,1.2,1.2,0.11,-0.2,-0.2,Match Report,2025,Aston Villa
188,265,30,2025-01-18,17:30,Premier League,Matchweek 22,Sat,Away,D,2.0,2.0,Arsenal,2,8.0,4.0,50.0,0.25,0.5,16.9,0.0,0,0,1.0,1.0,0.13,1.0,1.0,Match Report,2025,Aston Villa
189,267,32,2025-01-26,16:30,Premier League,Matchweek 23,Sun,Home,D,1.0,1.0,West Ham,1,14.0,4.0,28.6,0.07,0.25,18.0,1.0,0,0,0.9,0.9,0.06,0.1,0.1,Match Report,2025,Aston Villa
190,269,34,2025-02-01,17:30,Premier League,Matchweek 24,Sat,Away,L,0.0,2.0,Wolves,0,10.0,3.0,30.0,0.0,0.0,20.9,0.0,0,0,0.4,0.4,0.04,-0.4,-0.4,Match Report,2025,Aston Villa
191,271,0,2024-08-16,20:00,Premier League,Matchweek 1,Fri,Away,L,0.0,1.0,Manchester Utd,0,10.0,2.0,20.0,0.0,0.0,16.9,0.0,0,0,0.4,0.4,0.04,-0.4,-0.4,Match Report,2025,Fulham
192,272,1,2024-08-24,15:00,Premier League,Matchweek 2,Sat,Home,W,2.0,1.0,Leicester City,2,18.0,6.0,33.3,0.11,0.33,15.8,1.0,0,0,1.8,1.8,0.1,0.2,0.2,Match Report,2025,Fulham
193,274,3,2024-08-31,15:00,Premier League,Matchweek 3,Sat,Away,D,1.0,1.0,Ipswich Town,1,9.0,4.0,44.4,0.11,0.25,13.1,0.0,0,0,0.9,0.9,0.11,0.1,0.1,Match Report,2025,Fulham
194,275,4,2024-09-14,15:00,Premier League,Matchweek 4,Sat,Home,D,1.0,1.0,West Ham,1,21.0,5.0,23.8,0.05,0.2,16.4,2.0,0,0,1.5,1.5,0.07,-0.5,-0.5,Match Report,2025,Fulham
195,277,6,2024-09-21,15:00,Premier League,Matchweek 5,Sat,Home,W,3.0,1.0,Newcastle Utd,3,22.0,11.0,50.0,0.14,0.27,15.4,0.0,0,0,2.2,2.2,0.1,0.8,0.8,Match Report,2025,Fulham
196,278,7,2024-09-28,15:00,Premier League,Matchweek 6,Sat,Away,W,1.0,0.0,Nott'ham Forest,1,13.0,1.0,7.7,0.0,0.0,20.2,0.0,1,1,1.3,0.5,0.04,-0.3,-0.5,Match Report,2025,Fulham
197,279,8,2024-10-05,15:00,Premier League,Matchweek 7,Sat,Away,L,2.0,3.0,Manchester City,2,11.0,4.0,36.4,0.18,0.5,14.0,0.0,0,0,2.6,2.6,0.24,-0.6,-0.6,Match Report,2025,Fulham
198,280,9,2024-10-19,15:00,Premier League,Matchweek 8,Sat,Home,L,1.0,3.0,Aston Villa,1,9.0,3.0,33.3,0.11,0.33,12.3,0.0,0,1,1.8,1.0,0.11,-0.8,0.0,Match Report,2025,Fulham
199,281,10,2024-10-26,17:30,Premier League,Matchweek 9,Sat,Away,D,1.0,1.0,Everton,1,14.0,3.0,21.4,0.07,0.33,18.2,0.0,0,0,1.2,1.2,0.09,-0.2,-0.2,Match Report,2025,Fulham
200,282,11,2024-11-04,20:00,Premier League,Matchweek 10,Mon,Home,W,2.0,1.0,Brentford,2,26.0,12.0,46.2,0.08,0.17,18.3,0.0,0,0,1.3,1.3,0.05,0.7,0.7,Match Report,2025,Fulham
201,283,12,2024-11-09,15:00,Premier League,Matchweek 11,Sat,Away,W,2.0,0.0,Crystal Palace,2,17.0,7.0,41.2,0.12,0.29,17.0,0.0,0,0,1.8,1.8,0.11,0.2,0.2,Match Report,2025,Fulham
202,284,13,2024-11-23,15:00,Premier League,Matchweek 12,Sat,Home,L,1.0,4.0,Wolves,1,10.0,3.0,30.0,0.1,0.33,17.2,0.0,0,0,1.0,1.0,0.1,0.0,0.0,Match Report,2025,Fulham
203,285,14,2024-12-01,13:30,Premier League,Matchweek 13,Sun,Away,D,1.0,1.0,Tottenham,1,14.0,6.0,42.9,0.07,0.17,13.4,0.0,0,0,1.5,1.5,0.11,-0.5,-0.5,Match Report,2025,Fulham
204,286,15,2024-12-05,19:30,Premier League,Matchweek 14,Thu,Home,W,3.0,1.0,Brighton,2,6.0,2.0,33.3,0.33,1.0,14.3,0.0,0,0,1.1,1.1,0.18,0.9,0.9,Match Report,2025,Fulham
205,287,16,2024-12-08,14:00,Premier League,Matchweek 15,Sun,Home,D,1.0,1.0,Arsenal,1,2.0,2.0,100.0,0.5,0.5,14.4,0.0,0,0,0.2,0.2,0.08,0.8,0.8,Match Report,2025,Fulham
206,288,17,2024-12-14,15:00,Premier League,Matchweek 16,Sat,Away,D,2.0,2.0,Liverpool,2,12.0,3.0,25.0,0.17,0.67,16.9,1.0,0,0,1.2,1.2,0.1,0.8,0.8,Match Report,2025,Fulham
207,289,18,2024-12-22,14:00,Premier League,Matchweek 17,Sun,Home,D,0.0,0.0,Southampton,0,15.0,5.0,33.3,0.0,0.0,20.0,0.0,0,0,0.9,0.9,0.06,-0.9,-0.9,Match Report,2025,Fulham
208,290,19,2024-12-26,15:00,Premier League,Matchweek 18,Thu,Away,W,2.0,1.0,Chelsea,2,14.0,7.0,50.0,0.14,0.29,16.2,1.0,0,0,1.8,1.8,0.13,0.2,0.2,Match Report,2025,Fulham
209,291,20,2024-12-29,15:00,Premier League,Matchweek 19,Sun,Home,D,2.0,2.0,Bournemouth,2,11.0,6.0,54.5,0.18,0.33,16.1,0.0,0,0,1.1,1.1,0.1,0.9,0.9,Match Report,2025,Fulham
210,292,21,2025-01-05,14:00,Premier League,Matchweek 20,Sun,Home,D,2.0,2.0,Ipswich Town,2,13.0,2.0,15.4,0.0,0.0,20.4,0.0,2,2,2.2,0.6,0.05,-0.2,-0.6,Match Report,2025,Fulham
211,294,23,2025-01-14,19:30,Premier League,Matchweek 21,Tue,Away,L,2.0,3.0,West Ham,2,21.0,4.0,19.0,0.1,0.5,17.9,1.0,0,0,1.7,1.7,0.09,0.3,0.3,Match Report,2025,Fulham
212,295,24,2025-01-18,15:00,Premier League,Matchweek 22,Sat,Away,W,2.0,0.0,Leicester City,2,17.0,2.0,11.8,0.12,1.0,14.1,1.0,0,0,2.0,2.0,0.13,0.0,0.0,Match Report,2025,Fulham
213,296,25,2025-01-26,19:00,Premier League,Matchweek 23,Sun,Home,L,0.0,1.0,Manchester Utd,0,9.0,2.0,22.2,0.0,0.0,14.5,0.0,0,0,0.7,0.7,0.07,-0.7,-0.7,Match Report,2025,Fulham
214,297,26,2025-02-01,15:00,Premier League,Matchweek 24,Sat,Away,W,2.0,1.0,Newcastle Utd,2,15.0,4.0,26.7,0.13,0.5,16.2,0.0,0,0,1.6,1.6,0.1,0.4,0.4,Match Report,2025,Fulham
215,299,0,2024-08-17,15:00,Premier League,Matchweek 1,Sat,Away,W,3.0,0.0,Everton,3,10.0,5.0,50.0,0.3,0.6,13.8,0.0,0,0,1.4,1.4,0.14,1.6,1.6,Match Report,2025,Brighton and Hove Albion
216,300,1,2024-08-24,12:30,Premier League,Matchweek 2,Sat,Home,W,2.0,1.0,Manchester Utd,2,14.0,4.0,28.6,0.14,0.5,14.2,1.0,0,0,2.1,2.1,0.15,-0.1,-0.1,Match Report,2025,Brighton and Hove Albion
217,302,3,2024-08-31,12:30,Premier League,Matchweek 3,Sat,Away,D,1.0,1.0,Arsenal,1,22.0,4.0,18.2,0.05,0.25,19.3,0.0,0,0,1.7,1.7,0.08,-0.7,-0.7,Match Report,2025,Brighton and Hove Albion
218,303,4,2024-09-14,15:00,Premier League,Matchweek 4,Sat,Home,D,0.0,0.0,Ipswich Town,0,21.0,6.0,28.6,0.0,0.0,18.5,2.0,0,0,1.6,1.6,0.09,-1.6,-1.6,Match Report,2025,Brighton and Hove Albion
219,305,6,2024-09-22,14:00,Premier League,Matchweek 5,Sun,Home,D,2.0,2.0,Nott'ham Forest,2,14.0,3.0,21.4,0.14,0.67,17.4,1.0,0,0,1.0,1.0,0.07,1.0,1.0,Match Report,2025,Brighton and Hove Albion
220,306,7,2024-09-28,15:00,Premier League,Matchweek 6,Sat,Away,L,2.0,4.0,Chelsea,2,15.0,5.0,33.3,0.13,0.4,20.1,2.0,0,0,1.1,1.1,0.07,0.9,0.9,Match Report,2025,Brighton and Hove Albion
221,307,8,2024-10-06,16:30,Premier League,Matchweek 7,Sun,Home,W,3.0,2.0,Tottenham,3,11.0,4.0,36.4,0.27,0.75,14.8,0.0,0,0,1.8,1.8,0.16,1.2,1.2,Match Report,2025,Brighton and Hove Albion
222,308,9,2024-10-19,15:00,Premier League,Matchweek 8,Sat,Away,W,1.0,0.0,Newcastle Utd,1,10.0,5.0,50.0,0.1,0.2,16.0,0.0,0,0,1.1,1.1,0.11,-0.1,-0.1,Match Report,2025,Brighton and Hove Albion
223,309,10,2024-10-26,15:00,Premier League,Matchweek 9,Sat,Home,D,2.0,2.0,Wolves,2,19.0,6.0,31.6,0.11,0.33,17.5,1.0,0,0,1.3,1.3,0.07,0.7,0.7,Match Report,2025,Brighton and Hove Albion
224,311,12,2024-11-02,15:00,Premier League,Matchweek 10,Sat,Away,L,1.0,2.0,Liverpool,1,13.0,5.0,38.5,0.08,0.2,19.6,2.0,0,0,1.0,1.0,0.08,0.0,0.0,Match Report,2025,Brighton and Hove Albion
225,312,13,2024-11-09,17:30,Premier League,Matchweek 11,Sat,Home,W,2.0,1.0,Manchester City,2,10.0,4.0,40.0,0.2,0.5,13.5,1.0,0,0,2.3,2.3,0.23,-0.3,-0.3,Match Report,2025,Brighton and Hove Albion
226,313,14,2024-11-23,15:00,Premier League,Matchweek 12,Sat,Away,W,2.0,1.0,Bournemouth,2,6.0,4.0,66.7,0.33,0.5,13.9,0.0,0,0,0.9,0.9,0.16,1.1,1.1,Match Report,2025,Brighton and Hove Albion
227,314,15,2024-11-29,20:00,Premier League,Matchweek 13,Fri,Home,D,1.0,1.0,Southampton,1,22.0,5.0,22.7,0.05,0.2,16.5,0.0,0,0,1.7,1.7,0.08,-0.7,-0.7,Match Report,2025,Brighton and Hove Albion
228,315,16,2024-12-05,19:30,Premier League,Matchweek 14,Thu,Away,L,1.0,3.0,Fulham,1,13.0,3.0,23.1,0.08,0.33,16.7,1.0,0,0,1.4,1.4,0.11,-0.4,-0.4,Match Report,2025,Brighton and Hove Albion
229,316,17,2024-12-08,14:00,Premier League,Matchweek 15,Sun,Away,D,2.0,2.0,Leicester City,2,16.0,7.0,43.8,0.13,0.29,19.0,2.0,0,0,1.5,1.5,0.1,0.5,0.5,Match Report,2025,Brighton and Hove Albion
230,317,18,2024-12-15,14:00,Premier League,Matchweek 16,Sun,Home,L,1.0,3.0,Crystal Palace,0,17.0,5.0,29.4,0.0,0.0,20.6,1.0,0,0,1.0,1.0,0.06,-1.0,-1.0,Match Report,2025,Brighton and Hove Albion
231,318,19,2024-12-21,15:00,Premier League,Matchweek 17,Sat,Away,D,1.0,1.0,West Ham,1,12.0,6.0,50.0,0.08,0.17,15.0,0.0,0,0,0.9,0.9,0.08,0.1,0.1,Match Report,2025,Brighton and Hove Albion
232,319,20,2024-12-27,19:30,Premier League,Matchweek 18,Fri,Home,D,0.0,0.0,Brentford,0,24.0,7.0,29.2,0.0,0.0,18.0,1.0,0,0,1.3,1.3,0.05,-1.3,-1.3,Match Report,2025,Brighton and Hove Albion
233,320,21,2024-12-30,19:45,Premier League,Matchweek 19,Mon,Away,D,2.0,2.0,Aston Villa,2,13.0,4.0,30.8,0.15,0.5,19.1,0.0,0,0,1.1,1.1,0.09,0.9,0.9,Match Report,2025,Brighton and Hove Albion
234,321,22,2025-01-04,17:30,Premier League,Matchweek 20,Sat,Home,D,1.0,1.0,Arsenal,1,10.0,3.0,30.0,0.0,0.0,21.3,1.0,1,1,1.5,0.7,0.07,-0.5,-0.7,Match Report,2025,Brighton and Hove Albion
235,323,24,2025-01-16,19:30,Premier League,Matchweek 21,Thu,Away,W,2.0,0.0,Ipswich Town,2,11.0,5.0,45.5,0.18,0.4,14.1,0.0,0,0,1.0,1.0,0.09,1.0,1.0,Match Report,2025,Brighton and Hove Albion
236,324,25,2025-01-19,14:00,Premier League,Matchweek 22,Sun,Away,W,3.0,1.0,Manchester Utd,3,6.0,3.0,50.0,0.5,1.0,15.3,0.0,0,0,1.9,1.9,0.32,1.1,1.1,Match Report,2025,Brighton and Hove Albion
237,325,26,2025-01-25,15:00,Premier League,Matchweek 23,Sat,Home,L,0.0,1.0,Everton,0,16.0,1.0,6.3,0.0,0.0,19.6,0.0,0,0,0.7,0.7,0.05,-0.7,-0.7,Match Report,2025,Brighton and Hove Albion
238,326,27,2025-02-01,12:30,Premier League,Matchweek 24,Sat,Away,L,0.0,7.0,Nott'ham Forest,0,10.0,5.0,50.0,0.0,0.0,17.9,1.0,0,0,0.9,0.9,0.09,-0.9,-0.9,Match Report,2025,Brighton and Hove Albion
239,328,0,2024-08-18,14:00,Premier League,Matchweek 1,Sun,Home,W,2.0,1.0,Crystal Palace,2,9.0,5.0,55.6,0.22,0.4,12.5,0.0,0,0,1.6,1.6,0.2,0.4,0.4,Match Report,2025,Brentford
240,329,1,2024-08-25,16:30,Premier League,Matchweek 2,Sun,Away,L,0.0,2.0,Liverpool,0,8.0,2.0,25.0,0.0,0.0,18.1,0.0,0,0,0.5,0.5,0.07,-0.5,-0.5,Match Report,2025,Brentford
241,331,3,2024-08-31,15:00,Premier League,Matchweek 3,Sat,Home,W,3.0,1.0,Southampton,3,20.0,7.0,35.0,0.15,0.43,14.5,0.0,0,0,2.8,2.8,0.14,0.2,0.2,Match Report,2025,Brentford
242,332,4,2024-09-14,15:00,Premier League,Matchweek 4,Sat,Away,L,1.0,2.0,Manchester City,1,8.0,5.0,62.5,0.13,0.2,12.9,0.0,0,0,1.0,1.0,0.12,0.0,0.0,Match Report,2025,Brentford
243,334,6,2024-09-21,15:00,Premier League,Matchweek 5,Sat,Away,L,1.0,3.0,Tottenham,1,6.0,6.0,100.0,0.17,0.17,14.4,0.0,0,0,0.8,0.8,0.13,0.2,0.2,Match Report,2025,Brentford
244,335,7,2024-09-28,15:00,Premier League,Matchweek 6,Sat,Home,D,1.0,1.0,West Ham,1,8.0,3.0,37.5,0.13,0.33,20.7,1.0,0,0,0.4,0.4,0.05,0.6,0.6,Match Report,2025,Brentford
245,336,8,2024-10-05,15:00,Premier League,Matchweek 7,Sat,Home,W,5.0,3.0,Wolves,5,18.0,11.0,61.1,0.22,0.36,13.0,1.0,1,1,4.2,3.4,0.19,0.8,0.6,Match Report,2025,Brentford
246,337,9,2024-10-19,15:00,Premier League,Matchweek 8,Sat,Away,L,1.0,2.0,Manchester Utd,1,8.0,2.0,25.0,0.13,0.5,17.9,1.0,0,0,0.9,0.9,0.11,0.1,0.1,Match Report,2025,Brentford
247,338,10,2024-10-26,15:00,Premier League,Matchweek 9,Sat,Home,W,4.0,3.0,Ipswich Town,4,19.0,8.0,42.1,0.16,0.38,16.0,1.0,1,1,4.0,3.3,0.17,0.0,-0.3,Match Report,2025,Brentford
248,340,12,2024-11-04,20:00,Premier League,Matchweek 10,Mon,Away,L,1.0,2.0,Fulham,1,5.0,2.0,40.0,0.2,0.5,18.0,0.0,0,0,0.6,0.6,0.13,0.4,0.4,Match Report,2025,Brentford
249,341,13,2024-11-09,15:00,Premier League,Matchweek 11,Sat,Home,W,3.0,2.0,Bournemouth,3,12.0,6.0,50.0,0.25,0.5,14.6,0.0,0,0,1.5,1.5,0.12,1.5,1.5,Match Report,2025,Brentford
250,342,14,2024-11-23,15:00,Premier League,Matchweek 12,Sat,Away,D,0.0,0.0,Everton,0,9.0,2.0,22.2,0.0,0.0,18.4,0.0,0,0,1.1,1.1,0.12,-1.1,-1.1,Match Report,2025,Brentford
251,343,15,2024-11-30,15:00,Premier League,Matchweek 13,Sat,Home,W,4.0,1.0,Leicester City,4,13.0,6.0,46.2,0.31,0.67,16.0,1.0,0,0,2.4,2.4,0.18,1.6,1.6,Match Report,2025,Brentford
252,344,16,2024-12-04,20:15,Premier League,Matchweek 14,Wed,Away,L,1.0,3.0,Aston Villa,1,9.0,1.0,11.1,0.11,1.0,14.0,0.0,0,0,0.9,0.9,0.11,0.1,0.1,Match Report,2025,Brentford
253,345,17,2024-12-07,15:00,Premier League,Matchweek 15,Sat,Home,W,4.0,2.0,Newcastle Utd,4,11.0,7.0,63.6,0.36,0.57,17.6,0.0,0,0,1.2,1.2,0.11,2.8,2.8,Match Report,2025,Brentford
254,346,18,2024-12-15,19:00,Premier League,Matchweek 16,Sun,Away,L,1.0,2.0,Chelsea,1,9.0,4.0,44.4,0.11,0.25,11.9,0.0,0,0,1.6,1.6,0.18,-0.6,-0.6,Match Report,2025,Brentford
255,348,20,2024-12-21,15:00,Premier League,Matchweek 17,Sat,Home,L,0.0,2.0,Nott'ham Forest,0,7.0,3.0,42.9,0.0,0.0,10.8,0.0,0,0,0.7,0.7,0.1,-0.7,-0.7,Match Report,2025,Brentford
256,349,21,2024-12-27,19:30,Premier League,Matchweek 18,Fri,Away,D,0.0,0.0,Brighton,0,8.0,3.0,37.5,0.0,0.0,14.1,0.0,0,0,1.1,1.1,0.13,-1.1,-1.1,Match Report,2025,Brentford
257,350,22,2025-01-01,17:30,Premier League,Matchweek 19,Wed,Home,L,1.0,3.0,Arsenal,1,5.0,2.0,40.0,0.2,0.5,27.9,0.0,0,0,0.3,0.3,0.06,0.7,0.7,Match Report,2025,Brentford
258,351,23,2025-01-04,15:00,Premier League,Matchweek 20,Sat,Away,W,5.0,0.0,Southampton,5,19.0,9.0,47.4,0.21,0.44,13.6,0.0,1,1,4.4,3.6,0.19,0.6,0.4,Match Report,2025,Brentford
259,353,25,2025-01-14,19:30,Premier League,Matchweek 21,Tue,Home,D,2.0,2.0,Manchester City,2,18.0,5.0,27.8,0.11,0.4,14.2,0.0,0,0,2.5,2.5,0.14,-0.5,-0.5,Match Report,2025,Brentford
260,354,26,2025-01-18,15:00,Premier League,Matchweek 22,Sat,Home,L,0.0,2.0,Liverpool,0,11.0,6.0,54.5,0.0,0.0,14.7,0.0,0,0,0.7,0.7,0.07,-0.7,-0.7,Match Report,2025,Brentford
261,355,27,2025-01-26,14:00,Premier League,Matchweek 23,Sun,Away,W,2.0,1.0,Crystal Palace,2,11.0,5.0,45.5,0.09,0.2,20.4,1.0,1,1,1.3,0.5,0.04,0.7,0.5,Match Report,2025,Brentford
262,356,28,2025-02-02,14:00,Premier League,Matchweek 24,Sun,Home,L,0.0,2.0,Tottenham,0,20.0,3.0,15.0,0.0,0.0,15.6,1.0,0,0,2.1,2.1,0.1,-2.1,-2.1,Match Report,2025,Brentford
263,358,0,2024-08-18,14:00,Premier League,Matchweek 1,Sun,Away,L,1.0,2.0,Brentford,0,14.0,6.0,42.9,0.0,0.0,19.2,1.0,0,0,1.2,1.2,0.08,-1.2,-1.2,Match Report,2025,Crystal Palace
264,359,1,2024-08-24,15:00,Premier League,Matchweek 2,Sat,Home,L,0.0,2.0,West Ham,0,14.0,2.0,14.3,0.0,0.0,19.5,0.0,0,0,1.3,1.3,0.1,-1.3,-1.3,Match Report,2025,Crystal Palace
265,361,3,2024-09-01,13:30,Premier League,Matchweek 3,Sun,Away,D,1.0,1.0,Chelsea,1,9.0,3.0,33.3,0.11,0.33,20.6,1.0,0,0,0.5,0.5,0.06,0.5,0.5,Match Report,2025,Crystal Palace
266,362,4,2024-09-14,15:00,Premier League,Matchweek 4,Sat,Home,D,2.0,2.0,Leicester City,2,19.0,3.0,15.8,0.05,0.33,15.4,1.0,1,1,2.5,1.7,0.09,-0.5,-0.7,Match Report,2025,Crystal Palace
267,364,6,2024-09-21,17:30,Premier League,Matchweek 5,Sat,Home,D,0.0,0.0,Manchester Utd,0,9.0,4.0,44.4,0.0,0.0,14.6,0.0,0,0,1.0,1.0,0.12,-1.0,-1.0,Match Report,2025,Crystal Palace
268,365,7,2024-09-28,15:00,Premier League,Matchweek 6,Sat,Away,L,1.0,2.0,Everton,1,17.0,4.0,23.5,0.06,0.25,17.3,1.0,0,0,0.9,0.9,0.06,0.1,0.1,Match Report,2025,Crystal Palace
269,366,8,2024-10-05,12:30,Premier League,Matchweek 7,Sat,Home,L,0.0,1.0,Liverpool,0,9.0,5.0,55.6,0.0,0.0,21.9,0.0,0,0,0.6,0.6,0.07,-0.6,-0.6,Match Report,2025,Crystal Palace
270,367,9,2024-10-21,20:00,Premier League,Matchweek 8,Mon,Away,L,0.0,1.0,Nott'ham Forest,0,20.0,7.0,35.0,0.0,0.0,21.1,0.0,0,0,1.0,1.0,0.05,-1.0,-1.0,Match Report,2025,Crystal Palace
271,368,10,2024-10-27,14:00,Premier League,Matchweek 9,Sun,Home,W,1.0,0.0,Tottenham,1,14.0,6.0,42.9,0.07,0.17,19.6,1.0,0,0,0.8,0.8,0.06,0.2,0.2,Match Report,2025,Crystal Palace
272,370,12,2024-11-02,17:30,Premier League,Matchweek 10,Sat,Away,D,2.0,2.0,Wolves,2,19.0,6.0,31.6,0.11,0.33,13.3,0.0,0,0,2.4,2.4,0.13,-0.4,-0.4,Match Report,2025,Crystal Palace
273,371,13,2024-11-09,15:00,Premier League,Matchweek 11,Sat,Home,L,0.0,2.0,Fulham,0,13.0,4.0,30.8,0.0,0.0,17.1,0.0,0,0,1.5,1.5,0.12,-1.5,-1.5,Match Report,2025,Crystal Palace
274,372,14,2024-11-23,15:00,Premier League,Matchweek 12,Sat,Away,D,2.0,2.0,Aston Villa,2,13.0,6.0,46.2,0.15,0.33,18.3,1.0,0,0,1.3,1.3,0.1,0.7,0.7,Match Report,2025,Crystal Palace
275,373,15,2024-11-30,15:00,Premier League,Matchweek 13,Sat,Home,D,1.0,1.0,Newcastle Utd,1,16.0,3.0,18.8,0.06,0.33,13.6,0.0,0,0,1.7,1.7,0.11,-0.7,-0.7,Match Report,2025,Crystal Palace
276,374,16,2024-12-03,19:30,Premier League,Matchweek 14,Tue,Away,W,1.0,0.0,Ipswich Town,1,13.0,3.0,23.1,0.08,0.33,15.2,0.0,0,0,1.6,1.6,0.13,-0.6,-0.6,Match Report,2025,Crystal Palace
277,375,17,2024-12-07,15:00,Premier League,Matchweek 15,Sat,Home,D,2.0,2.0,Manchester City,2,12.0,3.0,25.0,0.17,0.67,19.1,0.0,0,0,1.3,1.3,0.11,0.7,0.7,Match Report,2025,Crystal Palace
278,376,18,2024-12-15,14:00,Premier League,Matchweek 16,Sun,Away,W,3.0,1.0,Brighton,3,13.0,5.0,38.5,0.23,0.6,12.6,0.0,0,0,2.2,2.2,0.18,0.8,0.8,Match Report,2025,Crystal Palace
279,378,20,2024-12-21,17:30,Premier League,Matchweek 17,Sat,Home,L,1.0,5.0,Arsenal,1,15.0,6.0,40.0,0.07,0.17,16.3,0.0,0,0,1.6,1.6,0.11,-0.6,-0.6,Match Report,2025,Crystal Palace
280,379,21,2024-12-26,15:00,Premier League,Matchweek 18,Thu,Away,D,0.0,0.0,Bournemouth,0,10.0,4.0,40.0,0.0,0.0,19.4,0.0,0,0,0.4,0.4,0.04,-0.4,-0.4,Match Report,2025,Crystal Palace
281,380,22,2024-12-29,15:00,Premier League,Matchweek 19,Sun,Home,W,2.0,1.0,Southampton,2,19.0,9.0,47.4,0.11,0.22,17.4,2.0,0,0,2.0,2.0,0.11,0.0,0.0,Match Report,2025,Crystal Palace
282,381,23,2025-01-04,15:00,Premier League,Matchweek 20,Sat,Home,D,1.0,1.0,Chelsea,1,13.0,6.0,46.2,0.08,0.17,17.0,1.0,0,0,1.1,1.1,0.08,-0.1,-0.1,Match Report,2025,Crystal Palace
283,383,25,2025-01-15,19:30,Premier League,Matchweek 21,Wed,Away,W,2.0,0.0,Leicester City,2,9.0,4.0,44.4,0.22,0.5,13.3,0.0,0,0,1.8,1.8,0.2,0.2,0.2,Match Report,2025,Crystal Palace
284,384,26,2025-01-18,15:00,Premier League,Matchweek 22,Sat,Away,W,2.0,0.0,West Ham,2,11.0,6.0,54.5,0.09,0.17,21.9,0.0,1,1,1.3,0.5,0.05,0.7,0.5,Match Report,2025,Crystal Palace
285,385,27,2025-01-26,14:00,Premier League,Matchweek 23,Sun,Home,L,1.0,2.0,Brentford,1,16.0,5.0,31.3,0.06,0.2,19.5,2.0,0,0,1.1,1.1,0.07,-0.1,-0.1,Match Report,2025,Crystal Palace
286,386,28,2025-02-02,14:00,Premier League,Matchweek 24,Sun,Away,W,2.0,0.0,Manchester Utd,2,11.0,3.0,27.3,0.18,0.67,14.4,0.0,0,0,2.6,2.6,0.24,-0.6,-0.6,Match Report,2025,Crystal Palace
287,389,1,2024-08-16,20:00,Premier League,Matchweek 1,Fri,Home,W,1.0,0.0,Fulham,1,14.0,5.0,35.7,0.07,0.2,17.6,0.0,0,0,2.4,2.4,0.17,-1.4,-1.4,Match Report,2025,Manchester United
288,390,2,2024-08-24,12:30,Premier League,Matchweek 2,Sat,Away,L,1.0,2.0,Brighton,1,11.0,3.0,27.3,0.09,0.33,16.3,0.0,0,0,1.4,1.4,0.13,-0.4,-0.4,Match Report,2025,Manchester United
289,391,3,2024-09-01,16:00,Premier League,Matchweek 3,Sun,Home,L,0.0,3.0,Liverpool,0,8.0,3.0,37.5,0.0,0.0,15.6,0.0,0,0,1.4,1.4,0.17,-1.4,-1.4,Match Report,2025,Manchester United
290,392,4,2024-09-14,12:30,Premier League,Matchweek 4,Sat,Away,W,3.0,0.0,Southampton,3,20.0,10.0,50.0,0.15,0.3,17.4,0.0,0,0,2.6,2.6,0.13,0.4,0.4,Match Report,2025,Manchester United
291,394,6,2024-09-21,17:30,Premier League,Matchweek 5,Sat,Away,D,0.0,0.0,Crystal Palace,0,15.0,6.0,40.0,0.0,0.0,13.9,0.0,0,0,1.6,1.6,0.12,-1.6,-1.6,Match Report,2025,Manchester United
292,396,8,2024-09-29,16:30,Premier League,Matchweek 6,Sun,Home,L,0.0,3.0,Tottenham,0,11.0,2.0,18.2,0.0,0.0,15.1,0.0,0,0,1.0,1.0,0.09,-1.0,-1.0,Match Report,2025,Manchester United
293,398,10,2024-10-06,14:00,Premier League,Matchweek 7,Sun,Away,D,0.0,0.0,Aston Villa,0,10.0,4.0,40.0,0.0,0.0,21.5,1.0,0,0,0.6,0.6,0.06,-0.6,-0.6,Match Report,2025,Manchester United
294,399,11,2024-10-19,15:00,Premier League,Matchweek 8,Sat,Home,W,2.0,1.0,Brentford,2,23.0,11.0,47.8,0.09,0.18,18.7,0.0,0,0,1.3,1.3,0.06,0.7,0.7,Match Report,2025,Manchester United
295,401,13,2024-10-27,14:00,Premier League,Matchweek 9,Sun,Away,L,1.0,2.0,West Ham,1,18.0,5.0,27.8,0.06,0.2,18.0,1.0,0,0,2.3,2.3,0.13,-1.3,-1.3,Match Report,2025,Manchester United
296,403,15,2024-11-03,16:30,Premier League,Matchweek 10,Sun,Home,D,1.0,1.0,Chelsea,1,10.0,3.0,30.0,0.0,0.0,18.3,1.0,1,1,2.0,1.2,0.12,-1.0,-1.2,Match Report,2025,Manchester United
297,405,17,2024-11-10,14:00,Premier League,Matchweek 11,Sun,Home,W,3.0,0.0,Leicester City,2,13.0,3.0,23.1,0.15,0.67,19.3,0.0,0,0,0.8,0.8,0.06,1.2,1.2,Match Report,2025,Manchester United
298,406,18,2024-11-24,16:30,Premier League,Matchweek 12,Sun,Away,D,1.0,1.0,Ipswich Town,1,11.0,4.0,36.4,0.09,0.25,17.6,1.0,0,0,0.8,0.8,0.07,0.2,0.2,Match Report,2025,Manchester United
299,408,20,2024-12-01,13:30,Premier League,Matchweek 13,Sun,Home,W,4.0,0.0,Everton,4,11.0,5.0,45.5,0.36,0.8,15.1,0.0,0,0,1.1,1.1,0.1,2.9,2.9,Match Report,2025,Manchester United
300,409,21,2024-12-04,20:15,Premier League,Matchweek 14,Wed,Away,L,0.0,2.0,Arsenal,0,5.0,2.0,40.0,0.0,0.0,17.7,0.0,0,0,0.2,0.2,0.04,-0.2,-0.2,Match Report,2025,Manchester United
301,410,22,2024-12-07,17:30,Premier League,Matchweek 15,Sat,Home,L,2.0,3.0,Nott'ham Forest,2,17.0,7.0,41.2,0.12,0.29,18.7,1.0,0,0,1.6,1.6,0.1,0.4,0.4,Match Report,2025,Manchester United
302,412,24,2024-12-15,16:30,Premier League,Matchweek 16,Sun,Away,W,2.0,1.0,Manchester City,2,9.0,2.0,22.2,0.11,0.5,17.9,0.0,1,1,2.1,1.3,0.14,-0.1,-0.3,Match Report,2025,Manchester United
303,414,26,2024-12-22,14:00,Premier League,Matchweek 17,Sun,Home,L,0.0,3.0,Bournemouth,0,23.0,7.0,30.4,0.0,0.0,17.7,1.0,0,0,2.2,2.2,0.1,-2.2,-2.2,Match Report,2025,Manchester United
304,415,27,2024-12-26,17:30,Premier League,Matchweek 18,Thu,Away,L,0.0,2.0,Wolves,0,11.0,4.0,36.4,0.0,0.0,19.2,0.0,0,0,0.4,0.4,0.04,-0.4,-0.4,Match Report,2025,Manchester United
305,416,28,2024-12-30,20:00,Premier League,Matchweek 19,Mon,Home,L,0.0,2.0,Newcastle Utd,0,10.0,0.0,0.0,0.0,,16.6,0.0,0,0,0.8,0.8,0.09,-0.8,-0.8,Match Report,2025,Manchester United
306,417,29,2025-01-05,16:30,Premier League,Matchweek 20,Sun,Away,D,2.0,2.0,Liverpool,2,13.0,4.0,30.8,0.15,0.5,15.4,0.0,0,0,1.0,1.0,0.08,1.0,1.0,Match Report,2025,Manchester United
307,419,31,2025-01-16,20:00,Premier League,Matchweek 21,Thu,Home,W,3.0,1.0,Southampton,3,23.0,9.0,39.1,0.13,0.33,15.0,0.0,0,0,3.4,3.4,0.15,-0.4,-0.4,Match Report,2025,Manchester United
308,420,32,2025-01-19,14:00,Premier League,Matchweek 22,Sun,Home,L,1.0,3.0,Brighton,1,9.0,0.0,0.0,0.0,,16.4,0.0,1,1,1.5,0.7,0.08,-0.5,-0.7,Match Report,2025,Manchester United
309,422,34,2025-01-26,19:00,Premier League,Matchweek 23,Sun,Away,W,1.0,0.0,Fulham,1,4.0,1.0,25.0,0.25,1.0,19.9,1.0,0,0,0.3,0.3,0.06,0.7,0.7,Match Report,2025,Manchester United
310,424,36,2025-02-02,14:00,Premier League,Matchweek 24,Sun,Home,L,0.0,2.0,Crystal Palace,0,17.0,2.0,11.8,0.0,0.0,15.3,0.0,0,0,1.1,1.1,0.07,-1.1,-1.1,Match Report,2025,Manchester United
311,0,0,2024-08-19,20:00,Premier League,Matchweek 1,Mon,Away,D,1.0,1.0,Leicester City,1,15.0,6.0,40.0,0.07,0.17,13.7,0.0,0,0,1.2,1.2,0.08,-0.2,-0.2,Match Report,2025,Tottenham Hotspur
312,1,1,2024-08-24,15:00,Premier League,Matchweek 2,Sat,Home,W,4.0,0.0,Everton,4,13.0,7.0,53.8,0.31,0.57,14.1,1.0,0,0,2.4,2.4,0.19,1.6,1.6,Match Report,2025,Tottenham Hotspur
313,2,2,2024-09-01,13:30,Premier League,Matchweek 3,Sun,Away,L,1.0,2.0,Newcastle Utd,0,20.0,6.0,30.0,0.0,0.0,19.9,1.0,0,0,1.2,1.2,0.06,-1.2,-1.2,Match Report,2025,Tottenham Hotspur
314,3,3,2024-09-15,14:00,Premier League,Matchweek 4,Sun,Home,L,0.0,1.0,Arsenal,0,15.0,5.0,33.3,0.0,0.0,18.1,0.0,0,0,0.7,0.7,0.05,-0.7,-0.7,Match Report,2025,Tottenham Hotspur
315,5,5,2024-09-21,15:00,Premier League,Matchweek 5,Sat,Home,W,3.0,1.0,Brentford,3,23.0,9.0,39.1,0.13,0.33,14.4,0.0,0,0,3.5,3.5,0.17,-0.5,-0.5,Match Report,2025,Tottenham Hotspur
316,7,7,2024-09-29,16:30,Premier League,Matchweek 6,Sun,Away,W,3.0,0.0,Manchester Utd,3,24.0,10.0,41.7,0.13,0.3,14.6,0.0,0,0,4.4,4.4,0.2,-1.4,-1.4,Match Report,2025,Tottenham Hotspur
317,9,9,2024-10-06,16:30,Premier League,Matchweek 7,Sun,Away,L,2.0,3.0,Brighton,2,13.0,3.0,23.1,0.15,0.67,16.2,0.0,0,0,1.3,1.3,0.1,0.7,0.7,Match Report,2025,Tottenham Hotspur
318,10,10,2024-10-19,12:30,Premier League,Matchweek 8,Sat,Home,W,4.0,1.0,West Ham,3,22.0,7.0,31.8,0.14,0.43,15.8,0.0,0,0,1.9,1.9,0.09,1.1,1.1,Match Report,2025,Tottenham Hotspur
319,12,12,2024-10-27,14:00,Premier League,Matchweek 9,Sun,Away,L,0.0,1.0,Crystal Palace,0,11.0,3.0,27.3,0.0,0.0,12.9,0.0,0,0,0.7,0.7,0.07,-0.7,-0.7,Match Report,2025,Tottenham Hotspur
320,14,14,2024-11-03,14:00,Premier League,Matchweek 10,Sun,Home,W,4.0,1.0,Aston Villa,4,16.0,6.0,37.5,0.25,0.67,20.4,1.0,0,0,2.4,2.4,0.15,1.6,1.6,Match Report,2025,Tottenham Hotspur
321,16,16,2024-11-10,14:00,Premier League,Matchweek 11,Sun,Home,L,1.0,2.0,Ipswich Town,1,17.0,5.0,29.4,0.06,0.2,17.8,0.0,0,0,1.5,1.5,0.09,-0.5,-0.5,Match Report,2025,Tottenham Hotspur
322,17,17,2024-11-23,17:30,Premier League,Matchweek 12,Sat,Away,W,4.0,0.0,Manchester City,4,9.0,7.0,77.8,0.44,0.57,13.0,0.0,0,0,2.5,2.5,0.28,1.5,1.5,Match Report,2025,Tottenham Hotspur
323,19,19,2024-12-01,13:30,Premier League,Matchweek 13,Sun,Home,D,1.0,1.0,Fulham,1,8.0,3.0,37.5,0.13,0.33,17.5,2.0,0,0,0.8,0.8,0.1,0.2,0.2,Match Report,2025,Tottenham Hotspur
324,20,20,2024-12-05,20:15,Premier League,Matchweek 14,Thu,Away,L,0.0,1.0,Bournemouth,0,12.0,4.0,33.3,0.0,0.0,17.0,0.0,0,0,0.9,0.9,0.07,-0.9,-0.9,Match Report,2025,Tottenham Hotspur
325,21,21,2024-12-08,16:30,Premier League,Matchweek 15,Sun,Home,L,3.0,4.0,Chelsea,3,13.0,5.0,38.5,0.23,0.6,13.7,1.0,0,0,2.8,2.8,0.22,0.2,0.2,Match Report,2025,Tottenham Hotspur
326,23,23,2024-12-15,19:00,Premier League,Matchweek 16,Sun,Away,W,5.0,0.0,Southampton,5,18.0,9.0,50.0,0.28,0.56,13.1,0.0,0,0,2.3,2.3,0.14,2.7,2.7,Match Report,2025,Tottenham Hotspur
327,25,25,2024-12-22,16:30,Premier League,Matchweek 17,Sun,Home,L,3.0,6.0,Liverpool,3,9.0,5.0,55.6,0.33,0.6,17.1,0.0,0,0,1.3,1.3,0.14,1.7,1.7,Match Report,2025,Tottenham Hotspur
328,26,26,2024-12-26,15:00,Premier League,Matchweek 18,Thu,Away,L,0.0,1.0,Nott'ham Forest,0,13.0,4.0,30.8,0.0,0.0,20.0,1.0,0,0,0.9,0.9,0.07,-0.9,-0.9,Match Report,2025,Tottenham Hotspur
329,27,27,2024-12-29,15:00,Premier League,Matchweek 19,Sun,Home,D,2.0,2.0,Wolves,2,12.0,2.0,16.7,0.17,1.0,15.9,0.0,0,1,2.2,1.5,0.12,-0.2,0.5,Match Report,2025,Tottenham Hotspur
330,28,28,2025-01-04,12:30,Premier League,Matchweek 20,Sat,Home,L,1.0,2.0,Newcastle Utd,1,13.0,4.0,30.8,0.08,0.25,15.9,0.0,0,0,0.9,0.9,0.07,0.1,0.1,Match Report,2025,Tottenham Hotspur
331,31,31,2025-01-15,20:00,Premier League,Matchweek 21,Wed,Away,L,1.0,2.0,Arsenal,1,10.0,2.0,20.0,0.1,0.5,16.0,0.0,0,0,0.8,0.8,0.08,0.2,0.2,Match Report,2025,Tottenham Hotspur
332,32,32,2025-01-19,14:00,Premier League,Matchweek 22,Sun,Away,L,2.0,3.0,Everton,2,11.0,5.0,45.5,0.18,0.4,16.4,0.0,0,0,1.1,1.1,0.1,0.9,0.9,Match Report,2025,Tottenham Hotspur
333,34,34,2025-01-26,14:00,Premier League,Matchweek 23,Sun,Home,L,1.0,2.0,Leicester City,1,15.0,6.0,40.0,0.07,0.17,18.3,1.0,0,0,1.0,1.0,0.07,0.0,0.0,Match Report,2025,Tottenham Hotspur
334,36,36,2025-02-02,14:00,Premier League,Matchweek 24,Sun,Away,W,2.0,0.0,Brentford,1,13.0,2.0,15.4,0.08,0.5,18.8,0.0,0,0,0.8,0.8,0.07,0.2,0.2,Match Report,2025,Tottenham Hotspur
335,38,0,2024-08-17,17:30,Premier League,Matchweek 1,Sat,Home,L,1.0,2.0,Aston Villa,1,13.0,2.0,15.4,0.0,0.0,13.6,0.0,1,1,2.3,1.5,0.13,-1.3,-1.5,Match Report,2025,West Ham United
336,39,1,2024-08-24,15:00,Premier League,Matchweek 2,Sat,Away,W,2.0,0.0,Crystal Palace,2,18.0,3.0,16.7,0.11,0.67,17.2,0.0,0,0,1.4,1.4,0.08,0.6,0.6,Match Report,2025,West Ham United
337,41,3,2024-08-31,17:30,Premier League,Matchweek 3,Sat,Home,L,1.0,3.0,Manchester City,0,10.0,2.0,20.0,0.0,0.0,16.9,0.0,0,0,0.7,0.7,0.07,-0.7,-0.7,Match Report,2025,West Ham United
338,42,4,2024-09-14,15:00,Premier League,Matchweek 4,Sat,Away,D,1.0,1.0,Fulham,1,11.0,3.0,27.3,0.09,0.33,18.0,0.0,0,0,0.8,0.8,0.07,0.2,0.2,Match Report,2025,West Ham United
339,43,5,2024-09-21,12:30,Premier League,Matchweek 5,Sat,Home,L,0.0,3.0,Chelsea,0,15.0,7.0,46.7,0.0,0.0,18.0,1.0,0,0,0.9,0.9,0.06,-0.9,-0.9,Match Report,2025,West Ham United
340,45,7,2024-09-28,15:00,Premier League,Matchweek 6,Sat,Away,D,1.0,1.0,Brentford,1,19.0,3.0,15.8,0.05,0.33,18.7,0.0,0,0,1.0,1.0,0.05,0.0,0.0,Match Report,2025,West Ham United
341,46,8,2024-10-05,15:00,Premier League,Matchweek 7,Sat,Home,W,4.0,1.0,Ipswich Town,4,23.0,12.0,52.2,0.17,0.33,16.4,1.0,0,0,3.6,3.6,0.17,0.4,0.4,Match Report,2025,West Ham United
342,47,9,2024-10-19,12:30,Premier League,Matchweek 8,Sat,Away,L,1.0,4.0,Tottenham,1,11.0,3.0,27.3,0.09,0.33,16.9,0.0,0,0,0.8,0.8,0.07,0.2,0.2,Match Report,2025,West Ham United
343,48,10,2024-10-27,14:00,Premier League,Matchweek 9,Sun,Home,W,2.0,1.0,Manchester Utd,2,11.0,2.0,18.2,0.09,0.5,12.3,0.0,1,1,2.8,2.1,0.2,-0.8,-1.1,Match Report,2025,West Ham United
344,49,11,2024-11-02,15:00,Premier League,Matchweek 10,Sat,Away,L,0.0,3.0,Nott'ham Forest,0,4.0,1.0,25.0,0.0,0.0,23.2,0.0,0,0,0.1,0.1,0.03,-0.1,-0.1,Match Report,2025,West Ham United
345,50,12,2024-11-09,15:00,Premier League,Matchweek 11,Sat,Home,D,0.0,0.0,Everton,0,11.0,6.0,54.5,0.0,0.0,17.0,0.0,0,0,0.8,0.8,0.08,-0.8,-0.8,Match Report,2025,West Ham United
346,51,13,2024-11-25,20:00,Premier League,Matchweek 12,Mon,Away,W,2.0,0.0,Newcastle Utd,2,15.0,6.0,40.0,0.13,0.33,19.8,1.0,0,0,0.9,0.9,0.06,1.1,1.1,Match Report,2025,West Ham United
347,52,14,2024-11-30,17:30,Premier League,Matchweek 13,Sat,Home,L,2.0,5.0,Arsenal,2,12.0,5.0,41.7,0.17,0.4,18.1,2.0,0,0,1.5,1.5,0.13,0.5,0.5,Match Report,2025,West Ham United
348,53,15,2024-12-03,20:15,Premier League,Matchweek 14,Tue,Away,L,1.0,3.0,Leicester City,1,31.0,8.0,25.8,0.03,0.13,14.7,0.0,0,0,3.0,3.0,0.1,-2.0,-2.0,Match Report,2025,West Ham United
349,54,16,2024-12-09,20:00,Premier League,Matchweek 15,Mon,Home,W,2.0,1.0,Wolves,2,19.0,4.0,21.1,0.11,0.5,15.8,0.0,0,0,1.0,1.0,0.05,1.0,1.0,Match Report,2025,West Ham United
350,55,17,2024-12-16,20:00,Premier League,Matchweek 16,Mon,Away,D,1.0,1.0,Bournemouth,1,15.0,2.0,13.3,0.0,0.0,15.2,0.0,1,1,2.1,1.3,0.08,-1.1,-1.3,Match Report,2025,West Ham United
351,56,18,2024-12-21,15:00,Premier League,Matchweek 17,Sat,Home,D,1.0,1.0,Brighton,1,11.0,4.0,36.4,0.09,0.25,13.7,0.0,0,0,1.2,1.2,0.12,-0.2,-0.2,Match Report,2025,West Ham United
352,57,19,2024-12-26,15:00,Premier League,Matchweek 18,Thu,Away,W,1.0,0.0,Southampton,1,16.0,2.0,12.5,0.06,0.5,15.3,1.0,0,0,1.7,1.7,0.11,-0.7,-0.7,Match Report,2025,West Ham United
353,58,20,2024-12-29,17:15,Premier League,Matchweek 19,Sun,Home,L,0.0,5.0,Liverpool,0,7.0,0.0,0.0,0.0,,17.5,0.0,0,0,0.4,0.4,0.05,-0.4,-0.4,Match Report,2025,West Ham United
354,59,21,2025-01-04,15:00,Premier League,Matchweek 20,Sat,Away,L,1.0,4.0,Manchester City,1,17.0,4.0,23.5,0.06,0.25,15.3,1.0,0,0,1.4,1.4,0.08,-0.4,-0.4,Match Report,2025,West Ham United
355,61,23,2025-01-14,19:30,Premier League,Matchweek 21,Tue,Home,W,3.0,2.0,Fulham,3,4.0,3.0,75.0,0.75,1.0,14.6,0.0,0,0,1.0,1.0,0.24,2.0,2.0,Match Report,2025,West Ham United
356,62,24,2025-01-18,15:00,Premier League,Matchweek 22,Sat,Home,L,0.0,2.0,Crystal Palace,0,7.0,0.0,0.0,0.0,,19.6,0.0,0,0,0.3,0.3,0.04,-0.3,-0.3,Match Report,2025,West Ham United
357,63,25,2025-01-26,16:30,Premier League,Matchweek 23,Sun,Away,D,1.0,1.0,Aston Villa,1,14.0,3.0,21.4,0.07,0.33,14.6,0.0,0,0,1.3,1.3,0.09,-0.3,-0.3,Match Report,2025,West Ham United
358,64,26,2025-02-03,20:00,Premier League,Matchweek 24,Mon,Away,L,1.0,2.0,Chelsea,1,14.0,5.0,35.7,0.07,0.2,20.4,1.0,0,0,1.2,1.2,0.09,-0.2,-0.2,Match Report,2025,West Ham United
359,66,0,2024-08-17,15:00,Premier League,Matchweek 1,Sat,Home,L,0.0,3.0,Brighton,0,9.0,1.0,11.1,0.0,0.0,18.4,0.0,0,0,0.5,0.5,0.05,-0.5,-0.5,Match Report,2025,Everton
360,67,1,2024-08-24,15:00,Premier League,Matchweek 2,Sat,Away,L,0.0,4.0,Tottenham,0,10.0,1.0,10.0,0.0,0.0,10.0,0.0,0,0,1.0,1.0,0.1,-1.0,-1.0,Match Report,2025,Everton
361,69,3,2024-08-31,15:00,Premier League,Matchweek 3,Sat,Home,L,2.0,3.0,Bournemouth,2,18.0,8.0,44.4,0.11,0.25,15.7,0.0,0,0,1.8,1.8,0.11,0.2,0.2,Match Report,2025,Everton
362,70,4,2024-09-14,17:30,Premier League,Matchweek 4,Sat,Away,L,2.0,3.0,Aston Villa,2,6.0,2.0,33.3,0.33,1.0,12.6,0.0,0,0,0.9,0.9,0.15,1.1,1.1,Match Report,2025,Everton
363,72,6,2024-09-21,15:00,Premier League,Matchweek 5,Sat,Away,D,1.0,1.0,Leicester City,1,17.0,5.0,29.4,0.06,0.2,17.7,1.0,0,0,1.1,1.1,0.06,-0.1,-0.1,Match Report,2025,Everton
364,73,7,2024-09-28,15:00,Premier League,Matchweek 6,Sat,Home,W,2.0,1.0,Crystal Palace,2,8.0,2.0,25.0,0.25,1.0,15.3,0.0,0,0,0.9,0.9,0.11,1.1,1.1,Match Report,2025,Everton
365,74,8,2024-10-05,17:30,Premier League,Matchweek 7,Sat,Home,D,0.0,0.0,Newcastle Utd,0,8.0,2.0,25.0,0.0,0.0,24.3,1.0,0,0,0.7,0.7,0.09,-0.7,-0.7,Match Report,2025,Everton
366,75,9,2024-10-19,15:00,Premier League,Matchweek 8,Sat,Away,W,2.0,0.0,Ipswich Town,2,11.0,8.0,72.7,0.18,0.25,16.4,1.0,0,0,1.7,1.7,0.16,0.3,0.3,Match Report,2025,Everton
367,76,10,2024-10-26,17:30,Premier League,Matchweek 9,Sat,Home,D,1.0,1.0,Fulham,1,10.0,5.0,50.0,0.1,0.2,14.3,0.0,0,0,0.8,0.8,0.08,0.2,0.2,Match Report,2025,Everton
368,77,11,2024-11-02,15:00,Premier League,Matchweek 10,Sat,Away,L,0.0,1.0,Southampton,0,16.0,5.0,31.3,0.0,0.0,17.9,2.0,0,0,1.6,1.6,0.1,-1.6,-1.6,Match Report,2025,Everton
369,78,12,2024-11-09,15:00,Premier League,Matchweek 11,Sat,Away,D,0.0,0.0,West Ham,0,18.0,4.0,22.2,0.0,0.0,18.2,0.0,0,0,1.1,1.1,0.06,-1.1,-1.1,Match Report,2025,Everton
370,79,13,2024-11-23,15:00,Premier League,Matchweek 12,Sat,Home,D,0.0,0.0,Brentford,0,27.0,5.0,18.5,0.0,0.0,19.9,0.0,0,0,1.2,1.2,0.04,-1.2,-1.2,Match Report,2025,Everton
371,80,14,2024-12-01,13:30,Premier League,Matchweek 13,Sun,Away,L,0.0,4.0,Manchester Utd,0,8.0,2.0,25.0,0.0,0.0,21.3,2.0,0,0,0.6,0.6,0.07,-0.6,-0.6,Match Report,2025,Everton
372,81,15,2024-12-04,19:30,Premier League,Matchweek 14,Wed,Home,W,4.0,0.0,Wolves,2,13.0,4.0,30.8,0.15,0.5,18.7,1.0,0,0,1.0,1.0,0.08,1.0,1.0,Match Report,2025,Everton
373,82,16,2024-12-14,15:00,Premier League,Matchweek 16,Sat,Away,D,0.0,0.0,Arsenal,0,2.0,0.0,0.0,0.0,,19.3,0.0,0,0,0.1,0.1,0.05,-0.1,-0.1,Match Report,2025,Everton
374,83,17,2024-12-22,14:00,Premier League,Matchweek 17,Sun,Home,D,0.0,0.0,Chelsea,0,5.0,4.0,80.0,0.0,0.0,19.8,1.0,0,0,1.0,1.0,0.21,-1.0,-1.0,Match Report,2025,Everton
375,84,18,2024-12-26,12:30,Premier League,Matchweek 18,Thu,Away,D,1.0,1.0,Manchester City,1,8.0,3.0,37.5,0.13,0.33,16.8,0.0,0,0,0.7,0.7,0.08,0.3,0.3,Match Report,2025,Everton
376,85,19,2024-12-29,15:00,Premier League,Matchweek 19,Sun,Home,L,0.0,2.0,Nott'ham Forest,0,13.0,2.0,15.4,0.0,0.0,16.3,1.0,0,0,0.9,0.9,0.07,-0.9,-0.9,Match Report,2025,Everton
377,86,20,2025-01-04,15:00,Premier League,Matchweek 20,Sat,Away,L,0.0,1.0,Bournemouth,0,9.0,0.0,0.0,0.0,,20.7,0.0,0,0,0.7,0.7,0.08,-0.7,-0.7,Match Report,2025,Everton
378,88,22,2025-01-15,19:30,Premier League,Matchweek 21,Wed,Home,L,0.0,1.0,Aston Villa,0,10.0,2.0,20.0,0.0,0.0,16.4,0.0,0,0,1.1,1.1,0.11,-1.1,-1.1,Match Report,2025,Everton
379,89,23,2025-01-19,14:00,Premier League,Matchweek 22,Sun,Home,W,3.0,2.0,Tottenham,2,12.0,6.0,50.0,0.17,0.33,14.2,0.0,0,0,1.8,1.8,0.16,0.2,0.2,Match Report,2025,Everton
380,90,24,2025-01-25,15:00,Premier League,Matchweek 23,Sat,Away,W,1.0,0.0,Brighton,1,2.0,0.0,0.0,0.0,,24.6,0.0,1,1,0.8,0.1,0.03,0.2,-0.1,Match Report,2025,Everton
381,91,25,2025-02-01,15:00,Premier League,Matchweek 24,Sat,Home,W,4.0,0.0,Leicester City,4,13.0,7.0,53.8,0.31,0.57,13.5,0.0,0,0,2.5,2.5,0.19,1.5,1.5,Match Report,2025,Everton
382,93,0,2024-08-17,15:00,Premier League,Matchweek 1,Sat,Away,L,0.0,2.0,Arsenal,0,9.0,3.0,33.3,0.0,0.0,19.3,1.0,0,0,0.5,0.5,0.05,-0.5,-0.5,Match Report,2025,Wolverhampton Wanderers
383,94,1,2024-08-25,14:00,Premier League,Matchweek 2,Sun,Home,L,2.0,6.0,Chelsea,2,12.0,4.0,33.3,0.17,0.5,19.1,1.0,0,0,1.9,1.9,0.16,0.1,0.1,Match Report,2025,Wolverhampton Wanderers
384,96,3,2024-08-31,15:00,Premier League,Matchweek 3,Sat,Away,D,1.0,1.0,Nott'ham Forest,1,11.0,2.0,18.2,0.09,0.5,20.7,0.0,0,0,0.7,0.7,0.07,0.3,0.3,Match Report,2025,Wolverhampton Wanderers
385,97,4,2024-09-15,16:30,Premier League,Matchweek 4,Sun,Home,L,1.0,2.0,Newcastle Utd,1,12.0,5.0,41.7,0.08,0.2,15.2,0.0,0,0,1.2,1.2,0.1,-0.2,-0.2,Match Report,2025,Wolverhampton Wanderers
386,99,6,2024-09-21,15:00,Premier League,Matchweek 5,Sat,Away,L,1.0,3.0,Aston Villa,1,10.0,4.0,40.0,0.1,0.25,14.9,0.0,0,0,0.5,0.5,0.05,0.5,0.5,Match Report,2025,Wolverhampton Wanderers
387,100,7,2024-09-28,17:30,Premier League,Matchweek 6,Sat,Home,L,1.0,2.0,Liverpool,1,8.0,3.0,37.5,0.13,0.33,22.9,0.0,0,0,0.6,0.6,0.08,0.4,0.4,Match Report,2025,Wolverhampton Wanderers
388,101,8,2024-10-05,15:00,Premier League,Matchweek 7,Sat,Away,L,3.0,5.0,Brentford,3,17.0,6.0,35.3,0.18,0.5,20.9,0.0,0,0,1.0,1.0,0.06,2.0,2.0,Match Report,2025,Wolverhampton Wanderers
389,102,9,2024-10-20,14:00,Premier League,Matchweek 8,Sun,Home,L,1.0,2.0,Manchester City,1,3.0,2.0,66.7,0.33,0.5,17.6,0.0,0,0,0.8,0.8,0.26,0.2,0.2,Match Report,2025,Wolverhampton Wanderers
390,103,10,2024-10-26,15:00,Premier League,Matchweek 9,Sat,Away,D,2.0,2.0,Brighton,2,14.0,7.0,50.0,0.14,0.29,11.9,0.0,0,0,1.3,1.3,0.1,0.7,0.7,Match Report,2025,Wolverhampton Wanderers
391,104,11,2024-11-02,17:30,Premier League,Matchweek 10,Sat,Home,D,2.0,2.0,Crystal Palace,2,11.0,6.0,54.5,0.18,0.33,17.6,0.0,0,0,1.5,1.5,0.14,0.5,0.5,Match Report,2025,Wolverhampton Wanderers
392,105,12,2024-11-09,15:00,Premier League,Matchweek 11,Sat,Home,W,2.0,0.0,Southampton,2,8.0,4.0,50.0,0.25,0.5,23.1,0.0,0,0,1.3,1.3,0.16,0.7,0.7,Match Report,2025,Wolverhampton Wanderers
393,106,13,2024-11-23,15:00,Premier League,Matchweek 12,Sat,Away,W,4.0,1.0,Fulham,4,10.0,5.0,50.0,0.4,0.8,16.5,0.0,0,0,1.3,1.3,0.13,2.7,2.7,Match Report,2025,Wolverhampton Wanderers
394,107,14,2024-11-30,15:00,Premier League,Matchweek 13,Sat,Home,L,2.0,4.0,Bournemouth,2,10.0,3.0,30.0,0.2,0.67,19.9,1.0,0,0,0.5,0.5,0.05,1.5,1.5,Match Report,2025,Wolverhampton Wanderers
395,108,15,2024-12-04,19:30,Premier League,Matchweek 14,Wed,Away,L,0.0,4.0,Everton,0,6.0,2.0,33.3,0.0,0.0,20.7,0.0,0,0,0.8,0.8,0.13,-0.8,-0.8,Match Report,2025,Wolverhampton Wanderers
396,109,16,2024-12-09,20:00,Premier League,Matchweek 15,Mon,Away,L,1.0,2.0,West Ham,1,19.0,5.0,26.3,0.05,0.2,17.9,0.0,0,0,1.4,1.4,0.08,-0.4,-0.4,Match Report,2025,Wolverhampton Wanderers
397,110,17,2024-12-14,15:00,Premier League,Matchweek 16,Sat,Home,L,1.0,2.0,Ipswich Town,1,16.0,6.0,37.5,0.06,0.17,18.4,0.0,0,0,1.3,1.3,0.08,-0.3,-0.3,Match Report,2025,Wolverhampton Wanderers
398,111,18,2024-12-22,14:00,Premier League,Matchweek 17,Sun,Away,W,3.0,0.0,Leicester City,3,8.0,4.0,50.0,0.38,0.75,14.6,1.0,0,0,1.1,1.1,0.14,1.9,1.9,Match Report,2025,Wolverhampton Wanderers
399,112,19,2024-12-26,17:30,Premier League,Matchweek 18,Thu,Home,W,2.0,0.0,Manchester Utd,2,7.0,4.0,57.1,0.29,0.5,24.1,1.0,0,0,0.9,0.9,0.12,1.1,1.1,Match Report,2025,Wolverhampton Wanderers
400,113,20,2024-12-29,15:00,Premier League,Matchweek 19,Sun,Away,D,2.0,2.0,Tottenham,2,11.0,3.0,27.3,0.18,0.67,20.0,1.0,0,0,0.7,0.7,0.07,1.3,1.3,Match Report,2025,Wolverhampton Wanderers
401,114,21,2025-01-06,20:00,Premier League,Matchweek 20,Mon,Home,L,0.0,3.0,Nott'ham Forest,0,13.0,5.0,38.5,0.0,0.0,15.3,0.0,0,0,1.5,1.5,0.12,-1.5,-1.5,Match Report,2025,Wolverhampton Wanderers
402,116,23,2025-01-15,19:30,Premier League,Matchweek 21,Wed,Away,L,0.0,3.0,Newcastle Utd,0,13.0,7.0,53.8,0.0,0.0,17.4,0.0,0,0,1.6,1.6,0.12,-1.6,-1.6,Match Report,2025,Wolverhampton Wanderers
403,117,24,2025-01-20,20:00,Premier League,Matchweek 22,Mon,Away,L,1.0,3.0,Chelsea,1,9.0,4.0,44.4,0.11,0.25,16.7,0.0,0,0,0.8,0.8,0.09,0.2,0.2,Match Report,2025,Wolverhampton Wanderers
404,118,25,2025-01-25,15:00,Premier League,Matchweek 23,Sat,Home,L,0.0,1.0,Arsenal,0,9.0,4.0,44.4,0.0,0.0,22.0,0.0,0,0,0.7,0.7,0.08,-0.7,-0.7,Match Report,2025,Wolverhampton Wanderers
405,119,26,2025-02-01,17:30,Premier League,Matchweek 24,Sat,Home,W,2.0,0.0,Aston Villa,2,8.0,5.0,62.5,0.25,0.4,17.2,1.0,0,0,1.6,1.6,0.21,0.4,0.4,Match Report,2025,Wolverhampton Wanderers
406,121,0,2024-08-19,20:00,Premier League,Matchweek 1,Mon,Home,D,1.0,1.0,Tottenham,1,7.0,3.0,42.9,0.14,0.33,16.4,0.0,0,0,1.0,1.0,0.15,0.0,0.0,Match Report,2025,Leicester City
407,122,1,2024-08-24,15:00,Premier League,Matchweek 2,Sat,Away,L,1.0,2.0,Fulham,1,10.0,4.0,40.0,0.1,0.25,22.5,1.0,0,0,0.6,0.6,0.06,0.4,0.4,Match Report,2025,Leicester City
408,124,3,2024-08-31,15:00,Premier League,Matchweek 3,Sat,Home,L,1.0,2.0,Aston Villa,1,9.0,3.0,33.3,0.11,0.33,20.6,0.0,0,0,0.4,0.4,0.05,0.6,0.6,Match Report,2025,Leicester City
409,125,4,2024-09-14,15:00,Premier League,Matchweek 4,Sat,Away,D,2.0,2.0,Crystal Palace,2,9.0,4.0,44.4,0.22,0.5,19.2,0.0,0,0,1.2,1.2,0.14,0.8,0.8,Match Report,2025,Leicester City
410,126,5,2024-09-21,15:00,Premier League,Matchweek 5,Sat,Home,D,1.0,1.0,Everton,1,12.0,2.0,16.7,0.08,0.5,16.0,0.0,0,0,0.7,0.7,0.06,0.3,0.3,Match Report,2025,Leicester City
411,128,7,2024-09-28,15:00,Premier League,Matchweek 6,Sat,Away,L,2.0,4.0,Arsenal,2,5.0,3.0,60.0,0.4,0.67,14.5,0.0,0,0,0.3,0.3,0.06,1.7,1.7,Match Report,2025,Leicester City
412,129,8,2024-10-05,15:00,Premier League,Matchweek 7,Sat,Home,W,1.0,0.0,Bournemouth,1,6.0,2.0,33.3,0.17,0.5,18.8,0.0,0,0,0.8,0.8,0.13,0.2,0.2,Match Report,2025,Leicester City
413,130,9,2024-10-19,15:00,Premier League,Matchweek 8,Sat,Away,W,3.0,2.0,Southampton,3,17.0,3.0,17.6,0.12,0.67,16.5,0.0,1,1,3.1,2.4,0.14,-0.1,-0.4,Match Report,2025,Leicester City
414,131,10,2024-10-25,20:00,Premier League,Matchweek 9,Fri,Home,L,1.0,3.0,Nott'ham Forest,1,11.0,1.0,9.1,0.09,1.0,21.5,0.0,0,0,0.8,0.8,0.07,0.2,0.2,Match Report,2025,Leicester City
415,133,12,2024-11-02,15:00,Premier League,Matchweek 10,Sat,Away,D,1.0,1.0,Ipswich Town,1,20.0,5.0,25.0,0.05,0.2,16.7,0.0,0,0,1.5,1.5,0.08,-0.5,-0.5,Match Report,2025,Leicester City
416,134,13,2024-11-10,14:00,Premier League,Matchweek 11,Sun,Away,L,0.0,3.0,Manchester Utd,0,6.0,5.0,83.3,0.0,0.0,23.7,0.0,0,0,0.6,0.6,0.11,-0.6,-0.6,Match Report,2025,Leicester City
417,135,14,2024-11-23,12:30,Premier League,Matchweek 12,Sat,Home,L,1.0,2.0,Chelsea,1,3.0,0.0,0.0,0.0,,18.8,0.0,1,1,1.1,0.3,0.1,-0.1,-0.3,Match Report,2025,Leicester City
418,136,15,2024-11-30,15:00,Premier League,Matchweek 13,Sat,Away,L,1.0,4.0,Brentford,1,7.0,3.0,42.9,0.14,0.33,16.9,0.0,0,0,1.1,1.1,0.15,-0.1,-0.1,Match Report,2025,Leicester City
419,137,16,2024-12-03,20:15,Premier League,Matchweek 14,Tue,Home,W,3.0,1.0,West Ham,3,8.0,6.0,75.0,0.38,0.5,12.7,0.0,0,0,1.7,1.7,0.21,1.3,1.3,Match Report,2025,Leicester City
420,138,17,2024-12-08,14:00,Premier League,Matchweek 15,Sun,Home,D,2.0,2.0,Brighton,2,10.0,3.0,30.0,0.2,0.67,14.5,1.0,0,0,1.3,1.3,0.13,0.7,0.7,Match Report,2025,Leicester City
421,139,18,2024-12-14,15:00,Premier League,Matchweek 16,Sat,Away,L,0.0,4.0,Newcastle Utd,0,4.0,1.0,25.0,0.0,0.0,16.6,0.0,0,0,0.2,0.2,0.05,-0.2,-0.2,Match Report,2025,Leicester City
422,140,19,2024-12-22,14:00,Premier League,Matchweek 17,Sun,Home,L,0.0,3.0,Wolves,0,9.0,4.0,44.4,0.0,0.0,15.7,0.0,0,0,0.8,0.8,0.09,-0.8,-0.8,Match Report,2025,Leicester City
423,141,20,2024-12-26,20:00,Premier League,Matchweek 18,Thu,Away,L,1.0,3.0,Liverpool,1,4.0,1.0,25.0,0.25,1.0,16.2,0.0,0,0,0.3,0.3,0.09,0.7,0.7,Match Report,2025,Leicester City
424,142,21,2024-12-29,14:30,Premier League,Matchweek 19,Sun,Home,L,0.0,2.0,Manchester City,0,11.0,3.0,27.3,0.0,0.0,12.9,0.0,0,0,1.3,1.3,0.11,-1.3,-1.3,Match Report,2025,Leicester City
425,143,22,2025-01-04,15:00,Premier League,Matchweek 20,Sat,Away,L,1.0,2.0,Aston Villa,1,4.0,2.0,50.0,0.25,0.5,12.5,0.0,0,0,0.4,0.4,0.11,0.6,0.6,Match Report,2025,Leicester City
426,145,24,2025-01-15,19:30,Premier League,Matchweek 21,Wed,Home,L,0.0,2.0,Crystal Palace,0,21.0,4.0,19.0,0.0,0.0,18.4,2.0,0,0,1.7,1.7,0.08,-1.7,-1.7,Match Report,2025,Leicester City
427,146,25,2025-01-18,15:00,Premier League,Matchweek 22,Sat,Home,L,0.0,2.0,Fulham,0,8.0,4.0,50.0,0.0,0.0,16.3,0.0,0,0,0.6,0.6,0.08,-0.6,-0.6,Match Report,2025,Leicester City
428,147,26,2025-01-26,14:00,Premier League,Matchweek 23,Sun,Away,W,2.0,1.0,Tottenham,2,12.0,3.0,25.0,0.17,0.67,19.4,0.0,0,0,1.6,1.6,0.13,0.4,0.4,Match Report,2025,Leicester City
429,148,27,2025-02-01,15:00,Premier League,Matchweek 24,Sat,Away,L,0.0,4.0,Everton,0,9.0,1.0,11.1,0.0,0.0,18.1,1.0,0,0,0.3,0.3,0.04,-0.3,-0.3,Match Report,2025,Leicester City
430,150,0,2024-08-17,12:30,Premier League,Matchweek 1,Sat,Home,L,0.0,2.0,Liverpool,0,7.0,2.0,28.6,0.0,0.0,16.0,0.0,0,0,0.5,0.5,0.06,-0.5,-0.5,Match Report,2025,Ipswich Town
431,151,1,2024-08-24,15:00,Premier League,Matchweek 2,Sat,Away,L,1.0,4.0,Manchester City,1,1.0,1.0,100.0,1.0,1.0,21.1,0.0,0,0,0.3,0.3,0.29,0.7,0.7,Match Report,2025,Ipswich Town
432,153,3,2024-08-31,15:00,Premier League,Matchweek 3,Sat,Home,D,1.0,1.0,Fulham,1,11.0,4.0,36.4,0.09,0.25,18.0,1.0,0,0,0.4,0.4,0.04,0.6,0.6,Match Report,2025,Ipswich Town
433,154,4,2024-09-14,15:00,Premier League,Matchweek 4,Sat,Away,D,0.0,0.0,Brighton,0,6.0,1.0,16.7,0.0,0.0,16.6,0.0,0,0,0.3,0.3,0.06,-0.3,-0.3,Match Report,2025,Ipswich Town
434,155,5,2024-09-21,15:00,Premier League,Matchweek 5,Sat,Away,D,1.0,1.0,Southampton,1,13.0,6.0,46.2,0.08,0.17,14.1,0.0,0,0,1.6,1.6,0.13,-0.6,-0.6,Match Report,2025,Ipswich Town
435,156,6,2024-09-29,14:00,Premier League,Matchweek 6,Sun,Home,D,2.0,2.0,Aston Villa,2,15.0,5.0,33.3,0.13,0.4,18.4,0.0,0,0,1.2,1.2,0.08,0.8,0.8,Match Report,2025,Ipswich Town
436,157,7,2024-10-05,15:00,Premier League,Matchweek 7,Sat,Away,L,1.0,4.0,West Ham,1,9.0,2.0,22.2,0.11,0.5,17.2,0.0,0,0,0.6,0.6,0.07,0.4,0.4,Match Report,2025,Ipswich Town
437,158,8,2024-10-19,15:00,Premier League,Matchweek 8,Sat,Home,L,0.0,2.0,Everton,0,13.0,2.0,15.4,0.0,0.0,16.6,2.0,0,0,1.3,1.3,0.1,-1.3,-1.3,Match Report,2025,Ipswich Town
438,159,9,2024-10-26,15:00,Premier League,Matchweek 9,Sat,Away,L,3.0,4.0,Brentford,3,11.0,5.0,45.5,0.27,0.6,17.4,0.0,0,0,1.3,1.3,0.12,1.7,1.7,Match Report,2025,Ipswich Town
439,160,10,2024-11-02,15:00,Premier League,Matchweek 10,Sat,Home,D,1.0,1.0,Leicester City,1,14.0,2.0,14.3,0.07,0.5,16.9,1.0,0,0,1.0,1.0,0.07,0.0,0.0,Match Report,2025,Ipswich Town
440,161,11,2024-11-10,14:00,Premier League,Matchweek 11,Sun,Away,W,2.0,1.0,Tottenham,2,8.0,3.0,37.5,0.25,0.67,11.4,0.0,0,0,1.6,1.6,0.2,0.4,0.4,Match Report,2025,Ipswich Town
441,162,12,2024-11-24,16:30,Premier League,Matchweek 12,Sun,Home,D,1.0,1.0,Manchester Utd,1,11.0,6.0,54.5,0.09,0.17,19.5,1.0,0,0,1.6,1.6,0.14,-0.6,-0.6,Match Report,2025,Ipswich Town
442,163,13,2024-11-30,15:00,Premier League,Matchweek 13,Sat,Away,L,0.0,1.0,Nott'ham Forest,0,7.0,2.0,28.6,0.0,0.0,14.9,0.0,0,0,0.6,0.6,0.08,-0.6,-0.6,Match Report,2025,Ipswich Town
443,164,14,2024-12-03,19:30,Premier League,Matchweek 14,Tue,Home,L,0.0,1.0,Crystal Palace,0,9.0,2.0,22.2,0.0,0.0,17.6,0.0,0,0,0.5,0.5,0.05,-0.5,-0.5,Match Report,2025,Ipswich Town
444,165,15,2024-12-08,14:00,Premier League,Matchweek 15,Sun,Home,L,1.0,2.0,Bournemouth,1,18.0,5.0,27.8,0.06,0.2,18.4,0.0,0,0,1.3,1.3,0.07,-0.3,-0.3,Match Report,2025,Ipswich Town
445,166,16,2024-12-14,15:00,Premier League,Matchweek 16,Sat,Away,W,2.0,1.0,Wolves,1,10.0,3.0,30.0,0.1,0.33,15.7,0.0,0,0,1.1,1.1,0.12,-0.1,-0.1,Match Report,2025,Ipswich Town
446,167,17,2024-12-21,15:00,Premier League,Matchweek 17,Sat,Home,L,0.0,4.0,Newcastle Utd,0,10.0,2.0,20.0,0.0,0.0,17.8,0.0,0,0,0.7,0.7,0.07,-0.7,-0.7,Match Report,2025,Ipswich Town
447,168,18,2024-12-27,20:15,Premier League,Matchweek 18,Fri,Away,L,0.0,1.0,Arsenal,0,3.0,0.0,0.0,0.0,,28.2,0.0,0,0,0.2,0.2,0.05,-0.2,-0.2,Match Report,2025,Ipswich Town
448,169,19,2024-12-30,19:45,Premier League,Matchweek 19,Mon,Home,W,2.0,0.0,Chelsea,2,8.0,5.0,62.5,0.13,0.2,16.1,0.0,1,1,1.6,0.8,0.1,0.4,0.2,Match Report,2025,Ipswich Town
449,170,20,2025-01-05,14:00,Premier League,Matchweek 20,Sun,Away,D,2.0,2.0,Fulham,2,6.0,2.0,33.3,0.17,0.5,18.0,0.0,1,1,1.5,0.7,0.13,0.5,0.3,Match Report,2025,Ipswich Town
450,172,22,2025-01-16,19:30,Premier League,Matchweek 21,Thu,Home,L,0.0,2.0,Brighton,0,5.0,3.0,60.0,0.0,0.0,21.3,0.0,0,0,0.3,0.3,0.06,-0.3,-0.3,Match Report,2025,Ipswich Town
451,173,23,2025-01-19,16:30,Premier League,Matchweek 22,Sun,Home,L,0.0,6.0,Manchester City,0,8.0,4.0,50.0,0.0,0.0,16.7,0.0,0,0,0.5,0.5,0.06,-0.5,-0.5,Match Report,2025,Ipswich Town
452,174,24,2025-01-25,15:00,Premier League,Matchweek 23,Sat,Away,L,1.0,4.0,Liverpool,1,3.0,3.0,100.0,0.33,0.33,13.8,0.0,0,0,0.5,0.5,0.16,0.5,0.5,Match Report,2025,Ipswich Town
453,175,25,2025-02-01,15:00,Premier League,Matchweek 24,Sat,Home,L,1.0,2.0,Southampton,1,15.0,6.0,40.0,0.07,0.17,19.8,2.0,0,0,1.8,1.8,0.12,-0.8,-0.8,Match Report,2025,Ipswich Town
454,177,0,2024-08-17,15:00,Premier League,Matchweek 1,Sat,Away,L,0.0,1.0,Newcastle Utd,0,19.0,3.0,15.8,0.0,0.0,17.0,1.0,0,0,1.8,1.8,0.1,-1.8,-1.8,Match Report,2025,Southampton
455,178,1,2024-08-24,15:00,Premier League,Matchweek 2,Sat,Home,L,0.0,1.0,Nott'ham Forest,0,5.0,1.0,20.0,0.0,0.0,19.7,0.0,0,0,0.1,0.1,0.03,-0.1,-0.1,Match Report,2025,Southampton
456,180,3,2024-08-31,15:00,Premier League,Matchweek 3,Sat,Away,L,1.0,3.0,Brentford,1,18.0,6.0,33.3,0.06,0.17,18.1,1.0,0,0,1.5,1.5,0.09,-0.5,-0.5,Match Report,2025,Southampton
457,181,4,2024-09-14,12:30,Premier League,Matchweek 4,Sat,Home,L,0.0,3.0,Manchester Utd,0,5.0,2.0,40.0,0.0,0.0,17.4,0.0,0,1,1.1,0.3,0.06,-1.1,-0.3,Match Report,2025,Southampton
458,183,6,2024-09-21,15:00,Premier League,Matchweek 5,Sat,Home,D,1.0,1.0,Ipswich Town,1,11.0,3.0,27.3,0.09,0.33,13.7,0.0,0,0,2.4,2.4,0.23,-1.4,-1.4,Match Report,2025,Southampton
459,184,7,2024-09-30,20:00,Premier League,Matchweek 6,Mon,Away,L,1.0,3.0,Bournemouth,1,9.0,3.0,33.3,0.11,0.33,18.4,0.0,0,0,0.6,0.6,0.07,0.4,0.4,Match Report,2025,Southampton
460,185,8,2024-10-05,15:00,Premier League,Matchweek 7,Sat,Away,L,1.0,3.0,Arsenal,1,8.0,2.0,25.0,0.13,0.5,16.4,0.0,0,0,0.6,0.6,0.08,0.4,0.4,Match Report,2025,Southampton
461,186,9,2024-10-19,15:00,Premier League,Matchweek 8,Sat,Home,L,2.0,3.0,Leicester City,2,14.0,7.0,50.0,0.14,0.29,9.6,0.0,0,0,2.1,2.1,0.15,-0.1,-0.1,Match Report,2025,Southampton
462,187,10,2024-10-26,15:00,Premier League,Matchweek 9,Sat,Away,L,0.0,1.0,Manchester City,0,5.0,2.0,40.0,0.0,0.0,13.8,0.0,0,0,0.2,0.2,0.04,-0.2,-0.2,Match Report,2025,Southampton
463,189,12,2024-11-02,15:00,Premier League,Matchweek 10,Sat,Home,W,1.0,0.0,Everton,1,9.0,2.0,22.2,0.11,0.5,13.4,0.0,0,0,0.7,0.7,0.08,0.3,0.3,Match Report,2025,Southampton
464,190,13,2024-11-09,15:00,Premier League,Matchweek 11,Sat,Away,L,0.0,2.0,Wolves,0,9.0,0.0,0.0,0.0,,20.6,1.0,0,0,0.6,0.6,0.07,-0.6,-0.6,Match Report,2025,Southampton
465,191,14,2024-11-24,14:00,Premier League,Matchweek 12,Sun,Home,L,2.0,3.0,Liverpool,2,6.0,4.0,66.7,0.33,0.5,19.0,0.0,0,1,1.3,0.3,0.06,0.7,1.7,Match Report,2025,Southampton
466,192,15,2024-11-29,20:00,Premier League,Matchweek 13,Fri,Away,D,1.0,1.0,Brighton,1,10.0,2.0,20.0,0.1,0.5,16.8,0.0,0,0,1.0,1.0,0.1,0.0,0.0,Match Report,2025,Southampton
467,193,16,2024-12-04,19:30,Premier League,Matchweek 14,Wed,Home,L,1.0,5.0,Chelsea,1,6.0,4.0,66.7,0.17,0.25,9.7,0.0,0,0,1.6,1.6,0.26,-0.6,-0.6,Match Report,2025,Southampton
468,194,17,2024-12-07,15:00,Premier League,Matchweek 15,Sat,Away,L,0.0,1.0,Aston Villa,0,4.0,0.0,0.0,0.0,,14.5,0.0,0,0,0.3,0.3,0.08,-0.3,-0.3,Match Report,2025,Southampton
469,195,18,2024-12-15,19:00,Premier League,Matchweek 16,Sun,Home,L,0.0,5.0,Tottenham,0,9.0,3.0,33.3,0.0,0.0,18.1,0.0,0,0,0.8,0.8,0.09,-0.8,-0.8,Match Report,2025,Southampton
470,197,20,2024-12-22,14:00,Premier League,Matchweek 17,Sun,Away,D,0.0,0.0,Fulham,0,5.0,1.0,20.0,0.0,0.0,20.1,1.0,0,0,0.3,0.3,0.05,-0.3,-0.3,Match Report,2025,Southampton
471,198,21,2024-12-26,15:00,Premier League,Matchweek 18,Thu,Home,L,0.0,1.0,West Ham,0,18.0,5.0,27.8,0.0,0.0,12.8,0.0,0,0,1.4,1.4,0.08,-1.4,-1.4,Match Report,2025,Southampton
472,199,22,2024-12-29,15:00,Premier League,Matchweek 19,Sun,Away,L,1.0,2.0,Crystal Palace,1,7.0,3.0,42.9,0.14,0.33,10.7,0.0,0,0,0.9,0.9,0.13,0.1,0.1,Match Report,2025,Southampton
473,200,23,2025-01-04,15:00,Premier League,Matchweek 20,Sat,Home,L,0.0,5.0,Brentford,0,8.0,1.0,12.5,0.0,0.0,22.1,0.0,0,0,0.3,0.3,0.04,-0.3,-0.3,Match Report,2025,Southampton
474,202,25,2025-01-16,20:00,Premier League,Matchweek 21,Thu,Away,L,1.0,3.0,Manchester Utd,0,13.0,5.0,38.5,0.0,0.0,17.0,1.0,0,0,1.4,1.4,0.12,-1.4,-1.4,Match Report,2025,Southampton
475,203,26,2025-01-19,14:00,Premier League,Matchweek 22,Sun,Away,L,2.0,3.0,Nott'ham Forest,2,10.0,3.0,30.0,0.2,0.67,13.6,0.0,0,0,0.9,0.9,0.09,1.1,1.1,Match Report,2025,Southampton
476,204,27,2025-01-25,15:00,Premier League,Matchweek 23,Sat,Home,L,1.0,3.0,Newcastle Utd,1,12.0,5.0,41.7,0.08,0.2,18.1,0.0,0,0,0.8,0.8,0.06,0.2,0.2,Match Report,2025,Southampton
477,205,28,2025-02-01,15:00,Premier League,Matchweek 24,Sat,Away,W,2.0,1.0,Ipswich Town,2,9.0,4.0,44.4,0.22,0.5,14.8,0.0,0,0,0.9,0.9,0.1,1.1,1.1,Match Report,2025,Southampton
478,208,1,2023-08-11,20:00,Premier League,Matchweek 1,Fri,Away,W,3.0,0.0,Burnley,3,17.0,8.0,47.1,0.18,0.38,13.9,0.0,0,0,1.9,1.9,0.12,1.1,1.1,Match Report,2024,Manchester City
479,210,3,2023-08-19,20:00,Premier League,Matchweek 2,Sat,Home,W,1.0,0.0,Newcastle Utd,1,14.0,4.0,28.6,0.07,0.25,17.9,0.0,0,0,1.0,1.0,0.07,0.0,0.0,Match Report,2024,Manchester City
480,211,4,2023-08-27,14:00,Premier League,Matchweek 3,Sun,Away,W,2.0,1.0,Sheffield Utd,2,29.0,9.0,31.0,0.07,0.22,17.3,2.0,0,1,3.5,2.8,0.1,-1.5,-0.8,Match Report,2024,Manchester City
481,212,5,2023-09-02,15:00,Premier League,Matchweek 4,Sat,Home,W,5.0,1.0,Fulham,5,6.0,4.0,66.7,0.67,1.0,14.8,0.0,1,1,2.2,1.4,0.25,2.8,2.6,Match Report,2024,Manchester City
482,213,6,2023-09-16,15:00,Premier League,Matchweek 5,Sat,Away,W,3.0,1.0,West Ham,3,29.0,13.0,44.8,0.1,0.23,16.4,1.0,0,0,3.6,3.6,0.13,-0.6,-0.6,Match Report,2024,Manchester City
483,215,8,2023-09-23,15:00,Premier League,Matchweek 6,Sat,Home,W,2.0,0.0,Nott'ham Forest,2,7.0,4.0,57.1,0.29,0.5,17.2,2.0,0,0,1.3,1.3,0.19,0.7,0.7,Match Report,2024,Manchester City
484,217,10,2023-09-30,15:00,Premier League,Matchweek 7,Sat,Away,L,1.0,2.0,Wolves,1,23.0,8.0,34.8,0.04,0.13,19.3,1.0,0,0,0.9,0.9,0.04,0.1,0.1,Match Report,2024,Manchester City
485,219,12,2023-10-08,16:30,Premier League,Matchweek 8,Sun,Away,L,0.0,1.0,Arsenal,0,4.0,0.0,0.0,0.0,,14.9,0.0,0,0,0.5,0.5,0.12,-0.5,-0.5,Match Report,2024,Manchester City
486,220,13,2023-10-21,15:00,Premier League,Matchweek 9,Sat,Home,W,2.0,1.0,Brighton,2,10.0,5.0,50.0,0.2,0.4,18.8,1.0,0,0,0.8,0.8,0.08,1.2,1.2,Match Report,2024,Manchester City
487,222,15,2023-10-29,15:30,Premier League,Matchweek 10,Sun,Away,W,3.0,0.0,Manchester Utd,3,20.0,9.0,45.0,0.1,0.22,17.2,2.0,1,1,4.0,3.2,0.16,-1.0,-1.2,Match Report,2024,Manchester City
488,223,16,2023-11-04,15:00,Premier League,Matchweek 11,Sat,Home,W,6.0,1.0,Bournemouth,6,21.0,8.0,38.1,0.29,0.75,16.4,0.0,0,0,1.9,1.9,0.09,4.1,4.1,Match Report,2024,Manchester City
489,225,18,2023-11-12,16:30,Premier League,Matchweek 12,Sun,Away,D,4.0,4.0,Chelsea,4,14.0,9.0,64.3,0.21,0.33,16.6,1.0,1,1,2.9,2.1,0.15,1.1,0.9,Match Report,2024,Manchester City
490,226,19,2023-11-25,12:30,Premier League,Matchweek 13,Sat,Home,D,1.0,1.0,Liverpool,1,16.0,5.0,31.3,0.06,0.2,16.3,1.0,0,0,1.3,1.3,0.08,-0.3,-0.3,Match Report,2024,Manchester City
491,228,21,2023-12-03,16:30,Premier League,Matchweek 14,Sun,Home,D,3.0,3.0,Tottenham,2,17.0,4.0,23.5,0.12,0.5,13.4,0.0,0,0,2.6,2.6,0.15,-0.6,-0.6,Match Report,2024,Manchester City
492,229,22,2023-12-06,20:15,Premier League,Matchweek 15,Wed,Away,L,0.0,1.0,Aston Villa,0,2.0,2.0,100.0,0.0,0.0,7.4,0.0,0,0,0.6,0.6,0.37,-0.6,-0.6,Match Report,2024,Manchester City
493,230,23,2023-12-10,14:00,Premier League,Matchweek 16,Sun,Away,W,2.0,1.0,Luton Town,2,18.0,6.0,33.3,0.11,0.33,18.7,1.0,0,0,1.6,1.6,0.09,0.4,0.4,Match Report,2024,Manchester City
494,232,25,2023-12-16,15:00,Premier League,Matchweek 17,Sat,Home,D,2.0,2.0,Crystal Palace,2,19.0,9.0,47.4,0.11,0.22,18.2,0.0,0,0,1.6,1.6,0.08,0.4,0.4,Match Report,2024,Manchester City
495,233,26,2023-12-27,20:15,Premier League,Matchweek 19,Wed,Away,W,3.0,1.0,Everton,3,22.0,8.0,36.4,0.09,0.25,19.5,1.0,1,1,2.4,1.8,0.09,0.6,0.2,Match Report,2024,Manchester City
496,234,27,2023-12-30,15:00,Premier League,Matchweek 20,Sat,Home,W,2.0,0.0,Sheffield Utd,2,18.0,4.0,22.2,0.11,0.5,17.4,0.0,0,0,2.2,2.2,0.12,-0.2,-0.2,Match Report,2024,Manchester City
497,236,29,2024-01-13,17:30,Premier League,Matchweek 21,Sat,Away,W,3.0,2.0,Newcastle Utd,3,27.0,11.0,40.7,0.11,0.27,19.3,2.0,0,0,3.0,3.0,0.11,0.0,0.0,Match Report,2024,Manchester City
498,238,31,2024-01-31,19:30,Premier League,Matchweek 22,Wed,Home,W,3.0,1.0,Burnley,3,14.0,4.0,28.6,0.21,0.75,15.8,1.0,0,0,1.7,1.7,0.13,1.3,1.3,Match Report,2024,Manchester City
499,239,32,2024-02-05,20:00,Premier League,Matchweek 23,Mon,Away,W,3.0,1.0,Brentford,3,25.0,15.0,60.0,0.12,0.2,19.2,0.0,0,0,2.1,2.1,0.08,0.9,0.9,Match Report,2024,Manchester City
500,240,33,2024-02-10,12:30,Premier League,Matchweek 24,Sat,Home,W,2.0,0.0,Everton,2,19.0,3.0,15.8,0.11,0.67,17.4,0.0,0,0,1.6,1.6,0.09,0.4,0.4,Match Report,2024,Manchester City
501,242,35,2024-02-17,17:30,Premier League,Matchweek 25,Sat,Home,D,1.0,1.0,Chelsea,1,31.0,5.0,16.1,0.03,0.2,15.9,1.0,0,0,2.6,2.6,0.09,-1.6,-1.6,Match Report,2024,Manchester City
502,243,36,2024-02-20,19:30,Premier League,Matchweek 18,Tue,Home,W,1.0,0.0,Brentford,1,25.0,10.0,40.0,0.04,0.1,17.6,0.0,0,0,2.3,2.3,0.1,-1.3,-1.3,Match Report,2024,Manchester City
503,244,37,2024-02-24,17:30,Premier League,Matchweek 26,Sat,Away,W,1.0,0.0,Bournemouth,1,15.0,6.0,40.0,0.07,0.17,15.5,1.0,0,0,1.6,1.6,0.12,-0.6,-0.6,Match Report,2024,Manchester City
504,246,39,2024-03-03,15:30,Premier League,Matchweek 27,Sun,Home,W,3.0,1.0,Manchester Utd,3,27.0,8.0,29.6,0.11,0.38,17.7,1.0,0,0,3.3,3.3,0.12,-0.3,-0.3,Match Report,2024,Manchester City
505,248,41,2024-03-10,15:45,Premier League,Matchweek 28,Sun,Away,D,1.0,1.0,Liverpool,1,10.0,6.0,60.0,0.1,0.17,18.6,0.0,0,0,1.6,1.6,0.16,-0.6,-0.6,Match Report,2024,Manchester City
506,250,43,2024-03-31,16:30,Premier League,Matchweek 30,Sun,Home,D,0.0,0.0,Arsenal,0,12.0,1.0,8.3,0.0,0.0,14.2,0.0,0,0,1.0,1.0,0.09,-1.0,-1.0,Match Report,2024,Manchester City
507,251,44,2024-04-03,20:15,Premier League,Matchweek 31,Wed,Home,W,4.0,1.0,Aston Villa,4,25.0,11.0,44.0,0.16,0.36,15.9,2.0,0,0,3.4,3.4,0.14,0.6,0.6,Match Report,2024,Manchester City
508,252,45,2024-04-06,12:30,Premier League,Matchweek 32,Sat,Away,W,4.0,2.0,Crystal Palace,4,18.0,8.0,44.4,0.22,0.5,16.1,0.0,0,0,1.9,1.9,0.11,2.1,2.1,Match Report,2024,Manchester City
509,254,47,2024-04-13,15:00,Premier League,Matchweek 33,Sat,Home,W,5.0,1.0,Luton Town,4,36.0,12.0,33.3,0.08,0.25,16.9,0.0,1,1,4.2,3.4,0.1,-0.2,-0.4,Match Report,2024,Manchester City
510,257,50,2024-04-25,20:00,Premier League,Matchweek 29,Thu,Away,W,4.0,0.0,Brighton,4,14.0,6.0,42.9,0.29,0.67,17.0,1.0,0,0,1.4,1.4,0.1,2.6,2.6,Match Report,2024,Manchester City
511,258,51,2024-04-28,16:30,Premier League,Matchweek 35,Sun,Away,W,2.0,0.0,Nott'ham Forest,2,11.0,5.0,45.5,0.18,0.4,18.7,1.0,0,0,0.9,0.9,0.08,1.1,1.1,Match Report,2024,Manchester City
512,259,52,2024-05-04,17:30,Premier League,Matchweek 36,Sat,Home,W,5.0,1.0,Wolves,5,18.0,10.0,55.6,0.17,0.3,15.3,0.0,2,2,3.7,2.1,0.12,1.3,0.9,Match Report,2024,Manchester City
513,260,53,2024-05-11,12:30,Premier League,Matchweek 37,Sat,Away,W,4.0,0.0,Fulham,4,15.0,8.0,53.3,0.2,0.38,17.6,0.0,1,1,3.2,2.4,0.16,0.8,0.6,Match Report,2024,Manchester City
514,261,54,2024-05-14,20:00,Premier League,Matchweek 34,Tue,Away,W,2.0,0.0,Tottenham,2,7.0,4.0,57.1,0.14,0.25,14.5,0.0,1,1,2.4,1.6,0.23,-0.4,-0.6,Match Report,2024,Manchester City
515,262,55,2024-05-19,16:00,Premier League,Matchweek 38,Sun,Home,W,3.0,1.0,West Ham,3,28.0,12.0,42.9,0.11,0.25,17.9,2.0,0,0,1.9,1.9,0.07,1.1,1.1,Match Report,2024,Manchester City
516,266,1,2023-08-12,12:30,Premier League,Matchweek 1,Sat,Home,W,2.0,1.0,Nott'ham Forest,2,15.0,7.0,46.7,0.13,0.29,19.1,0.0,0,0,0.8,0.8,0.06,1.2,1.2,Match Report,2024,Arsenal
517,267,2,2023-08-21,20:00,Premier League,Matchweek 2,Mon,Away,W,1.0,0.0,Crystal Palace,1,13.0,2.0,15.4,0.0,0.0,16.4,0.0,1,1,2.0,1.2,0.09,-1.0,-1.2,Match Report,2024,Arsenal
518,268,3,2023-08-26,15:00,Premier League,Matchweek 3,Sat,Home,D,2.0,2.0,Fulham,2,18.0,9.0,50.0,0.06,0.11,13.8,0.0,1,1,3.2,2.4,0.14,-1.2,-1.4,Match Report,2024,Arsenal
519,269,4,2023-09-03,16:30,Premier League,Matchweek 4,Sun,Home,W,3.0,1.0,Manchester Utd,3,17.0,5.0,29.4,0.18,0.6,15.0,0.0,0,0,2.3,2.3,0.13,0.7,0.7,Match Report,2024,Arsenal
520,270,5,2023-09-17,16:30,Premier League,Matchweek 5,Sun,Away,W,1.0,0.0,Everton,1,13.0,4.0,30.8,0.08,0.25,17.4,0.0,0,0,1.0,1.0,0.08,0.0,0.0,Match Report,2024,Arsenal
521,272,7,2023-09-24,14:00,Premier League,Matchweek 6,Sun,Home,D,2.0,2.0,Tottenham,1,12.0,4.0,33.3,0.0,0.0,16.9,0.0,1,1,1.8,1.2,0.1,-0.8,-1.2,Match Report,2024,Arsenal
522,274,9,2023-09-30,15:00,Premier League,Matchweek 7,Sat,Away,W,4.0,0.0,Bournemouth,4,13.0,6.0,46.2,0.15,0.33,15.5,0.0,2,2,3.4,1.9,0.14,0.6,0.1,Match Report,2024,Arsenal
523,276,11,2023-10-08,16:30,Premier League,Matchweek 8,Sun,Home,W,1.0,0.0,Manchester City,1,12.0,2.0,16.7,0.08,0.5,19.2,0.0,0,0,0.4,0.4,0.03,0.6,0.6,Match Report,2024,Arsenal
524,277,12,2023-10-21,17:30,Premier League,Matchweek 9,Sat,Away,D,2.0,2.0,Chelsea,2,13.0,3.0,23.1,0.15,0.67,14.3,0.0,0,0,1.0,1.0,0.08,1.0,1.0,Match Report,2024,Arsenal
525,279,14,2023-10-28,15:00,Premier League,Matchweek 10,Sat,Home,W,5.0,0.0,Sheffield Utd,5,12.0,6.0,50.0,0.33,0.67,17.0,0.0,1,1,2.8,2.0,0.17,2.2,2.0,Match Report,2024,Arsenal
526,281,16,2023-11-04,17:30,Premier League,Matchweek 11,Sat,Away,L,0.0,1.0,Newcastle Utd,0,14.0,1.0,7.1,0.0,0.0,20.7,0.0,0,0,0.6,0.6,0.04,-0.6,-0.6,Match Report,2024,Arsenal
527,283,18,2023-11-11,15:00,Premier League,Matchweek 12,Sat,Home,W,3.0,1.0,Burnley,3,16.0,6.0,37.5,0.19,0.5,13.8,0.0,0,0,1.8,1.8,0.12,1.2,1.2,Match Report,2024,Arsenal
528,284,19,2023-11-25,17:30,Premier League,Matchweek 13,Sat,Away,W,1.0,0.0,Brentford,1,15.0,4.0,26.7,0.07,0.25,15.2,0.0,0,0,1.6,1.6,0.11,-0.6,-0.6,Match Report,2024,Arsenal
529,286,21,2023-12-02,15:00,Premier League,Matchweek 14,Sat,Home,W,2.0,1.0,Wolves,2,19.0,6.0,31.6,0.11,0.33,15.6,0.0,0,0,2.8,2.8,0.15,-0.8,-0.8,Match Report,2024,Arsenal
530,287,22,2023-12-05,20:15,Premier League,Matchweek 15,Tue,Away,W,4.0,3.0,Luton Town,4,23.0,9.0,39.1,0.17,0.44,15.5,0.0,0,0,2.2,2.2,0.1,1.8,1.8,Match Report,2024,Arsenal
531,288,23,2023-12-09,17:30,Premier League,Matchweek 16,Sat,Away,L,0.0,1.0,Aston Villa,0,12.0,3.0,25.0,0.0,0.0,14.8,1.0,0,0,1.4,1.4,0.12,-1.4,-1.4,Match Report,2024,Arsenal
532,290,25,2023-12-17,14:00,Premier League,Matchweek 17,Sun,Home,W,2.0,0.0,Brighton,2,26.0,8.0,30.8,0.08,0.25,14.2,0.0,0,0,2.3,2.3,0.09,-0.3,-0.3,Match Report,2024,Arsenal
533,291,26,2023-12-23,17:30,Premier League,Matchweek 18,Sat,Away,D,1.0,1.0,Liverpool,1,13.0,2.0,15.4,0.08,0.5,17.2,0.0,0,0,0.7,0.7,0.06,0.3,0.3,Match Report,2024,Arsenal
534,292,27,2023-12-28,20:15,Premier League,Matchweek 19,Thu,Home,L,0.0,2.0,West Ham,0,30.0,8.0,26.7,0.0,0.0,16.8,0.0,0,0,2.7,2.7,0.1,-2.7,-2.7,Match Report,2024,Arsenal
535,293,28,2023-12-31,14:00,Premier League,Matchweek 20,Sun,Away,L,1.0,2.0,Fulham,1,13.0,3.0,23.1,0.08,0.33,15.4,1.0,0,0,1.6,1.6,0.13,-0.6,-0.6,Match Report,2024,Arsenal
536,295,30,2024-01-20,12:30,Premier League,Matchweek 21,Sat,Home,W,5.0,0.0,Crystal Palace,5,21.0,7.0,33.3,0.24,0.71,16.7,0.0,0,0,3.3,3.3,0.16,1.7,1.7,Match Report,2024,Arsenal
537,296,31,2024-01-30,19:30,Premier League,Matchweek 22,Tue,Away,W,2.0,1.0,Nott'ham Forest,2,19.0,3.0,15.8,0.11,0.67,17.6,0.0,0,0,1.2,1.2,0.06,0.8,0.8,Match Report,2024,Arsenal
538,297,32,2024-02-04,16:30,Premier League,Matchweek 23,Sun,Home,W,3.0,1.0,Liverpool,3,15.0,7.0,46.7,0.2,0.43,14.2,0.0,0,0,3.5,3.5,0.25,-0.5,-0.5,Match Report,2024,Arsenal
539,298,33,2024-02-11,14:00,Premier League,Matchweek 24,Sun,Away,W,6.0,0.0,West Ham,6,24.0,11.0,45.8,0.21,0.45,16.0,0.0,1,1,3.6,2.8,0.12,2.4,2.2,Match Report,2024,Arsenal
540,299,34,2024-02-17,15:00,Premier League,Matchweek 25,Sat,Away,W,5.0,0.0,Burnley,5,15.0,6.0,40.0,0.27,0.67,16.8,1.0,1,1,2.3,1.5,0.1,2.7,2.5,Match Report,2024,Arsenal
541,301,36,2024-02-24,20:00,Premier League,Matchweek 26,Sat,Home,W,4.0,1.0,Newcastle Utd,3,18.0,7.0,38.9,0.17,0.43,13.8,0.0,0,0,2.8,2.8,0.16,0.2,0.2,Match Report,2024,Arsenal
542,302,37,2024-03-04,20:00,Premier League,Matchweek 27,Mon,Away,W,6.0,0.0,Sheffield Utd,5,22.0,9.0,40.9,0.23,0.56,15.6,1.0,0,0,2.3,2.3,0.11,2.7,2.7,Match Report,2024,Arsenal
543,303,38,2024-03-09,17:30,Premier League,Matchweek 28,Sat,Home,W,2.0,1.0,Brentford,2,17.0,5.0,29.4,0.12,0.4,16.4,0.0,0,0,1.3,1.3,0.08,0.7,0.7,Match Report,2024,Arsenal
544,305,40,2024-03-31,16:30,Premier League,Matchweek 30,Sun,Away,D,0.0,0.0,Manchester City,0,6.0,2.0,33.3,0.0,0.0,14.2,0.0,0,0,0.7,0.7,0.11,-0.7,-0.7,Match Report,2024,Arsenal
545,306,41,2024-04-03,19:30,Premier League,Matchweek 31,Wed,Home,W,2.0,0.0,Luton Town,1,13.0,4.0,30.8,0.08,0.25,17.8,0.0,0,0,0.7,0.7,0.06,0.3,0.3,Match Report,2024,Arsenal
546,307,42,2024-04-06,17:30,Premier League,Matchweek 32,Sat,Away,W,3.0,0.0,Brighton,3,19.0,6.0,31.6,0.11,0.33,12.4,0.0,1,1,3.4,2.6,0.14,-0.4,-0.6,Match Report,2024,Arsenal
547,309,44,2024-04-14,16:30,Premier League,Matchweek 33,Sun,Home,L,0.0,2.0,Aston Villa,0,18.0,4.0,22.2,0.0,0.0,17.2,1.0,0,0,1.6,1.6,0.1,-1.6,-1.6,Match Report,2024,Arsenal
548,311,46,2024-04-20,19:30,Premier League,Matchweek 34,Sat,Away,W,2.0,0.0,Wolves,2,24.0,9.0,37.5,0.08,0.22,17.8,0.0,0,0,1.2,1.2,0.05,0.8,0.8,Match Report,2024,Arsenal
549,312,47,2024-04-23,20:00,Premier League,Matchweek 29,Tue,Home,W,5.0,0.0,Chelsea,5,27.0,10.0,37.0,0.19,0.5,16.3,0.0,0,0,3.3,3.3,0.13,1.7,1.7,Match Report,2024,Arsenal
550,313,48,2024-04-28,14:00,Premier League,Matchweek 35,Sun,Away,W,3.0,2.0,Tottenham,2,9.0,3.0,33.3,0.22,0.67,14.3,1.0,0,0,1.0,1.0,0.11,1.0,1.0,Match Report,2024,Arsenal
551,314,49,2024-05-04,12:30,Premier League,Matchweek 36,Sat,Home,W,3.0,0.0,Bournemouth,3,24.0,8.0,33.3,0.08,0.25,14.0,0.0,1,1,3.3,2.5,0.11,-0.3,-0.5,Match Report,2024,Arsenal
552,315,50,2024-05-12,16:30,Premier League,Matchweek 37,Sun,Away,W,1.0,0.0,Manchester Utd,1,11.0,5.0,45.5,0.09,0.2,13.4,0.0,0,0,1.5,1.5,0.14,-0.5,-0.5,Match Report,2024,Arsenal
553,316,51,2024-05-19,16:00,Premier League,Matchweek 38,Sun,Home,W,2.0,1.0,Everton,2,26.0,5.0,19.2,0.08,0.4,14.1,0.0,0,0,2.9,2.9,0.12,-0.9,-0.9,Match Report,2024,Arsenal
554,318,0,2023-08-13,16:30,Premier League,Matchweek 1,Sun,Away,D,1.0,1.0,Chelsea,1,13.0,1.0,7.7,0.08,1.0,17.8,0.0,0,0,1.3,1.3,0.1,-0.3,-0.3,Match Report,2024,Liverpool
555,319,1,2023-08-19,15:00,Premier League,Matchweek 2,Sat,Home,W,3.0,1.0,Bournemouth,3,25.0,9.0,36.0,0.12,0.33,16.8,1.0,0,1,3.0,2.1,0.09,0.0,0.9,Match Report,2024,Liverpool
556,320,2,2023-08-27,16:30,Premier League,Matchweek 3,Sun,Away,W,2.0,1.0,Newcastle Utd,2,9.0,4.0,44.4,0.22,0.5,17.2,1.0,0,0,0.9,0.9,0.1,1.1,1.1,Match Report,2024,Liverpool
557,321,3,2023-09-03,14:00,Premier League,Matchweek 4,Sun,Home,W,3.0,0.0,Aston Villa,2,17.0,4.0,23.5,0.12,0.5,14.7,0.0,0,0,2.5,2.5,0.15,-0.5,-0.5,Match Report,2024,Liverpool
558,322,4,2023-09-16,12:30,Premier League,Matchweek 5,Sat,Away,W,3.0,1.0,Wolves,2,16.0,5.0,31.3,0.13,0.4,15.8,0.0,0,0,2.5,2.5,0.16,-0.5,-0.5,Match Report,2024,Liverpool
559,324,6,2023-09-24,14:00,Premier League,Matchweek 6,Sun,Home,W,3.0,1.0,West Ham,3,21.0,6.0,28.6,0.1,0.33,19.3,2.0,1,1,3.0,2.2,0.11,0.0,-0.2,Match Report,2024,Liverpool
560,326,8,2023-09-30,17:30,Premier League,Matchweek 7,Sat,Away,L,1.0,2.0,Tottenham,1,12.0,4.0,33.3,0.08,0.25,14.9,0.0,0,0,1.3,1.3,0.11,-0.3,-0.3,Match Report,2024,Liverpool
561,328,10,2023-10-08,14:00,Premier League,Matchweek 8,Sun,Away,D,2.0,2.0,Brighton,2,13.0,3.0,23.1,0.08,0.33,18.8,0.0,1,1,2.3,1.6,0.12,-0.3,-0.6,Match Report,2024,Liverpool
562,329,11,2023-10-21,12:30,Premier League,Matchweek 9,Sat,Home,W,2.0,0.0,Everton,2,25.0,5.0,20.0,0.04,0.2,22.4,1.0,1,1,2.2,1.4,0.06,-0.2,-0.4,Match Report,2024,Liverpool
563,331,13,2023-10-29,14:00,Premier League,Matchweek 10,Sun,Home,W,3.0,0.0,Nott'ham Forest,3,21.0,8.0,38.1,0.14,0.38,19.5,2.0,0,0,3.2,3.2,0.16,-0.2,-0.2,Match Report,2024,Liverpool
564,333,15,2023-11-05,16:30,Premier League,Matchweek 11,Sun,Away,D,1.0,1.0,Luton Town,1,24.0,6.0,25.0,0.04,0.17,17.5,0.0,0,0,2.6,2.6,0.12,-1.6,-1.6,Match Report,2024,Liverpool
565,335,17,2023-11-12,14:00,Premier League,Matchweek 12,Sun,Home,W,3.0,0.0,Brentford,3,17.0,10.0,58.8,0.18,0.3,19.0,0.0,0,0,1.7,1.7,0.1,1.3,1.3,Match Report,2024,Liverpool
566,336,18,2023-11-25,12:30,Premier League,Matchweek 13,Sat,Away,D,1.0,1.0,Manchester City,1,8.0,3.0,37.5,0.13,0.33,15.9,0.0,0,0,0.6,0.6,0.07,0.4,0.4,Match Report,2024,Liverpool
567,338,20,2023-12-03,14:00,Premier League,Matchweek 14,Sun,Home,W,4.0,3.0,Fulham,3,26.0,12.0,46.2,0.12,0.25,18.9,1.0,0,0,2.1,2.1,0.09,0.9,0.9,Match Report,2024,Liverpool
568,339,21,2023-12-06,19:30,Premier League,Matchweek 15,Wed,Away,W,2.0,0.0,Sheffield Utd,2,15.0,8.0,53.3,0.13,0.25,16.4,0.0,0,0,1.7,1.7,0.11,0.3,0.3,Match Report,2024,Liverpool
569,340,22,2023-12-09,12:30,Premier League,Matchweek 16,Sat,Away,W,2.0,1.0,Crystal Palace,2,14.0,2.0,14.3,0.14,1.0,17.4,0.0,0,0,1.2,1.2,0.09,0.8,0.8,Match Report,2024,Liverpool
570,342,24,2023-12-17,16:30,Premier League,Matchweek 17,Sun,Home,D,0.0,0.0,Manchester Utd,0,34.0,8.0,23.5,0.0,0.0,17.7,0.0,0,0,2.3,2.3,0.07,-2.3,-2.3,Match Report,2024,Liverpool
571,344,26,2023-12-23,17:30,Premier League,Matchweek 18,Sat,Home,D,1.0,1.0,Arsenal,1,13.0,3.0,23.1,0.08,0.33,20.1,1.0,0,0,1.0,1.0,0.07,0.0,0.0,Match Report,2024,Liverpool
572,345,27,2023-12-26,17:30,Premier League,Matchweek 19,Tue,Away,W,2.0,0.0,Burnley,2,19.0,10.0,52.6,0.11,0.2,17.4,0.0,0,0,1.8,1.8,0.1,0.2,0.2,Match Report,2024,Liverpool
573,346,28,2024-01-01,20:00,Premier League,Matchweek 20,Mon,Home,W,4.0,2.0,Newcastle Utd,4,32.0,12.0,37.5,0.09,0.25,16.2,0.0,1,2,7.0,5.4,0.17,-3.0,-2.4,Match Report,2024,Liverpool
574,349,31,2024-01-21,16:30,Premier League,Matchweek 21,Sun,Away,W,4.0,0.0,Bournemouth,4,14.0,7.0,50.0,0.29,0.57,19.2,0.0,0,0,1.5,1.5,0.11,2.5,2.5,Match Report,2024,Liverpool
575,352,34,2024-01-31,20:15,Premier League,Matchweek 22,Wed,Home,W,4.0,1.0,Chelsea,4,27.0,13.0,48.1,0.15,0.31,19.9,2.0,0,1,2.9,2.1,0.08,1.1,1.9,Match Report,2024,Liverpool
576,353,35,2024-02-04,16:30,Premier League,Matchweek 23,Sun,Away,L,1.0,3.0,Arsenal,0,10.0,1.0,10.0,0.0,0.0,19.7,0.0,0,0,0.4,0.4,0.04,-0.4,-0.4,Match Report,2024,Liverpool
577,354,36,2024-02-10,15:00,Premier League,Matchweek 24,Sat,Home,W,3.0,1.0,Burnley,3,25.0,10.0,40.0,0.12,0.3,15.4,0.0,0,0,2.8,2.8,0.11,0.2,0.2,Match Report,2024,Liverpool
578,355,37,2024-02-17,12:30,Premier League,Matchweek 25,Sat,Away,W,4.0,1.0,Brentford,4,15.0,8.0,53.3,0.27,0.5,15.9,1.0,0,0,2.8,2.8,0.19,1.2,1.2,Match Report,2024,Liverpool
579,356,38,2024-02-21,19:30,Premier League,Matchweek 26,Wed,Home,W,4.0,1.0,Luton Town,4,29.0,13.0,44.8,0.14,0.31,16.9,0.0,0,0,3.3,3.3,0.11,0.7,0.7,Match Report,2024,Liverpool
580,359,41,2024-03-02,15:00,Premier League,Matchweek 27,Sat,Away,W,1.0,0.0,Nott'ham Forest,1,22.0,1.0,4.5,0.05,1.0,14.6,0.0,0,0,2.0,2.0,0.09,-1.0,-1.0,Match Report,2024,Liverpool
581,361,43,2024-03-10,15:45,Premier League,Matchweek 28,Sun,Home,D,1.0,1.0,Manchester City,1,18.0,5.0,27.8,0.0,0.0,19.0,1.0,1,1,2.7,1.9,0.11,-1.7,-1.9,Match Report,2024,Liverpool
582,364,46,2024-03-31,14:00,Premier League,Matchweek 30,Sun,Home,W,2.0,1.0,Brighton,2,30.0,8.0,26.7,0.07,0.25,16.6,0.0,0,0,2.8,2.8,0.09,-0.8,-0.8,Match Report,2024,Liverpool
583,365,47,2024-04-04,19:30,Premier League,Matchweek 31,Thu,Home,W,3.0,1.0,Sheffield Utd,3,29.0,9.0,31.0,0.1,0.33,18.1,1.0,0,0,1.8,1.8,0.06,1.2,1.2,Match Report,2024,Liverpool
584,366,48,2024-04-07,15:30,Premier League,Matchweek 32,Sun,Away,D,2.0,2.0,Manchester Utd,2,27.0,6.0,22.2,0.04,0.17,17.5,0.0,1,1,3.6,2.9,0.11,-1.6,-1.9,Match Report,2024,Liverpool
585,368,50,2024-04-14,14:00,Premier League,Matchweek 33,Sun,Home,L,0.0,1.0,Crystal Palace,0,21.0,5.0,23.8,0.0,0.0,12.5,1.0,0,0,2.7,2.7,0.13,-2.7,-2.7,Match Report,2024,Liverpool
586,370,52,2024-04-21,16:30,Premier League,Matchweek 34,Sun,Away,W,3.0,1.0,Fulham,3,14.0,7.0,50.0,0.21,0.43,18.8,2.0,0,0,1.0,1.0,0.07,2.0,2.0,Match Report,2024,Liverpool
587,371,53,2024-04-24,20:00,Premier League,Matchweek 29,Wed,Away,L,0.0,2.0,Everton,0,23.0,7.0,30.4,0.0,0.0,16.8,0.0,0,0,2.1,2.1,0.09,-2.1,-2.1,Match Report,2024,Liverpool
588,372,54,2024-04-27,12:30,Premier League,Matchweek 35,Sat,Away,D,2.0,2.0,West Ham,1,28.0,8.0,28.6,0.04,0.13,16.6,1.0,0,0,1.7,1.7,0.06,-0.7,-0.7,Match Report,2024,Liverpool
589,373,55,2024-05-05,16:30,Premier League,Matchweek 36,Sun,Home,W,4.0,2.0,Tottenham,4,25.0,12.0,48.0,0.16,0.33,15.3,0.0,0,0,3.3,3.3,0.15,0.7,0.7,Match Report,2024,Liverpool
590,374,56,2024-05-13,20:00,Premier League,Matchweek 37,Mon,Away,D,3.0,3.0,Aston Villa,2,14.0,7.0,50.0,0.14,0.29,17.1,0.0,0,0,1.7,1.7,0.13,0.3,0.3,Match Report,2024,Liverpool
591,375,57,2024-05-19,16:00,Premier League,Matchweek 38,Sun,Home,W,2.0,0.0,Wolves,2,36.0,13.0,36.1,0.06,0.15,14.8,0.0,0,0,4.5,4.5,0.14,-2.5,-2.5,Match Report,2024,Liverpool
592,377,0,2023-08-12,17:30,Premier League,Matchweek 1,Sat,Away,L,1.0,5.0,Newcastle Utd,1,16.0,6.0,37.5,0.06,0.17,14.5,1.0,0,0,1.8,1.8,0.12,-0.8,-0.8,Match Report,2024,Aston Villa
593,378,1,2023-08-20,14:00,Premier League,Matchweek 2,Sun,Home,W,4.0,0.0,Everton,4,12.0,6.0,50.0,0.25,0.5,18.5,0.0,1,1,2.9,2.2,0.18,1.1,0.8,Match Report,2024,Aston Villa
594,380,3,2023-08-27,14:00,Premier League,Matchweek 3,Sun,Away,W,3.0,1.0,Burnley,3,16.0,6.0,37.5,0.19,0.5,13.4,0.0,0,0,2.5,2.5,0.17,0.5,0.5,Match Report,2024,Aston Villa
595,382,5,2023-09-03,14:00,Premier League,Matchweek 4,Sun,Away,L,0.0,3.0,Liverpool,0,9.0,3.0,33.3,0.0,0.0,12.5,0.0,0,0,0.7,0.7,0.07,-0.7,-0.7,Match Report,2024,Aston Villa
596,383,6,2023-09-16,15:00,Premier League,Matchweek 5,Sat,Home,W,3.0,1.0,Crystal Palace,3,15.0,4.0,26.7,0.13,0.5,16.2,0.0,1,1,3.0,2.3,0.16,0.0,-0.3,Match Report,2024,Aston Villa
597,385,8,2023-09-24,14:00,Premier League,Matchweek 6,Sun,Away,W,1.0,0.0,Chelsea,1,15.0,7.0,46.7,0.07,0.14,18.2,1.0,0,0,1.0,1.0,0.07,0.0,0.0,Match Report,2024,Aston Villa
598,387,10,2023-09-30,12:30,Premier League,Matchweek 7,Sat,Home,W,6.0,1.0,Brighton,5,19.0,9.0,47.4,0.26,0.56,17.9,1.0,0,0,1.6,1.6,0.09,3.4,3.4,Match Report,2024,Aston Villa
599,389,12,2023-10-08,14:00,Premier League,Matchweek 8,Sun,Away,D,1.0,1.0,Wolves,1,18.0,4.0,22.2,0.06,0.25,16.6,0.0,0,0,1.6,1.6,0.09,-0.6,-0.6,Match Report,2024,Aston Villa
600,390,13,2023-10-22,16:30,Premier League,Matchweek 9,Sun,Home,W,4.0,1.0,West Ham,4,14.0,6.0,42.9,0.21,0.5,19.6,0.0,1,1,1.9,1.1,0.08,2.1,1.9,Match Report,2024,Aston Villa
601,392,15,2023-10-29,14:00,Premier League,Matchweek 10,Sun,Home,W,3.0,1.0,Luton Town,2,17.0,6.0,35.3,0.12,0.33,14.5,0.0,0,0,2.3,2.3,0.14,-0.3,-0.3,Match Report,2024,Aston Villa
602,393,16,2023-11-05,14:00,Premier League,Matchweek 11,Sun,Away,L,0.0,2.0,Nott'ham Forest,0,13.0,3.0,23.1,0.0,0.0,14.0,0.0,0,0,1.2,1.2,0.09,-1.2,-1.2,Match Report,2024,Aston Villa
603,395,18,2023-11-12,14:00,Premier League,Matchweek 12,Sun,Home,W,3.0,1.0,Fulham,2,12.0,6.0,50.0,0.17,0.33,13.5,0.0,0,0,3.0,3.0,0.26,-1.0,-1.0,Match Report,2024,Aston Villa
604,396,19,2023-11-26,14:00,Premier League,Matchweek 13,Sun,Away,W,2.0,1.0,Tottenham,2,15.0,5.0,33.3,0.13,0.4,16.6,1.0,0,0,1.7,1.7,0.12,0.3,0.3,Match Report,2024,Aston Villa
605,398,21,2023-12-03,14:00,Premier League,Matchweek 14,Sun,Away,D,2.0,2.0,Bournemouth,2,11.0,3.0,27.3,0.18,0.67,19.2,1.0,0,0,0.7,0.7,0.06,1.3,1.3,Match Report,2024,Aston Villa
606,399,22,2023-12-06,20:15,Premier League,Matchweek 15,Wed,Home,W,1.0,0.0,Manchester City,1,22.0,7.0,31.8,0.05,0.14,18.9,0.0,0,0,2.3,2.3,0.11,-1.3,-1.3,Match Report,2024,Aston Villa
607,400,23,2023-12-09,17:30,Premier League,Matchweek 16,Sat,Home,W,1.0,0.0,Arsenal,1,10.0,3.0,30.0,0.1,0.33,20.8,1.0,0,0,0.6,0.6,0.06,0.4,0.4,Match Report,2024,Aston Villa
608,402,25,2023-12-17,14:00,Premier League,Matchweek 17,Sun,Away,W,2.0,1.0,Brentford,2,15.0,5.0,33.3,0.13,0.4,16.7,0.0,0,0,1.4,1.4,0.09,0.6,0.6,Match Report,2024,Aston Villa
609,403,26,2023-12-22,20:00,Premier League,Matchweek 18,Fri,Home,D,1.0,1.0,Sheffield Utd,1,12.0,4.0,33.3,0.08,0.25,17.5,0.0,0,0,0.9,0.9,0.07,0.1,0.1,Match Report,2024,Aston Villa
610,404,27,2023-12-26,20:00,Premier League,Matchweek 19,Tue,Away,L,2.0,3.0,Manchester Utd,2,10.0,3.0,30.0,0.2,0.67,14.6,1.0,0,0,1.7,1.7,0.17,0.3,0.3,Match Report,2024,Aston Villa
611,405,28,2023-12-30,15:00,Premier League,Matchweek 20,Sat,Home,W,3.0,2.0,Burnley,3,18.0,6.0,33.3,0.11,0.33,16.9,1.0,1,1,3.2,2.4,0.14,-0.2,-0.4,Match Report,2024,Aston Villa
612,407,30,2024-01-14,14:00,Premier League,Matchweek 21,Sun,Away,D,0.0,0.0,Everton,0,16.0,4.0,25.0,0.0,0.0,14.2,0.0,0,0,1.2,1.2,0.08,-1.2,-1.2,Match Report,2024,Aston Villa
613,409,32,2024-01-30,20:15,Premier League,Matchweek 22,Tue,Home,L,1.0,3.0,Newcastle Utd,1,12.0,5.0,41.7,0.08,0.2,14.3,0.0,0,0,1.4,1.4,0.12,-0.4,-0.4,Match Report,2024,Aston Villa
614,410,33,2024-02-03,17:30,Premier League,Matchweek 23,Sat,Away,W,5.0,0.0,Sheffield Utd,5,14.0,9.0,64.3,0.36,0.56,15.8,1.0,0,0,2.2,2.2,0.18,2.8,2.8,Match Report,2024,Aston Villa
615,412,35,2024-02-11,16:30,Premier League,Matchweek 24,Sun,Home,L,1.0,2.0,Manchester Utd,1,23.0,9.0,39.1,0.04,0.11,16.7,1.0,0,0,2.4,2.4,0.11,-1.4,-1.4,Match Report,2024,Aston Villa
616,413,36,2024-02-17,15:00,Premier League,Matchweek 25,Sat,Away,W,2.0,1.0,Fulham,2,12.0,3.0,25.0,0.17,0.67,16.8,1.0,0,0,1.5,1.5,0.13,0.5,0.5,Match Report,2024,Aston Villa
617,414,37,2024-02-24,15:00,Premier League,Matchweek 26,Sat,Home,W,4.0,2.0,Nott'ham Forest,4,16.0,6.0,37.5,0.25,0.67,14.3,2.0,0,0,3.6,3.6,0.23,0.4,0.4,Match Report,2024,Aston Villa
618,415,38,2024-03-02,17:30,Premier League,Matchweek 27,Sat,Away,W,3.0,2.0,Luton Town,3,12.0,8.0,66.7,0.25,0.38,12.5,0.0,0,0,1.9,1.9,0.16,1.1,1.1,Match Report,2024,Aston Villa
619,417,40,2024-03-10,13:00,Premier League,Matchweek 28,Sun,Home,L,0.0,4.0,Tottenham,0,10.0,1.0,10.0,0.0,0.0,14.1,0.0,0,0,0.8,0.8,0.08,-0.8,-0.8,Match Report,2024,Aston Villa
620,419,42,2024-03-17,14:00,Premier League,Matchweek 29,Sun,Away,D,1.0,1.0,West Ham,1,13.0,5.0,38.5,0.08,0.2,20.6,0.0,0,0,0.7,0.7,0.05,0.3,0.3,Match Report,2024,Aston Villa
621,420,43,2024-03-30,17:30,Premier League,Matchweek 30,Sat,Home,W,2.0,0.0,Wolves,2,11.0,5.0,45.5,0.18,0.4,14.7,0.0,0,0,1.0,1.0,0.09,1.0,1.0,Match Report,2024,Aston Villa
622,421,44,2024-04-03,20:15,Premier League,Matchweek 31,Wed,Away,L,1.0,4.0,Manchester City,1,8.0,3.0,37.5,0.13,0.33,12.4,0.0,0,0,0.8,0.8,0.1,0.2,0.2,Match Report,2024,Aston Villa
623,422,45,2024-04-06,15:00,Premier League,Matchweek 32,Sat,Home,D,3.0,3.0,Brentford,3,11.0,3.0,27.3,0.27,1.0,12.1,1.0,0,0,1.5,1.5,0.14,1.5,1.5,Match Report,2024,Aston Villa
624,424,47,2024-04-14,16:30,Premier League,Matchweek 33,Sun,Away,W,2.0,0.0,Arsenal,2,11.0,2.0,18.2,0.18,1.0,18.8,1.0,0,0,0.9,0.9,0.09,1.1,1.1,Match Report,2024,Aston Villa
625,426,49,2024-04-21,15:00,Premier League,Matchweek 34,Sun,Home,W,3.0,1.0,Bournemouth,3,15.0,5.0,33.3,0.2,0.6,14.8,0.0,0,0,2.4,2.4,0.17,0.6,0.6,Match Report,2024,Aston Villa
626,427,50,2024-04-27,20:00,Premier League,Matchweek 35,Sat,Home,D,2.0,2.0,Chelsea,1,9.0,4.0,44.4,0.11,0.25,15.0,0.0,0,0,1.1,1.1,0.12,-0.1,-0.1,Match Report,2024,Aston Villa
627,429,52,2024-05-05,14:00,Premier League,Matchweek 36,Sun,Away,L,0.0,1.0,Brighton,0,2.0,1.0,50.0,0.0,0.0,23.2,0.0,0,0,0.1,0.1,0.03,-0.1,-0.1,Match Report,2024,Aston Villa
628,431,54,2024-05-13,20:00,Premier League,Matchweek 37,Mon,Home,D,3.0,3.0,Liverpool,3,19.0,5.0,26.3,0.16,0.6,15.2,0.0,0,0,3.1,3.1,0.17,-0.1,-0.1,Match Report,2024,Aston Villa
629,432,55,2024-05-19,16:00,Premier League,Matchweek 38,Sun,Away,L,0.0,5.0,Crystal Palace,0,8.0,2.0,25.0,0.0,0.0,13.8,0.0,0,0,0.9,0.9,0.13,-0.9,-0.9,Match Report,2024,Aston Villa
630,434,0,2023-08-13,14:00,Premier League,Matchweek 1,Sun,Away,D,2.0,2.0,Brentford,2,18.0,6.0,33.3,0.11,0.33,19.6,0.0,0,0,1.3,1.3,0.07,0.7,0.7,Match Report,2024,Tottenham Hotspur
631,435,1,2023-08-19,17:30,Premier League,Matchweek 2,Sat,Home,W,2.0,0.0,Manchester Utd,1,17.0,6.0,35.3,0.06,0.17,13.8,0.0,0,0,1.7,1.7,0.1,-0.7,-0.7,Match Report,2024,Tottenham Hotspur
632,436,2,2023-08-26,12:30,Premier League,Matchweek 3,Sat,Away,W,2.0,0.0,Bournemouth,2,17.0,6.0,35.3,0.12,0.33,16.6,1.0,0,0,2.1,2.1,0.12,-0.1,-0.1,Match Report,2024,Tottenham Hotspur
633,438,4,2023-09-02,15:00,Premier League,Matchweek 4,Sat,Away,W,5.0,2.0,Burnley,5,21.0,11.0,52.4,0.24,0.45,19.3,0.0,0,0,2.2,2.2,0.11,2.8,2.8,Match Report,2024,Tottenham Hotspur
634,439,5,2023-09-16,15:00,Premier League,Matchweek 5,Sat,Home,W,2.0,1.0,Sheffield Utd,2,28.0,10.0,35.7,0.07,0.2,16.4,0.0,0,0,2.1,2.1,0.08,-0.1,-0.1,Match Report,2024,Tottenham Hotspur
635,440,6,2023-09-24,14:00,Premier League,Matchweek 6,Sun,Away,D,2.0,2.0,Arsenal,2,13.0,5.0,38.5,0.15,0.4,16.0,0.0,0,0,1.4,1.4,0.11,0.6,0.6,Match Report,2024,Tottenham Hotspur
636,441,7,2023-09-30,17:30,Premier League,Matchweek 7,Sat,Home,W,2.0,1.0,Liverpool,1,24.0,8.0,33.3,0.04,0.13,19.8,0.0,0,0,2.2,2.2,0.09,-1.2,-1.2,Match Report,2024,Tottenham Hotspur
637,442,8,2023-10-07,12:30,Premier League,Matchweek 8,Sat,Away,W,1.0,0.0,Luton Town,1,15.0,4.0,26.7,0.07,0.25,16.9,1.0,0,0,1.9,1.9,0.13,-0.9,-0.9,Match Report,2024,Tottenham Hotspur
638,443,9,2023-10-23,20:00,Premier League,Matchweek 9,Mon,Home,W,2.0,0.0,Fulham,2,15.0,5.0,33.3,0.13,0.4,17.2,0.0,0,0,1.5,1.5,0.1,0.5,0.5,Match Report,2024,Tottenham Hotspur
639,444,10,2023-10-27,20:00,Premier League,Matchweek 10,Fri,Away,W,2.0,1.0,Crystal Palace,1,10.0,1.0,10.0,0.1,1.0,19.5,1.0,0,0,1.1,1.1,0.11,-0.1,-0.1,Match Report,2024,Tottenham Hotspur
640,445,11,2023-11-06,20:00,Premier League,Matchweek 11,Mon,Home,L,1.0,4.0,Chelsea,1,8.0,5.0,62.5,0.13,0.2,23.5,1.0,0,0,0.9,0.9,0.11,0.1,0.1,Match Report,2024,Tottenham Hotspur
641,446,12,2023-11-11,12:30,Premier League,Matchweek 12,Sat,Away,L,1.0,2.0,Wolves,1,6.0,2.0,33.3,0.17,0.5,17.5,0.0,0,0,0.7,0.7,0.12,0.3,0.3,Match Report,2024,Tottenham Hotspur
642,447,13,2023-11-26,14:00,Premier League,Matchweek 13,Sun,Home,L,1.0,2.0,Aston Villa,1,18.0,7.0,38.9,0.06,0.14,14.0,0.0,0,0,2.3,2.3,0.14,-1.3,-1.3,Match Report,2024,Tottenham Hotspur
643,448,14,2023-12-03,16:30,Premier League,Matchweek 14,Sun,Away,D,3.0,3.0,Manchester City,3,8.0,4.0,50.0,0.38,0.75,20.7,0.0,0,0,0.5,0.5,0.06,2.5,2.5,Match Report,2024,Tottenham Hotspur
644,449,15,2023-12-07,20:15,Premier League,Matchweek 15,Thu,Home,L,1.0,2.0,West Ham,1,23.0,6.0,26.1,0.04,0.17,17.1,1.0,0,0,1.8,1.8,0.08,-0.8,-0.8,Match Report,2024,Tottenham Hotspur
645,450,16,2023-12-10,16:30,Premier League,Matchweek 16,Sun,Home,W,4.0,1.0,Newcastle Utd,4,22.0,10.0,45.5,0.14,0.3,15.5,0.0,1,1,3.8,3.0,0.14,0.2,0.0,Match Report,2024,Tottenham Hotspur
646,451,17,2023-12-15,20:00,Premier League,Matchweek 17,Fri,Away,W,2.0,0.0,Nott'ham Forest,2,12.0,6.0,50.0,0.17,0.33,12.5,0.0,0,0,1.5,1.5,0.13,0.5,0.5,Match Report,2024,Tottenham Hotspur
647,452,18,2023-12-23,15:00,Premier League,Matchweek 18,Sat,Home,W,2.0,1.0,Everton,2,13.0,6.0,46.2,0.15,0.33,15.1,0.0,0,0,1.5,1.5,0.11,0.5,0.5,Match Report,2024,Tottenham Hotspur
648,453,19,2023-12-28,19:30,Premier League,Matchweek 19,Thu,Away,L,2.0,4.0,Brighton,2,19.0,3.0,15.8,0.11,0.67,15.2,1.0,0,0,2.3,2.3,0.12,-0.3,-0.3,Match Report,2024,Tottenham Hotspur
649,454,20,2023-12-31,14:00,Premier League,Matchweek 20,Sun,Home,W,3.0,1.0,Bournemouth,3,12.0,6.0,50.0,0.25,0.5,14.7,0.0,0,0,2.3,2.3,0.19,0.7,0.7,Match Report,2024,Tottenham Hotspur
650,456,22,2024-01-14,16:30,Premier League,Matchweek 21,Sun,Away,D,2.0,2.0,Manchester Utd,2,16.0,5.0,31.3,0.13,0.4,14.4,0.0,0,0,1.2,1.2,0.08,0.8,0.8,Match Report,2024,Tottenham Hotspur
651,458,24,2024-01-31,19:30,Premier League,Matchweek 22,Wed,Home,W,3.0,2.0,Brentford,3,19.0,5.0,26.3,0.16,0.6,14.3,0.0,0,0,2.9,2.9,0.16,0.1,0.1,Match Report,2024,Tottenham Hotspur
652,459,25,2024-02-03,12:30,Premier League,Matchweek 23,Sat,Away,D,2.0,2.0,Everton,2,9.0,6.0,66.7,0.22,0.33,17.8,0.0,0,0,1.0,1.0,0.11,1.0,1.0,Match Report,2024,Tottenham Hotspur
653,460,26,2024-02-10,15:00,Premier League,Matchweek 24,Sat,Home,W,2.0,1.0,Brighton,2,16.0,6.0,37.5,0.13,0.33,17.1,1.0,0,0,1.6,1.6,0.1,0.4,0.4,Match Report,2024,Tottenham Hotspur
654,461,27,2024-02-17,15:00,Premier League,Matchweek 25,Sat,Home,L,1.0,2.0,Wolves,1,15.0,4.0,26.7,0.07,0.25,14.3,0.0,0,0,1.6,1.6,0.11,-0.6,-0.6,Match Report,2024,Tottenham Hotspur
655,462,28,2024-03-02,15:00,Premier League,Matchweek 27,Sat,Home,W,3.0,1.0,Crystal Palace,3,14.0,6.0,42.9,0.21,0.5,13.5,0.0,0,0,1.9,1.9,0.14,1.1,1.1,Match Report,2024,Tottenham Hotspur
656,463,29,2024-03-10,13:00,Premier League,Matchweek 28,Sun,Away,W,4.0,0.0,Aston Villa,4,9.0,5.0,55.6,0.44,0.8,14.9,0.0,0,0,1.5,1.5,0.17,2.5,2.5,Match Report,2024,Tottenham Hotspur
657,464,30,2024-03-16,17:30,Premier League,Matchweek 29,Sat,Away,L,0.0,3.0,Fulham,0,14.0,5.0,35.7,0.0,0.0,14.0,0.0,0,0,2.4,2.4,0.17,-2.4,-2.4,Match Report,2024,Tottenham Hotspur
658,465,31,2024-03-30,15:00,Premier League,Matchweek 30,Sat,Home,W,2.0,1.0,Luton Town,1,17.0,2.0,11.8,0.06,0.5,14.5,1.0,0,0,2.9,2.9,0.18,-1.9,-1.9,Match Report,2024,Tottenham Hotspur
659,466,32,2024-04-02,20:15,Premier League,Matchweek 31,Tue,Away,D,1.0,1.0,West Ham,1,13.0,4.0,30.8,0.08,0.25,17.4,0.0,0,0,1.0,1.0,0.07,0.0,0.0,Match Report,2024,Tottenham Hotspur
660,467,33,2024-04-07,18:00,Premier League,Matchweek 32,Sun,Home,W,3.0,1.0,Nott'ham Forest,2,17.0,7.0,41.2,0.12,0.29,20.2,1.0,0,0,1.5,1.5,0.09,0.5,0.5,Match Report,2024,Tottenham Hotspur
661,468,34,2024-04-13,12:30,Premier League,Matchweek 33,Sat,Away,L,0.0,4.0,Newcastle Utd,0,11.0,2.0,18.2,0.0,0.0,19.0,0.0,0,0,0.8,0.8,0.07,-0.8,-0.8,Match Report,2024,Tottenham Hotspur
662,469,35,2024-04-28,14:00,Premier League,Matchweek 35,Sun,Home,L,2.0,3.0,Arsenal,2,14.0,1.0,7.1,0.07,1.0,16.8,0.0,1,1,2.3,1.6,0.12,-0.3,-0.6,Match Report,2024,Tottenham Hotspur
663,470,36,2024-05-02,19:30,Premier League,Matchweek 26,Thu,Away,L,0.0,2.0,Chelsea,0,19.0,3.0,15.8,0.0,0.0,16.9,0.0,0,0,1.6,1.6,0.09,-1.6,-1.6,Match Report,2024,Tottenham Hotspur
664,471,37,2024-05-05,16:30,Premier League,Matchweek 36,Sun,Away,L,2.0,4.0,Liverpool,2,11.0,6.0,54.5,0.18,0.33,21.6,1.0,0,0,1.2,1.2,0.11,0.8,0.8,Match Report,2024,Tottenham Hotspur
665,472,38,2024-05-11,15:00,Premier League,Matchweek 37,Sat,Home,W,2.0,1.0,Burnley,2,21.0,9.0,42.9,0.1,0.22,16.0,0.0,0,0,2.7,2.7,0.13,-0.7,-0.7,Match Report,2024,Tottenham Hotspur
666,473,39,2024-05-14,20:00,Premier League,Matchweek 34,Tue,Home,L,0.0,2.0,Manchester City,0,10.0,5.0,50.0,0.0,0.0,15.0,0.0,0,0,1.7,1.7,0.17,-1.7,-1.7,Match Report,2024,Tottenham Hotspur
667,474,40,2024-05-19,16:00,Premier League,Matchweek 38,Sun,Away,W,3.0,0.0,Sheffield Utd,3,18.0,9.0,50.0,0.17,0.33,14.4,1.0,0,0,3.1,3.1,0.18,-0.1,-0.1,Match Report,2024,Tottenham Hotspur
668,476,0,2023-08-13,16:30,Premier League,Matchweek 1,Sun,Home,D,1.0,1.0,Liverpool,1,10.0,4.0,40.0,0.1,0.25,13.2,1.0,0,0,1.4,1.4,0.14,-0.4,-0.4,Match Report,2024,Chelsea
669,477,1,2023-08-20,16:30,Premier League,Matchweek 2,Sun,Away,L,1.0,3.0,West Ham,1,16.0,3.0,18.8,0.06,0.33,17.1,0.0,0,1,2.5,1.7,0.11,-1.5,-0.7,Match Report,2024,Chelsea
670,478,2,2023-08-25,20:00,Premier League,Matchweek 3,Fri,Home,W,3.0,0.0,Luton Town,3,19.0,8.0,42.1,0.16,0.38,14.2,1.0,0,0,2.2,2.2,0.12,0.8,0.8,Match Report,2024,Chelsea
671,480,4,2023-09-02,15:00,Premier League,Matchweek 4,Sat,Home,L,0.0,1.0,Nott'ham Forest,0,21.0,2.0,9.5,0.0,0.0,17.7,2.0,0,0,2.3,2.3,0.11,-2.3,-2.3,Match Report,2024,Chelsea
672,481,5,2023-09-17,14:00,Premier League,Matchweek 5,Sun,Away,D,0.0,0.0,Bournemouth,0,14.0,6.0,42.9,0.0,0.0,15.0,1.0,0,0,1.8,1.8,0.14,-1.8,-1.8,Match Report,2024,Chelsea
673,482,6,2023-09-24,14:00,Premier League,Matchweek 6,Sun,Home,L,0.0,1.0,Aston Villa,0,10.0,4.0,40.0,0.0,0.0,17.8,0.0,0,0,1.3,1.3,0.13,-1.3,-1.3,Match Report,2024,Chelsea
674,484,8,2023-10-02,20:00,Premier League,Matchweek 7,Mon,Away,W,2.0,0.0,Fulham,2,11.0,4.0,36.4,0.18,0.5,19.8,1.0,0,0,1.7,1.7,0.16,0.3,0.3,Match Report,2024,Chelsea
675,485,9,2023-10-07,15:00,Premier League,Matchweek 8,Sat,Away,W,4.0,1.0,Burnley,3,8.0,4.0,50.0,0.25,0.5,18.1,0.0,1,1,1.9,1.1,0.13,1.1,0.9,Match Report,2024,Chelsea
676,486,10,2023-10-21,17:30,Premier League,Matchweek 9,Sat,Home,D,2.0,2.0,Arsenal,2,10.0,4.0,40.0,0.1,0.25,20.4,0.0,1,1,1.3,0.6,0.06,0.7,0.4,Match Report,2024,Chelsea
677,487,11,2023-10-28,12:30,Premier League,Matchweek 10,Sat,Home,L,0.0,2.0,Brentford,0,17.0,2.0,11.8,0.0,0.0,16.1,1.0,0,0,1.9,1.9,0.12,-1.9,-1.9,Match Report,2024,Chelsea
678,489,13,2023-11-06,20:00,Premier League,Matchweek 11,Mon,Away,W,4.0,1.0,Tottenham,4,16.0,6.0,37.5,0.19,0.5,16.8,0.0,1,1,4.1,3.3,0.21,-0.1,-0.3,Match Report,2024,Chelsea
679,490,14,2023-11-12,16:30,Premier League,Matchweek 12,Sun,Home,D,4.0,4.0,Manchester City,4,16.0,8.0,50.0,0.19,0.38,19.1,1.0,1,1,2.9,2.2,0.14,1.1,0.8,Match Report,2024,Chelsea
680,491,15,2023-11-25,15:00,Premier League,Matchweek 13,Sat,Away,L,1.0,4.0,Newcastle Utd,1,7.0,4.0,57.1,0.14,0.25,18.4,2.0,0,0,0.5,0.5,0.08,0.5,0.5,Match Report,2024,Chelsea
681,492,16,2023-12-03,14:00,Premier League,Matchweek 14,Sun,Home,W,3.0,2.0,Brighton,3,7.0,3.0,42.9,0.29,0.67,19.6,0.0,1,1,2.1,1.3,0.19,0.9,0.7,Match Report,2024,Chelsea
682,493,17,2023-12-06,20:15,Premier League,Matchweek 15,Wed,Away,L,1.0,2.0,Manchester Utd,1,13.0,3.0,23.1,0.08,0.33,15.0,0.0,0,0,1.5,1.5,0.12,-0.5,-0.5,Match Report,2024,Chelsea
683,494,18,2023-12-10,14:00,Premier League,Matchweek 16,Sun,Away,L,0.0,2.0,Everton,0,16.0,4.0,25.0,0.0,0.0,18.5,1.0,0,0,0.9,0.9,0.06,-0.9,-0.9,Match Report,2024,Chelsea
684,495,19,2023-12-16,15:00,Premier League,Matchweek 17,Sat,Home,W,2.0,0.0,Sheffield Utd,2,15.0,6.0,40.0,0.13,0.33,17.2,1.0,0,0,3.1,3.1,0.2,-1.1,-1.1,Match Report,2024,Chelsea
685,497,21,2023-12-24,13:00,Premier League,Matchweek 18,Sun,Away,L,1.0,2.0,Wolves,1,16.0,4.0,25.0,0.06,0.25,17.4,1.0,0,0,2.0,2.0,0.13,-1.0,-1.0,Match Report,2024,Chelsea
686,498,22,2023-12-27,19:30,Premier League,Matchweek 19,Wed,Home,W,2.0,1.0,Crystal Palace,2,8.0,2.0,25.0,0.13,0.5,15.3,0.0,1,1,2.6,1.8,0.22,-0.6,-0.8,Match Report,2024,Chelsea
687,499,23,2023-12-30,12:30,Premier League,Matchweek 20,Sat,Away,W,3.0,2.0,Luton Town,3,12.0,8.0,66.7,0.25,0.38,17.5,0.0,0,0,1.5,1.5,0.12,1.5,1.5,Match Report,2024,Chelsea
688,502,26,2024-01-13,12:30,Premier League,Matchweek 21,Sat,Home,W,1.0,0.0,Fulham,1,16.0,2.0,12.5,0.0,0.0,17.5,0.0,1,1,2.2,1.4,0.09,-1.2,-1.4,Match Report,2024,Chelsea
689,505,29,2024-01-31,20:15,Premier League,Matchweek 22,Wed,Away,L,1.0,4.0,Liverpool,1,4.0,3.0,75.0,0.25,0.33,18.8,0.0,0,0,0.6,0.6,0.15,0.4,0.4,Match Report,2024,Chelsea
690,506,30,2024-02-04,14:00,Premier League,Matchweek 23,Sun,Home,L,2.0,4.0,Wolves,2,15.0,4.0,26.7,0.13,0.5,14.5,0.0,0,0,1.7,1.7,0.12,0.3,0.3,Match Report,2024,Chelsea
691,508,32,2024-02-12,20:00,Premier League,Matchweek 24,Mon,Away,W,3.0,1.0,Crystal Palace,3,14.0,5.0,35.7,0.21,0.6,15.3,0.0,0,0,1.4,1.4,0.1,1.6,1.6,Match Report,2024,Chelsea
692,509,33,2024-02-17,17:30,Premier League,Matchweek 25,Sat,Away,D,1.0,1.0,Manchester City,1,9.0,6.0,66.7,0.11,0.17,12.8,0.0,0,0,1.4,1.4,0.16,-0.4,-0.4,Match Report,2024,Chelsea
693,512,36,2024-03-02,15:00,Premier League,Matchweek 27,Sat,Away,D,2.0,2.0,Brentford,2,17.0,5.0,29.4,0.12,0.4,19.5,0.0,0,0,1.8,1.8,0.11,0.2,0.2,Match Report,2024,Chelsea
694,513,37,2024-03-11,20:00,Premier League,Matchweek 28,Mon,Home,W,3.0,2.0,Newcastle Utd,3,12.0,7.0,58.3,0.25,0.43,19.7,0.0,0,0,1.6,1.6,0.13,1.4,1.4,Match Report,2024,Chelsea
695,515,39,2024-03-30,15:00,Premier League,Matchweek 30,Sat,Home,D,2.0,2.0,Burnley,2,32.0,12.0,37.5,0.03,0.08,17.8,0.0,1,1,4.2,3.4,0.11,-2.2,-2.4,Match Report,2024,Chelsea
696,516,40,2024-04-04,20:15,Premier League,Matchweek 31,Thu,Home,W,4.0,3.0,Manchester Utd,4,26.0,8.0,30.8,0.08,0.25,19.0,1.0,2,2,3.0,1.4,0.06,1.0,0.6,Match Report,2024,Chelsea
697,517,41,2024-04-07,17:30,Premier League,Matchweek 32,Sun,Away,D,2.0,2.0,Sheffield Utd,2,6.0,3.0,50.0,0.33,0.67,18.5,0.0,0,0,0.3,0.3,0.06,1.7,1.7,Match Report,2024,Chelsea
698,518,42,2024-04-15,20:00,Premier League,Matchweek 33,Mon,Home,W,6.0,0.0,Everton,6,13.0,9.0,69.2,0.38,0.56,18.8,0.0,1,1,3.1,2.3,0.2,2.9,2.7,Match Report,2024,Chelsea
699,520,44,2024-04-23,20:00,Premier League,Matchweek 29,Tue,Away,L,0.0,5.0,Arsenal,0,7.0,1.0,14.3,0.0,0.0,13.0,1.0,0,0,1.6,1.6,0.24,-1.6,-1.6,Match Report,2024,Chelsea
700,521,45,2024-04-27,20:00,Premier League,Matchweek 35,Sat,Away,D,2.0,2.0,Aston Villa,2,21.0,5.0,23.8,0.1,0.4,21.7,1.0,0,0,1.6,1.6,0.07,0.4,0.4,Match Report,2024,Chelsea
701,522,46,2024-05-02,19:30,Premier League,Matchweek 26,Thu,Home,W,2.0,0.0,Tottenham,2,16.0,4.0,25.0,0.13,0.5,16.1,2.0,0,0,2.2,2.2,0.16,-0.2,-0.2,Match Report,2024,Chelsea
702,523,47,2024-05-05,14:00,Premier League,Matchweek 36,Sun,Home,W,5.0,0.0,West Ham,5,25.0,14.0,56.0,0.2,0.36,15.7,1.0,0,0,4.1,4.1,0.17,0.9,0.9,Match Report,2024,Chelsea
703,524,48,2024-05-11,17:30,Premier League,Matchweek 37,Sat,Away,W,3.0,2.0,Nott'ham Forest,3,12.0,5.0,41.7,0.25,0.6,12.0,1.0,0,0,1.6,1.6,0.13,1.4,1.4,Match Report,2024,Chelsea
704,525,49,2024-05-15,19:45,Premier League,Matchweek 34,Wed,Away,W,2.0,1.0,Brighton,2,14.0,6.0,42.9,0.14,0.33,20.3,2.0,0,0,1.5,1.5,0.11,0.5,0.5,Match Report,2024,Chelsea
705,526,50,2024-05-19,16:00,Premier League,Matchweek 38,Sun,Home,W,2.0,1.0,Bournemouth,2,16.0,6.0,37.5,0.13,0.33,18.2,0.0,0,0,1.1,1.1,0.07,0.9,0.9,Match Report,2024,Chelsea
706,528,0,2023-08-12,17:30,Premier League,Matchweek 1,Sat,Home,W,5.0,1.0,Aston Villa,5,17.0,12.0,70.6,0.29,0.42,13.2,0.0,0,0,3.3,3.3,0.2,1.7,1.7,Match Report,2024,Newcastle United
707,529,1,2023-08-19,20:00,Premier League,Matchweek 2,Sat,Away,L,0.0,1.0,Manchester City,0,7.0,1.0,14.3,0.0,0.0,20.3,0.0,0,0,0.3,0.3,0.04,-0.3,-0.3,Match Report,2024,Newcastle United
708,530,2,2023-08-27,16:30,Premier League,Matchweek 3,Sun,Home,L,1.0,2.0,Liverpool,1,23.0,8.0,34.8,0.04,0.13,18.3,1.0,0,0,2.0,2.0,0.09,-1.0,-1.0,Match Report,2024,Newcastle United
709,531,3,2023-09-02,17:30,Premier League,Matchweek 4,Sat,Away,L,1.0,3.0,Brighton,1,9.0,2.0,22.2,0.11,0.5,14.6,0.0,0,0,1.2,1.2,0.14,-0.2,-0.2,Match Report,2024,Newcastle United
710,532,4,2023-09-16,17:30,Premier League,Matchweek 5,Sat,Home,W,1.0,0.0,Brentford,1,8.0,1.0,12.5,0.0,0.0,20.2,0.0,1,1,1.4,0.6,0.08,-0.4,-0.6,Match Report,2024,Newcastle United
711,534,6,2023-09-24,16:30,Premier League,Matchweek 6,Sun,Away,W,8.0,0.0,Sheffield Utd,8,22.0,15.0,68.2,0.36,0.53,14.2,0.0,0,0,3.9,3.9,0.18,4.1,4.1,Match Report,2024,Newcastle United
712,536,8,2023-09-30,15:00,Premier League,Matchweek 7,Sat,Home,W,2.0,0.0,Burnley,2,19.0,6.0,31.6,0.05,0.17,15.8,0.0,1,1,3.1,2.4,0.13,-1.1,-1.4,Match Report,2024,Newcastle United
713,538,10,2023-10-08,14:00,Premier League,Matchweek 8,Sun,Away,D,2.0,2.0,West Ham,2,10.0,3.0,30.0,0.2,0.67,12.1,0.0,0,0,2.0,2.0,0.2,0.0,0.0,Match Report,2024,Newcastle United
714,539,11,2023-10-21,15:00,Premier League,Matchweek 9,Sat,Home,W,4.0,0.0,Crystal Palace,4,10.0,7.0,70.0,0.4,0.57,10.2,0.0,0,0,2.4,2.4,0.24,1.6,1.6,Match Report,2024,Newcastle United
715,541,13,2023-10-28,17:30,Premier League,Matchweek 10,Sat,Away,D,2.0,2.0,Wolves,2,12.0,3.0,25.0,0.08,0.33,14.2,0.0,1,1,2.2,1.4,0.14,-0.2,-0.4,Match Report,2024,Newcastle United
716,543,15,2023-11-04,17:30,Premier League,Matchweek 11,Sat,Home,W,1.0,0.0,Arsenal,1,9.0,1.0,11.1,0.11,1.0,18.6,0.0,0,0,1.0,1.0,0.14,0.0,0.0,Match Report,2024,Newcastle United
717,545,17,2023-11-11,17:30,Premier League,Matchweek 12,Sat,Away,L,0.0,2.0,Bournemouth,0,8.0,5.0,62.5,0.0,0.0,19.5,0.0,0,0,0.5,0.5,0.06,-0.5,-0.5,Match Report,2024,Newcastle United
718,546,18,2023-11-25,15:00,Premier League,Matchweek 13,Sat,Home,W,4.0,1.0,Chelsea,4,14.0,5.0,35.7,0.29,0.8,17.0,1.0,0,0,2.4,2.4,0.17,1.6,1.6,Match Report,2024,Newcastle United
719,548,20,2023-12-02,20:00,Premier League,Matchweek 14,Sat,Home,W,1.0,0.0,Manchester Utd,1,22.0,4.0,18.2,0.05,0.25,16.4,1.0,0,0,2.4,2.4,0.11,-1.4,-1.4,Match Report,2024,Newcastle United
720,549,21,2023-12-07,19:30,Premier League,Matchweek 15,Thu,Away,L,0.0,3.0,Everton,0,13.0,3.0,23.1,0.0,0.0,19.3,1.0,0,0,1.5,1.5,0.12,-1.5,-1.5,Match Report,2024,Newcastle United
721,550,22,2023-12-10,16:30,Premier League,Matchweek 16,Sun,Away,L,1.0,4.0,Tottenham,1,9.0,3.0,33.3,0.11,0.33,14.4,0.0,0,0,1.7,1.7,0.19,-0.7,-0.7,Match Report,2024,Newcastle United
722,552,24,2023-12-16,15:00,Premier League,Matchweek 17,Sat,Home,W,3.0,0.0,Fulham,3,27.0,10.0,37.0,0.11,0.3,14.4,0.0,0,0,3.5,3.5,0.14,-0.5,-0.5,Match Report,2024,Newcastle United
723,554,26,2023-12-23,15:00,Premier League,Matchweek 18,Sat,Away,L,0.0,1.0,Luton Town,0,15.0,2.0,13.3,0.0,0.0,12.2,0.0,0,0,1.4,1.4,0.1,-1.4,-1.4,Match Report,2024,Newcastle United
724,555,27,2023-12-26,12:30,Premier League,Matchweek 19,Tue,Home,L,1.0,3.0,Nott'ham Forest,1,18.0,5.0,27.8,0.0,0.0,15.1,1.0,1,1,2.4,1.6,0.1,-1.4,-1.6,Match Report,2024,Newcastle United
725,556,28,2024-01-01,20:00,Premier League,Matchweek 20,Mon,Away,L,2.0,4.0,Liverpool,2,5.0,3.0,60.0,0.4,0.67,16.1,0.0,0,0,0.6,0.6,0.12,1.4,1.4,Match Report,2024,Newcastle United
726,558,30,2024-01-13,17:30,Premier League,Matchweek 21,Sat,Home,L,2.0,3.0,Manchester City,2,12.0,5.0,41.7,0.17,0.4,14.7,0.0,0,0,1.3,1.3,0.11,0.7,0.7,Match Report,2024,Newcastle United
727,560,32,2024-01-30,20:15,Premier League,Matchweek 22,Tue,Away,W,3.0,1.0,Aston Villa,2,14.0,5.0,35.7,0.14,0.4,11.9,0.0,0,0,2.6,2.6,0.19,-0.6,-0.6,Match Report,2024,Newcastle United
728,561,33,2024-02-03,15:00,Premier League,Matchweek 23,Sat,Home,D,4.0,4.0,Luton Town,4,19.0,6.0,31.6,0.21,0.67,16.3,0.0,0,0,2.3,2.3,0.13,1.7,1.7,Match Report,2024,Newcastle United
729,562,34,2024-02-10,17:30,Premier League,Matchweek 24,Sat,Away,W,3.0,2.0,Nott'ham Forest,3,7.0,5.0,71.4,0.43,0.6,19.2,0.0,0,0,0.5,0.5,0.07,2.5,2.5,Match Report,2024,Newcastle United
730,563,35,2024-02-17,15:00,Premier League,Matchweek 25,Sat,Home,D,2.0,2.0,Bournemouth,2,16.0,4.0,25.0,0.06,0.25,19.4,0.0,1,1,2.2,1.4,0.09,-0.2,-0.4,Match Report,2024,Newcastle United
731,564,36,2024-02-24,20:00,Premier League,Matchweek 26,Sat,Away,L,1.0,4.0,Arsenal,1,3.0,2.0,66.7,0.33,0.5,14.5,0.0,0,0,0.2,0.2,0.05,0.8,0.8,Match Report,2024,Newcastle United
732,566,38,2024-03-02,15:00,Premier League,Matchweek 27,Sat,Home,W,3.0,0.0,Wolves,3,14.0,6.0,42.9,0.21,0.5,16.3,1.0,0,0,2.1,2.1,0.16,0.9,0.9,Match Report,2024,Newcastle United
733,567,39,2024-03-11,20:00,Premier League,Matchweek 28,Mon,Away,L,2.0,3.0,Chelsea,2,11.0,3.0,27.3,0.18,0.67,16.0,0.0,0,0,0.7,0.7,0.07,1.3,1.3,Match Report,2024,Newcastle United
734,569,41,2024-03-30,12:30,Premier League,Matchweek 30,Sat,Home,W,4.0,3.0,West Ham,4,22.0,7.0,31.8,0.09,0.29,17.6,0.0,2,2,4.1,2.5,0.11,-0.1,-0.5,Match Report,2024,Newcastle United
735,570,42,2024-04-02,19:30,Premier League,Matchweek 31,Tue,Home,D,1.0,1.0,Everton,1,18.0,5.0,27.8,0.06,0.2,15.7,0.0,0,0,2.4,2.4,0.14,-1.4,-1.4,Match Report,2024,Newcastle United
736,571,43,2024-04-06,15:00,Premier League,Matchweek 32,Sat,Away,W,1.0,0.0,Fulham,1,12.0,5.0,41.7,0.08,0.2,16.8,0.0,0,0,1.0,1.0,0.08,0.0,0.0,Match Report,2024,Newcastle United
737,572,44,2024-04-13,12:30,Premier League,Matchweek 33,Sat,Home,W,4.0,0.0,Tottenham,4,18.0,5.0,27.8,0.22,0.8,11.1,0.0,0,0,2.8,2.8,0.16,1.2,1.2,Match Report,2024,Newcastle United
738,573,45,2024-04-24,20:00,Premier League,Matchweek 29,Wed,Away,L,0.0,2.0,Crystal Palace,0,7.0,2.0,28.6,0.0,0.0,14.2,0.0,0,0,0.4,0.4,0.05,-0.4,-0.4,Match Report,2024,Newcastle United
739,574,46,2024-04-27,15:00,Premier League,Matchweek 35,Sat,Home,W,5.0,1.0,Sheffield Utd,4,19.0,6.0,31.6,0.16,0.5,16.0,0.0,1,1,3.1,2.3,0.12,0.9,0.7,Match Report,2024,Newcastle United
740,575,47,2024-05-04,15:00,Premier League,Matchweek 36,Sat,Away,W,4.0,1.0,Burnley,4,22.0,10.0,45.5,0.18,0.4,17.6,1.0,0,1,3.4,2.7,0.14,0.6,1.3,Match Report,2024,Newcastle United
741,576,48,2024-05-11,15:00,Premier League,Matchweek 37,Sat,Home,D,1.0,1.0,Brighton,1,18.0,7.0,38.9,0.06,0.14,15.8,0.0,0,0,2.2,2.2,0.12,-1.2,-1.2,Match Report,2024,Newcastle United
742,577,49,2024-05-15,20:00,Premier League,Matchweek 34,Wed,Away,L,2.0,3.0,Manchester Utd,2,21.0,7.0,33.3,0.1,0.29,14.6,0.0,0,0,2.2,2.2,0.1,-0.2,-0.2,Match Report,2024,Newcastle United
743,578,50,2024-05-19,16:00,Premier League,Matchweek 38,Sun,Away,W,4.0,2.0,Brentford,4,12.0,7.0,58.3,0.33,0.57,15.4,2.0,0,0,3.4,3.4,0.29,0.6,0.6,Match Report,2024,Newcastle United
744,580,0,2023-08-14,20:00,Premier League,Matchweek 1,Mon,Home,W,1.0,0.0,Wolves,1,15.0,2.0,13.3,0.07,0.5,14.7,0.0,0,0,2.2,2.2,0.15,-1.2,-1.2,Match Report,2024,Manchester United
745,581,1,2023-08-19,17:30,Premier League,Matchweek 2,Sat,Away,L,0.0,2.0,Tottenham,0,22.0,6.0,27.3,0.0,0.0,15.6,1.0,0,0,2.1,2.1,0.09,-2.1,-2.1,Match Report,2024,Manchester United
746,582,2,2023-08-26,15:00,Premier League,Matchweek 3,Sat,Home,W,3.0,2.0,Nott'ham Forest,3,17.0,8.0,47.1,0.12,0.25,20.3,0.0,1,1,2.8,2.0,0.12,0.2,0.0,Match Report,2024,Manchester United
747,583,3,2023-09-03,16:30,Premier League,Matchweek 4,Sun,Away,L,1.0,3.0,Arsenal,1,10.0,2.0,20.0,0.1,0.5,16.5,0.0,0,0,0.9,0.9,0.09,0.1,0.1,Match Report,2024,Manchester United
748,584,4,2023-09-16,15:00,Premier League,Matchweek 5,Sat,Home,L,1.0,3.0,Brighton,1,14.0,4.0,28.6,0.07,0.25,18.6,1.0,0,0,1.0,1.0,0.07,0.0,0.0,Match Report,2024,Manchester United
749,586,6,2023-09-23,20:00,Premier League,Matchweek 6,Sat,Away,W,1.0,0.0,Burnley,1,11.0,4.0,36.4,0.09,0.25,15.0,0.0,0,0,1.0,1.0,0.09,0.0,0.0,Match Report,2024,Manchester United
750,588,8,2023-09-30,15:00,Premier League,Matchweek 7,Sat,Home,L,0.0,1.0,Crystal Palace,0,19.0,3.0,15.8,0.0,0.0,15.5,0.0,0,0,1.3,1.3,0.07,-1.3,-1.3,Match Report,2024,Manchester United
751,590,10,2023-10-07,15:00,Premier League,Matchweek 8,Sat,Home,W,2.0,1.0,Brentford,2,21.0,8.0,38.1,0.1,0.25,18.3,1.0,0,0,1.4,1.4,0.07,0.6,0.6,Match Report,2024,Manchester United
752,591,11,2023-10-21,20:00,Premier League,Matchweek 9,Sat,Away,W,2.0,1.0,Sheffield Utd,2,14.0,5.0,35.7,0.14,0.4,20.6,1.0,0,0,1.1,1.1,0.08,0.9,0.9,Match Report,2024,Manchester United
753,593,13,2023-10-29,15:30,Premier League,Matchweek 10,Sun,Home,L,0.0,3.0,Manchester City,0,7.0,3.0,42.9,0.0,0.0,15.2,0.0,0,0,0.9,0.9,0.14,-0.9,-0.9,Match Report,2024,Manchester United
754,595,15,2023-11-04,12:30,Premier League,Matchweek 11,Sat,Away,W,1.0,0.0,Fulham,1,12.0,5.0,41.7,0.08,0.2,18.3,1.0,0,0,0.7,0.7,0.06,0.3,0.3,Match Report,2024,Manchester United
755,597,17,2023-11-11,15:00,Premier League,Matchweek 12,Sat,Home,W,1.0,0.0,Luton Town,1,15.0,4.0,26.7,0.07,0.25,14.0,1.0,0,0,2.2,2.2,0.15,-1.2,-1.2,Match Report,2024,Manchester United
756,598,18,2023-11-26,16:30,Premier League,Matchweek 13,Sun,Away,W,3.0,0.0,Everton,3,8.0,3.0,37.5,0.25,0.67,17.4,0.0,1,1,2.2,1.4,0.18,0.8,0.6,Match Report,2024,Manchester United
757,600,20,2023-12-02,20:00,Premier League,Matchweek 14,Sat,Away,L,0.0,1.0,Newcastle Utd,0,8.0,1.0,12.5,0.0,0.0,18.2,0.0,0,0,0.5,0.5,0.06,-0.5,-0.5,Match Report,2024,Manchester United
758,601,21,2023-12-06,20:15,Premier League,Matchweek 15,Wed,Home,W,2.0,1.0,Chelsea,2,27.0,8.0,29.6,0.07,0.25,15.4,1.0,0,1,4.1,3.3,0.13,-2.1,-1.3,Match Report,2024,Manchester United
759,602,22,2023-12-09,15:00,Premier League,Matchweek 16,Sat,Home,L,0.0,3.0,Bournemouth,0,20.0,3.0,15.0,0.0,0.0,15.4,0.0,0,0,1.1,1.1,0.06,-1.1,-1.1,Match Report,2024,Manchester United
760,604,24,2023-12-17,16:30,Premier League,Matchweek 17,Sun,Away,D,0.0,0.0,Liverpool,0,6.0,1.0,16.7,0.0,0.0,16.3,0.0,0,0,0.8,0.8,0.14,-0.8,-0.8,Match Report,2024,Manchester United
761,605,25,2023-12-23,12:30,Premier League,Matchweek 18,Sat,Away,L,0.0,2.0,West Ham,0,11.0,3.0,27.3,0.0,0.0,18.1,0.0,0,0,1.0,1.0,0.09,-1.0,-1.0,Match Report,2024,Manchester United
762,606,26,2023-12-26,20:00,Premier League,Matchweek 19,Tue,Home,W,3.0,2.0,Aston Villa,3,13.0,7.0,53.8,0.23,0.43,18.0,1.0,0,0,1.1,1.1,0.09,1.9,1.9,Match Report,2024,Manchester United
763,607,27,2023-12-30,17:30,Premier League,Matchweek 20,Sat,Away,L,1.0,2.0,Nott'ham Forest,1,10.0,5.0,50.0,0.1,0.2,17.5,0.0,0,0,0.8,0.8,0.08,0.2,0.2,Match Report,2024,Manchester United
764,609,29,2024-01-14,16:30,Premier League,Matchweek 21,Sun,Home,D,2.0,2.0,Tottenham,2,9.0,2.0,22.2,0.22,1.0,14.5,1.0,0,0,0.8,0.8,0.08,1.2,1.2,Match Report,2024,Manchester United
765,611,31,2024-02-01,20:15,Premier League,Matchweek 22,Thu,Away,W,4.0,3.0,Wolves,4,21.0,8.0,38.1,0.19,0.5,18.2,2.0,0,0,3.3,3.3,0.16,0.7,0.7,Match Report,2024,Manchester United
766,612,32,2024-02-04,14:00,Premier League,Matchweek 23,Sun,Home,W,3.0,0.0,West Ham,3,12.0,5.0,41.7,0.25,0.6,20.4,0.0,0,0,0.7,0.7,0.06,2.3,2.3,Match Report,2024,Manchester United
767,613,33,2024-02-11,16:30,Premier League,Matchweek 24,Sun,Away,W,2.0,1.0,Aston Villa,2,17.0,5.0,29.4,0.12,0.4,14.6,0.0,0,0,1.8,1.8,0.11,0.2,0.2,Match Report,2024,Manchester United
768,614,34,2024-02-18,16:30,Premier League,Matchweek 25,Sun,Away,W,2.0,1.0,Luton Town,2,21.0,8.0,38.1,0.1,0.25,19.8,2.0,0,0,2.9,2.9,0.14,-0.9,-0.9,Match Report,2024,Manchester United
769,615,35,2024-02-24,15:00,Premier League,Matchweek 26,Sat,Home,L,1.0,2.0,Fulham,1,21.0,8.0,38.1,0.05,0.13,17.3,0.0,0,0,1.7,1.7,0.08,-0.7,-0.7,Match Report,2024,Manchester United
770,617,37,2024-03-03,15:30,Premier League,Matchweek 27,Sun,Away,L,1.0,3.0,Manchester City,1,3.0,1.0,33.3,0.33,1.0,16.7,0.0,0,0,0.2,0.2,0.08,0.8,0.8,Match Report,2024,Manchester United
771,618,38,2024-03-09,12:30,Premier League,Matchweek 28,Sat,Home,W,2.0,0.0,Everton,2,13.0,6.0,46.2,0.0,0.0,17.6,1.0,2,2,2.7,1.1,0.09,-0.7,-1.1,Match Report,2024,Manchester United
772,620,40,2024-03-30,20:00,Premier League,Matchweek 30,Sat,Away,D,1.0,1.0,Brentford,1,11.0,5.0,45.5,0.09,0.2,22.5,0.0,0,0,0.6,0.6,0.05,0.4,0.4,Match Report,2024,Manchester United
773,621,41,2024-04-04,20:15,Premier League,Matchweek 31,Thu,Away,L,3.0,4.0,Chelsea,3,19.0,5.0,26.3,0.16,0.6,16.8,0.0,0,0,1.5,1.5,0.08,1.5,1.5,Match Report,2024,Manchester United
774,622,42,2024-04-07,15:30,Premier League,Matchweek 32,Sun,Home,D,2.0,2.0,Liverpool,2,9.0,5.0,55.6,0.22,0.4,18.1,0.0,0,0,0.7,0.7,0.08,1.3,1.3,Match Report,2024,Manchester United
775,623,43,2024-04-13,17:30,Premier League,Matchweek 33,Sat,Away,D,2.0,2.0,Bournemouth,2,7.0,1.0,14.3,0.14,1.0,20.6,0.0,1,1,1.2,0.5,0.07,0.8,0.5,Match Report,2024,Manchester United
776,625,45,2024-04-24,20:00,Premier League,Matchweek 29,Wed,Home,W,4.0,2.0,Sheffield Utd,4,24.0,12.0,50.0,0.13,0.25,16.9,0.0,1,1,2.9,2.1,0.09,1.1,0.9,Match Report,2024,Manchester United
777,626,46,2024-04-27,15:00,Premier League,Matchweek 35,Sat,Home,D,1.0,1.0,Burnley,1,27.0,10.0,37.0,0.04,0.1,18.0,0.0,0,0,2.7,2.7,0.1,-1.7,-1.7,Match Report,2024,Manchester United
778,627,47,2024-05-06,20:00,Premier League,Matchweek 36,Mon,Away,L,0.0,4.0,Crystal Palace,0,7.0,2.0,28.6,0.0,0.0,16.7,1.0,0,0,0.4,0.4,0.05,-0.4,-0.4,Match Report,2024,Manchester United
779,628,48,2024-05-12,16:30,Premier League,Matchweek 37,Sun,Home,L,0.0,1.0,Arsenal,0,14.0,2.0,14.3,0.0,0.0,22.9,0.0,0,0,0.5,0.5,0.04,-0.5,-0.5,Match Report,2024,Manchester United
780,629,49,2024-05-15,20:00,Premier League,Matchweek 34,Wed,Home,W,3.0,2.0,Newcastle Utd,3,17.0,8.0,47.1,0.18,0.38,15.2,0.0,0,0,1.5,1.5,0.09,1.5,1.5,Match Report,2024,Manchester United
781,630,50,2024-05-19,16:00,Premier League,Matchweek 38,Sun,Away,W,2.0,0.0,Brighton,2,11.0,4.0,36.4,0.18,0.5,17.0,0.0,0,0,1.3,1.3,0.12,0.7,0.7,Match Report,2024,Manchester United
782,633,0,2023-08-12,15:00,Premier League,Matchweek 1,Sat,Away,D,1.0,1.0,Bournemouth,1,16.0,2.0,12.5,0.06,0.5,16.1,0.0,0,0,1.1,1.1,0.07,-0.1,-0.1,Match Report,2024,West Ham United
783,634,1,2023-08-20,16:30,Premier League,Matchweek 2,Sun,Home,W,3.0,1.0,Chelsea,3,11.0,5.0,45.5,0.18,0.4,19.6,0.0,1,1,1.8,1.0,0.09,1.2,1.0,Match Report,2024,West Ham United
784,635,2,2023-08-26,17:30,Premier League,Matchweek 3,Sat,Away,W,3.0,1.0,Brighton,3,12.0,7.0,58.3,0.25,0.43,12.3,0.0,0,0,3.0,3.0,0.27,0.0,0.0,Match Report,2024,West Ham United
785,636,3,2023-09-01,20:00,Premier League,Matchweek 4,Fri,Away,W,2.0,1.0,Luton Town,2,9.0,3.0,33.3,0.22,0.67,16.3,0.0,0,0,1.0,1.0,0.11,1.0,1.0,Match Report,2024,West Ham United
786,637,4,2023-09-16,15:00,Premier League,Matchweek 5,Sat,Home,L,1.0,3.0,Manchester City,1,6.0,3.0,50.0,0.17,0.33,12.1,0.0,0,0,0.9,0.9,0.16,0.1,0.1,Match Report,2024,West Ham United
787,639,6,2023-09-24,14:00,Premier League,Matchweek 6,Sun,Away,L,1.0,3.0,Liverpool,1,11.0,4.0,36.4,0.09,0.25,13.5,0.0,0,0,1.1,1.1,0.1,-0.1,-0.1,Match Report,2024,West Ham United
788,641,8,2023-09-30,15:00,Premier League,Matchweek 7,Sat,Home,W,2.0,0.0,Sheffield Utd,2,20.0,8.0,40.0,0.1,0.25,12.6,1.0,0,0,2.1,2.1,0.11,-0.1,-0.1,Match Report,2024,West Ham United
789,643,10,2023-10-08,14:00,Premier League,Matchweek 8,Sun,Home,D,2.0,2.0,Newcastle Utd,2,5.0,3.0,60.0,0.4,0.67,14.9,1.0,0,0,1.2,1.2,0.23,0.8,0.8,Match Report,2024,West Ham United
790,644,11,2023-10-22,16:30,Premier League,Matchweek 9,Sun,Away,L,1.0,4.0,Aston Villa,1,14.0,4.0,28.6,0.07,0.25,15.2,1.0,0,0,1.1,1.1,0.08,-0.1,-0.1,Match Report,2024,West Ham United
791,646,13,2023-10-29,13:00,Premier League,Matchweek 10,Sun,Home,L,0.0,1.0,Everton,0,12.0,2.0,16.7,0.0,0.0,17.3,0.0,0,0,0.7,0.7,0.06,-0.7,-0.7,Match Report,2024,West Ham United
792,648,15,2023-11-04,15:00,Premier League,Matchweek 11,Sat,Away,L,2.0,3.0,Brentford,2,12.0,2.0,16.7,0.17,1.0,15.3,0.0,0,0,1.8,1.8,0.17,0.2,0.2,Match Report,2024,West Ham United
793,650,17,2023-11-12,14:00,Premier League,Matchweek 12,Sun,Home,W,3.0,2.0,Nott'ham Forest,3,16.0,6.0,37.5,0.19,0.5,18.0,1.0,0,0,1.8,1.8,0.11,1.2,1.2,Match Report,2024,West Ham United
794,651,18,2023-11-25,15:00,Premier League,Matchweek 13,Sat,Away,W,2.0,1.0,Burnley,1,11.0,3.0,27.3,0.09,0.33,13.2,0.0,0,0,0.9,0.9,0.08,0.1,0.1,Match Report,2024,West Ham United
795,653,20,2023-12-03,14:00,Premier League,Matchweek 14,Sun,Home,D,1.0,1.0,Crystal Palace,1,9.0,3.0,33.3,0.11,0.33,15.7,1.0,0,0,1.1,1.1,0.13,-0.1,-0.1,Match Report,2024,West Ham United
796,654,21,2023-12-07,20:15,Premier League,Matchweek 15,Thu,Away,W,2.0,1.0,Tottenham,2,11.0,5.0,45.5,0.18,0.4,15.0,0.0,0,0,2.2,2.2,0.22,-0.2,-0.2,Match Report,2024,West Ham United
797,655,22,2023-12-10,14:00,Premier League,Matchweek 16,Sun,Away,L,0.0,5.0,Fulham,0,9.0,5.0,55.6,0.0,0.0,19.2,1.0,0,0,1.3,1.3,0.15,-1.3,-1.3,Match Report,2024,West Ham United
798,657,24,2023-12-17,14:00,Premier League,Matchweek 17,Sun,Home,W,3.0,0.0,Wolves,3,13.0,4.0,30.8,0.23,0.75,19.8,2.0,0,0,1.1,1.1,0.09,1.9,1.9,Match Report,2024,West Ham United
799,659,26,2023-12-23,12:30,Premier League,Matchweek 18,Sat,Home,W,2.0,0.0,Manchester Utd,2,12.0,5.0,41.7,0.17,0.4,13.8,0.0,0,0,1.2,1.2,0.11,0.8,0.8,Match Report,2024,West Ham United
800,660,27,2023-12-28,20:15,Premier League,Matchweek 19,Thu,Away,W,2.0,0.0,Arsenal,2,5.0,2.0,40.0,0.4,1.0,17.4,0.0,0,1,1.4,0.6,0.13,0.6,1.4,Match Report,2024,West Ham United
801,661,28,2024-01-02,19:30,Premier League,Matchweek 20,Tue,Home,D,0.0,0.0,Brighton,0,6.0,2.0,33.3,0.0,0.0,16.0,0.0,0,0,0.7,0.7,0.11,-0.7,-0.7,Match Report,2024,West Ham United
802,664,31,2024-01-21,14:00,Premier League,Matchweek 21,Sun,Away,D,2.0,2.0,Sheffield Utd,2,15.0,4.0,26.7,0.07,0.25,14.9,0.0,1,1,2.3,1.5,0.1,-0.3,-0.5,Match Report,2024,West Ham United
803,665,32,2024-02-01,19:30,Premier League,Matchweek 22,Thu,Home,D,1.0,1.0,Bournemouth,1,8.0,2.0,25.0,0.0,0.0,17.1,0.0,1,1,1.4,0.6,0.07,-0.4,-0.6,Match Report,2024,West Ham United
804,666,33,2024-02-04,14:00,Premier League,Matchweek 23,Sun,Away,L,0.0,3.0,Manchester Utd,0,22.0,3.0,13.6,0.0,0.0,18.9,1.0,0,0,1.4,1.4,0.06,-1.4,-1.4,Match Report,2024,West Ham United
805,667,34,2024-02-11,14:00,Premier League,Matchweek 24,Sun,Home,L,0.0,6.0,Arsenal,0,5.0,1.0,20.0,0.0,0.0,19.9,0.0,0,0,0.2,0.2,0.04,-0.2,-0.2,Match Report,2024,West Ham United
806,668,35,2024-02-17,15:00,Premier League,Matchweek 25,Sat,Away,L,0.0,2.0,Nott'ham Forest,0,10.0,3.0,30.0,0.0,0.0,18.9,1.0,0,0,0.5,0.5,0.05,-0.5,-0.5,Match Report,2024,West Ham United
807,669,36,2024-02-26,20:00,Premier League,Matchweek 26,Mon,Home,W,4.0,2.0,Brentford,4,17.0,6.0,35.3,0.24,0.67,17.7,0.0,0,0,1.7,1.7,0.1,2.3,2.3,Match Report,2024,West Ham United
808,670,37,2024-03-02,15:00,Premier League,Matchweek 27,Sat,Away,W,3.0,1.0,Everton,3,12.0,5.0,41.7,0.25,0.6,14.2,0.0,0,0,1.9,1.9,0.16,1.1,1.1,Match Report,2024,West Ham United
809,672,39,2024-03-10,14:00,Premier League,Matchweek 28,Sun,Home,D,2.0,2.0,Burnley,2,22.0,4.0,18.2,0.09,0.5,14.8,0.0,0,0,2.1,2.1,0.1,-0.1,-0.1,Match Report,2024,West Ham United
810,674,41,2024-03-17,14:00,Premier League,Matchweek 29,Sun,Home,D,1.0,1.0,Aston Villa,1,13.0,4.0,30.8,0.08,0.25,15.9,1.0,0,0,2.0,2.0,0.16,-1.0,-1.0,Match Report,2024,West Ham United
811,675,42,2024-03-30,12:30,Premier League,Matchweek 30,Sat,Away,L,3.0,4.0,Newcastle Utd,3,10.0,4.0,40.0,0.3,0.75,14.1,0.0,0,0,1.4,1.4,0.14,1.6,1.6,Match Report,2024,West Ham United
812,676,43,2024-04-02,20:15,Premier League,Matchweek 31,Tue,Home,D,1.0,1.0,Tottenham,1,11.0,4.0,36.4,0.09,0.25,16.6,1.0,0,0,1.5,1.5,0.14,-0.5,-0.5,Match Report,2024,West Ham United
813,677,44,2024-04-06,15:00,Premier League,Matchweek 32,Sat,Away,W,2.0,1.0,Wolves,2,10.0,3.0,30.0,0.1,0.33,24.6,2.0,1,1,1.2,0.4,0.04,0.8,0.6,Match Report,2024,West Ham United
814,679,46,2024-04-14,14:00,Premier League,Matchweek 33,Sun,Home,L,0.0,2.0,Fulham,0,15.0,4.0,26.7,0.0,0.0,16.2,0.0,0,0,0.9,0.9,0.06,-0.9,-0.9,Match Report,2024,West Ham United
815,681,48,2024-04-21,15:00,Premier League,Matchweek 34,Sun,Away,L,2.0,5.0,Crystal Palace,1,4.0,1.0,25.0,0.25,1.0,10.8,0.0,0,0,1.3,1.3,0.32,-0.3,-0.3,Match Report,2024,West Ham United
816,682,49,2024-04-27,12:30,Premier League,Matchweek 35,Sat,Home,D,2.0,2.0,Liverpool,2,11.0,8.0,72.7,0.18,0.25,17.0,0.0,0,0,0.7,0.7,0.06,1.3,1.3,Match Report,2024,West Ham United
817,683,50,2024-05-05,14:00,Premier League,Matchweek 36,Sun,Away,L,0.0,5.0,Chelsea,0,13.0,2.0,15.4,0.0,0.0,17.6,2.0,0,0,0.9,0.9,0.07,-0.9,-0.9,Match Report,2024,West Ham United
818,684,51,2024-05-11,15:00,Premier League,Matchweek 37,Sat,Home,W,3.0,1.0,Luton Town,3,24.0,8.0,33.3,0.13,0.38,16.5,1.0,0,0,3.2,3.2,0.13,-0.2,-0.2,Match Report,2024,West Ham United
819,685,52,2024-05-19,16:00,Premier League,Matchweek 38,Sun,Away,L,1.0,3.0,Manchester City,1,3.0,2.0,66.7,0.33,0.5,10.3,0.0,0,0,0.4,0.4,0.12,0.6,0.6,Match Report,2024,West Ham United
820,687,0,2023-08-12,15:00,Premier League,Matchweek 1,Sat,Away,W,1.0,0.0,Sheffield Utd,1,24.0,8.0,33.3,0.04,0.13,18.5,1.0,0,0,1.9,1.9,0.08,-0.9,-0.9,Match Report,2024,Crystal Palace
821,688,1,2023-08-21,20:00,Premier League,Matchweek 2,Mon,Home,L,0.0,1.0,Arsenal,0,14.0,2.0,14.3,0.0,0.0,16.4,1.0,0,0,1.0,1.0,0.07,-1.0,-1.0,Match Report,2024,Crystal Palace
822,689,2,2023-08-26,15:00,Premier League,Matchweek 3,Sat,Away,D,1.0,1.0,Brentford,1,15.0,5.0,33.3,0.07,0.2,16.9,1.0,0,0,0.8,0.8,0.05,0.2,0.2,Match Report,2024,Crystal Palace
823,691,4,2023-09-03,14:00,Premier League,Matchweek 4,Sun,Home,W,3.0,2.0,Wolves,3,16.0,10.0,62.5,0.19,0.3,13.8,1.0,0,0,2.1,2.1,0.13,0.9,0.9,Match Report,2024,Crystal Palace
824,692,5,2023-09-16,15:00,Premier League,Matchweek 5,Sat,Away,L,1.0,3.0,Aston Villa,1,6.0,3.0,50.0,0.17,0.33,16.1,0.0,0,0,1.2,1.2,0.2,-0.2,-0.2,Match Report,2024,Crystal Palace
825,693,6,2023-09-23,15:00,Premier League,Matchweek 6,Sat,Home,D,0.0,0.0,Fulham,0,7.0,3.0,42.9,0.0,0.0,18.9,1.0,0,0,0.3,0.3,0.04,-0.3,-0.3,Match Report,2024,Crystal Palace
826,695,8,2023-09-30,15:00,Premier League,Matchweek 7,Sat,Away,W,1.0,0.0,Manchester Utd,1,8.0,2.0,25.0,0.13,0.5,13.5,0.0,0,0,0.9,0.9,0.11,0.1,0.1,Match Report,2024,Crystal Palace
827,696,9,2023-10-07,17:30,Premier League,Matchweek 8,Sat,Home,D,0.0,0.0,Nott'ham Forest,0,8.0,2.0,25.0,0.0,0.0,15.2,0.0,0,0,0.8,0.8,0.1,-0.8,-0.8,Match Report,2024,Crystal Palace
828,697,10,2023-10-21,15:00,Premier League,Matchweek 9,Sat,Away,L,0.0,4.0,Newcastle Utd,0,17.0,3.0,17.6,0.0,0.0,17.8,1.0,0,0,1.2,1.2,0.07,-1.2,-1.2,Match Report,2024,Crystal Palace
829,698,11,2023-10-27,20:00,Premier League,Matchweek 10,Fri,Home,L,1.0,2.0,Tottenham,1,13.0,3.0,23.1,0.08,0.33,17.2,0.0,0,0,0.6,0.6,0.05,0.4,0.4,Match Report,2024,Crystal Palace
830,699,12,2023-11-04,15:00,Premier League,Matchweek 11,Sat,Away,W,2.0,0.0,Burnley,2,4.0,3.0,75.0,0.5,0.67,13.9,0.0,0,0,1.3,1.3,0.33,0.7,0.7,Match Report,2024,Crystal Palace
831,700,13,2023-11-11,15:00,Premier League,Matchweek 12,Sat,Home,L,2.0,3.0,Everton,2,12.0,3.0,25.0,0.08,0.33,17.9,0.0,1,1,2.2,1.4,0.11,-0.2,-0.4,Match Report,2024,Crystal Palace
832,701,14,2023-11-25,15:00,Premier League,Matchweek 13,Sat,Away,L,1.0,2.0,Luton Town,1,16.0,8.0,50.0,0.06,0.13,16.3,1.0,0,0,1.6,1.6,0.1,-0.6,-0.6,Match Report,2024,Crystal Palace
833,702,15,2023-12-03,14:00,Premier League,Matchweek 14,Sun,Away,D,1.0,1.0,West Ham,1,9.0,2.0,22.2,0.11,0.5,17.4,1.0,0,0,0.9,0.9,0.1,0.1,0.1,Match Report,2024,Crystal Palace
834,703,16,2023-12-06,19:30,Premier League,Matchweek 15,Wed,Home,L,0.0,2.0,Bournemouth,0,16.0,3.0,18.8,0.0,0.0,18.9,1.0,0,0,1.0,1.0,0.06,-1.0,-1.0,Match Report,2024,Crystal Palace
835,704,17,2023-12-09,12:30,Premier League,Matchweek 16,Sat,Home,L,1.0,2.0,Liverpool,1,7.0,3.0,42.9,0.0,0.0,17.4,0.0,1,1,1.7,0.9,0.14,-0.7,-0.9,Match Report,2024,Crystal Palace
836,705,18,2023-12-16,15:00,Premier League,Matchweek 17,Sat,Away,D,2.0,2.0,Manchester City,2,4.0,1.0,25.0,0.25,1.0,21.1,1.0,1,1,1.8,1.0,0.26,0.2,0.0,Match Report,2024,Crystal Palace
837,706,19,2023-12-21,20:00,Premier League,Matchweek 18,Thu,Home,D,1.0,1.0,Brighton,1,11.0,3.0,27.3,0.09,0.33,13.4,0.0,0,0,1.3,1.3,0.12,-0.3,-0.3,Match Report,2024,Crystal Palace
838,707,20,2023-12-27,19:30,Premier League,Matchweek 19,Wed,Away,L,1.0,2.0,Chelsea,1,13.0,5.0,38.5,0.08,0.2,19.6,2.0,0,0,1.1,1.1,0.09,-0.1,-0.1,Match Report,2024,Crystal Palace
839,708,21,2023-12-30,15:00,Premier League,Matchweek 20,Sat,Home,W,3.0,1.0,Brentford,3,13.0,6.0,46.2,0.23,0.5,16.2,0.0,0,0,1.0,1.0,0.08,2.0,2.0,Match Report,2024,Crystal Palace
840,711,24,2024-01-20,12:30,Premier League,Matchweek 21,Sat,Away,L,0.0,5.0,Arsenal,0,12.0,5.0,41.7,0.0,0.0,24.4,2.0,0,0,0.3,0.3,0.03,-0.3,-0.3,Match Report,2024,Crystal Palace
841,712,25,2024-01-30,20:00,Premier League,Matchweek 22,Tue,Home,W,3.0,2.0,Sheffield Utd,3,12.0,4.0,33.3,0.25,0.75,17.1,0.0,0,0,1.1,1.1,0.1,1.9,1.9,Match Report,2024,Crystal Palace
842,713,26,2024-02-03,15:00,Premier League,Matchweek 23,Sat,Away,L,1.0,4.0,Brighton,1,7.0,5.0,71.4,0.14,0.2,20.6,0.0,0,0,0.3,0.3,0.04,0.7,0.7,Match Report,2024,Crystal Palace
843,714,27,2024-02-12,20:00,Premier League,Matchweek 24,Mon,Home,L,1.0,3.0,Chelsea,1,13.0,4.0,30.8,0.08,0.25,18.7,0.0,0,0,0.6,0.6,0.04,0.4,0.4,Match Report,2024,Crystal Palace
844,715,28,2024-02-19,20:00,Premier League,Matchweek 25,Mon,Away,D,1.0,1.0,Everton,1,10.0,3.0,30.0,0.1,0.33,13.0,0.0,0,0,0.7,0.7,0.07,0.3,0.3,Match Report,2024,Crystal Palace
845,716,29,2024-02-24,15:00,Premier League,Matchweek 26,Sat,Home,W,3.0,0.0,Burnley,3,14.0,5.0,35.7,0.14,0.4,15.3,1.0,1,1,2.4,1.6,0.12,0.6,0.4,Match Report,2024,Crystal Palace
846,717,30,2024-03-02,15:00,Premier League,Matchweek 27,Sat,Away,L,1.0,3.0,Tottenham,1,4.0,1.0,25.0,0.25,1.0,18.6,1.0,0,0,0.3,0.3,0.08,0.7,0.7,Match Report,2024,Crystal Palace
847,718,31,2024-03-09,15:00,Premier League,Matchweek 28,Sat,Home,D,1.0,1.0,Luton Town,1,21.0,4.0,19.0,0.05,0.25,16.5,0.0,0,0,2.7,2.7,0.13,-1.7,-1.7,Match Report,2024,Crystal Palace
848,719,32,2024-03-30,15:00,Premier League,Matchweek 30,Sat,Away,D,1.0,1.0,Nott'ham Forest,1,10.0,3.0,30.0,0.1,0.33,18.4,0.0,0,0,1.2,1.2,0.12,-0.2,-0.2,Match Report,2024,Crystal Palace
849,720,33,2024-04-02,19:45,Premier League,Matchweek 31,Tue,Away,L,0.0,1.0,Bournemouth,0,3.0,2.0,66.7,0.0,0.0,15.0,0.0,0,0,0.2,0.2,0.06,-0.2,-0.2,Match Report,2024,Crystal Palace
850,721,34,2024-04-06,12:30,Premier League,Matchweek 32,Sat,Home,L,2.0,4.0,Manchester City,2,7.0,4.0,57.1,0.29,0.5,16.8,0.0,0,0,1.1,1.1,0.15,0.9,0.9,Match Report,2024,Crystal Palace
851,722,35,2024-04-14,14:00,Premier League,Matchweek 33,Sun,Away,W,1.0,0.0,Liverpool,1,8.0,4.0,50.0,0.13,0.25,14.1,0.0,0,0,2.0,2.0,0.25,-1.0,-1.0,Match Report,2024,Crystal Palace
852,723,36,2024-04-21,15:00,Premier League,Matchweek 34,Sun,Home,W,5.0,2.0,West Ham,4,18.0,7.0,38.9,0.22,0.57,16.6,1.0,0,0,2.4,2.4,0.13,1.6,1.6,Match Report,2024,Crystal Palace
853,724,37,2024-04-24,20:00,Premier League,Matchweek 29,Wed,Home,W,2.0,0.0,Newcastle Utd,2,20.0,7.0,35.0,0.1,0.29,21.2,3.0,0,0,0.9,0.9,0.04,1.1,1.1,Match Report,2024,Crystal Palace
854,725,38,2024-04-27,15:00,Premier League,Matchweek 35,Sat,Away,D,1.0,1.0,Fulham,1,14.0,4.0,28.6,0.07,0.25,19.7,0.0,0,0,1.0,1.0,0.07,0.0,0.0,Match Report,2024,Crystal Palace
855,726,39,2024-05-06,20:00,Premier League,Matchweek 36,Mon,Home,W,4.0,0.0,Manchester Utd,4,18.0,10.0,55.6,0.22,0.4,16.8,0.0,0,0,1.7,1.7,0.1,2.3,2.3,Match Report,2024,Crystal Palace
856,727,40,2024-05-11,15:00,Premier League,Matchweek 37,Sat,Away,W,3.0,1.0,Wolves,3,13.0,3.0,23.1,0.23,1.0,13.6,0.0,0,0,2.6,2.6,0.21,0.4,0.4,Match Report,2024,Crystal Palace
857,728,41,2024-05-19,16:00,Premier League,Matchweek 38,Sun,Home,W,5.0,0.0,Aston Villa,5,15.0,9.0,60.0,0.33,0.56,16.8,0.0,0,0,2.5,2.5,0.17,2.5,2.5,Match Report,2024,Crystal Palace
858,730,0,2023-08-12,15:00,Premier League,Matchweek 1,Sat,Home,W,4.0,1.0,Luton Town,4,26.0,11.0,42.3,0.12,0.27,17.0,0.0,1,1,4.0,3.2,0.12,0.0,-0.2,Match Report,2024,Brighton and Hove Albion
859,731,1,2023-08-19,15:00,Premier League,Matchweek 2,Sat,Away,W,4.0,1.0,Wolves,4,16.0,8.0,50.0,0.25,0.5,15.6,0.0,0,0,2.2,2.2,0.14,1.8,1.8,Match Report,2024,Brighton and Hove Albion
860,732,2,2023-08-26,17:30,Premier League,Matchweek 3,Sat,Home,L,1.0,3.0,West Ham,1,25.0,10.0,40.0,0.04,0.1,19.5,1.0,0,0,1.5,1.5,0.06,-0.5,-0.5,Match Report,2024,Brighton and Hove Albion
861,733,3,2023-09-02,17:30,Premier League,Matchweek 4,Sat,Home,W,3.0,1.0,Newcastle Utd,3,15.0,6.0,40.0,0.2,0.5,17.3,0.0,0,0,1.3,1.3,0.09,1.7,1.7,Match Report,2024,Brighton and Hove Albion
862,734,4,2023-09-16,15:00,Premier League,Matchweek 5,Sat,Away,W,3.0,1.0,Manchester Utd,3,10.0,8.0,80.0,0.3,0.38,17.1,0.0,0,0,1.7,1.7,0.17,1.3,1.3,Match Report,2024,Brighton and Hove Albion
863,736,6,2023-09-24,14:00,Premier League,Matchweek 6,Sun,Home,W,3.0,1.0,Bournemouth,2,13.0,4.0,30.8,0.15,0.5,17.1,0.0,0,0,1.9,1.9,0.14,0.1,0.1,Match Report,2024,Brighton and Hove Albion
864,738,8,2023-09-30,12:30,Premier League,Matchweek 7,Sat,Away,L,1.0,6.0,Aston Villa,1,11.0,3.0,27.3,0.09,0.33,15.4,0.0,0,0,1.7,1.7,0.16,-0.7,-0.7,Match Report,2024,Brighton and Hove Albion
865,740,10,2023-10-08,14:00,Premier League,Matchweek 8,Sun,Home,D,2.0,2.0,Liverpool,2,14.0,3.0,21.4,0.14,0.67,16.9,2.0,0,0,2.3,2.3,0.17,-0.3,-0.3,Match Report,2024,Brighton and Hove Albion
866,741,11,2023-10-21,15:00,Premier League,Matchweek 9,Sat,Away,L,1.0,2.0,Manchester City,1,5.0,3.0,60.0,0.2,0.33,12.1,0.0,0,0,0.8,0.8,0.17,0.2,0.2,Match Report,2024,Brighton and Hove Albion
867,743,13,2023-10-29,14:00,Premier League,Matchweek 10,Sun,Home,D,1.0,1.0,Fulham,1,18.0,6.0,33.3,0.06,0.17,18.1,1.0,0,0,1.4,1.4,0.08,-0.4,-0.4,Match Report,2024,Brighton and Hove Albion
868,744,14,2023-11-04,15:00,Premier League,Matchweek 11,Sat,Away,D,1.0,1.0,Everton,0,7.0,2.0,28.6,0.0,0.0,15.6,1.0,0,0,0.5,0.5,0.07,-0.5,-0.5,Match Report,2024,Brighton and Hove Albion
869,746,16,2023-11-12,14:00,Premier League,Matchweek 12,Sun,Home,D,1.0,1.0,Sheffield Utd,1,11.0,6.0,54.5,0.09,0.17,16.5,0.0,0,0,1.5,1.5,0.14,-0.5,-0.5,Match Report,2024,Brighton and Hove Albion
870,747,17,2023-11-25,15:00,Premier League,Matchweek 13,Sat,Away,W,3.0,2.0,Nott'ham Forest,3,9.0,4.0,44.4,0.22,0.5,19.9,1.0,1,1,1.3,0.6,0.06,1.7,1.4,Match Report,2024,Brighton and Hove Albion
871,749,19,2023-12-03,14:00,Premier League,Matchweek 14,Sun,Away,L,2.0,3.0,Chelsea,2,18.0,9.0,50.0,0.11,0.22,18.6,1.0,0,0,1.1,1.1,0.06,0.9,0.9,Match Report,2024,Brighton and Hove Albion
872,750,20,2023-12-06,19:30,Premier League,Matchweek 15,Wed,Home,W,2.0,1.0,Brentford,2,18.0,7.0,38.9,0.11,0.29,16.1,0.0,0,0,1.5,1.5,0.09,0.5,0.5,Match Report,2024,Brighton and Hove Albion
873,751,21,2023-12-09,15:00,Premier League,Matchweek 16,Sat,Home,D,1.0,1.0,Burnley,1,29.0,11.0,37.9,0.03,0.09,14.2,2.0,0,0,2.6,2.6,0.1,-1.6,-1.6,Match Report,2024,Brighton and Hove Albion
874,753,23,2023-12-17,14:00,Premier League,Matchweek 17,Sun,Away,L,0.0,2.0,Arsenal,0,6.0,1.0,16.7,0.0,0.0,16.9,0.0,0,0,0.7,0.7,0.11,-0.7,-0.7,Match Report,2024,Brighton and Hove Albion
875,754,24,2023-12-21,20:00,Premier League,Matchweek 18,Thu,Away,D,1.0,1.0,Crystal Palace,1,18.0,6.0,33.3,0.06,0.17,17.6,0.0,0,0,1.2,1.2,0.07,-0.2,-0.2,Match Report,2024,Brighton and Hove Albion
876,755,25,2023-12-28,19:30,Premier League,Matchweek 19,Thu,Home,W,4.0,2.0,Tottenham,4,13.0,7.0,53.8,0.15,0.29,15.2,0.0,2,2,3.2,1.9,0.16,0.8,0.1,Match Report,2024,Brighton and Hove Albion
877,756,26,2024-01-02,19:30,Premier League,Matchweek 20,Tue,Away,D,0.0,0.0,West Ham,0,22.0,8.0,36.4,0.0,0.0,14.4,0.0,0,0,2.3,2.3,0.11,-2.3,-2.3,Match Report,2024,Brighton and Hove Albion
878,758,28,2024-01-22,19:45,Premier League,Matchweek 21,Mon,Home,D,0.0,0.0,Wolves,0,11.0,3.0,27.3,0.0,0.0,14.2,0.0,0,0,1.0,1.0,0.1,-1.0,-1.0,Match Report,2024,Brighton and Hove Albion
879,760,30,2024-01-30,19:45,Premier League,Matchweek 22,Tue,Away,L,0.0,4.0,Luton Town,0,9.0,2.0,22.2,0.0,0.0,13.9,0.0,0,0,0.9,0.9,0.11,-0.9,-0.9,Match Report,2024,Brighton and Hove Albion
880,761,31,2024-02-03,15:00,Premier League,Matchweek 23,Sat,Home,W,4.0,1.0,Crystal Palace,4,13.0,6.0,46.2,0.31,0.67,16.7,0.0,0,0,1.4,1.4,0.11,2.6,2.6,Match Report,2024,Brighton and Hove Albion
881,762,32,2024-02-10,15:00,Premier League,Matchweek 24,Sat,Away,L,1.0,2.0,Tottenham,1,5.0,2.0,40.0,0.0,0.0,17.8,0.0,1,1,1.2,0.4,0.09,-0.2,-0.4,Match Report,2024,Brighton and Hove Albion
882,763,33,2024-02-18,14:00,Premier League,Matchweek 25,Sun,Away,W,5.0,0.0,Sheffield Utd,4,24.0,9.0,37.5,0.17,0.44,15.1,0.0,0,0,2.9,2.9,0.13,1.1,1.1,Match Report,2024,Brighton and Hove Albion
883,764,34,2024-02-24,15:00,Premier League,Matchweek 26,Sat,Home,D,1.0,1.0,Everton,1,23.0,7.0,30.4,0.04,0.14,16.3,1.0,0,0,1.4,1.4,0.06,-0.4,-0.4,Match Report,2024,Brighton and Hove Albion
884,766,36,2024-03-02,15:00,Premier League,Matchweek 27,Sat,Away,L,0.0,3.0,Fulham,0,15.0,5.0,33.3,0.0,0.0,17.6,0.0,0,0,1.3,1.3,0.09,-1.3,-1.3,Match Report,2024,Brighton and Hove Albion
885,768,38,2024-03-10,14:00,Premier League,Matchweek 28,Sun,Home,W,1.0,0.0,Nott'ham Forest,0,10.0,3.0,30.0,0.0,0.0,17.5,0.0,0,0,0.4,0.4,0.04,-0.4,-0.4,Match Report,2024,Brighton and Hove Albion
886,770,40,2024-03-31,14:00,Premier League,Matchweek 30,Sun,Away,L,1.0,2.0,Liverpool,1,9.0,3.0,33.3,0.11,0.33,17.2,0.0,0,0,0.5,0.5,0.05,0.5,0.5,Match Report,2024,Brighton and Hove Albion
887,771,41,2024-04-03,19:30,Premier League,Matchweek 31,Wed,Away,D,0.0,0.0,Brentford,0,24.0,6.0,25.0,0.0,0.0,20.1,0.0,0,0,1.1,1.1,0.05,-1.1,-1.1,Match Report,2024,Brighton and Hove Albion
888,772,42,2024-04-06,17:30,Premier League,Matchweek 32,Sat,Home,L,0.0,3.0,Arsenal,0,10.0,2.0,20.0,0.0,0.0,19.2,0.0,0,0,0.5,0.5,0.05,-0.5,-0.5,Match Report,2024,Brighton and Hove Albion
889,773,43,2024-04-13,15:00,Premier League,Matchweek 33,Sat,Away,D,1.0,1.0,Burnley,0,20.0,8.0,40.0,0.0,0.0,18.4,1.0,0,0,0.9,0.9,0.04,-0.9,-0.9,Match Report,2024,Brighton and Hove Albion
890,774,44,2024-04-25,20:00,Premier League,Matchweek 29,Thu,Home,L,0.0,4.0,Manchester City,0,7.0,3.0,42.9,0.0,0.0,16.0,0.0,0,0,0.6,0.6,0.09,-0.6,-0.6,Match Report,2024,Brighton and Hove Albion
891,775,45,2024-04-28,14:00,Premier League,Matchweek 35,Sun,Away,L,0.0,3.0,Bournemouth,0,13.0,1.0,7.7,0.0,0.0,16.5,0.0,0,0,0.9,0.9,0.07,-0.9,-0.9,Match Report,2024,Brighton and Hove Albion
892,776,46,2024-05-05,14:00,Premier League,Matchweek 36,Sun,Home,W,1.0,0.0,Aston Villa,1,14.0,7.0,50.0,0.07,0.14,16.3,0.0,0,1,2.5,1.6,0.12,-1.5,-0.6,Match Report,2024,Brighton and Hove Albion
893,777,47,2024-05-11,15:00,Premier League,Matchweek 37,Sat,Away,D,1.0,1.0,Newcastle Utd,1,15.0,4.0,26.7,0.07,0.25,16.2,0.0,0,0,1.4,1.4,0.09,-0.4,-0.4,Match Report,2024,Brighton and Hove Albion
894,778,48,2024-05-15,19:45,Premier League,Matchweek 34,Wed,Home,L,1.0,2.0,Chelsea,1,12.0,2.0,16.7,0.08,0.5,15.3,0.0,0,0,1.3,1.3,0.11,-0.3,-0.3,Match Report,2024,Brighton and Hove Albion
895,779,49,2024-05-19,16:00,Premier League,Matchweek 38,Sun,Home,L,0.0,2.0,Manchester Utd,0,17.0,2.0,11.8,0.0,0.0,14.2,0.0,0,0,1.7,1.7,0.11,-1.7,-1.7,Match Report,2024,Brighton and Hove Albion
896,781,0,2023-08-12,15:00,Premier League,Matchweek 1,Sat,Home,D,1.0,1.0,West Ham,1,14.0,5.0,35.7,0.07,0.2,20.7,1.0,0,0,1.3,1.3,0.1,-0.3,-0.3,Match Report,2024,Bournemouth
897,782,1,2023-08-19,15:00,Premier League,Matchweek 2,Sat,Away,L,1.0,3.0,Liverpool,1,13.0,5.0,38.5,0.08,0.2,19.7,1.0,0,0,1.3,1.3,0.1,-0.3,-0.3,Match Report,2024,Bournemouth
898,783,2,2023-08-26,12:30,Premier League,Matchweek 3,Sat,Home,L,0.0,2.0,Tottenham,0,11.0,3.0,27.3,0.0,0.0,17.8,0.0,0,0,0.7,0.7,0.06,-0.7,-0.7,Match Report,2024,Bournemouth
899,785,4,2023-09-02,15:00,Premier League,Matchweek 4,Sat,Away,D,2.0,2.0,Brentford,2,12.0,5.0,41.7,0.17,0.4,15.1,0.0,0,0,2.1,2.1,0.17,-0.1,-0.1,Match Report,2024,Bournemouth
900,786,5,2023-09-17,14:00,Premier League,Matchweek 5,Sun,Home,D,0.0,0.0,Chelsea,0,13.0,4.0,30.8,0.0,0.0,16.7,1.0,0,0,1.0,1.0,0.08,-1.0,-1.0,Match Report,2024,Bournemouth
901,787,6,2023-09-24,14:00,Premier League,Matchweek 6,Sun,Away,L,1.0,3.0,Brighton,1,12.0,3.0,25.0,0.08,0.33,17.6,1.0,0,0,1.1,1.1,0.1,-0.1,-0.1,Match Report,2024,Bournemouth
902,789,8,2023-09-30,15:00,Premier League,Matchweek 7,Sat,Home,L,0.0,4.0,Arsenal,0,8.0,1.0,12.5,0.0,0.0,14.1,0.0,0,0,0.6,0.6,0.08,-0.6,-0.6,Match Report,2024,Bournemouth
903,790,9,2023-10-07,15:00,Premier League,Matchweek 8,Sat,Away,L,0.0,3.0,Everton,0,11.0,3.0,27.3,0.0,0.0,16.2,0.0,0,0,0.7,0.7,0.06,-0.7,-0.7,Match Report,2024,Bournemouth
904,791,10,2023-10-21,15:00,Premier League,Matchweek 9,Sat,Home,L,1.0,2.0,Wolves,1,7.0,4.0,57.1,0.14,0.25,17.1,0.0,0,0,0.6,0.6,0.09,0.4,0.4,Match Report,2024,Bournemouth
905,792,11,2023-10-28,15:00,Premier League,Matchweek 10,Sat,Home,W,2.0,1.0,Burnley,2,13.0,6.0,46.2,0.15,0.33,19.5,2.0,0,0,1.1,1.1,0.09,0.9,0.9,Match Report,2024,Bournemouth
906,794,13,2023-11-04,15:00,Premier League,Matchweek 11,Sat,Away,L,1.0,6.0,Manchester City,1,5.0,1.0,20.0,0.2,1.0,11.4,0.0,0,0,0.9,0.9,0.18,0.1,0.1,Match Report,2024,Bournemouth
907,795,14,2023-11-11,17:30,Premier League,Matchweek 12,Sat,Home,W,2.0,0.0,Newcastle Utd,2,19.0,10.0,52.6,0.11,0.2,14.9,0.0,0,0,2.4,2.4,0.13,-0.4,-0.4,Match Report,2024,Bournemouth
908,796,15,2023-11-25,15:00,Premier League,Matchweek 13,Sat,Away,W,3.0,1.0,Sheffield Utd,3,23.0,11.0,47.8,0.13,0.27,15.7,0.0,0,0,2.9,2.9,0.13,0.1,0.1,Match Report,2024,Bournemouth
909,797,16,2023-12-03,14:00,Premier League,Matchweek 14,Sun,Home,D,2.0,2.0,Aston Villa,2,15.0,7.0,46.7,0.13,0.29,13.6,0.0,0,0,2.0,2.0,0.13,0.0,0.0,Match Report,2024,Bournemouth
910,798,17,2023-12-06,19:30,Premier League,Matchweek 15,Wed,Away,W,2.0,0.0,Crystal Palace,2,11.0,4.0,36.4,0.18,0.5,11.5,0.0,0,0,1.8,1.8,0.17,0.2,0.2,Match Report,2024,Bournemouth
911,799,18,2023-12-09,15:00,Premier League,Matchweek 16,Sat,Away,W,3.0,0.0,Manchester Utd,3,10.0,4.0,40.0,0.3,0.75,12.7,0.0,0,0,1.5,1.5,0.15,1.5,1.5,Match Report,2024,Bournemouth
912,800,19,2023-12-23,15:00,Premier League,Matchweek 18,Sat,Away,W,3.0,2.0,Nott'ham Forest,3,18.0,6.0,33.3,0.17,0.5,15.9,1.0,0,0,1.6,1.6,0.09,1.4,1.4,Match Report,2024,Bournemouth
913,801,20,2023-12-26,15:00,Premier League,Matchweek 19,Tue,Home,W,3.0,0.0,Fulham,3,15.0,3.0,20.0,0.13,0.67,18.5,0.0,1,1,1.8,1.0,0.07,1.2,1.0,Match Report,2024,Bournemouth
914,802,21,2023-12-31,14:00,Premier League,Matchweek 20,Sun,Away,L,1.0,3.0,Tottenham,1,24.0,4.0,16.7,0.04,0.25,17.2,1.0,0,0,1.7,1.7,0.07,-0.7,-0.7,Match Report,2024,Bournemouth
915,804,23,2024-01-21,16:30,Premier League,Matchweek 21,Sun,Home,L,0.0,4.0,Liverpool,0,11.0,1.0,9.1,0.0,0.0,19.8,0.0,0,0,1.4,1.4,0.12,-1.4,-1.4,Match Report,2024,Bournemouth
916,806,25,2024-02-01,19:30,Premier League,Matchweek 22,Thu,Away,D,1.0,1.0,West Ham,1,9.0,4.0,44.4,0.11,0.25,17.2,0.0,0,0,1.2,1.2,0.13,-0.2,-0.2,Match Report,2024,Bournemouth
917,807,26,2024-02-04,14:00,Premier League,Matchweek 23,Sun,Home,D,1.0,1.0,Nott'ham Forest,1,9.0,1.0,11.1,0.11,1.0,16.7,1.0,0,0,1.3,1.3,0.17,-0.3,-0.3,Match Report,2024,Bournemouth
918,808,27,2024-02-10,15:00,Premier League,Matchweek 24,Sat,Away,L,1.0,3.0,Fulham,1,25.0,4.0,16.0,0.04,0.25,16.7,1.0,0,0,1.8,1.8,0.07,-0.8,-0.8,Match Report,2024,Bournemouth
919,809,28,2024-02-17,15:00,Premier League,Matchweek 25,Sat,Away,D,2.0,2.0,Newcastle Utd,2,12.0,6.0,50.0,0.17,0.33,20.3,0.0,0,0,2.2,2.2,0.18,-0.2,-0.2,Match Report,2024,Bournemouth
920,810,29,2024-02-24,17:30,Premier League,Matchweek 26,Sat,Home,L,0.0,1.0,Manchester City,0,13.0,4.0,30.8,0.0,0.0,17.1,0.0,0,0,0.9,0.9,0.07,-0.9,-0.9,Match Report,2024,Bournemouth
921,812,31,2024-03-03,13:00,Premier League,Matchweek 27,Sun,Away,W,2.0,0.0,Burnley,2,10.0,3.0,30.0,0.2,0.67,15.1,1.0,0,0,1.1,1.1,0.11,0.9,0.9,Match Report,2024,Bournemouth
922,813,32,2024-03-09,15:00,Premier League,Matchweek 28,Sat,Home,D,2.0,2.0,Sheffield Utd,2,31.0,11.0,35.5,0.06,0.18,16.9,0.0,0,1,3.3,2.6,0.08,-1.3,-0.6,Match Report,2024,Bournemouth
923,814,33,2024-03-13,19:30,Premier League,Matchweek 17,Wed,Home,W,4.0,3.0,Luton Town,4,24.0,9.0,37.5,0.17,0.44,15.5,0.0,0,0,2.3,2.3,0.1,1.7,1.7,Match Report,2024,Bournemouth
924,815,34,2024-03-30,15:00,Premier League,Matchweek 30,Sat,Home,W,2.0,1.0,Everton,1,11.0,4.0,36.4,0.09,0.25,15.6,1.0,0,0,1.3,1.3,0.12,-0.3,-0.3,Match Report,2024,Bournemouth
925,816,35,2024-04-02,19:45,Premier League,Matchweek 31,Tue,Home,W,1.0,0.0,Crystal Palace,1,11.0,6.0,54.5,0.09,0.17,18.7,2.0,0,0,1.1,1.1,0.1,-0.1,-0.1,Match Report,2024,Bournemouth
926,817,36,2024-04-06,15:00,Premier League,Matchweek 32,Sat,Away,L,1.0,2.0,Luton Town,1,8.0,1.0,12.5,0.13,1.0,19.1,1.0,0,0,0.4,0.4,0.05,0.6,0.6,Match Report,2024,Bournemouth
927,818,37,2024-04-13,17:30,Premier League,Matchweek 33,Sat,Home,D,2.0,2.0,Manchester Utd,2,20.0,5.0,25.0,0.1,0.4,16.8,1.0,0,0,1.6,1.6,0.09,0.4,0.4,Match Report,2024,Bournemouth
928,819,38,2024-04-21,15:00,Premier League,Matchweek 34,Sun,Away,L,1.0,3.0,Aston Villa,1,13.0,4.0,30.8,0.0,0.0,16.4,0.0,1,1,1.8,1.0,0.08,-0.8,-1.0,Match Report,2024,Bournemouth
929,820,39,2024-04-24,19:45,Premier League,Matchweek 29,Wed,Away,W,1.0,0.0,Wolves,1,21.0,6.0,28.6,0.05,0.17,16.7,0.0,0,0,1.9,1.9,0.09,-0.9,-0.9,Match Report,2024,Bournemouth
930,821,40,2024-04-28,14:00,Premier League,Matchweek 35,Sun,Home,W,3.0,0.0,Brighton,3,15.0,6.0,40.0,0.2,0.5,14.4,1.0,0,0,1.9,1.9,0.14,1.1,1.1,Match Report,2024,Bournemouth
931,822,41,2024-05-04,12:30,Premier League,Matchweek 36,Sat,Away,L,0.0,3.0,Arsenal,0,7.0,2.0,28.6,0.0,0.0,20.4,1.0,0,0,0.5,0.5,0.07,-0.5,-0.5,Match Report,2024,Bournemouth
932,823,42,2024-05-11,15:00,Premier League,Matchweek 37,Sat,Home,L,1.0,2.0,Brentford,1,13.0,4.0,30.8,0.08,0.25,17.1,0.0,0,0,0.7,0.7,0.05,0.3,0.3,Match Report,2024,Bournemouth
933,824,43,2024-05-19,16:00,Premier League,Matchweek 38,Sun,Away,L,1.0,2.0,Chelsea,0,22.0,5.0,22.7,0.0,0.0,16.8,0.0,0,0,2.2,2.2,0.11,-2.2,-2.2,Match Report,2024,Bournemouth
934,826,0,2023-08-12,15:00,Premier League,Matchweek 1,Sat,Away,W,1.0,0.0,Everton,1,9.0,2.0,22.2,0.11,0.5,13.2,0.0,0,0,1.5,1.5,0.17,-0.5,-0.5,Match Report,2024,Fulham
935,827,1,2023-08-19,15:00,Premier League,Matchweek 2,Sat,Home,L,0.0,3.0,Brentford,0,10.0,2.0,20.0,0.0,0.0,22.3,1.0,0,0,0.5,0.5,0.05,-0.5,-0.5,Match Report,2024,Fulham
936,828,2,2023-08-26,15:00,Premier League,Matchweek 3,Sat,Away,D,2.0,2.0,Arsenal,2,8.0,3.0,37.5,0.25,0.67,17.8,0.0,0,0,0.6,0.6,0.07,1.4,1.4,Match Report,2024,Fulham
937,830,4,2023-09-02,15:00,Premier League,Matchweek 4,Sat,Away,L,1.0,5.0,Manchester City,1,6.0,4.0,66.7,0.17,0.25,11.4,0.0,0,0,1.4,1.4,0.31,-0.4,-0.4,Match Report,2024,Fulham
938,831,5,2023-09-16,15:00,Premier League,Matchweek 5,Sat,Home,W,1.0,0.0,Luton Town,1,13.0,2.0,15.4,0.08,0.5,19.5,2.0,0,0,1.0,1.0,0.07,0.0,0.0,Match Report,2024,Fulham
939,832,6,2023-09-23,15:00,Premier League,Matchweek 6,Sat,Away,D,0.0,0.0,Crystal Palace,0,10.0,5.0,50.0,0.0,0.0,18.7,1.0,0,0,0.6,0.6,0.06,-0.6,-0.6,Match Report,2024,Fulham
940,834,8,2023-10-02,20:00,Premier League,Matchweek 7,Mon,Home,L,0.0,2.0,Chelsea,0,10.0,3.0,30.0,0.0,0.0,13.2,0.0,0,0,1.1,1.1,0.11,-1.1,-1.1,Match Report,2024,Fulham
941,835,9,2023-10-07,15:00,Premier League,Matchweek 8,Sat,Home,W,3.0,1.0,Sheffield Utd,2,20.0,6.0,30.0,0.1,0.33,20.2,0.0,0,0,2.2,2.2,0.11,-0.2,-0.2,Match Report,2024,Fulham
942,836,10,2023-10-23,20:00,Premier League,Matchweek 9,Mon,Away,L,0.0,2.0,Tottenham,0,10.0,3.0,30.0,0.0,0.0,17.6,0.0,0,0,1.0,1.0,0.1,-1.0,-1.0,Match Report,2024,Fulham
943,837,11,2023-10-29,14:00,Premier League,Matchweek 10,Sun,Away,D,1.0,1.0,Brighton,1,10.0,5.0,50.0,0.1,0.2,19.3,0.0,0,0,0.7,0.7,0.07,0.3,0.3,Match Report,2024,Fulham
944,839,13,2023-11-04,12:30,Premier League,Matchweek 11,Sat,Home,L,0.0,1.0,Manchester Utd,0,18.0,2.0,11.1,0.0,0.0,18.6,1.0,0,0,1.0,1.0,0.06,-1.0,-1.0,Match Report,2024,Fulham
945,840,14,2023-11-12,14:00,Premier League,Matchweek 12,Sun,Away,L,1.0,3.0,Aston Villa,1,9.0,5.0,55.6,0.11,0.2,19.5,0.0,0,0,0.9,0.9,0.1,0.1,0.1,Match Report,2024,Fulham
946,841,15,2023-11-27,20:00,Premier League,Matchweek 13,Mon,Home,W,3.0,2.0,Wolves,3,10.0,4.0,40.0,0.1,0.25,22.9,0.0,2,2,2.9,1.3,0.13,0.1,-0.3,Match Report,2024,Fulham
947,842,16,2023-12-03,14:00,Premier League,Matchweek 14,Sun,Away,L,3.0,4.0,Liverpool,3,9.0,5.0,55.6,0.33,0.6,13.3,0.0,0,0,1.2,1.2,0.13,1.8,1.8,Match Report,2024,Fulham
948,843,17,2023-12-06,19:30,Premier League,Matchweek 15,Wed,Home,W,5.0,0.0,Nott'ham Forest,5,14.0,6.0,42.9,0.36,0.83,17.3,1.0,0,0,2.5,2.5,0.18,2.5,2.5,Match Report,2024,Fulham
949,844,18,2023-12-10,14:00,Premier League,Matchweek 16,Sun,Home,W,5.0,0.0,West Ham,5,14.0,8.0,57.1,0.36,0.63,17.7,0.0,0,0,2.3,2.3,0.17,2.7,2.7,Match Report,2024,Fulham
950,845,19,2023-12-16,15:00,Premier League,Matchweek 17,Sat,Away,L,0.0,3.0,Newcastle Utd,0,6.0,4.0,66.7,0.0,0.0,23.1,0.0,0,0,0.3,0.3,0.05,-0.3,-0.3,Match Report,2024,Fulham
951,847,21,2023-12-23,15:00,Premier League,Matchweek 18,Sat,Home,L,0.0,2.0,Burnley,0,19.0,5.0,26.3,0.0,0.0,16.3,1.0,0,0,1.3,1.3,0.07,-1.3,-1.3,Match Report,2024,Fulham
952,848,22,2023-12-26,15:00,Premier League,Matchweek 19,Tue,Away,L,0.0,3.0,Bournemouth,0,8.0,3.0,37.5,0.0,0.0,21.6,1.0,0,0,0.3,0.3,0.03,-0.3,-0.3,Match Report,2024,Fulham
953,849,23,2023-12-31,14:00,Premier League,Matchweek 20,Sun,Home,W,2.0,1.0,Arsenal,2,15.0,4.0,26.7,0.13,0.5,18.2,1.0,0,0,1.2,1.2,0.08,0.8,0.8,Match Report,2024,Fulham
954,852,26,2024-01-13,12:30,Premier League,Matchweek 21,Sat,Away,L,0.0,1.0,Chelsea,0,14.0,4.0,28.6,0.0,0.0,22.0,2.0,0,0,0.8,0.8,0.06,-0.8,-0.8,Match Report,2024,Fulham
955,855,29,2024-01-30,19:45,Premier League,Matchweek 22,Tue,Home,D,0.0,0.0,Everton,0,25.0,5.0,20.0,0.0,0.0,17.3,0.0,0,0,1.6,1.6,0.07,-1.6,-1.6,Match Report,2024,Fulham
956,856,30,2024-02-03,15:00,Premier League,Matchweek 23,Sat,Away,D,2.0,2.0,Burnley,2,15.0,7.0,46.7,0.13,0.29,13.2,0.0,0,0,1.5,1.5,0.1,0.5,0.5,Match Report,2024,Fulham
957,857,31,2024-02-10,15:00,Premier League,Matchweek 24,Sat,Home,W,3.0,1.0,Bournemouth,3,7.0,6.0,85.7,0.43,0.5,11.4,0.0,0,0,1.6,1.6,0.22,1.4,1.4,Match Report,2024,Fulham
958,858,32,2024-02-17,15:00,Premier League,Matchweek 25,Sat,Home,L,1.0,2.0,Aston Villa,1,15.0,4.0,26.7,0.07,0.25,14.7,0.0,0,0,1.5,1.5,0.1,-0.5,-0.5,Match Report,2024,Fulham
959,859,33,2024-02-24,15:00,Premier League,Matchweek 26,Sat,Away,W,2.0,1.0,Manchester Utd,2,17.0,5.0,29.4,0.12,0.4,17.1,0.0,0,0,1.2,1.2,0.07,0.8,0.8,Match Report,2024,Fulham
960,860,34,2024-03-02,15:00,Premier League,Matchweek 27,Sat,Home,W,3.0,0.0,Brighton,3,12.0,5.0,41.7,0.25,0.6,14.6,0.0,0,0,1.3,1.3,0.11,1.7,1.7,Match Report,2024,Fulham
961,861,35,2024-03-09,15:00,Premier League,Matchweek 28,Sat,Away,L,1.0,2.0,Wolves,1,23.0,6.0,26.1,0.04,0.17,14.1,0.0,0,0,2.6,2.6,0.12,-1.6,-1.6,Match Report,2024,Fulham
962,862,36,2024-03-16,17:30,Premier League,Matchweek 29,Sat,Home,W,3.0,0.0,Tottenham,3,16.0,7.0,43.8,0.19,0.43,12.7,0.0,0,0,2.6,2.6,0.18,0.4,0.4,Match Report,2024,Fulham
963,863,37,2024-03-30,15:00,Premier League,Matchweek 30,Sat,Away,D,3.0,3.0,Sheffield Utd,3,24.0,9.0,37.5,0.13,0.33,17.6,0.0,0,0,1.3,1.3,0.06,1.7,1.7,Match Report,2024,Fulham
964,864,38,2024-04-02,19:30,Premier League,Matchweek 31,Tue,Away,L,1.0,3.0,Nott'ham Forest,1,18.0,3.0,16.7,0.06,0.33,12.3,0.0,0,0,1.5,1.5,0.08,-0.5,-0.5,Match Report,2024,Fulham
965,865,39,2024-04-06,15:00,Premier League,Matchweek 32,Sat,Home,L,0.0,1.0,Newcastle Utd,0,14.0,4.0,28.6,0.0,0.0,17.6,0.0,0,0,1.2,1.2,0.09,-1.2,-1.2,Match Report,2024,Fulham
966,866,40,2024-04-14,14:00,Premier League,Matchweek 33,Sun,Away,W,2.0,0.0,West Ham,2,18.0,10.0,55.6,0.11,0.2,15.1,0.0,0,0,3.2,3.2,0.18,-1.2,-1.2,Match Report,2024,Fulham
967,867,41,2024-04-21,16:30,Premier League,Matchweek 34,Sun,Home,L,1.0,3.0,Liverpool,1,12.0,5.0,41.7,0.08,0.2,17.1,1.0,0,0,0.8,0.8,0.07,0.2,0.2,Match Report,2024,Fulham
968,868,42,2024-04-27,15:00,Premier League,Matchweek 35,Sat,Home,D,1.0,1.0,Crystal Palace,1,9.0,2.0,22.2,0.11,0.5,14.9,0.0,0,0,1.1,1.1,0.13,-0.1,-0.1,Match Report,2024,Fulham
969,869,43,2024-05-04,15:00,Premier League,Matchweek 36,Sat,Away,D,0.0,0.0,Brentford,0,15.0,3.0,20.0,0.0,0.0,17.4,0.0,0,0,1.3,1.3,0.09,-1.3,-1.3,Match Report,2024,Fulham
970,870,44,2024-05-11,12:30,Premier League,Matchweek 37,Sat,Home,L,0.0,4.0,Manchester City,0,1.0,1.0,100.0,0.0,0.0,9.6,0.0,0,0,0.1,0.1,0.12,-0.1,-0.1,Match Report,2024,Fulham
971,871,45,2024-05-19,16:00,Premier League,Matchweek 38,Sun,Away,W,4.0,2.0,Luton Town,4,16.0,8.0,50.0,0.25,0.5,21.6,2.0,0,0,1.1,1.1,0.07,2.9,2.9,Match Report,2024,Fulham
972,873,0,2023-08-14,20:00,Premier League,Matchweek 1,Mon,Away,L,0.0,1.0,Manchester Utd,0,23.0,6.0,26.1,0.0,0.0,15.3,0.0,0,0,2.2,2.2,0.1,-2.2,-2.2,Match Report,2024,Wolverhampton Wanderers
973,874,1,2023-08-19,15:00,Premier League,Matchweek 2,Sat,Home,L,1.0,4.0,Brighton,1,16.0,5.0,31.3,0.06,0.2,16.1,0.0,0,0,2.1,2.1,0.15,-1.1,-1.1,Match Report,2024,Wolverhampton Wanderers
974,875,2,2023-08-26,15:00,Premier League,Matchweek 3,Sat,Away,W,1.0,0.0,Everton,1,11.0,2.0,18.2,0.09,0.5,17.8,1.0,0,0,1.1,1.1,0.1,-0.1,-0.1,Match Report,2024,Wolverhampton Wanderers
975,877,4,2023-09-03,14:00,Premier League,Matchweek 4,Sun,Away,L,2.0,3.0,Crystal Palace,2,12.0,4.0,33.3,0.17,0.5,16.2,0.0,0,0,1.2,1.2,0.1,0.8,0.8,Match Report,2024,Wolverhampton Wanderers
976,878,5,2023-09-16,12:30,Premier League,Matchweek 5,Sat,Home,L,1.0,3.0,Liverpool,1,11.0,2.0,18.2,0.09,0.5,18.7,0.0,0,0,0.6,0.6,0.06,0.4,0.4,Match Report,2024,Wolverhampton Wanderers
977,879,6,2023-09-23,15:00,Premier League,Matchweek 6,Sat,Away,D,1.0,1.0,Luton Town,1,3.0,3.0,100.0,0.33,0.33,7.0,0.0,0,0,0.6,0.6,0.21,0.4,0.4,Match Report,2024,Wolverhampton Wanderers
978,881,8,2023-09-30,15:00,Premier League,Matchweek 7,Sat,Home,W,2.0,1.0,Manchester City,1,3.0,1.0,33.3,0.33,1.0,11.4,0.0,0,0,0.4,0.4,0.16,0.6,0.6,Match Report,2024,Wolverhampton Wanderers
979,882,9,2023-10-08,14:00,Premier League,Matchweek 8,Sun,Home,D,1.0,1.0,Aston Villa,1,8.0,3.0,37.5,0.13,0.33,16.0,0.0,0,0,1.7,1.7,0.21,-0.7,-0.7,Match Report,2024,Wolverhampton Wanderers
980,883,10,2023-10-21,15:00,Premier League,Matchweek 9,Sat,Away,W,2.0,1.0,Bournemouth,2,21.0,7.0,33.3,0.1,0.29,16.2,0.0,0,0,2.4,2.4,0.12,-0.4,-0.4,Match Report,2024,Wolverhampton Wanderers
981,884,11,2023-10-28,17:30,Premier League,Matchweek 10,Sat,Home,D,2.0,2.0,Newcastle Utd,2,11.0,6.0,54.5,0.18,0.33,17.2,1.0,0,0,0.9,0.9,0.08,1.1,1.1,Match Report,2024,Wolverhampton Wanderers
982,885,12,2023-11-04,15:00,Premier League,Matchweek 11,Sat,Away,L,1.0,2.0,Sheffield Utd,1,10.0,3.0,30.0,0.1,0.33,17.5,1.0,0,0,1.2,1.2,0.13,-0.2,-0.2,Match Report,2024,Wolverhampton Wanderers
983,886,13,2023-11-11,12:30,Premier League,Matchweek 12,Sat,Home,W,2.0,1.0,Tottenham,2,17.0,4.0,23.5,0.12,0.5,18.5,0.0,0,0,2.1,2.1,0.13,-0.1,-0.1,Match Report,2024,Wolverhampton Wanderers
984,887,14,2023-11-27,20:00,Premier League,Matchweek 13,Mon,Away,L,2.0,3.0,Fulham,2,9.0,5.0,55.6,0.11,0.2,16.6,0.0,1,1,1.4,0.6,0.06,0.6,0.4,Match Report,2024,Wolverhampton Wanderers
985,888,15,2023-12-02,15:00,Premier League,Matchweek 14,Sat,Away,L,1.0,2.0,Arsenal,1,6.0,3.0,50.0,0.17,0.33,10.8,0.0,0,0,0.7,0.7,0.12,0.3,0.3,Match Report,2024,Wolverhampton Wanderers
986,889,16,2023-12-05,19:30,Premier League,Matchweek 15,Tue,Home,W,1.0,0.0,Burnley,1,7.0,4.0,57.1,0.14,0.25,15.8,1.0,0,0,0.8,0.8,0.12,0.2,0.2,Match Report,2024,Wolverhampton Wanderers
987,890,17,2023-12-09,15:00,Premier League,Matchweek 16,Sat,Home,D,1.0,1.0,Nott'ham Forest,1,10.0,4.0,40.0,0.1,0.25,15.2,0.0,0,0,1.2,1.2,0.12,-0.2,-0.2,Match Report,2024,Wolverhampton Wanderers
988,891,18,2023-12-17,14:00,Premier League,Matchweek 17,Sun,Away,L,0.0,3.0,West Ham,0,14.0,3.0,21.4,0.0,0.0,20.5,0.0,0,0,0.7,0.7,0.05,-0.7,-0.7,Match Report,2024,Wolverhampton Wanderers
989,892,19,2023-12-24,13:00,Premier League,Matchweek 18,Sun,Home,W,2.0,1.0,Chelsea,2,14.0,6.0,42.9,0.14,0.33,16.7,1.0,0,0,1.3,1.3,0.09,0.7,0.7,Match Report,2024,Wolverhampton Wanderers
990,893,20,2023-12-27,19:30,Premier League,Matchweek 19,Wed,Away,W,4.0,1.0,Brentford,4,11.0,5.0,45.5,0.36,0.8,17.8,0.0,0,0,2.4,2.4,0.22,1.6,1.6,Match Report,2024,Wolverhampton Wanderers
991,894,21,2023-12-30,15:00,Premier League,Matchweek 20,Sat,Home,W,3.0,0.0,Everton,3,12.0,6.0,50.0,0.25,0.5,13.4,0.0,0,0,1.9,1.9,0.17,1.1,1.1,Match Report,2024,Wolverhampton Wanderers
992,897,24,2024-01-22,19:45,Premier League,Matchweek 21,Mon,Away,D,0.0,0.0,Brighton,0,8.0,3.0,37.5,0.0,0.0,18.6,0.0,0,0,1.1,1.1,0.15,-1.1,-1.1,Match Report,2024,Wolverhampton Wanderers
993,899,26,2024-02-01,20:15,Premier League,Matchweek 22,Thu,Home,L,3.0,4.0,Manchester Utd,3,15.0,5.0,33.3,0.13,0.4,16.6,1.0,1,1,2.1,1.3,0.09,0.9,0.7,Match Report,2024,Wolverhampton Wanderers
994,900,27,2024-02-04,14:00,Premier League,Matchweek 23,Sun,Away,W,4.0,2.0,Chelsea,3,13.0,6.0,46.2,0.15,0.33,16.6,2.0,1,1,2.0,1.2,0.09,1.0,0.8,Match Report,2024,Wolverhampton Wanderers
995,901,28,2024-02-10,15:00,Premier League,Matchweek 24,Sat,Home,L,0.0,2.0,Brentford,0,17.0,5.0,29.4,0.0,0.0,17.2,1.0,0,0,1.0,1.0,0.06,-1.0,-1.0,Match Report,2024,Wolverhampton Wanderers
996,902,29,2024-02-17,15:00,Premier League,Matchweek 25,Sat,Away,W,2.0,1.0,Tottenham,2,12.0,7.0,58.3,0.17,0.29,15.9,0.0,0,0,1.8,1.8,0.15,0.2,0.2,Match Report,2024,Wolverhampton Wanderers
997,903,30,2024-02-25,13:30,Premier League,Matchweek 26,Sun,Home,W,1.0,0.0,Sheffield Utd,1,13.0,2.0,15.4,0.08,0.5,14.6,0.0,0,0,1.3,1.3,0.1,-0.3,-0.3,Match Report,2024,Wolverhampton Wanderers
998,905,32,2024-03-02,15:00,Premier League,Matchweek 27,Sat,Away,L,0.0,3.0,Newcastle Utd,0,12.0,3.0,25.0,0.0,0.0,15.9,0.0,0,0,0.8,0.8,0.07,-0.8,-0.8,Match Report,2024,Wolverhampton Wanderers
999,906,33,2024-03-09,15:00,Premier League,Matchweek 28,Sat,Home,W,2.0,1.0,Fulham,1,8.0,3.0,37.5,0.13,0.33,16.3,0.0,0,0,0.8,0.8,0.1,0.2,0.2,Match Report,2024,Wolverhampton Wanderers
1000,908,35,2024-03-30,17:30,Premier League,Matchweek 30,Sat,Away,L,0.0,2.0,Aston Villa,0,13.0,3.0,23.1,0.0,0.0,14.6,1.0,0,0,1.5,1.5,0.11,-1.5,-1.5,Match Report,2024,Wolverhampton Wanderers
1001,909,36,2024-04-02,19:45,Premier League,Matchweek 31,Tue,Away,D,1.0,1.0,Burnley,1,8.0,2.0,25.0,0.13,0.5,12.4,0.0,0,0,0.9,0.9,0.11,0.1,0.1,Match Report,2024,Wolverhampton Wanderers
1002,910,37,2024-04-06,15:00,Premier League,Matchweek 32,Sat,Home,L,1.0,2.0,West Ham,1,13.0,6.0,46.2,0.0,0.0,25.4,1.0,1,1,1.5,0.7,0.05,-0.5,-0.7,Match Report,2024,Wolverhampton Wanderers
1003,911,38,2024-04-13,15:00,Premier League,Matchweek 33,Sat,Away,D,2.0,2.0,Nott'ham Forest,2,11.0,3.0,27.3,0.18,0.67,16.1,0.0,0,0,1.0,1.0,0.11,1.0,1.0,Match Report,2024,Wolverhampton Wanderers
1004,912,39,2024-04-20,19:30,Premier League,Matchweek 34,Sat,Home,L,0.0,2.0,Arsenal,0,5.0,3.0,60.0,0.0,0.0,20.1,0.0,0,0,0.2,0.2,0.03,-0.2,-0.2,Match Report,2024,Wolverhampton Wanderers
1005,913,40,2024-04-24,19:45,Premier League,Matchweek 29,Wed,Home,L,0.0,1.0,Bournemouth,0,15.0,4.0,26.7,0.0,0.0,20.1,0.0,0,0,0.5,0.5,0.04,-0.5,-0.5,Match Report,2024,Wolverhampton Wanderers
1006,914,41,2024-04-27,15:00,Premier League,Matchweek 35,Sat,Home,W,2.0,1.0,Luton Town,2,13.0,5.0,38.5,0.15,0.4,18.8,0.0,0,0,1.2,1.2,0.09,0.8,0.8,Match Report,2024,Wolverhampton Wanderers
1007,915,42,2024-05-04,17:30,Premier League,Matchweek 36,Sat,Away,L,1.0,5.0,Manchester City,1,2.0,1.0,50.0,0.5,1.0,9.0,0.0,0,0,0.3,0.3,0.17,0.7,0.7,Match Report,2024,Wolverhampton Wanderers
1008,916,43,2024-05-11,15:00,Premier League,Matchweek 37,Sat,Home,L,1.0,3.0,Crystal Palace,1,14.0,8.0,57.1,0.07,0.13,14.6,0.0,0,0,1.6,1.6,0.11,-0.6,-0.6,Match Report,2024,Wolverhampton Wanderers
1009,917,44,2024-05-19,16:00,Premier League,Matchweek 38,Sun,Away,L,0.0,2.0,Liverpool,0,4.0,2.0,50.0,0.0,0.0,19.0,1.0,0,0,0.5,0.5,0.12,-0.5,-0.5,Match Report,2024,Wolverhampton Wanderers
1010,919,0,2023-08-12,15:00,Premier League,Matchweek 1,Sat,Home,L,0.0,1.0,Fulham,0,19.0,9.0,47.4,0.0,0.0,15.8,0.0,0,0,2.7,2.7,0.14,-2.7,-2.7,Match Report,2024,Everton
1011,920,1,2023-08-20,14:00,Premier League,Matchweek 2,Sun,Away,L,0.0,4.0,Aston Villa,0,9.0,2.0,22.2,0.0,0.0,14.7,0.0,0,0,0.6,0.6,0.07,-0.6,-0.6,Match Report,2024,Everton
1012,921,2,2023-08-26,15:00,Premier League,Matchweek 3,Sat,Home,L,0.0,1.0,Wolves,0,15.0,7.0,46.7,0.0,0.0,13.8,0.0,0,0,1.3,1.3,0.09,-1.3,-1.3,Match Report,2024,Everton
1013,923,4,2023-09-02,12:30,Premier League,Matchweek 4,Sat,Away,D,2.0,2.0,Sheffield Utd,2,16.0,6.0,37.5,0.13,0.33,14.8,2.0,0,0,2.5,2.5,0.21,-0.5,-0.5,Match Report,2024,Everton
1014,924,5,2023-09-17,16:30,Premier League,Matchweek 5,Sun,Home,L,0.0,1.0,Arsenal,0,8.0,1.0,12.5,0.0,0.0,21.6,0.0,0,0,0.3,0.3,0.04,-0.3,-0.3,Match Report,2024,Everton
1015,925,6,2023-09-23,17:30,Premier League,Matchweek 6,Sat,Away,W,3.0,1.0,Brentford,3,18.0,6.0,33.3,0.17,0.5,17.8,0.0,0,0,1.9,1.9,0.11,1.1,1.1,Match Report,2024,Everton
1016,927,8,2023-09-30,15:00,Premier League,Matchweek 7,Sat,Home,L,1.0,2.0,Luton Town,1,23.0,4.0,17.4,0.04,0.25,14.4,0.0,0,0,2.9,2.9,0.16,-1.9,-1.9,Match Report,2024,Everton
1017,928,9,2023-10-07,15:00,Premier League,Matchweek 8,Sat,Home,W,3.0,0.0,Bournemouth,3,25.0,8.0,32.0,0.12,0.38,15.8,0.0,0,0,2.4,2.4,0.1,0.6,0.6,Match Report,2024,Everton
1018,929,10,2023-10-21,12:30,Premier League,Matchweek 9,Sat,Away,L,0.0,2.0,Liverpool,0,6.0,1.0,16.7,0.0,0.0,35.2,0.0,0,0,0.1,0.1,0.02,-0.1,-0.1,Match Report,2024,Everton
1019,930,11,2023-10-29,13:00,Premier League,Matchweek 10,Sun,Away,W,1.0,0.0,West Ham,1,10.0,4.0,40.0,0.1,0.25,17.4,0.0,0,0,0.8,0.8,0.08,0.2,0.2,Match Report,2024,Everton
1020,932,13,2023-11-04,15:00,Premier League,Matchweek 11,Sat,Home,D,1.0,1.0,Brighton,1,10.0,4.0,40.0,0.1,0.25,14.4,1.0,0,0,0.7,0.7,0.07,0.3,0.3,Match Report,2024,Everton
1021,933,14,2023-11-11,15:00,Premier League,Matchweek 12,Sat,Away,W,3.0,2.0,Crystal Palace,3,8.0,4.0,50.0,0.38,0.75,14.5,0.0,0,0,1.5,1.5,0.19,1.5,1.5,Match Report,2024,Everton
1022,934,15,2023-11-26,16:30,Premier League,Matchweek 13,Sun,Home,L,0.0,3.0,Manchester Utd,0,24.0,6.0,25.0,0.0,0.0,16.9,0.0,0,0,2.4,2.4,0.11,-2.4,-2.4,Match Report,2024,Everton
1023,935,16,2023-12-02,17:30,Premier League,Matchweek 14,Sat,Away,W,1.0,0.0,Nott'ham Forest,1,12.0,2.0,16.7,0.08,0.5,20.8,1.0,0,0,0.7,0.7,0.06,0.3,0.3,Match Report,2024,Everton
1024,936,17,2023-12-07,19:30,Premier League,Matchweek 15,Thu,Home,W,3.0,0.0,Newcastle Utd,3,21.0,6.0,28.6,0.14,0.5,13.3,0.0,0,0,3.3,3.3,0.16,-0.3,-0.3,Match Report,2024,Everton
1025,937,18,2023-12-10,14:00,Premier League,Matchweek 16,Sun,Home,W,2.0,0.0,Chelsea,2,9.0,5.0,55.6,0.22,0.4,16.4,0.0,0,0,1.2,1.2,0.15,0.8,0.8,Match Report,2024,Everton
1026,938,19,2023-12-16,17:30,Premier League,Matchweek 17,Sat,Away,W,2.0,0.0,Burnley,2,9.0,6.0,66.7,0.22,0.33,11.8,1.0,0,0,1.4,1.4,0.17,0.6,0.6,Match Report,2024,Everton
1027,940,21,2023-12-23,15:00,Premier League,Matchweek 18,Sat,Away,L,1.0,2.0,Tottenham,1,18.0,8.0,44.4,0.06,0.13,15.8,0.0,0,0,1.8,1.8,0.1,-0.8,-0.8,Match Report,2024,Everton
1028,941,22,2023-12-27,20:15,Premier League,Matchweek 19,Wed,Home,L,1.0,3.0,Manchester City,1,7.0,2.0,28.6,0.14,0.5,12.5,0.0,0,0,1.0,1.0,0.14,0.0,0.0,Match Report,2024,Everton
1029,942,23,2023-12-30,15:00,Premier League,Matchweek 20,Sat,Away,L,0.0,3.0,Wolves,0,10.0,0.0,0.0,0.0,,20.7,0.0,0,0,0.4,0.4,0.05,-0.4,-0.4,Match Report,2024,Everton
1030,944,25,2024-01-14,14:00,Premier League,Matchweek 21,Sun,Home,D,0.0,0.0,Aston Villa,0,10.0,2.0,20.0,0.0,0.0,17.2,1.0,0,0,1.1,1.1,0.12,-1.1,-1.1,Match Report,2024,Everton
1031,947,28,2024-01-30,19:45,Premier League,Matchweek 22,Tue,Away,D,0.0,0.0,Fulham,0,21.0,2.0,9.5,0.0,0.0,14.4,2.0,0,0,1.9,1.9,0.11,-1.9,-1.9,Match Report,2024,Everton
1032,948,29,2024-02-03,12:30,Premier League,Matchweek 23,Sat,Home,D,2.0,2.0,Tottenham,2,14.0,4.0,28.6,0.14,0.5,14.3,0.0,0,0,2.6,2.6,0.23,-0.6,-0.6,Match Report,2024,Everton
1033,949,30,2024-02-10,12:30,Premier League,Matchweek 24,Sat,Away,L,0.0,2.0,Manchester City,0,5.0,1.0,20.0,0.0,0.0,22.9,0.0,0,0,0.3,0.3,0.06,-0.3,-0.3,Match Report,2024,Everton
1034,950,31,2024-02-19,20:00,Premier League,Matchweek 25,Mon,Home,D,1.0,1.0,Crystal Palace,1,19.0,4.0,21.1,0.05,0.25,16.4,1.0,0,0,1.7,1.7,0.09,-0.7,-0.7,Match Report,2024,Everton
1035,951,32,2024-02-24,15:00,Premier League,Matchweek 26,Sat,Away,D,1.0,1.0,Brighton,1,6.0,2.0,33.3,0.17,0.5,16.0,0.0,0,0,0.3,0.3,0.05,0.7,0.7,Match Report,2024,Everton
1036,952,33,2024-03-02,15:00,Premier League,Matchweek 27,Sat,Home,L,1.0,3.0,West Ham,1,21.0,9.0,42.9,0.05,0.11,21.8,0.0,0,1,2.7,1.9,0.09,-1.7,-0.9,Match Report,2024,Everton
1037,953,34,2024-03-09,12:30,Premier League,Matchweek 28,Sat,Away,L,0.0,2.0,Manchester Utd,0,23.0,6.0,26.1,0.0,0.0,16.9,1.0,0,0,1.6,1.6,0.07,-1.6,-1.6,Match Report,2024,Everton
1038,954,35,2024-03-30,15:00,Premier League,Matchweek 30,Sat,Away,L,1.0,2.0,Bournemouth,1,7.0,3.0,42.9,0.14,0.33,16.0,0.0,0,0,1.0,1.0,0.14,0.0,0.0,Match Report,2024,Everton
1039,955,36,2024-04-02,19:30,Premier League,Matchweek 31,Tue,Away,D,1.0,1.0,Newcastle Utd,1,9.0,2.0,22.2,0.0,0.0,17.4,0.0,1,1,1.4,0.7,0.07,-0.4,-0.7,Match Report,2024,Everton
1040,956,37,2024-04-06,15:00,Premier League,Matchweek 32,Sat,Home,W,1.0,0.0,Burnley,1,12.0,3.0,25.0,0.08,0.33,20.0,1.0,0,0,0.9,0.9,0.08,0.1,0.1,Match Report,2024,Everton
1041,957,38,2024-04-15,20:00,Premier League,Matchweek 33,Mon,Away,L,0.0,6.0,Chelsea,0,10.0,2.0,20.0,0.0,0.0,13.7,0.0,0,0,1.5,1.5,0.15,-1.5,-1.5,Match Report,2024,Everton
1042,958,39,2024-04-21,13:30,Premier League,Matchweek 34,Sun,Home,W,2.0,0.0,Nott'ham Forest,2,7.0,4.0,57.1,0.29,0.5,18.7,0.0,0,0,0.3,0.3,0.05,1.7,1.7,Match Report,2024,Everton
1043,959,40,2024-04-24,20:00,Premier League,Matchweek 29,Wed,Home,W,2.0,0.0,Liverpool,2,16.0,6.0,37.5,0.13,0.33,14.9,0.0,0,0,1.2,1.2,0.08,0.8,0.8,Match Report,2024,Everton
1044,960,41,2024-04-27,17:30,Premier League,Matchweek 35,Sat,Home,W,1.0,0.0,Brentford,1,18.0,1.0,5.6,0.06,1.0,19.1,1.0,0,0,0.8,0.8,0.05,0.2,0.2,Match Report,2024,Everton
1045,961,42,2024-05-03,20:00,Premier League,Matchweek 36,Fri,Away,D,1.0,1.0,Luton Town,1,9.0,2.0,22.2,0.0,0.0,18.7,0.0,1,1,1.4,0.6,0.07,-0.4,-0.6,Match Report,2024,Everton
1046,962,43,2024-05-11,15:00,Premier League,Matchweek 37,Sat,Home,W,1.0,0.0,Sheffield Utd,1,15.0,6.0,40.0,0.07,0.17,17.1,0.0,0,0,2.3,2.3,0.16,-1.3,-1.3,Match Report,2024,Everton
1047,963,44,2024-05-19,16:00,Premier League,Matchweek 38,Sun,Away,L,1.0,2.0,Arsenal,1,5.0,2.0,40.0,0.2,0.5,20.3,2.0,0,0,0.6,0.6,0.13,0.4,0.4,Match Report,2024,Everton
1048,965,0,2023-08-13,14:00,Premier League,Matchweek 1,Sun,Home,D,2.0,2.0,Tottenham,2,10.0,5.0,50.0,0.1,0.2,18.0,0.0,1,1,2.2,1.4,0.14,-0.2,-0.4,Match Report,2024,Brentford
1049,966,1,2023-08-19,15:00,Premier League,Matchweek 2,Sat,Away,W,3.0,0.0,Fulham,3,16.0,7.0,43.8,0.13,0.29,13.8,1.0,1,1,3.7,3.1,0.2,-0.7,-1.1,Match Report,2024,Brentford
1050,967,2,2023-08-26,15:00,Premier League,Matchweek 3,Sat,Home,D,1.0,1.0,Crystal Palace,1,12.0,1.0,8.3,0.08,1.0,13.7,0.0,0,0,1.0,1.0,0.08,0.0,0.0,Match Report,2024,Brentford
1051,969,4,2023-09-02,15:00,Premier League,Matchweek 4,Sat,Home,D,2.0,2.0,Bournemouth,2,21.0,7.0,33.3,0.1,0.29,14.7,1.0,0,0,2.9,2.9,0.14,-0.9,-0.9,Match Report,2024,Brentford
1052,970,5,2023-09-16,17:30,Premier League,Matchweek 5,Sat,Away,L,0.0,1.0,Newcastle Utd,0,11.0,2.0,18.2,0.0,0.0,15.7,0.0,0,0,0.5,0.5,0.05,-0.5,-0.5,Match Report,2024,Brentford
1053,971,6,2023-09-23,17:30,Premier League,Matchweek 6,Sat,Home,L,1.0,3.0,Everton,1,12.0,2.0,16.7,0.08,0.5,13.9,1.0,0,0,1.0,1.0,0.09,0.0,0.0,Match Report,2024,Brentford
1054,973,8,2023-10-01,14:00,Premier League,Matchweek 7,Sun,Away,D,1.0,1.0,Nott'ham Forest,1,18.0,3.0,16.7,0.06,0.33,14.1,0.0,0,0,1.6,1.6,0.09,-0.6,-0.6,Match Report,2024,Brentford
1055,974,9,2023-10-07,15:00,Premier League,Matchweek 8,Sat,Away,L,1.0,2.0,Manchester Utd,1,11.0,3.0,27.3,0.09,0.33,17.3,0.0,0,0,0.9,0.9,0.09,0.1,0.1,Match Report,2024,Brentford
1056,975,10,2023-10-21,15:00,Premier League,Matchweek 9,Sat,Home,W,3.0,0.0,Burnley,3,23.0,9.0,39.1,0.13,0.33,15.0,1.0,0,0,3.1,3.1,0.14,-0.1,-0.1,Match Report,2024,Brentford
1057,976,11,2023-10-28,12:30,Premier League,Matchweek 10,Sat,Away,W,2.0,0.0,Chelsea,2,7.0,5.0,71.4,0.29,0.4,12.7,0.0,0,0,2.2,2.2,0.31,-0.2,-0.2,Match Report,2024,Brentford
1058,977,12,2023-11-04,15:00,Premier League,Matchweek 11,Sat,Home,W,3.0,2.0,West Ham,2,16.0,4.0,25.0,0.13,0.5,15.7,1.0,0,0,1.5,1.5,0.1,0.5,0.5,Match Report,2024,Brentford
1059,978,13,2023-11-12,14:00,Premier League,Matchweek 12,Sun,Away,L,0.0,3.0,Liverpool,0,16.0,3.0,18.8,0.0,0.0,17.0,2.0,0,0,1.6,1.6,0.1,-1.6,-1.6,Match Report,2024,Brentford
1060,979,14,2023-11-25,17:30,Premier League,Matchweek 13,Sat,Home,L,0.0,1.0,Arsenal,0,9.0,1.0,11.1,0.0,0.0,13.9,0.0,0,0,1.1,1.1,0.14,-1.1,-1.1,Match Report,2024,Brentford
1061,980,15,2023-12-02,15:00,Premier League,Matchweek 14,Sat,Home,W,3.0,1.0,Luton Town,3,27.0,6.0,22.2,0.11,0.5,15.4,0.0,0,0,3.1,3.1,0.13,-0.1,-0.1,Match Report,2024,Brentford
1062,981,16,2023-12-06,19:30,Premier League,Matchweek 15,Wed,Away,L,1.0,2.0,Brighton,1,7.0,0.0,0.0,0.0,,17.6,0.0,1,1,1.5,0.7,0.1,-0.5,-0.7,Match Report,2024,Brentford
1063,982,17,2023-12-09,15:00,Premier League,Matchweek 16,Sat,Away,L,0.0,1.0,Sheffield Utd,0,10.0,4.0,40.0,0.0,0.0,16.7,0.0,0,0,0.6,0.6,0.07,-0.6,-0.6,Match Report,2024,Brentford
1064,983,18,2023-12-17,14:00,Premier League,Matchweek 17,Sun,Home,L,1.0,2.0,Aston Villa,1,4.0,3.0,75.0,0.25,0.33,13.3,0.0,0,0,0.5,0.5,0.13,0.5,0.5,Match Report,2024,Brentford
1065,984,19,2023-12-27,19:30,Premier League,Matchweek 19,Wed,Home,L,1.0,4.0,Wolves,1,14.0,4.0,28.6,0.07,0.25,13.8,0.0,0,0,2.2,2.2,0.16,-1.2,-1.2,Match Report,2024,Brentford
1066,985,20,2023-12-30,15:00,Premier League,Matchweek 20,Sat,Away,L,1.0,3.0,Crystal Palace,1,9.0,4.0,44.4,0.11,0.25,16.0,0.0,0,0,1.4,1.4,0.15,-0.4,-0.4,Match Report,2024,Brentford
1067,988,23,2024-01-20,17:30,Premier League,Matchweek 21,Sat,Home,W,3.0,2.0,Nott'ham Forest,3,11.0,5.0,45.5,0.27,0.6,14.8,1.0,0,0,1.2,1.2,0.11,1.8,1.8,Match Report,2024,Brentford
1068,989,24,2024-01-31,19:30,Premier League,Matchweek 22,Wed,Away,L,2.0,3.0,Tottenham,2,9.0,5.0,55.6,0.22,0.4,12.9,0.0,0,0,1.6,1.6,0.18,0.4,0.4,Match Report,2024,Brentford
1069,990,25,2024-02-05,20:00,Premier League,Matchweek 23,Mon,Home,L,1.0,3.0,Manchester City,1,9.0,2.0,22.2,0.11,0.5,15.3,0.0,0,0,1.0,1.0,0.12,0.0,0.0,Match Report,2024,Brentford
1070,991,26,2024-02-10,15:00,Premier League,Matchweek 24,Sat,Away,W,2.0,0.0,Wolves,2,9.0,6.0,66.7,0.22,0.33,14.0,0.0,0,0,1.9,1.9,0.22,0.1,0.1,Match Report,2024,Brentford
1071,992,27,2024-02-17,12:30,Premier League,Matchweek 25,Sat,Home,L,1.0,4.0,Liverpool,1,15.0,6.0,40.0,0.07,0.17,19.8,3.0,0,0,1.6,1.6,0.12,-0.6,-0.6,Match Report,2024,Brentford
1072,993,28,2024-02-20,19:30,Premier League,Matchweek 18,Tue,Away,L,0.0,1.0,Manchester City,0,6.0,2.0,33.3,0.0,0.0,19.4,1.0,0,0,0.4,0.4,0.06,-0.4,-0.4,Match Report,2024,Brentford
1073,994,29,2024-02-26,20:00,Premier League,Matchweek 26,Mon,Away,L,2.0,4.0,West Ham,2,14.0,7.0,50.0,0.14,0.29,16.7,0.0,0,0,0.9,0.9,0.07,1.1,1.1,Match Report,2024,Brentford
1074,995,30,2024-03-02,15:00,Premier League,Matchweek 27,Sat,Home,D,2.0,2.0,Chelsea,2,14.0,5.0,35.7,0.14,0.4,14.5,0.0,0,0,1.8,1.8,0.13,0.2,0.2,Match Report,2024,Brentford
1075,996,31,2024-03-09,17:30,Premier League,Matchweek 28,Sat,Away,L,1.0,2.0,Arsenal,1,9.0,4.0,44.4,0.11,0.25,17.1,0.0,0,0,1.0,1.0,0.11,0.0,0.0,Match Report,2024,Brentford
1076,997,32,2024-03-16,15:00,Premier League,Matchweek 29,Sat,Away,L,1.0,2.0,Burnley,1,9.0,5.0,55.6,0.11,0.2,14.7,0.0,0,0,1.1,1.1,0.13,-0.1,-0.1,Match Report,2024,Brentford
1077,998,33,2024-03-30,20:00,Premier League,Matchweek 30,Sat,Home,D,1.0,1.0,Manchester Utd,1,31.0,5.0,16.1,0.03,0.2,15.0,1.0,0,0,3.2,3.2,0.11,-2.2,-2.2,Match Report,2024,Brentford
1078,999,34,2024-04-03,19:30,Premier League,Matchweek 31,Wed,Home,D,0.0,0.0,Brighton,0,5.0,2.0,40.0,0.0,0.0,17.1,1.0,0,0,0.6,0.6,0.11,-0.6,-0.6,Match Report,2024,Brentford
1079,1000,35,2024-04-06,15:00,Premier League,Matchweek 32,Sat,Away,D,3.0,3.0,Aston Villa,3,8.0,3.0,37.5,0.38,1.0,16.5,2.0,0,0,1.5,1.5,0.2,1.5,1.5,Match Report,2024,Brentford
1080,1001,36,2024-04-13,15:00,Premier League,Matchweek 33,Sat,Home,W,2.0,0.0,Sheffield Utd,1,9.0,5.0,55.6,0.11,0.2,18.7,0.0,0,0,1.0,1.0,0.11,0.0,0.0,Match Report,2024,Brentford
1081,1002,37,2024-04-20,15:00,Premier League,Matchweek 34,Sat,Away,W,5.0,1.0,Luton Town,5,21.0,9.0,42.9,0.24,0.56,18.0,0.0,0,0,3.1,3.1,0.15,1.9,1.9,Match Report,2024,Brentford
1082,1003,38,2024-04-27,17:30,Premier League,Matchweek 35,Sat,Away,L,0.0,1.0,Everton,0,10.0,4.0,40.0,0.0,0.0,16.6,0.0,0,0,0.9,0.9,0.09,-0.9,-0.9,Match Report,2024,Brentford
1083,1004,39,2024-05-04,15:00,Premier League,Matchweek 36,Sat,Home,D,0.0,0.0,Fulham,0,7.0,2.0,28.6,0.0,0.0,12.9,0.0,0,0,0.6,0.6,0.09,-0.6,-0.6,Match Report,2024,Brentford
1084,1005,40,2024-05-11,15:00,Premier League,Matchweek 37,Sat,Away,W,2.0,1.0,Bournemouth,2,11.0,4.0,36.4,0.18,0.5,15.7,0.0,0,0,1.1,1.1,0.1,0.9,0.9,Match Report,2024,Brentford
1085,1006,41,2024-05-19,16:00,Premier League,Matchweek 38,Sun,Home,L,2.0,4.0,Newcastle Utd,2,10.0,5.0,50.0,0.2,0.4,15.9,1.0,0,0,1.1,1.1,0.11,0.9,0.9,Match Report,2024,Brentford
1086,1008,0,2023-08-12,12:30,Premier League,Matchweek 1,Sat,Away,L,1.0,2.0,Arsenal,1,6.0,2.0,33.3,0.17,0.5,17.3,0.0,0,0,1.2,1.2,0.2,-0.2,-0.2,Match Report,2024,Nottingham Forest
1087,1009,1,2023-08-18,19:45,Premier League,Matchweek 2,Fri,Home,W,2.0,1.0,Sheffield Utd,2,16.0,4.0,25.0,0.13,0.5,15.6,0.0,0,0,1.4,1.4,0.09,0.6,0.6,Match Report,2024,Nottingham Forest
1088,1010,2,2023-08-26,15:00,Premier League,Matchweek 3,Sat,Away,L,2.0,3.0,Manchester Utd,2,9.0,4.0,44.4,0.22,0.5,14.7,0.0,0,0,1.2,1.2,0.13,0.8,0.8,Match Report,2024,Nottingham Forest
1089,1012,4,2023-09-02,15:00,Premier League,Matchweek 4,Sat,Away,W,1.0,0.0,Chelsea,1,7.0,3.0,42.9,0.14,0.33,19.0,0.0,0,0,0.8,0.8,0.11,0.2,0.2,Match Report,2024,Nottingham Forest
1090,1013,5,2023-09-18,19:45,Premier League,Matchweek 5,Mon,Home,D,1.0,1.0,Burnley,1,14.0,4.0,28.6,0.07,0.25,18.8,0.0,0,0,0.7,0.7,0.05,0.3,0.3,Match Report,2024,Nottingham Forest
1091,1014,6,2023-09-23,15:00,Premier League,Matchweek 6,Sat,Away,L,0.0,2.0,Manchester City,0,10.0,3.0,30.0,0.0,0.0,17.8,1.0,0,0,1.0,1.0,0.1,-1.0,-1.0,Match Report,2024,Nottingham Forest
1092,1015,7,2023-10-01,14:00,Premier League,Matchweek 7,Sun,Home,D,1.0,1.0,Brentford,1,6.0,1.0,16.7,0.17,1.0,15.4,0.0,0,0,0.5,0.5,0.08,0.5,0.5,Match Report,2024,Nottingham Forest
1093,1016,8,2023-10-07,17:30,Premier League,Matchweek 8,Sat,Away,D,0.0,0.0,Crystal Palace,0,16.0,5.0,31.3,0.0,0.0,18.4,0.0,0,0,1.0,1.0,0.07,-1.0,-1.0,Match Report,2024,Nottingham Forest
1094,1017,9,2023-10-21,15:00,Premier League,Matchweek 9,Sat,Home,D,2.0,2.0,Luton Town,2,19.0,8.0,42.1,0.11,0.25,11.1,0.0,0,0,2.9,2.9,0.16,-0.9,-0.9,Match Report,2024,Nottingham Forest
1095,1018,10,2023-10-29,14:00,Premier League,Matchweek 10,Sun,Away,L,0.0,3.0,Liverpool,0,9.0,1.0,11.1,0.0,0.0,15.6,0.0,0,0,0.4,0.4,0.05,-0.4,-0.4,Match Report,2024,Nottingham Forest
1096,1019,11,2023-11-05,14:00,Premier League,Matchweek 11,Sun,Home,W,2.0,0.0,Aston Villa,2,5.0,3.0,60.0,0.4,0.67,21.1,0.0,0,0,0.4,0.4,0.08,1.6,1.6,Match Report,2024,Nottingham Forest
1097,1020,12,2023-11-12,14:00,Premier League,Matchweek 12,Sun,Away,L,2.0,3.0,West Ham,2,10.0,5.0,50.0,0.2,0.4,15.6,0.0,0,0,1.7,1.7,0.18,0.3,0.3,Match Report,2024,Nottingham Forest
1098,1021,13,2023-11-25,15:00,Premier League,Matchweek 13,Sat,Home,L,2.0,3.0,Brighton,2,17.0,4.0,23.5,0.06,0.25,14.7,0.0,1,1,1.9,1.1,0.07,0.1,-0.1,Match Report,2024,Nottingham Forest
1099,1022,14,2023-12-02,17:30,Premier League,Matchweek 14,Sat,Home,L,0.0,1.0,Everton,0,13.0,2.0,15.4,0.0,0.0,16.1,0.0,0,0,0.7,0.7,0.06,-0.7,-0.7,Match Report,2024,Nottingham Forest
1100,1023,15,2023-12-06,19:30,Premier League,Matchweek 15,Wed,Away,L,0.0,5.0,Fulham,0,4.0,1.0,25.0,0.0,0.0,15.3,0.0,0,0,0.3,0.3,0.07,-0.3,-0.3,Match Report,2024,Nottingham Forest
1101,1024,16,2023-12-09,15:00,Premier League,Matchweek 16,Sat,Away,D,1.0,1.0,Wolves,1,8.0,2.0,25.0,0.13,0.5,12.7,0.0,0,0,1.3,1.3,0.16,-0.3,-0.3,Match Report,2024,Nottingham Forest
1102,1025,17,2023-12-15,20:00,Premier League,Matchweek 17,Fri,Home,L,0.0,2.0,Tottenham,0,15.0,1.0,6.7,0.0,0.0,16.1,0.0,0,0,1.3,1.3,0.09,-1.3,-1.3,Match Report,2024,Nottingham Forest
1103,1026,18,2023-12-23,15:00,Premier League,Matchweek 18,Sat,Home,L,2.0,3.0,Bournemouth,2,11.0,4.0,36.4,0.18,0.5,14.5,0.0,0,0,1.0,1.0,0.09,1.0,1.0,Match Report,2024,Nottingham Forest
1104,1027,19,2023-12-26,12:30,Premier League,Matchweek 19,Tue,Away,W,3.0,1.0,Newcastle Utd,3,15.0,6.0,40.0,0.2,0.5,15.8,0.0,0,0,3.5,3.5,0.23,-0.5,-0.5,Match Report,2024,Nottingham Forest
1105,1028,20,2023-12-30,17:30,Premier League,Matchweek 20,Sat,Home,W,2.0,1.0,Manchester Utd,2,8.0,2.0,25.0,0.25,1.0,18.3,0.0,0,0,0.7,0.7,0.09,1.3,1.3,Match Report,2024,Nottingham Forest
1106,1031,23,2024-01-20,17:30,Premier League,Matchweek 21,Sat,Away,L,2.0,3.0,Brentford,2,12.0,3.0,25.0,0.17,0.67,20.5,0.0,0,0,1.2,1.2,0.1,0.8,0.8,Match Report,2024,Nottingham Forest
1107,1033,25,2024-01-30,19:30,Premier League,Matchweek 22,Tue,Home,L,1.0,2.0,Arsenal,1,9.0,3.0,33.3,0.11,0.33,18.7,0.0,0,0,0.5,0.5,0.05,0.5,0.5,Match Report,2024,Nottingham Forest
1108,1034,26,2024-02-04,14:00,Premier League,Matchweek 23,Sun,Away,D,1.0,1.0,Bournemouth,1,8.0,6.0,75.0,0.13,0.17,19.9,0.0,0,0,0.5,0.5,0.07,0.5,0.5,Match Report,2024,Nottingham Forest
1109,1036,28,2024-02-10,17:30,Premier League,Matchweek 24,Sat,Home,L,2.0,3.0,Newcastle Utd,2,13.0,3.0,23.1,0.15,0.67,21.8,0.0,0,0,1.5,1.5,0.12,0.5,0.5,Match Report,2024,Nottingham Forest
1110,1037,29,2024-02-17,15:00,Premier League,Matchweek 25,Sat,Home,W,2.0,0.0,West Ham,2,19.0,8.0,42.1,0.11,0.25,16.5,0.0,0,0,2.8,2.8,0.15,-0.8,-0.8,Match Report,2024,Nottingham Forest
1111,1038,30,2024-02-24,15:00,Premier League,Matchweek 26,Sat,Away,L,2.0,4.0,Aston Villa,2,10.0,3.0,30.0,0.2,0.67,16.4,0.0,0,0,2.6,2.6,0.26,-0.6,-0.6,Match Report,2024,Nottingham Forest
1112,1040,32,2024-03-02,15:00,Premier League,Matchweek 27,Sat,Home,L,0.0,1.0,Liverpool,0,8.0,2.0,25.0,0.0,0.0,19.3,0.0,0,0,1.0,1.0,0.12,-1.0,-1.0,Match Report,2024,Nottingham Forest
1113,1041,33,2024-03-10,14:00,Premier League,Matchweek 28,Sun,Away,L,0.0,1.0,Brighton,0,9.0,4.0,44.4,0.0,0.0,19.3,2.0,0,0,0.7,0.7,0.08,-0.7,-0.7,Match Report,2024,Nottingham Forest
1114,1042,34,2024-03-16,15:00,Premier League,Matchweek 29,Sat,Away,D,1.0,1.0,Luton Town,1,16.0,3.0,18.8,0.06,0.33,22.0,2.0,0,0,2.0,2.0,0.12,-1.0,-1.0,Match Report,2024,Nottingham Forest
1115,1043,35,2024-03-30,15:00,Premier League,Matchweek 30,Sat,Home,D,1.0,1.0,Crystal Palace,1,12.0,5.0,41.7,0.08,0.2,20.5,0.0,0,0,0.9,0.9,0.08,0.1,0.1,Match Report,2024,Nottingham Forest
1116,1044,36,2024-04-02,19:30,Premier League,Matchweek 31,Tue,Home,W,3.0,1.0,Fulham,3,16.0,4.0,25.0,0.19,0.75,18.5,0.0,0,0,1.5,1.5,0.1,1.5,1.5,Match Report,2024,Nottingham Forest
1117,1045,37,2024-04-07,18:00,Premier League,Matchweek 32,Sun,Away,L,1.0,3.0,Tottenham,1,13.0,6.0,46.2,0.08,0.17,22.9,1.0,0,0,1.5,1.5,0.13,-0.5,-0.5,Match Report,2024,Nottingham Forest
1118,1046,38,2024-04-13,15:00,Premier League,Matchweek 33,Sat,Home,D,2.0,2.0,Wolves,2,18.0,9.0,50.0,0.11,0.22,17.0,0.0,0,0,1.9,1.9,0.11,0.1,0.1,Match Report,2024,Nottingham Forest
1119,1047,39,2024-04-21,13:30,Premier League,Matchweek 34,Sun,Away,L,0.0,2.0,Everton,0,8.0,3.0,37.5,0.0,0.0,13.7,0.0,0,0,0.9,0.9,0.12,-0.9,-0.9,Match Report,2024,Nottingham Forest
1120,1048,40,2024-04-28,16:30,Premier League,Matchweek 35,Sun,Home,L,0.0,2.0,Manchester City,0,14.0,2.0,14.3,0.0,0.0,15.0,1.0,0,0,1.9,1.9,0.14,-1.9,-1.9,Match Report,2024,Nottingham Forest
1121,1049,41,2024-05-04,15:00,Premier League,Matchweek 36,Sat,Away,W,3.0,1.0,Sheffield Utd,3,15.0,4.0,26.7,0.2,0.75,17.2,0.0,0,0,1.4,1.4,0.1,1.6,1.6,Match Report,2024,Nottingham Forest
1122,1050,42,2024-05-11,17:30,Premier League,Matchweek 37,Sat,Home,L,2.0,3.0,Chelsea,2,20.0,4.0,20.0,0.1,0.5,17.2,0.0,0,0,1.5,1.5,0.08,0.5,0.5,Match Report,2024,Nottingham Forest
1123,1051,43,2024-05-19,16:00,Premier League,Matchweek 38,Sun,Away,W,2.0,1.0,Burnley,2,12.0,6.0,50.0,0.17,0.33,17.2,0.0,0,0,1.7,1.7,0.15,0.3,0.3,Match Report,2024,Nottingham Forest
1124,1053,0,2023-08-12,15:00,Premier League,Matchweek 1,Sat,Away,L,1.0,4.0,Brighton,1,8.0,2.0,25.0,0.0,0.0,16.6,0.0,1,1,1.5,0.7,0.09,-0.5,-0.7,Match Report,2024,Luton Town
1125,1054,1,2023-08-25,20:00,Premier League,Matchweek 3,Fri,Away,L,0.0,3.0,Chelsea,0,11.0,1.0,9.1,0.0,0.0,19.0,1.0,0,0,0.4,0.4,0.04,-0.4,-0.4,Match Report,2024,Luton Town
1126,1056,3,2023-09-01,20:00,Premier League,Matchweek 4,Fri,Home,L,1.0,2.0,West Ham,1,16.0,1.0,6.3,0.06,1.0,11.9,0.0,0,0,1.4,1.4,0.09,-0.4,-0.4,Match Report,2024,Luton Town
1127,1057,4,2023-09-16,15:00,Premier League,Matchweek 5,Sat,Away,L,0.0,1.0,Fulham,0,7.0,2.0,28.6,0.0,0.0,10.0,0.0,0,0,1.1,1.1,0.16,-1.1,-1.1,Match Report,2024,Luton Town
1128,1058,5,2023-09-23,15:00,Premier League,Matchweek 6,Sat,Home,D,1.0,1.0,Wolves,1,19.0,3.0,15.8,0.0,0.0,17.3,0.0,1,1,2.1,1.4,0.07,-1.1,-1.4,Match Report,2024,Luton Town
1129,1060,7,2023-09-30,15:00,Premier League,Matchweek 7,Sat,Away,W,2.0,1.0,Everton,2,9.0,2.0,22.2,0.22,1.0,13.4,0.0,0,0,0.9,0.9,0.1,1.1,1.1,Match Report,2024,Luton Town
1130,1061,8,2023-10-03,19:30,Premier League,Matchweek 2,Tue,Home,L,1.0,2.0,Burnley,1,18.0,2.0,11.1,0.06,0.5,13.1,0.0,0,0,1.3,1.3,0.07,-0.3,-0.3,Match Report,2024,Luton Town
1131,1062,9,2023-10-07,12:30,Premier League,Matchweek 8,Sat,Home,L,0.0,1.0,Tottenham,0,12.0,2.0,16.7,0.0,0.0,16.3,0.0,0,0,0.8,0.8,0.06,-0.8,-0.8,Match Report,2024,Luton Town
1132,1063,10,2023-10-21,15:00,Premier League,Matchweek 9,Sat,Away,D,2.0,2.0,Nott'ham Forest,2,13.0,4.0,30.8,0.15,0.5,17.6,0.0,0,0,1.7,1.7,0.13,0.3,0.3,Match Report,2024,Luton Town
1133,1064,11,2023-10-29,14:00,Premier League,Matchweek 10,Sun,Away,L,1.0,3.0,Aston Villa,0,7.0,1.0,14.3,0.0,0.0,17.3,0.0,0,0,0.5,0.5,0.07,-0.5,-0.5,Match Report,2024,Luton Town
1134,1065,12,2023-11-05,16:30,Premier League,Matchweek 11,Sun,Home,D,1.0,1.0,Liverpool,1,8.0,5.0,62.5,0.13,0.2,17.9,0.0,0,0,0.8,0.8,0.1,0.2,0.2,Match Report,2024,Luton Town
1135,1066,13,2023-11-11,15:00,Premier League,Matchweek 12,Sat,Away,L,0.0,1.0,Manchester Utd,0,10.0,4.0,40.0,0.0,0.0,21.9,1.0,0,0,0.4,0.4,0.04,-0.4,-0.4,Match Report,2024,Luton Town
1136,1067,14,2023-11-25,15:00,Premier League,Matchweek 13,Sat,Home,W,2.0,1.0,Crystal Palace,2,8.0,3.0,37.5,0.25,0.67,14.2,0.0,0,0,0.9,0.9,0.12,1.1,1.1,Match Report,2024,Luton Town
1137,1068,15,2023-12-02,15:00,Premier League,Matchweek 14,Sat,Away,L,1.0,3.0,Brentford,1,7.0,1.0,14.3,0.14,1.0,23.8,0.0,0,0,0.2,0.2,0.03,0.8,0.8,Match Report,2024,Luton Town
1138,1069,16,2023-12-05,20:15,Premier League,Matchweek 15,Tue,Home,L,3.0,4.0,Arsenal,3,6.0,4.0,66.7,0.5,0.75,18.8,0.0,0,0,0.5,0.5,0.08,2.5,2.5,Match Report,2024,Luton Town
1139,1070,17,2023-12-10,14:00,Premier League,Matchweek 16,Sun,Home,L,1.0,2.0,Manchester City,1,4.0,2.0,50.0,0.25,0.5,19.2,0.0,0,0,0.3,0.3,0.08,0.7,0.7,Match Report,2024,Luton Town
1140,1071,18,2023-12-23,15:00,Premier League,Matchweek 18,Sat,Home,W,1.0,0.0,Newcastle Utd,1,16.0,5.0,31.3,0.06,0.2,19.4,0.0,0,0,1.4,1.4,0.09,-0.4,-0.4,Match Report,2024,Luton Town
1141,1072,19,2023-12-26,15:00,Premier League,Matchweek 19,Tue,Away,W,3.0,2.0,Sheffield Utd,1,12.0,4.0,33.3,0.08,0.25,17.9,1.0,0,0,0.6,0.6,0.05,0.4,0.4,Match Report,2024,Luton Town
1142,1073,20,2023-12-30,12:30,Premier League,Matchweek 20,Sat,Home,L,2.0,3.0,Chelsea,2,15.0,6.0,40.0,0.13,0.33,11.6,1.0,0,0,2.3,2.3,0.17,-0.3,-0.3,Match Report,2024,Luton Town
1143,1075,22,2024-01-12,19:45,Premier League,Matchweek 21,Fri,Away,D,1.0,1.0,Burnley,1,14.0,5.0,35.7,0.07,0.2,18.2,0.0,0,0,0.9,0.9,0.07,0.1,0.1,Match Report,2024,Luton Town
1144,1078,25,2024-01-30,19:45,Premier League,Matchweek 22,Tue,Home,W,4.0,0.0,Brighton,4,18.0,8.0,44.4,0.22,0.5,13.8,1.0,0,0,3.1,3.1,0.18,0.9,0.9,Match Report,2024,Luton Town
1145,1079,26,2024-02-03,15:00,Premier League,Matchweek 23,Sat,Away,D,4.0,4.0,Newcastle Utd,4,10.0,7.0,70.0,0.3,0.43,14.0,0.0,1,1,2.4,1.6,0.16,1.6,1.4,Match Report,2024,Luton Town
1146,1080,27,2024-02-10,15:00,Premier League,Matchweek 24,Sat,Home,L,1.0,3.0,Sheffield Utd,1,19.0,4.0,21.1,0.0,0.0,17.3,0.0,1,1,1.8,1.1,0.06,-0.8,-1.1,Match Report,2024,Luton Town
1147,1081,28,2024-02-18,16:30,Premier League,Matchweek 25,Sun,Home,L,1.0,2.0,Manchester Utd,1,22.0,4.0,18.2,0.05,0.25,18.6,1.0,0,0,1.8,1.8,0.08,-0.8,-0.8,Match Report,2024,Luton Town
1148,1082,29,2024-02-21,19:30,Premier League,Matchweek 26,Wed,Away,L,1.0,4.0,Liverpool,1,12.0,3.0,25.0,0.08,0.33,19.0,1.0,0,0,0.9,0.9,0.08,0.1,0.1,Match Report,2024,Luton Town
1149,1084,31,2024-03-02,17:30,Premier League,Matchweek 27,Sat,Home,L,2.0,3.0,Aston Villa,2,14.0,4.0,28.6,0.14,0.5,11.4,1.0,0,0,1.8,1.8,0.16,0.2,0.2,Match Report,2024,Luton Town
1150,1085,32,2024-03-09,15:00,Premier League,Matchweek 28,Sat,Away,D,1.0,1.0,Crystal Palace,1,8.0,2.0,25.0,0.13,0.5,11.9,0.0,0,0,0.8,0.8,0.11,0.2,0.2,Match Report,2024,Luton Town
1151,1086,33,2024-03-13,19:30,Premier League,Matchweek 17,Wed,Away,L,3.0,4.0,Bournemouth,3,8.0,4.0,50.0,0.38,0.75,8.4,0.0,0,0,2.0,2.0,0.26,1.0,1.0,Match Report,2024,Luton Town
1152,1087,34,2024-03-16,15:00,Premier League,Matchweek 29,Sat,Home,D,1.0,1.0,Nott'ham Forest,1,10.0,4.0,40.0,0.1,0.25,18.5,0.0,0,0,0.6,0.6,0.06,0.4,0.4,Match Report,2024,Luton Town
1153,1088,35,2024-03-30,15:00,Premier League,Matchweek 30,Sat,Away,L,1.0,2.0,Tottenham,1,7.0,3.0,42.9,0.14,0.33,17.7,0.0,0,0,0.5,0.5,0.07,0.5,0.5,Match Report,2024,Luton Town
1154,1089,36,2024-04-03,19:30,Premier League,Matchweek 31,Wed,Away,L,0.0,2.0,Arsenal,0,5.0,1.0,20.0,0.0,0.0,15.9,1.0,0,0,0.3,0.3,0.07,-0.3,-0.3,Match Report,2024,Luton Town
1155,1090,37,2024-04-06,15:00,Premier League,Matchweek 32,Sat,Home,W,2.0,1.0,Bournemouth,2,19.0,9.0,47.4,0.11,0.22,18.2,0.0,0,0,1.5,1.5,0.08,0.5,0.5,Match Report,2024,Luton Town
1156,1091,38,2024-04-13,15:00,Premier League,Matchweek 33,Sat,Away,L,1.0,5.0,Manchester City,1,4.0,2.0,50.0,0.25,0.5,9.3,0.0,0,0,0.5,0.5,0.13,0.5,0.5,Match Report,2024,Luton Town
1157,1092,39,2024-04-20,15:00,Premier League,Matchweek 34,Sat,Home,L,1.0,5.0,Brentford,1,6.0,3.0,50.0,0.17,0.33,17.0,0.0,0,0,0.6,0.6,0.1,0.4,0.4,Match Report,2024,Luton Town
1158,1093,40,2024-04-27,15:00,Premier League,Matchweek 35,Sat,Away,L,1.0,2.0,Wolves,1,9.0,6.0,66.7,0.11,0.17,17.4,0.0,0,0,0.6,0.6,0.07,0.4,0.4,Match Report,2024,Luton Town
1159,1094,41,2024-05-03,20:00,Premier League,Matchweek 36,Fri,Home,D,1.0,1.0,Everton,1,18.0,5.0,27.8,0.06,0.2,18.4,0.0,0,0,0.8,0.8,0.04,0.2,0.2,Match Report,2024,Luton Town
1160,1095,42,2024-05-11,15:00,Premier League,Matchweek 37,Sat,Away,L,1.0,3.0,West Ham,1,4.0,1.0,25.0,0.25,1.0,12.5,0.0,0,0,0.3,0.3,0.08,0.7,0.7,Match Report,2024,Luton Town
1161,1096,43,2024-05-19,16:00,Premier League,Matchweek 38,Sun,Home,L,2.0,4.0,Fulham,2,14.0,5.0,35.7,0.07,0.2,19.3,2.0,1,1,2.0,1.3,0.09,0.0,-0.3,Match Report,2024,Luton Town
1162,1098,0,2023-08-11,20:00,Premier League,Matchweek 1,Fri,Home,L,0.0,3.0,Manchester City,0,6.0,1.0,16.7,0.0,0.0,14.9,0.0,0,0,0.3,0.3,0.05,-0.3,-0.3,Match Report,2024,Burnley
1163,1099,1,2023-08-27,14:00,Premier League,Matchweek 3,Sun,Home,L,1.0,3.0,Aston Villa,1,9.0,2.0,22.2,0.11,0.5,17.7,0.0,0,0,0.7,0.7,0.08,0.3,0.3,Match Report,2024,Burnley
1164,1101,3,2023-09-02,15:00,Premier League,Matchweek 4,Sat,Home,L,2.0,5.0,Tottenham,2,16.0,4.0,25.0,0.13,0.5,17.9,1.0,0,0,1.3,1.3,0.08,0.7,0.7,Match Report,2024,Burnley
1165,1102,4,2023-09-18,19:45,Premier League,Matchweek 5,Mon,Away,D,1.0,1.0,Nott'ham Forest,1,10.0,3.0,30.0,0.1,0.33,18.9,0.0,0,0,0.5,0.5,0.06,0.5,0.5,Match Report,2024,Burnley
1166,1103,5,2023-09-23,20:00,Premier League,Matchweek 6,Sat,Home,L,0.0,1.0,Manchester Utd,0,12.0,4.0,33.3,0.0,0.0,15.6,0.0,0,0,1.1,1.1,0.09,-1.1,-1.1,Match Report,2024,Burnley
1167,1105,7,2023-09-30,15:00,Premier League,Matchweek 7,Sat,Away,L,0.0,2.0,Newcastle Utd,0,8.0,2.0,25.0,0.0,0.0,16.3,0.0,0,0,0.6,0.6,0.08,-0.6,-0.6,Match Report,2024,Burnley
1168,1106,8,2023-10-03,19:30,Premier League,Matchweek 2,Tue,Away,W,2.0,1.0,Luton Town,2,14.0,4.0,28.6,0.14,0.5,20.2,0.0,0,0,1.1,1.1,0.08,0.9,0.9,Match Report,2024,Burnley
1169,1107,9,2023-10-07,15:00,Premier League,Matchweek 8,Sat,Home,L,1.0,4.0,Chelsea,1,10.0,3.0,30.0,0.1,0.33,18.2,1.0,0,0,0.7,0.7,0.08,0.3,0.3,Match Report,2024,Burnley
1170,1108,10,2023-10-21,15:00,Premier League,Matchweek 9,Sat,Away,L,0.0,3.0,Brentford,0,6.0,1.0,16.7,0.0,0.0,20.2,0.0,0,0,1.1,1.1,0.19,-1.1,-1.1,Match Report,2024,Burnley
1171,1109,11,2023-10-28,15:00,Premier League,Matchweek 10,Sat,Away,L,1.0,2.0,Bournemouth,1,6.0,3.0,50.0,0.17,0.33,18.0,0.0,0,0,0.8,0.8,0.14,0.2,0.2,Match Report,2024,Burnley
1172,1111,13,2023-11-04,15:00,Premier League,Matchweek 11,Sat,Home,L,0.0,2.0,Crystal Palace,0,17.0,5.0,29.4,0.0,0.0,13.3,0.0,0,0,1.1,1.1,0.07,-1.1,-1.1,Match Report,2024,Burnley
1173,1112,14,2023-11-11,15:00,Premier League,Matchweek 12,Sat,Away,L,1.0,3.0,Arsenal,1,8.0,5.0,62.5,0.13,0.2,19.3,0.0,0,0,0.3,0.3,0.04,0.7,0.7,Match Report,2024,Burnley
1174,1113,15,2023-11-25,15:00,Premier League,Matchweek 13,Sat,Home,L,1.0,2.0,West Ham,1,10.0,4.0,40.0,0.0,0.0,17.2,0.0,1,1,1.3,0.5,0.05,-0.3,-0.5,Match Report,2024,Burnley
1175,1114,16,2023-12-02,15:00,Premier League,Matchweek 14,Sat,Home,W,5.0,0.0,Sheffield Utd,5,19.0,7.0,36.8,0.26,0.71,15.9,0.0,0,0,1.8,1.8,0.1,3.2,3.2,Match Report,2024,Burnley
1176,1115,17,2023-12-05,19:30,Premier League,Matchweek 15,Tue,Away,L,0.0,1.0,Wolves,0,12.0,3.0,25.0,0.0,0.0,21.9,2.0,0,0,0.9,0.9,0.07,-0.9,-0.9,Match Report,2024,Burnley
1177,1116,18,2023-12-09,15:00,Premier League,Matchweek 16,Sat,Away,D,1.0,1.0,Brighton,1,6.0,3.0,50.0,0.17,0.33,12.9,0.0,0,0,0.6,0.6,0.1,0.4,0.4,Match Report,2024,Burnley
1178,1117,19,2023-12-16,17:30,Premier League,Matchweek 17,Sat,Home,L,0.0,2.0,Everton,0,14.0,2.0,14.3,0.0,0.0,18.8,1.0,0,0,0.7,0.7,0.05,-0.7,-0.7,Match Report,2024,Burnley
1179,1118,20,2023-12-23,15:00,Premier League,Matchweek 18,Sat,Away,W,2.0,0.0,Fulham,2,7.0,2.0,28.6,0.29,1.0,19.5,0.0,0,0,0.4,0.4,0.05,1.6,1.6,Match Report,2024,Burnley
1180,1119,21,2023-12-26,17:30,Premier League,Matchweek 19,Tue,Home,L,0.0,2.0,Liverpool,0,9.0,0.0,0.0,0.0,,16.7,0.0,0,0,0.8,0.8,0.09,-0.8,-0.8,Match Report,2024,Burnley
1181,1120,22,2023-12-30,15:00,Premier League,Matchweek 20,Sat,Away,L,2.0,3.0,Aston Villa,2,9.0,5.0,55.6,0.22,0.4,15.4,0.0,0,0,1.2,1.2,0.13,0.8,0.8,Match Report,2024,Burnley
1182,1122,24,2024-01-12,19:45,Premier League,Matchweek 21,Fri,Home,D,1.0,1.0,Luton Town,1,13.0,7.0,53.8,0.08,0.14,18.8,1.0,0,0,1.1,1.1,0.08,-0.1,-0.1,Match Report,2024,Burnley
1183,1123,25,2024-01-31,19:30,Premier League,Matchweek 22,Wed,Away,L,1.0,3.0,Manchester City,1,8.0,3.0,37.5,0.13,0.33,14.7,0.0,0,0,1.4,1.4,0.18,-0.4,-0.4,Match Report,2024,Burnley
1184,1124,26,2024-02-03,15:00,Premier League,Matchweek 23,Sat,Home,D,2.0,2.0,Fulham,2,12.0,4.0,33.3,0.17,0.5,15.4,0.0,0,0,1.8,1.8,0.15,0.2,0.2,Match Report,2024,Burnley
1185,1125,27,2024-02-10,15:00,Premier League,Matchweek 24,Sat,Away,L,1.0,3.0,Liverpool,1,9.0,4.0,44.4,0.11,0.25,17.6,0.0,0,0,1.3,1.3,0.16,-0.3,-0.3,Match Report,2024,Burnley
1186,1126,28,2024-02-17,15:00,Premier League,Matchweek 25,Sat,Home,L,0.0,5.0,Arsenal,0,8.0,0.0,0.0,0.0,,18.6,0.0,0,0,0.3,0.3,0.04,-0.3,-0.3,Match Report,2024,Burnley
1187,1127,29,2024-02-24,15:00,Premier League,Matchweek 26,Sat,Away,L,0.0,3.0,Crystal Palace,0,2.0,0.0,0.0,0.0,,12.0,0.0,0,0,0.1,0.1,0.04,-0.1,-0.1,Match Report,2024,Burnley
1188,1128,30,2024-03-03,13:00,Premier League,Matchweek 27,Sun,Home,L,0.0,2.0,Bournemouth,0,20.0,5.0,25.0,0.0,0.0,18.9,1.0,0,0,1.5,1.5,0.08,-1.5,-1.5,Match Report,2024,Burnley
1189,1129,31,2024-03-10,14:00,Premier League,Matchweek 28,Sun,Away,D,2.0,2.0,West Ham,1,11.0,4.0,36.4,0.09,0.25,24.8,1.0,0,0,0.7,0.7,0.06,0.3,0.3,Match Report,2024,Burnley
1190,1130,32,2024-03-16,15:00,Premier League,Matchweek 29,Sat,Home,W,2.0,1.0,Brentford,2,16.0,5.0,31.3,0.06,0.2,19.2,0.0,1,1,2.8,2.0,0.12,-0.8,-1.0,Match Report,2024,Burnley
1191,1131,33,2024-03-30,15:00,Premier League,Matchweek 30,Sat,Away,D,2.0,2.0,Chelsea,2,18.0,6.0,33.3,0.11,0.33,14.4,2.0,0,0,1.6,1.6,0.1,0.4,0.4,Match Report,2024,Burnley
1192,1132,34,2024-04-02,19:45,Premier League,Matchweek 31,Tue,Home,D,1.0,1.0,Wolves,1,13.0,6.0,46.2,0.08,0.17,18.4,0.0,0,0,1.3,1.3,0.1,-0.3,-0.3,Match Report,2024,Burnley
1193,1133,35,2024-04-06,15:00,Premier League,Matchweek 32,Sat,Away,L,0.0,1.0,Everton,0,6.0,1.0,16.7,0.0,0.0,16.5,1.0,0,0,0.5,0.5,0.08,-0.5,-0.5,Match Report,2024,Burnley
1194,1134,36,2024-04-13,15:00,Premier League,Matchweek 33,Sat,Home,D,1.0,1.0,Brighton,1,11.0,3.0,27.3,0.09,0.33,17.1,0.0,0,0,1.7,1.7,0.16,-0.7,-0.7,Match Report,2024,Burnley
1195,1135,37,2024-04-20,15:00,Premier League,Matchweek 34,Sat,Away,W,4.0,1.0,Sheffield Utd,4,16.0,9.0,56.3,0.25,0.44,16.0,0.0,0,0,2.2,2.2,0.14,1.8,1.8,Match Report,2024,Burnley
1196,1136,38,2024-04-27,15:00,Premier League,Matchweek 35,Sat,Away,D,1.0,1.0,Manchester Utd,1,15.0,6.0,40.0,0.0,0.0,19.3,1.0,1,1,2.1,1.3,0.08,-1.1,-1.3,Match Report,2024,Burnley
1197,1137,39,2024-05-04,15:00,Premier League,Matchweek 36,Sat,Home,L,1.0,4.0,Newcastle Utd,1,17.0,5.0,29.4,0.06,0.2,18.2,0.0,0,0,1.0,1.0,0.06,0.0,0.0,Match Report,2024,Burnley
1198,1138,40,2024-05-11,15:00,Premier League,Matchweek 37,Sat,Away,L,1.0,2.0,Tottenham,1,7.0,3.0,42.9,0.14,0.33,11.8,0.0,0,0,0.7,0.7,0.1,0.3,0.3,Match Report,2024,Burnley
1199,1139,41,2024-05-19,16:00,Premier League,Matchweek 38,Sun,Home,L,1.0,2.0,Nott'ham Forest,1,20.0,3.0,15.0,0.05,0.33,22.4,1.0,0,0,1.2,1.2,0.06,-0.2,-0.2,Match Report,2024,Burnley
1200,1141,0,2023-08-12,15:00,Premier League,Matchweek 1,Sat,Home,L,0.0,1.0,Crystal Palace,0,8.0,1.0,12.5,0.0,0.0,19.4,0.0,0,0,0.5,0.5,0.06,-0.5,-0.5,Match Report,2024,Sheffield United
1201,1142,1,2023-08-18,19:45,Premier League,Matchweek 2,Fri,Away,L,1.0,2.0,Nott'ham Forest,1,7.0,3.0,42.9,0.14,0.33,18.8,0.0,0,0,0.5,0.5,0.07,0.5,0.5,Match Report,2024,Sheffield United
1202,1143,2,2023-08-27,14:00,Premier League,Matchweek 3,Sun,Home,L,1.0,2.0,Manchester City,1,6.0,1.0,16.7,0.17,1.0,16.1,0.0,0,0,0.7,0.7,0.11,0.3,0.3,Match Report,2024,Sheffield United
1203,1145,4,2023-09-02,12:30,Premier League,Matchweek 4,Sat,Home,D,2.0,2.0,Everton,1,13.0,7.0,53.8,0.08,0.14,14.1,0.0,0,0,1.2,1.2,0.1,-0.2,-0.2,Match Report,2024,Sheffield United
1204,1146,5,2023-09-16,15:00,Premier League,Matchweek 5,Sat,Away,L,1.0,2.0,Tottenham,1,7.0,5.0,71.4,0.14,0.2,17.6,0.0,0,0,0.7,0.7,0.09,0.3,0.3,Match Report,2024,Sheffield United
1205,1147,6,2023-09-24,16:30,Premier League,Matchweek 6,Sun,Home,L,0.0,8.0,Newcastle Utd,0,9.0,1.0,11.1,0.0,0.0,13.7,0.0,0,0,0.9,0.9,0.1,-0.9,-0.9,Match Report,2024,Sheffield United
1206,1148,7,2023-09-30,15:00,Premier League,Matchweek 7,Sat,Away,L,0.0,2.0,West Ham,0,16.0,2.0,12.5,0.0,0.0,15.7,0.0,0,0,1.1,1.1,0.07,-1.1,-1.1,Match Report,2024,Sheffield United
1207,1149,8,2023-10-07,15:00,Premier League,Matchweek 8,Sat,Away,L,1.0,3.0,Fulham,0,5.0,2.0,40.0,0.0,0.0,16.6,0.0,0,0,0.6,0.6,0.11,-0.6,-0.6,Match Report,2024,Sheffield United
1208,1150,9,2023-10-21,20:00,Premier League,Matchweek 9,Sat,Home,L,1.0,2.0,Manchester Utd,1,11.0,5.0,45.5,0.0,0.0,25.8,0.0,1,1,1.4,0.6,0.06,-0.4,-0.6,Match Report,2024,Sheffield United
1209,1151,10,2023-10-28,15:00,Premier League,Matchweek 10,Sat,Away,L,0.0,5.0,Arsenal,0,2.0,0.0,0.0,0.0,,39.9,0.0,0,0,0.0,0.0,0.02,0.0,0.0,Match Report,2024,Sheffield United
1210,1152,11,2023-11-04,15:00,Premier League,Matchweek 11,Sat,Home,W,2.0,1.0,Wolves,2,10.0,1.0,10.0,0.1,1.0,27.6,1.0,1,1,1.0,0.3,0.03,1.0,0.7,Match Report,2024,Sheffield United
1211,1153,12,2023-11-12,14:00,Premier League,Matchweek 12,Sun,Away,D,1.0,1.0,Brighton,0,9.0,1.0,11.1,0.0,0.0,19.3,0.0,0,0,1.1,1.1,0.12,-1.1,-1.1,Match Report,2024,Sheffield United
1212,1154,13,2023-11-25,15:00,Premier League,Matchweek 13,Sat,Home,L,1.0,3.0,Bournemouth,1,10.0,2.0,20.0,0.1,0.5,14.9,0.0,0,0,0.8,0.8,0.08,0.2,0.2,Match Report,2024,Sheffield United
1213,1155,14,2023-12-02,15:00,Premier League,Matchweek 14,Sat,Away,L,0.0,5.0,Burnley,0,6.0,3.0,50.0,0.0,0.0,18.9,0.0,0,0,0.4,0.4,0.07,-0.4,-0.4,Match Report,2024,Sheffield United
1214,1156,15,2023-12-06,19:30,Premier League,Matchweek 15,Wed,Home,L,0.0,2.0,Liverpool,0,6.0,1.0,16.7,0.0,0.0,14.6,1.0,0,0,1.0,1.0,0.16,-1.0,-1.0,Match Report,2024,Sheffield United
1215,1157,16,2023-12-09,15:00,Premier League,Matchweek 16,Sat,Home,W,1.0,0.0,Brentford,1,9.0,4.0,44.4,0.11,0.25,21.7,0.0,0,0,0.8,0.8,0.09,0.2,0.2,Match Report,2024,Sheffield United
1216,1158,17,2023-12-16,15:00,Premier League,Matchweek 17,Sat,Away,L,0.0,2.0,Chelsea,0,6.0,1.0,16.7,0.0,0.0,19.7,1.0,0,0,0.4,0.4,0.06,-0.4,-0.4,Match Report,2024,Sheffield United
1217,1159,18,2023-12-22,20:00,Premier League,Matchweek 18,Fri,Away,D,1.0,1.0,Aston Villa,1,5.0,2.0,40.0,0.2,0.5,19.7,0.0,0,0,0.6,0.6,0.12,0.4,0.4,Match Report,2024,Sheffield United
1218,1160,19,2023-12-26,15:00,Premier League,Matchweek 19,Tue,Home,L,2.0,3.0,Luton Town,2,21.0,4.0,19.0,0.1,0.5,16.3,1.0,0,0,2.4,2.4,0.14,-0.4,-0.4,Match Report,2024,Sheffield United
1219,1161,20,2023-12-30,15:00,Premier League,Matchweek 20,Sat,Away,L,0.0,2.0,Manchester City,0,4.0,2.0,50.0,0.0,0.0,14.9,0.0,0,0,0.3,0.3,0.08,-0.3,-0.3,Match Report,2024,Sheffield United
1220,1163,22,2024-01-21,14:00,Premier League,Matchweek 21,Sun,Home,D,2.0,2.0,West Ham,2,20.0,5.0,25.0,0.05,0.2,18.5,1.0,1,1,2.5,1.7,0.09,-0.5,-0.7,Match Report,2024,Sheffield United
1221,1165,24,2024-01-30,20:00,Premier League,Matchweek 22,Tue,Away,L,2.0,3.0,Crystal Palace,2,9.0,5.0,55.6,0.22,0.4,16.5,0.0,0,0,0.8,0.8,0.08,1.2,1.2,Match Report,2024,Sheffield United
1222,1166,25,2024-02-03,17:30,Premier League,Matchweek 23,Sat,Home,L,0.0,5.0,Aston Villa,0,10.0,4.0,40.0,0.0,0.0,10.0,0.0,0,0,1.4,1.4,0.17,-1.4,-1.4,Match Report,2024,Sheffield United
1223,1167,26,2024-02-10,15:00,Premier League,Matchweek 24,Sat,Away,W,3.0,1.0,Luton Town,3,6.0,2.0,33.3,0.33,1.0,22.4,0.0,1,1,1.7,1.0,0.17,1.3,1.0,Match Report,2024,Sheffield United
1224,1168,27,2024-02-18,14:00,Premier League,Matchweek 25,Sun,Home,L,0.0,5.0,Brighton,0,6.0,1.0,16.7,0.0,0.0,18.7,0.0,0,0,0.6,0.6,0.1,-0.6,-0.6,Match Report,2024,Sheffield United
1225,1169,28,2024-02-25,13:30,Premier League,Matchweek 26,Sun,Away,L,0.0,1.0,Wolves,0,12.0,4.0,33.3,0.0,0.0,16.3,0.0,0,0,0.6,0.6,0.05,-0.6,-0.6,Match Report,2024,Sheffield United
1226,1170,29,2024-03-04,20:00,Premier League,Matchweek 27,Mon,Home,L,0.0,6.0,Arsenal,0,4.0,0.0,0.0,0.0,,21.8,0.0,0,0,0.2,0.2,0.06,-0.2,-0.2,Match Report,2024,Sheffield United
1227,1171,30,2024-03-09,15:00,Premier League,Matchweek 28,Sat,Away,D,2.0,2.0,Bournemouth,2,13.0,9.0,69.2,0.15,0.22,14.3,0.0,0,0,1.2,1.2,0.1,0.8,0.8,Match Report,2024,Sheffield United
1228,1172,31,2024-03-30,15:00,Premier League,Matchweek 30,Sat,Home,D,3.0,3.0,Fulham,3,8.0,4.0,50.0,0.38,0.75,15.7,0.0,0,0,1.9,1.9,0.24,1.1,1.1,Match Report,2024,Sheffield United
1229,1173,32,2024-04-04,19:30,Premier League,Matchweek 31,Thu,Away,L,1.0,3.0,Liverpool,0,5.0,3.0,60.0,0.0,0.0,13.6,1.0,0,0,0.6,0.6,0.12,-0.6,-0.6,Match Report,2024,Sheffield United
1230,1174,33,2024-04-07,17:30,Premier League,Matchweek 32,Sun,Home,D,2.0,2.0,Chelsea,2,11.0,5.0,45.5,0.18,0.4,15.2,0.0,0,0,1.4,1.4,0.13,0.6,0.6,Match Report,2024,Sheffield United
1231,1175,34,2024-04-13,15:00,Premier League,Matchweek 33,Sat,Away,L,0.0,2.0,Brentford,0,8.0,2.0,25.0,0.0,0.0,15.1,0.0,0,0,0.8,0.8,0.1,-0.8,-0.8,Match Report,2024,Sheffield United
1232,1176,35,2024-04-20,15:00,Premier League,Matchweek 34,Sat,Home,L,1.0,4.0,Burnley,1,18.0,11.0,61.1,0.06,0.09,14.9,0.0,0,0,2.4,2.4,0.14,-1.4,-1.4,Match Report,2024,Sheffield United
1233,1177,36,2024-04-24,20:00,Premier League,Matchweek 29,Wed,Away,L,2.0,4.0,Manchester Utd,2,10.0,4.0,40.0,0.2,0.5,17.8,1.0,0,0,0.8,0.8,0.08,1.2,1.2,Match Report,2024,Sheffield United
1234,1178,37,2024-04-27,15:00,Premier League,Matchweek 35,Sat,Away,L,1.0,5.0,Newcastle Utd,1,15.0,4.0,26.7,0.07,0.25,13.5,0.0,0,0,1.5,1.5,0.1,-0.5,-0.5,Match Report,2024,Sheffield United
1235,1179,38,2024-05-04,15:00,Premier League,Matchweek 36,Sat,Home,L,1.0,3.0,Nott'ham Forest,1,16.0,4.0,25.0,0.0,0.0,18.1,0.0,1,1,2.2,1.4,0.1,-1.2,-1.4,Match Report,2024,Sheffield United
1236,1180,39,2024-05-11,15:00,Premier League,Matchweek 37,Sat,Away,L,0.0,1.0,Everton,0,13.0,1.0,7.7,0.0,0.0,21.0,0.0,0,0,0.6,0.6,0.05,-0.6,-0.6,Match Report,2024,Sheffield United
1237,1181,40,2024-05-19,16:00,Premier League,Matchweek 38,Sun,Home,L,0.0,3.0,Tottenham,0,6.0,1.0,16.7,0.0,0.0,18.0,1.0,0,0,1.0,1.0,0.16,-1.0,-1.0,Match Report,2024,Sheffield United
1238,1184,1,2022-08-07,16:30,Premier League,Matchweek 1,Sun,Away,W,2.0,0.0,West Ham,2,13.0,1.0,7.7,0.08,1.0,18.7,1.0,1,1,2.2,1.4,0.11,-0.2,-0.4,Match Report,2023,Manchester City
1239,1185,2,2022-08-13,15:00,Premier League,Matchweek 2,Sat,Home,W,4.0,0.0,Bournemouth,3,19.0,7.0,36.8,0.16,0.43,17.5,0.0,0,0,1.7,1.7,0.09,1.3,1.3,Match Report,2023,Manchester City
1240,1186,3,2022-08-21,16:30,Premier League,Matchweek 3,Sun,Away,D,3.0,3.0,Newcastle Utd,3,21.0,10.0,47.6,0.14,0.3,16.2,1.0,0,0,2.1,2.1,0.1,0.9,0.9,Match Report,2023,Manchester City
1241,1187,4,2022-08-27,15:00,Premier League,Matchweek 4,Sat,Home,W,4.0,2.0,Crystal Palace,4,18.0,5.0,27.8,0.22,0.8,14.1,0.0,0,0,2.2,2.2,0.13,1.8,1.8,Match Report,2023,Manchester City
1242,1188,5,2022-08-31,19:30,Premier League,Matchweek 5,Wed,Home,W,6.0,0.0,Nott'ham Forest,6,17.0,9.0,52.9,0.35,0.67,14.8,0.0,0,0,3.3,3.3,0.2,2.7,2.7,Match Report,2023,Manchester City
1243,1189,6,2022-09-03,17:30,Premier League,Matchweek 6,Sat,Away,D,1.0,1.0,Aston Villa,1,13.0,4.0,30.8,0.08,0.25,16.8,1.0,0,0,2.1,2.1,0.16,-1.1,-1.1,Match Report,2023,Manchester City
1244,1192,9,2022-09-17,12:30,Premier League,Matchweek 8,Sat,Away,W,3.0,0.0,Wolves,3,16.0,7.0,43.8,0.19,0.43,19.4,0.0,0,0,1.1,1.1,0.07,1.9,1.9,Match Report,2023,Manchester City
1245,1193,10,2022-10-02,14:00,Premier League,Matchweek 9,Sun,Home,W,6.0,3.0,Manchester Utd,6,22.0,9.0,40.9,0.27,0.67,14.2,1.0,0,0,3.2,3.2,0.15,2.8,2.8,Match Report,2023,Manchester City
1246,1195,12,2022-10-08,15:00,Premier League,Matchweek 10,Sat,Home,W,4.0,0.0,Southampton,4,21.0,8.0,38.1,0.19,0.5,13.9,0.0,0,0,2.4,2.4,0.12,1.6,1.6,Match Report,2023,Manchester City
1247,1197,14,2022-10-16,16:30,Premier League,Matchweek 11,Sun,Away,L,0.0,1.0,Liverpool,0,16.0,6.0,37.5,0.0,0.0,18.4,0.0,0,0,1.0,1.0,0.06,-1.0,-1.0,Match Report,2023,Manchester City
1248,1198,15,2022-10-22,15:00,Premier League,Matchweek 13,Sat,Home,W,3.0,1.0,Brighton,3,9.0,3.0,33.3,0.22,0.67,15.0,0.0,1,1,1.6,0.8,0.09,1.4,1.2,Match Report,2023,Manchester City
1249,1200,17,2022-10-29,12:30,Premier League,Matchweek 14,Sat,Away,W,1.0,0.0,Leicester City,1,15.0,5.0,33.3,0.07,0.2,20.8,1.0,0,0,1.0,1.0,0.07,0.0,0.0,Match Report,2023,Manchester City
1250,1202,19,2022-11-05,15:00,Premier League,Matchweek 15,Sat,Home,W,2.0,1.0,Fulham,2,15.0,4.0,26.7,0.07,0.25,18.1,1.0,1,1,2.1,1.3,0.09,-0.1,-0.3,Match Report,2023,Manchester City
1251,1204,21,2022-11-12,12:30,Premier League,Matchweek 16,Sat,Home,L,1.0,2.0,Brentford,1,29.0,6.0,20.7,0.03,0.17,20.9,0.0,0,0,1.6,1.6,0.06,-0.6,-0.6,Match Report,2023,Manchester City
1252,1206,23,2022-12-28,20:00,Premier League,Matchweek 17,Wed,Away,W,3.0,1.0,Leeds United,3,26.0,9.0,34.6,0.12,0.33,16.0,0.0,0,0,4.3,4.3,0.17,-1.3,-1.3,Match Report,2023,Manchester City
1253,1207,24,2022-12-31,15:00,Premier League,Matchweek 18,Sat,Home,D,1.0,1.0,Everton,1,16.0,3.0,18.8,0.06,0.33,15.4,0.0,0,0,1.7,1.7,0.11,-0.7,-0.7,Match Report,2023,Manchester City
1254,1208,25,2023-01-05,20:00,Premier League,Matchweek 19,Thu,Away,W,1.0,0.0,Chelsea,1,12.0,3.0,25.0,0.08,0.33,16.0,0.0,0,0,2.0,2.0,0.17,-1.0,-1.0,Match Report,2023,Manchester City
1255,1211,28,2023-01-14,12:30,Premier League,Matchweek 20,Sat,Away,L,1.0,2.0,Manchester Utd,1,5.0,1.0,20.0,0.2,1.0,19.2,0.0,0,0,0.6,0.6,0.13,0.4,0.4,Match Report,2023,Manchester City
1256,1212,29,2023-01-19,20:00,Premier League,Matchweek 7,Thu,Home,W,4.0,2.0,Tottenham,4,16.0,6.0,37.5,0.25,0.67,16.3,1.0,0,0,2.3,2.3,0.15,1.7,1.7,Match Report,2023,Manchester City
1257,1213,30,2023-01-22,14:00,Premier League,Matchweek 21,Sun,Home,W,3.0,0.0,Wolves,3,12.0,5.0,41.7,0.17,0.4,14.8,0.0,1,1,2.8,2.0,0.17,0.2,0.0,Match Report,2023,Manchester City
1258,1215,32,2023-02-05,16:30,Premier League,Matchweek 22,Sun,Away,L,0.0,1.0,Tottenham,0,15.0,5.0,33.3,0.0,0.0,17.7,1.0,0,0,1.3,1.3,0.09,-1.3,-1.3,Match Report,2023,Manchester City
1259,1216,33,2023-02-12,16:30,Premier League,Matchweek 23,Sun,Home,W,3.0,1.0,Aston Villa,3,16.0,7.0,43.8,0.13,0.29,15.4,1.0,1,1,3.3,2.6,0.16,-0.3,-0.6,Match Report,2023,Manchester City
1260,1217,34,2023-02-15,19:30,Premier League,Matchweek 12,Wed,Away,W,3.0,1.0,Arsenal,3,9.0,5.0,55.6,0.33,0.6,12.1,0.0,0,0,1.8,1.8,0.21,1.2,1.2,Match Report,2023,Manchester City
1261,1218,35,2023-02-18,15:00,Premier League,Matchweek 24,Sat,Away,D,1.0,1.0,Nott'ham Forest,1,23.0,6.0,26.1,0.04,0.17,18.0,2.0,0,0,2.4,2.4,0.12,-1.4,-1.4,Match Report,2023,Manchester City
1262,1220,37,2023-02-25,17:30,Premier League,Matchweek 25,Sat,Away,W,4.0,1.0,Bournemouth,3,20.0,5.0,25.0,0.15,0.6,15.3,1.0,0,0,2.4,2.4,0.13,0.6,0.6,Match Report,2023,Manchester City
1263,1222,39,2023-03-04,12:30,Premier League,Matchweek 26,Sat,Home,W,2.0,0.0,Newcastle Utd,2,11.0,3.0,27.3,0.18,0.67,15.8,2.0,0,0,1.3,1.3,0.12,0.7,0.7,Match Report,2023,Manchester City
1264,1223,40,2023-03-11,17:30,Premier League,Matchweek 27,Sat,Away,W,1.0,0.0,Crystal Palace,1,13.0,3.0,23.1,0.0,0.0,19.0,1.0,1,1,2.1,1.3,0.1,-1.1,-1.3,Match Report,2023,Manchester City
1265,1226,43,2023-04-01,12:30,Premier League,Matchweek 29,Sat,Home,W,4.0,1.0,Liverpool,4,17.0,8.0,47.1,0.24,0.5,14.5,1.0,0,0,2.9,2.9,0.17,1.1,1.1,Match Report,2023,Manchester City
1266,1227,44,2023-04-08,17:30,Premier League,Matchweek 30,Sat,Away,W,4.0,1.0,Southampton,4,12.0,7.0,58.3,0.25,0.43,13.2,0.0,1,1,2.9,2.1,0.18,1.1,0.9,Match Report,2023,Manchester City
1267,1229,46,2023-04-15,17:30,Premier League,Matchweek 31,Sat,Home,W,3.0,1.0,Leicester City,3,11.0,3.0,27.3,0.18,0.67,17.8,0.0,1,1,1.6,1.2,0.12,1.4,0.8,Match Report,2023,Manchester City
1268,1232,49,2023-04-26,20:00,Premier League,Matchweek 33,Wed,Home,W,4.0,1.0,Arsenal,4,14.0,9.0,64.3,0.29,0.44,15.9,0.0,0,0,2.5,2.5,0.18,1.5,1.5,Match Report,2023,Manchester City
1269,1233,50,2023-04-30,14:00,Premier League,Matchweek 34,Sun,Away,W,2.0,1.0,Fulham,2,11.0,8.0,72.7,0.09,0.13,14.1,0.0,1,1,2.5,1.7,0.16,-0.5,-0.7,Match Report,2023,Manchester City
1270,1234,51,2023-05-03,20:00,Premier League,Matchweek 28,Wed,Home,W,3.0,0.0,West Ham,3,16.0,7.0,43.8,0.19,0.43,16.3,0.0,0,0,2.3,2.3,0.14,0.7,0.7,Match Report,2023,Manchester City
1271,1235,52,2023-05-06,15:00,Premier League,Matchweek 35,Sat,Home,W,2.0,1.0,Leeds United,2,17.0,6.0,35.3,0.12,0.33,18.7,2.0,0,1,2.6,1.8,0.1,-0.6,0.2,Match Report,2023,Manchester City
1272,1237,54,2023-05-14,14:00,Premier League,Matchweek 36,Sun,Away,W,3.0,0.0,Everton,3,9.0,4.0,44.4,0.33,0.75,19.3,2.0,0,0,0.8,0.8,0.08,2.2,2.2,Match Report,2023,Manchester City
1273,1239,56,2023-05-21,16:00,Premier League,Matchweek 37,Sun,Home,W,1.0,0.0,Chelsea,1,15.0,2.0,13.3,0.07,0.5,18.8,0.0,0,0,1.2,1.2,0.08,-0.2,-0.2,Match Report,2023,Manchester City
1274,1240,57,2023-05-24,20:00,Premier League,Matchweek 32,Wed,Away,D,1.0,1.0,Brighton,1,13.0,4.0,30.8,0.08,0.25,13.9,0.0,0,0,1.8,1.8,0.14,-0.8,-0.8,Match Report,2023,Manchester City
1275,1241,58,2023-05-28,16:30,Premier League,Matchweek 38,Sun,Away,L,0.0,1.0,Brentford,0,17.0,2.0,11.8,0.0,0.0,16.8,0.0,0,0,1.6,1.6,0.11,-1.6,-1.6,Match Report,2023,Manchester City
1276,1245,0,2022-08-05,20:00,Premier League,Matchweek 1,Fri,Away,W,2.0,0.0,Crystal Palace,1,10.0,2.0,20.0,0.1,0.5,14.6,1.0,0,0,1.0,1.0,0.1,0.0,0.0,Match Report,2023,Arsenal
1277,1246,1,2022-08-13,15:00,Premier League,Matchweek 2,Sat,Home,W,4.0,2.0,Leicester City,4,19.0,7.0,36.8,0.21,0.57,13.0,0.0,0,0,2.7,2.7,0.16,1.3,1.3,Match Report,2023,Arsenal
1278,1247,2,2022-08-20,17:30,Premier League,Matchweek 3,Sat,Away,W,3.0,0.0,Bournemouth,3,14.0,6.0,42.9,0.21,0.5,14.8,0.0,0,0,1.3,1.3,0.1,1.7,1.7,Match Report,2023,Arsenal
1279,1248,3,2022-08-27,17:30,Premier League,Matchweek 4,Sat,Home,W,2.0,1.0,Fulham,2,22.0,8.0,36.4,0.09,0.25,15.5,1.0,0,0,2.6,2.6,0.12,-0.6,-0.6,Match Report,2023,Arsenal
1280,1249,4,2022-08-31,19:30,Premier League,Matchweek 5,Wed,Home,W,2.0,1.0,Aston Villa,2,22.0,8.0,36.4,0.09,0.25,16.3,1.0,0,0,2.4,2.4,0.12,-0.4,-0.4,Match Report,2023,Arsenal
1281,1250,5,2022-09-04,16:30,Premier League,Matchweek 6,Sun,Away,L,1.0,3.0,Manchester Utd,1,16.0,3.0,18.8,0.06,0.33,18.6,1.0,0,0,1.3,1.3,0.08,-0.3,-0.3,Match Report,2023,Arsenal
1282,1252,7,2022-09-18,12:00,Premier League,Matchweek 8,Sun,Away,W,3.0,0.0,Brentford,3,13.0,7.0,53.8,0.23,0.43,18.2,0.0,0,0,1.5,1.5,0.12,1.5,1.5,Match Report,2023,Arsenal
1283,1253,8,2022-10-01,12:30,Premier League,Matchweek 9,Sat,Home,W,3.0,1.0,Tottenham,3,22.0,9.0,40.9,0.14,0.33,18.6,1.0,0,0,2.4,2.4,0.11,0.6,0.6,Match Report,2023,Arsenal
1284,1255,10,2022-10-09,16:30,Premier League,Matchweek 10,Sun,Home,W,3.0,2.0,Liverpool,3,10.0,6.0,60.0,0.2,0.33,14.3,0.0,1,1,2.7,2.3,0.24,0.3,-0.3,Match Report,2023,Arsenal
1285,1257,12,2022-10-16,14:00,Premier League,Matchweek 11,Sun,Away,W,1.0,0.0,Leeds United,1,9.0,4.0,44.4,0.11,0.25,16.6,1.0,0,0,0.5,0.5,0.06,0.5,0.5,Match Report,2023,Arsenal
1286,1259,14,2022-10-23,14:00,Premier League,Matchweek 13,Sun,Away,D,1.0,1.0,Southampton,1,12.0,3.0,25.0,0.08,0.33,17.2,0.0,0,0,1.0,1.0,0.08,0.0,0.0,Match Report,2023,Arsenal
1287,1261,16,2022-10-30,14:00,Premier League,Matchweek 14,Sun,Home,W,5.0,0.0,Nott'ham Forest,5,24.0,9.0,37.5,0.21,0.56,16.0,1.0,0,0,2.3,2.3,0.1,2.7,2.7,Match Report,2023,Arsenal
1288,1263,18,2022-11-06,12:00,Premier League,Matchweek 15,Sun,Away,W,1.0,0.0,Chelsea,1,14.0,2.0,14.3,0.07,0.5,14.5,0.0,0,0,2.1,2.1,0.16,-1.1,-1.1,Match Report,2023,Arsenal
1289,1265,20,2022-11-12,19:45,Premier League,Matchweek 16,Sat,Away,W,2.0,0.0,Wolves,2,14.0,3.0,21.4,0.14,0.67,13.7,0.0,0,0,2.1,2.1,0.15,-0.1,-0.1,Match Report,2023,Arsenal
1290,1266,21,2022-12-26,20:00,Premier League,Matchweek 17,Mon,Home,W,3.0,1.0,West Ham,3,16.0,5.0,31.3,0.19,0.6,18.2,1.0,0,0,2.1,2.1,0.14,0.9,0.9,Match Report,2023,Arsenal
1291,1267,22,2022-12-31,17:30,Premier League,Matchweek 18,Sat,Away,W,4.0,2.0,Brighton,4,14.0,7.0,50.0,0.29,0.57,11.2,0.0,0,0,2.9,2.9,0.22,1.1,1.1,Match Report,2023,Arsenal
1292,1268,23,2023-01-03,19:45,Premier League,Matchweek 19,Tue,Home,D,0.0,0.0,Newcastle Utd,0,17.0,4.0,23.5,0.0,0.0,17.0,0.0,0,0,1.1,1.1,0.07,-1.1,-1.1,Match Report,2023,Arsenal
1293,1270,25,2023-01-15,16:30,Premier League,Matchweek 20,Sun,Away,W,2.0,0.0,Tottenham,1,14.0,5.0,35.7,0.07,0.2,17.9,2.0,0,0,1.8,1.8,0.13,-0.8,-0.8,Match Report,2023,Arsenal
1294,1271,26,2023-01-22,16:30,Premier League,Matchweek 21,Sun,Home,W,3.0,2.0,Manchester Utd,3,25.0,5.0,20.0,0.12,0.6,14.2,0.0,0,0,3.1,3.1,0.13,-0.1,-0.1,Match Report,2023,Arsenal
1295,1273,28,2023-02-04,12:30,Premier League,Matchweek 22,Sat,Away,L,0.0,1.0,Everton,0,15.0,2.0,13.3,0.0,0.0,17.6,0.0,0,0,0.9,0.9,0.06,-0.9,-0.9,Match Report,2023,Arsenal
1296,1274,29,2023-02-11,15:00,Premier League,Matchweek 23,Sat,Home,D,1.0,1.0,Brentford,1,23.0,7.0,30.4,0.04,0.14,19.6,0.0,0,0,1.6,1.6,0.07,-0.6,-0.6,Match Report,2023,Arsenal
1297,1275,30,2023-02-15,19:30,Premier League,Matchweek 12,Wed,Home,L,1.0,3.0,Manchester City,1,9.0,0.0,0.0,0.0,,19.2,0.0,1,1,1.6,0.9,0.09,-0.6,-0.9,Match Report,2023,Arsenal
1298,1276,31,2023-02-18,12:30,Premier League,Matchweek 24,Sat,Away,W,4.0,2.0,Aston Villa,3,20.0,5.0,25.0,0.15,0.6,15.7,0.0,0,0,3.2,3.2,0.16,-0.2,-0.2,Match Report,2023,Arsenal
1299,1277,32,2023-02-25,15:00,Premier League,Matchweek 25,Sat,Away,W,1.0,0.0,Leicester City,1,10.0,2.0,20.0,0.1,0.5,19.4,1.0,0,0,0.7,0.7,0.07,0.3,0.3,Match Report,2023,Arsenal
1300,1278,33,2023-03-01,19:45,Premier League,Matchweek 7,Wed,Home,W,4.0,0.0,Everton,4,15.0,5.0,33.3,0.27,0.8,12.9,0.0,0,0,2.4,2.4,0.16,1.6,1.6,Match Report,2023,Arsenal
1301,1279,34,2023-03-04,15:00,Premier League,Matchweek 26,Sat,Home,W,3.0,2.0,Bournemouth,3,31.0,9.0,29.0,0.1,0.33,18.1,2.0,0,0,2.1,2.1,0.07,0.9,0.9,Match Report,2023,Arsenal
1302,1281,36,2023-03-12,14:00,Premier League,Matchweek 27,Sun,Away,W,3.0,0.0,Fulham,3,15.0,7.0,46.7,0.2,0.43,15.2,1.0,0,0,2.3,2.3,0.16,0.7,0.7,Match Report,2023,Arsenal
1303,1283,38,2023-03-19,14:00,Premier League,Matchweek 28,Sun,Home,W,4.0,1.0,Crystal Palace,4,15.0,5.0,33.3,0.27,0.8,16.4,0.0,0,0,1.6,1.6,0.1,2.4,2.4,Match Report,2023,Arsenal
1304,1284,39,2023-04-01,15:00,Premier League,Matchweek 29,Sat,Home,W,4.0,1.0,Leeds United,4,12.0,4.0,33.3,0.25,0.75,13.9,0.0,1,1,3.8,3.0,0.25,0.2,0.0,Match Report,2023,Arsenal
1305,1285,40,2023-04-09,16:30,Premier League,Matchweek 30,Sun,Away,D,2.0,2.0,Liverpool,2,9.0,5.0,55.6,0.22,0.4,15.7,0.0,0,0,1.4,1.4,0.16,0.6,0.6,Match Report,2023,Arsenal
1306,1286,41,2023-04-16,14:00,Premier League,Matchweek 31,Sun,Away,D,2.0,2.0,West Ham,2,10.0,5.0,50.0,0.2,0.4,13.9,0.0,0,1,2.7,2.0,0.2,-0.7,0.0,Match Report,2023,Arsenal
1307,1287,42,2023-04-21,20:00,Premier League,Matchweek 32,Fri,Home,D,3.0,3.0,Southampton,3,25.0,5.0,20.0,0.12,0.6,15.3,0.0,0,0,2.4,2.4,0.1,0.6,0.6,Match Report,2023,Arsenal
1308,1288,43,2023-04-26,20:00,Premier League,Matchweek 33,Wed,Away,L,1.0,4.0,Manchester City,1,8.0,2.0,25.0,0.13,0.5,18.0,1.0,0,0,0.5,0.5,0.06,0.5,0.5,Match Report,2023,Arsenal
1309,1289,44,2023-05-02,20:00,Premier League,Matchweek 34,Tue,Home,W,3.0,1.0,Chelsea,3,16.0,9.0,56.3,0.19,0.33,13.0,0.0,0,0,1.7,1.7,0.11,1.3,1.3,Match Report,2023,Arsenal
1310,1290,45,2023-05-07,16:30,Premier League,Matchweek 35,Sun,Away,W,2.0,0.0,Newcastle Utd,1,10.0,6.0,60.0,0.1,0.17,16.6,0.0,0,0,1.3,1.3,0.13,-0.3,-0.3,Match Report,2023,Arsenal
1311,1291,46,2023-05-14,16:30,Premier League,Matchweek 36,Sun,Home,L,0.0,3.0,Brighton,0,14.0,2.0,14.3,0.0,0.0,16.4,0.0,0,0,0.9,0.9,0.07,-0.9,-0.9,Match Report,2023,Arsenal
1312,1292,47,2023-05-20,17:30,Premier League,Matchweek 37,Sat,Away,L,0.0,1.0,Nott'ham Forest,0,11.0,3.0,27.3,0.0,0.0,16.4,0.0,0,0,0.6,0.6,0.06,-0.6,-0.6,Match Report,2023,Arsenal
1313,1293,48,2023-05-28,16:30,Premier League,Matchweek 38,Sun,Home,W,5.0,0.0,Wolves,5,14.0,8.0,57.1,0.36,0.63,13.7,1.0,0,0,2.8,2.8,0.2,2.2,2.2,Match Report,2023,Arsenal
1314,1295,0,2022-08-07,14:00,Premier League,Matchweek 1,Sun,Home,L,1.0,2.0,Brighton,0,17.0,5.0,29.4,0.0,0.0,15.5,0.0,0,0,1.4,1.4,0.08,-1.4,-1.4,Match Report,2023,Manchester United
1315,1296,1,2022-08-13,17:30,Premier League,Matchweek 2,Sat,Away,L,0.0,4.0,Brentford,0,15.0,4.0,26.7,0.0,0.0,19.6,0.0,0,0,0.9,0.9,0.06,-0.9,-0.9,Match Report,2023,Manchester United
1316,1297,2,2022-08-22,20:00,Premier League,Matchweek 3,Mon,Home,W,2.0,1.0,Liverpool,2,13.0,5.0,38.5,0.15,0.4,19.5,2.0,0,0,1.8,1.8,0.14,0.2,0.2,Match Report,2023,Manchester United
1317,1298,3,2022-08-27,12:30,Premier League,Matchweek 4,Sat,Away,W,1.0,0.0,Southampton,1,11.0,4.0,36.4,0.09,0.25,15.5,1.0,0,0,1.1,1.1,0.15,-0.1,-0.1,Match Report,2023,Manchester United
1318,1299,4,2022-09-01,20:00,Premier League,Matchweek 5,Thu,Away,W,1.0,0.0,Leicester City,1,9.0,2.0,22.2,0.11,0.5,16.8,0.0,0,0,1.5,1.5,0.17,-0.5,-0.5,Match Report,2023,Manchester United
1319,1300,5,2022-09-04,16:30,Premier League,Matchweek 6,Sun,Home,W,3.0,1.0,Arsenal,3,10.0,6.0,60.0,0.3,0.5,15.5,0.0,0,0,1.5,1.5,0.16,1.5,1.5,Match Report,2023,Manchester United
1320,1303,8,2022-10-02,14:00,Premier League,Matchweek 9,Sun,Away,L,3.0,6.0,Manchester City,3,11.0,7.0,63.6,0.18,0.29,22.2,0.0,1,1,1.7,0.9,0.08,1.3,1.1,Match Report,2023,Manchester United
1321,1305,10,2022-10-09,19:00,Premier League,Matchweek 10,Sun,Away,W,2.0,1.0,Everton,2,12.0,4.0,33.3,0.17,0.5,18.8,0.0,0,0,1.4,1.4,0.12,0.6,0.6,Match Report,2023,Manchester United
1322,1307,12,2022-10-16,14:00,Premier League,Matchweek 11,Sun,Home,D,0.0,0.0,Newcastle Utd,0,15.0,2.0,13.3,0.0,0.0,19.4,1.0,0,0,0.8,0.8,0.05,-0.8,-0.8,Match Report,2023,Manchester United
1323,1308,13,2022-10-19,20:15,Premier League,Matchweek 12,Wed,Home,W,2.0,0.0,Tottenham,2,28.0,10.0,35.7,0.07,0.2,21.4,1.0,0,0,1.5,1.5,0.06,0.5,0.5,Match Report,2023,Manchester United
1324,1309,14,2022-10-22,17:30,Premier League,Matchweek 13,Sat,Away,D,1.0,1.0,Chelsea,1,13.0,6.0,46.2,0.08,0.17,22.1,1.0,0,0,0.8,0.8,0.06,0.2,0.2,Match Report,2023,Manchester United
1325,1311,16,2022-10-30,16:15,Premier League,Matchweek 14,Sun,Home,W,1.0,0.0,West Ham,1,16.0,3.0,18.8,0.06,0.33,18.1,0.0,0,0,1.2,1.2,0.08,-0.2,-0.2,Match Report,2023,Manchester United
1326,1313,18,2022-11-06,14:00,Premier League,Matchweek 15,Sun,Away,L,1.0,3.0,Aston Villa,0,8.0,3.0,37.5,0.0,0.0,19.7,1.0,0,0,0.5,0.5,0.06,-0.5,-0.5,Match Report,2023,Manchester United
1327,1315,20,2022-11-13,16:30,Premier League,Matchweek 16,Sun,Away,W,2.0,1.0,Fulham,2,14.0,9.0,64.3,0.14,0.22,17.7,0.0,0,0,2.5,2.5,0.19,-0.5,-0.5,Match Report,2023,Manchester United
1328,1317,22,2022-12-27,20:00,Premier League,Matchweek 17,Tue,Home,W,3.0,0.0,Nott'ham Forest,3,17.0,8.0,47.1,0.18,0.38,15.9,0.0,0,0,2.4,2.4,0.15,0.6,0.6,Match Report,2023,Manchester United
1329,1318,23,2022-12-31,12:30,Premier League,Matchweek 18,Sat,Away,W,1.0,0.0,Wolves,1,16.0,6.0,37.5,0.06,0.17,14.9,1.0,0,0,2.0,2.0,0.12,-1.0,-1.0,Match Report,2023,Manchester United
1330,1319,24,2023-01-03,20:00,Premier League,Matchweek 19,Tue,Home,W,3.0,0.0,Bournemouth,3,18.0,6.0,33.3,0.17,0.5,16.7,2.0,0,0,2.2,2.2,0.13,0.8,0.8,Match Report,2023,Manchester United
1331,1322,27,2023-01-14,12:30,Premier League,Matchweek 20,Sat,Home,W,2.0,1.0,Manchester City,2,8.0,3.0,37.5,0.25,0.67,14.8,0.0,0,0,1.7,1.7,0.21,0.3,0.3,Match Report,2023,Manchester United
1332,1323,28,2023-01-18,20:00,Premier League,Matchweek 7,Wed,Away,D,1.0,1.0,Crystal Palace,1,15.0,4.0,26.7,0.07,0.25,19.5,1.0,0,0,2.1,2.1,0.14,-1.1,-1.1,Match Report,2023,Manchester United
1333,1324,29,2023-01-22,16:30,Premier League,Matchweek 21,Sun,Away,L,2.0,3.0,Arsenal,2,6.0,4.0,66.7,0.33,0.5,18.2,0.0,0,0,0.4,0.4,0.06,1.6,1.6,Match Report,2023,Manchester United
1334,1328,33,2023-02-04,15:00,Premier League,Matchweek 22,Sat,Home,W,2.0,1.0,Crystal Palace,2,13.0,4.0,30.8,0.08,0.25,16.4,0.0,1,1,2.0,1.2,0.1,0.0,-0.2,Match Report,2023,Manchester United
1335,1329,34,2023-02-08,20:00,Premier League,Matchweek 8,Wed,Home,D,2.0,2.0,Leeds United,2,24.0,6.0,25.0,0.08,0.33,16.7,0.0,0,0,2.0,2.0,0.09,0.0,0.0,Match Report,2023,Manchester United
1336,1330,35,2023-02-12,14:00,Premier League,Matchweek 23,Sun,Away,W,2.0,0.0,Leeds United,2,11.0,5.0,45.5,0.18,0.4,16.4,0.0,0,0,1.1,1.1,0.1,0.9,0.9,Match Report,2023,Manchester United
1337,1332,37,2023-02-19,14:00,Premier League,Matchweek 24,Sun,Home,W,3.0,0.0,Leicester City,3,26.0,8.0,30.8,0.12,0.38,15.5,1.0,0,0,4.4,4.4,0.17,-1.4,-1.4,Match Report,2023,Manchester United
1338,1336,41,2023-03-05,16:30,Premier League,Matchweek 26,Sun,Away,L,0.0,7.0,Liverpool,0,8.0,4.0,50.0,0.0,0.0,15.4,0.0,0,0,0.8,0.8,0.1,-0.8,-0.8,Match Report,2023,Manchester United
1339,1338,43,2023-03-12,14:00,Premier League,Matchweek 27,Sun,Home,D,0.0,0.0,Southampton,0,10.0,4.0,40.0,0.0,0.0,15.4,0.0,0,0,0.8,0.8,0.09,-0.8,-0.8,Match Report,2023,Manchester United
1340,1341,46,2023-04-02,16:30,Premier League,Matchweek 29,Sun,Away,L,0.0,2.0,Newcastle Utd,0,6.0,1.0,16.7,0.0,0.0,14.2,0.0,0,0,0.4,0.4,0.07,-0.4,-0.4,Match Report,2023,Manchester United
1341,1342,47,2023-04-05,20:00,Premier League,Matchweek 25,Wed,Home,W,1.0,0.0,Brentford,1,18.0,3.0,16.7,0.06,0.33,19.9,1.0,0,0,1.2,1.2,0.07,-0.2,-0.2,Match Report,2023,Manchester United
1342,1343,48,2023-04-08,12:30,Premier League,Matchweek 30,Sat,Home,W,2.0,0.0,Everton,2,29.0,11.0,37.9,0.07,0.18,16.5,0.0,0,0,3.4,3.4,0.12,-1.4,-1.4,Match Report,2023,Manchester United
1343,1345,50,2023-04-16,16:30,Premier League,Matchweek 31,Sun,Away,W,2.0,0.0,Nott'ham Forest,2,22.0,7.0,31.8,0.09,0.29,15.4,1.0,0,0,3.5,3.5,0.18,-1.5,-1.5,Match Report,2023,Manchester United
1344,1348,53,2023-04-27,20:15,Premier League,Matchweek 33,Thu,Away,D,2.0,2.0,Tottenham,2,17.0,7.0,41.2,0.12,0.29,17.9,2.0,0,0,2.0,2.0,0.12,0.0,0.0,Match Report,2023,Manchester United
1345,1349,54,2023-04-30,14:00,Premier League,Matchweek 34,Sun,Home,W,1.0,0.0,Aston Villa,1,14.0,6.0,42.9,0.07,0.17,19.0,0.0,0,0,1.2,1.2,0.09,-0.2,-0.2,Match Report,2023,Manchester United
1346,1350,55,2023-05-04,20:00,Premier League,Matchweek 28,Thu,Away,L,0.0,1.0,Brighton,0,16.0,5.0,31.3,0.0,0.0,18.5,1.0,0,0,1.4,1.4,0.09,-1.4,-1.4,Match Report,2023,Manchester United
1347,1351,56,2023-05-07,19:00,Premier League,Matchweek 35,Sun,Away,L,0.0,1.0,West Ham,0,19.0,4.0,21.1,0.0,0.0,18.2,0.0,0,0,1.2,1.2,0.06,-1.2,-1.2,Match Report,2023,Manchester United
1348,1352,57,2023-05-13,15:00,Premier League,Matchweek 36,Sat,Home,W,2.0,0.0,Wolves,2,27.0,9.0,33.3,0.07,0.22,19.3,2.0,0,0,3.2,3.2,0.12,-1.2,-1.2,Match Report,2023,Manchester United
1349,1353,58,2023-05-20,15:00,Premier League,Matchweek 37,Sat,Away,W,1.0,0.0,Bournemouth,1,20.0,5.0,25.0,0.05,0.2,18.7,0.0,0,0,1.4,1.4,0.07,-0.4,-0.4,Match Report,2023,Manchester United
1350,1354,59,2023-05-25,20:00,Premier League,Matchweek 32,Thu,Home,W,4.0,1.0,Chelsea,4,17.0,8.0,47.1,0.18,0.38,15.3,0.0,1,1,5.2,4.4,0.29,-1.2,-1.4,Match Report,2023,Manchester United
1351,1355,60,2023-05-28,16:30,Premier League,Matchweek 38,Sun,Home,W,2.0,1.0,Fulham,2,21.0,8.0,38.1,0.1,0.25,20.7,1.0,0,0,2.9,2.9,0.14,-0.9,-0.9,Match Report,2023,Manchester United
1352,1358,0,2022-08-06,15:00,Premier League,Matchweek 1,Sat,Home,W,2.0,0.0,Nott'ham Forest,2,23.0,9.0,39.1,0.09,0.22,16.0,1.0,0,0,1.7,1.7,0.08,0.3,0.3,Match Report,2023,Newcastle United
1353,1359,1,2022-08-13,15:00,Premier League,Matchweek 2,Sat,Away,D,0.0,0.0,Brighton,0,4.0,1.0,25.0,0.0,0.0,17.8,0.0,0,0,0.2,0.2,0.06,-0.2,-0.2,Match Report,2023,Newcastle United
1354,1360,2,2022-08-21,16:30,Premier League,Matchweek 3,Sun,Home,D,3.0,3.0,Manchester City,3,12.0,5.0,41.7,0.25,0.6,14.8,1.0,0,0,1.8,1.8,0.15,1.2,1.2,Match Report,2023,Newcastle United
1355,1362,4,2022-08-28,14:00,Premier League,Matchweek 4,Sun,Away,D,1.0,1.0,Wolves,1,21.0,6.0,28.6,0.05,0.17,18.1,1.0,0,0,1.7,1.7,0.08,-0.7,-0.7,Match Report,2023,Newcastle United
1356,1363,5,2022-08-31,20:00,Premier League,Matchweek 5,Wed,Away,L,1.0,2.0,Liverpool,1,5.0,2.0,40.0,0.2,0.5,18.2,1.0,0,0,0.7,0.7,0.14,0.3,0.3,Match Report,2023,Newcastle United
1357,1364,6,2022-09-03,15:00,Premier League,Matchweek 6,Sat,Home,D,0.0,0.0,Crystal Palace,0,23.0,5.0,21.7,0.0,0.0,12.8,1.0,0,0,2.8,2.8,0.13,-2.8,-2.8,Match Report,2023,Newcastle United
1358,1365,7,2022-09-17,15:00,Premier League,Matchweek 8,Sat,Home,D,1.0,1.0,Bournemouth,1,19.0,6.0,31.6,0.0,0.0,20.0,1.0,1,1,1.9,1.1,0.06,-0.9,-1.1,Match Report,2023,Newcastle United
1359,1366,8,2022-10-01,15:00,Premier League,Matchweek 9,Sat,Away,W,4.0,1.0,Fulham,4,19.0,10.0,52.6,0.21,0.4,12.9,0.0,0,0,3.3,3.3,0.19,0.7,0.7,Match Report,2023,Newcastle United
1360,1367,9,2022-10-08,15:00,Premier League,Matchweek 10,Sat,Home,W,5.0,1.0,Brentford,4,16.0,6.0,37.5,0.25,0.67,18.6,0.0,0,0,1.5,1.5,0.1,2.5,2.5,Match Report,2023,Newcastle United
1361,1368,10,2022-10-16,14:00,Premier League,Matchweek 11,Sun,Away,D,0.0,0.0,Manchester Utd,0,9.0,2.0,22.2,0.0,0.0,14.7,1.0,0,0,0.8,0.8,0.1,-0.8,-0.8,Match Report,2023,Newcastle United
1362,1369,11,2022-10-19,19:30,Premier League,Matchweek 12,Wed,Home,W,1.0,0.0,Everton,1,16.0,4.0,25.0,0.06,0.25,14.2,0.0,0,0,1.5,1.5,0.09,-0.5,-0.5,Match Report,2023,Newcastle United
1363,1370,12,2022-10-23,16:30,Premier League,Matchweek 13,Sun,Away,W,2.0,1.0,Tottenham,2,13.0,5.0,38.5,0.15,0.4,18.4,0.0,0,0,1.2,1.2,0.09,0.8,0.8,Match Report,2023,Newcastle United
1364,1371,13,2022-10-29,15:00,Premier League,Matchweek 14,Sat,Home,W,4.0,0.0,Aston Villa,4,19.0,6.0,31.6,0.16,0.5,16.3,0.0,1,1,3.4,2.6,0.14,0.6,0.4,Match Report,2023,Newcastle United
1365,1372,14,2022-11-06,14:00,Premier League,Matchweek 15,Sun,Away,W,4.0,1.0,Southampton,4,7.0,4.0,57.1,0.57,1.0,15.4,0.0,0,0,0.9,0.9,0.12,3.1,3.1,Match Report,2023,Newcastle United
1366,1374,16,2022-11-12,17:30,Premier League,Matchweek 16,Sat,Home,W,1.0,0.0,Chelsea,1,10.0,3.0,30.0,0.1,0.33,15.4,0.0,0,0,1.0,1.0,0.11,0.0,0.0,Match Report,2023,Newcastle United
1367,1376,18,2022-12-26,15:00,Premier League,Matchweek 17,Mon,Away,W,3.0,0.0,Leicester City,3,11.0,4.0,36.4,0.18,0.5,16.8,0.0,1,1,1.9,1.1,0.1,1.1,0.9,Match Report,2023,Newcastle United
1368,1377,19,2022-12-31,15:00,Premier League,Matchweek 18,Sat,Home,D,0.0,0.0,Leeds United,0,16.0,5.0,31.3,0.0,0.0,15.4,1.0,0,0,2.2,2.2,0.14,-2.2,-2.2,Match Report,2023,Newcastle United
1369,1378,20,2023-01-03,19:45,Premier League,Matchweek 19,Tue,Away,D,0.0,0.0,Arsenal,0,8.0,1.0,12.5,0.0,0.0,13.4,0.0,0,0,1.0,1.0,0.13,-1.0,-1.0,Match Report,2023,Newcastle United
1370,1381,23,2023-01-15,14:00,Premier League,Matchweek 20,Sun,Home,W,1.0,0.0,Fulham,1,20.0,5.0,25.0,0.05,0.2,16.7,2.0,0,0,2.2,2.2,0.12,-1.2,-1.2,Match Report,2023,Newcastle United
1371,1382,24,2023-01-21,17:30,Premier League,Matchweek 21,Sat,Away,D,0.0,0.0,Crystal Palace,0,16.0,7.0,43.8,0.0,0.0,13.1,0.0,0,0,1.2,1.2,0.08,-1.2,-1.2,Match Report,2023,Newcastle United
1372,1385,27,2023-02-04,17:30,Premier League,Matchweek 22,Sat,Home,D,1.0,1.0,West Ham,1,8.0,2.0,25.0,0.13,0.5,13.5,0.0,0,0,1.0,1.0,0.13,0.0,0.0,Match Report,2023,Newcastle United
1373,1386,28,2023-02-11,17:30,Premier League,Matchweek 23,Sat,Away,D,1.0,1.0,Bournemouth,1,15.0,7.0,46.7,0.07,0.14,16.9,0.0,0,0,1.3,1.3,0.1,-0.3,-0.3,Match Report,2023,Newcastle United
1374,1387,29,2023-02-18,17:30,Premier League,Matchweek 24,Sat,Home,L,0.0,2.0,Liverpool,0,14.0,4.0,28.6,0.0,0.0,12.9,0.0,0,0,2.0,2.0,0.15,-2.0,-2.0,Match Report,2023,Newcastle United
1375,1389,31,2023-03-04,12:30,Premier League,Matchweek 26,Sat,Away,L,0.0,2.0,Manchester City,0,5.0,2.0,40.0,0.0,0.0,15.0,1.0,0,0,0.4,0.4,0.09,-0.4,-0.4,Match Report,2023,Newcastle United
1376,1390,32,2023-03-12,16:30,Premier League,Matchweek 27,Sun,Home,W,2.0,1.0,Wolves,2,19.0,8.0,42.1,0.11,0.25,15.9,2.0,0,0,1.8,1.8,0.1,0.2,0.2,Match Report,2023,Newcastle United
1377,1391,33,2023-03-17,20:00,Premier League,Matchweek 28,Fri,Away,W,2.0,1.0,Nott'ham Forest,2,14.0,3.0,21.4,0.07,0.33,15.2,0.0,1,1,2.4,1.7,0.12,-0.4,-0.7,Match Report,2023,Newcastle United
1378,1392,34,2023-04-02,16:30,Premier League,Matchweek 29,Sun,Home,W,2.0,0.0,Manchester Utd,2,22.0,6.0,27.3,0.09,0.33,13.2,0.0,0,0,3.7,3.7,0.17,-1.7,-1.7,Match Report,2023,Newcastle United
1379,1393,35,2023-04-05,20:00,Premier League,Matchweek 7,Wed,Away,W,5.0,1.0,West Ham,5,15.0,7.0,46.7,0.33,0.71,20.4,0.0,0,0,3.3,3.3,0.22,1.7,1.7,Match Report,2023,Newcastle United
1380,1394,36,2023-04-08,15:00,Premier League,Matchweek 30,Sat,Away,W,2.0,1.0,Brentford,1,10.0,4.0,40.0,0.1,0.25,14.8,0.0,0,0,1.3,1.3,0.13,-0.3,-0.3,Match Report,2023,Newcastle United
1381,1395,37,2023-04-15,12:30,Premier League,Matchweek 31,Sat,Away,L,0.0,3.0,Aston Villa,0,8.0,2.0,25.0,0.0,0.0,16.8,0.0,0,0,0.5,0.5,0.06,-0.5,-0.5,Match Report,2023,Newcastle United
1382,1396,38,2023-04-23,14:00,Premier League,Matchweek 32,Sun,Home,W,6.0,1.0,Tottenham,6,25.0,8.0,32.0,0.24,0.75,14.3,0.0,0,0,3.7,3.7,0.16,2.3,2.3,Match Report,2023,Newcastle United
1383,1397,39,2023-04-27,19:45,Premier League,Matchweek 33,Thu,Away,W,4.0,1.0,Everton,4,15.0,7.0,46.7,0.27,0.57,14.3,0.0,0,0,2.4,2.4,0.16,1.6,1.6,Match Report,2023,Newcastle United
1384,1398,40,2023-04-30,14:00,Premier League,Matchweek 34,Sun,Home,W,3.0,1.0,Southampton,2,22.0,5.0,22.7,0.09,0.4,13.3,0.0,0,0,4.3,4.3,0.22,-2.3,-2.3,Match Report,2023,Newcastle United
1385,1399,41,2023-05-07,16:30,Premier League,Matchweek 35,Sun,Home,L,0.0,2.0,Arsenal,0,12.0,5.0,41.7,0.0,0.0,14.8,0.0,0,0,1.3,1.3,0.11,-1.3,-1.3,Match Report,2023,Newcastle United
1386,1400,42,2023-05-13,12:30,Premier League,Matchweek 36,Sat,Away,D,2.0,2.0,Leeds United,2,16.0,3.0,18.8,0.0,0.0,19.1,1.0,2,2,2.3,0.7,0.04,-0.3,-0.7,Match Report,2023,Newcastle United
1387,1401,43,2023-05-18,19:30,Premier League,Matchweek 25,Thu,Home,W,4.0,1.0,Brighton,3,22.0,8.0,36.4,0.14,0.38,13.3,1.0,0,0,3.6,3.6,0.17,-0.6,-0.6,Match Report,2023,Newcastle United
1388,1402,44,2023-05-22,20:00,Premier League,Matchweek 37,Mon,Home,D,0.0,0.0,Leicester City,0,23.0,3.0,13.0,0.0,0.0,15.9,0.0,0,0,2.1,2.1,0.1,-2.1,-2.1,Match Report,2023,Newcastle United
1389,1403,45,2023-05-28,16:30,Premier League,Matchweek 38,Sun,Away,D,1.0,1.0,Chelsea,1,13.0,4.0,30.8,0.08,0.25,17.1,0.0,0,0,1.7,1.7,0.13,-0.7,-0.7,Match Report,2023,Newcastle United
1390,1406,1,2022-08-06,12:30,Premier League,Matchweek 1,Sat,Away,D,2.0,2.0,Fulham,2,11.0,3.0,27.3,0.18,0.67,12.4,0.0,0,0,1.2,1.2,0.11,0.8,0.8,Match Report,2023,Liverpool
1391,1407,2,2022-08-15,20:00,Premier League,Matchweek 2,Mon,Home,D,1.0,1.0,Crystal Palace,1,24.0,4.0,16.7,0.04,0.25,17.4,0.0,0,0,2.0,2.0,0.09,-1.0,-1.0,Match Report,2023,Liverpool
1392,1408,3,2022-08-22,20:00,Premier League,Matchweek 3,Mon,Away,L,1.0,2.0,Manchester Utd,1,17.0,5.0,29.4,0.06,0.2,14.4,0.0,0,0,1.3,1.3,0.08,-0.3,-0.3,Match Report,2023,Liverpool
1393,1409,4,2022-08-27,15:00,Premier League,Matchweek 4,Sat,Home,W,9.0,0.0,Bournemouth,8,19.0,12.0,63.2,0.42,0.67,11.6,0.0,0,0,3.3,3.3,0.18,4.7,4.7,Match Report,2023,Liverpool
1394,1410,5,2022-08-31,20:00,Premier League,Matchweek 5,Wed,Home,W,2.0,1.0,Newcastle Utd,2,23.0,6.0,26.1,0.09,0.33,17.8,0.0,0,0,1.5,1.5,0.07,0.5,0.5,Match Report,2023,Liverpool
1395,1411,6,2022-09-03,12:30,Premier League,Matchweek 6,Sat,Away,D,0.0,0.0,Everton,0,23.0,8.0,34.8,0.0,0.0,13.1,0.0,0,0,2.1,2.1,0.1,-2.1,-2.1,Match Report,2023,Liverpool
1396,1414,9,2022-10-01,15:00,Premier League,Matchweek 9,Sat,Home,D,3.0,3.0,Brighton,2,15.0,7.0,46.7,0.13,0.29,16.8,1.0,0,0,1.5,1.5,0.1,0.5,0.5,Match Report,2023,Liverpool
1397,1416,11,2022-10-09,16:30,Premier League,Matchweek 10,Sun,Away,L,2.0,3.0,Arsenal,2,8.0,3.0,37.5,0.25,0.67,18.0,0.0,0,0,1.1,1.1,0.14,0.9,0.9,Match Report,2023,Liverpool
1398,1418,13,2022-10-16,16:30,Premier League,Matchweek 11,Sun,Home,W,1.0,0.0,Manchester City,1,13.0,2.0,15.4,0.08,0.5,17.5,0.0,0,0,2.1,2.1,0.16,-1.1,-1.1,Match Report,2023,Liverpool
1399,1419,14,2022-10-19,19:30,Premier League,Matchweek 12,Wed,Home,W,1.0,0.0,West Ham,1,22.0,7.0,31.8,0.05,0.14,17.5,0.0,0,0,1.7,1.7,0.08,-0.7,-0.7,Match Report,2023,Liverpool
1400,1420,15,2022-10-22,12:30,Premier League,Matchweek 13,Sat,Away,L,0.0,1.0,Nott'ham Forest,0,15.0,7.0,46.7,0.0,0.0,10.4,0.0,0,0,1.6,1.6,0.11,-1.6,-1.6,Match Report,2023,Liverpool
1401,1422,17,2022-10-29,19:45,Premier League,Matchweek 14,Sat,Home,L,1.0,2.0,Leeds United,1,22.0,10.0,45.5,0.05,0.1,16.4,0.0,0,0,1.7,1.7,0.08,-0.7,-0.7,Match Report,2023,Liverpool
1402,1424,19,2022-11-06,16:30,Premier League,Matchweek 15,Sun,Away,W,2.0,1.0,Tottenham,2,13.0,6.0,46.2,0.15,0.33,21.2,0.0,0,0,1.2,1.2,0.09,0.8,0.8,Match Report,2023,Liverpool
1403,1426,21,2022-11-12,15:00,Premier League,Matchweek 16,Sat,Home,W,3.0,1.0,Southampton,3,15.0,7.0,46.7,0.2,0.43,12.4,0.0,0,0,1.9,1.9,0.13,1.1,1.1,Match Report,2023,Liverpool
1404,1428,23,2022-12-26,17:30,Premier League,Matchweek 17,Mon,Away,W,3.0,1.0,Aston Villa,3,16.0,9.0,56.3,0.19,0.33,17.0,0.0,0,0,2.7,2.7,0.17,0.3,0.3,Match Report,2023,Liverpool
1405,1429,24,2022-12-30,20:00,Premier League,Matchweek 18,Fri,Home,W,2.0,1.0,Leicester City,0,21.0,5.0,23.8,0.0,0.0,18.4,1.0,0,0,2.2,2.2,0.11,-2.2,-2.2,Match Report,2023,Liverpool
1406,1430,25,2023-01-02,17:30,Premier League,Matchweek 19,Mon,Away,L,1.0,3.0,Brentford,1,16.0,5.0,31.3,0.06,0.2,15.3,0.0,0,0,0.9,0.9,0.06,0.1,0.1,Match Report,2023,Liverpool
1407,1432,27,2023-01-14,15:00,Premier League,Matchweek 20,Sat,Away,L,0.0,3.0,Brighton,0,6.0,2.0,33.3,0.0,0.0,12.8,0.0,0,0,1.0,1.0,0.17,-1.0,-1.0,Match Report,2023,Liverpool
1408,1434,29,2023-01-21,12:30,Premier League,Matchweek 21,Sat,Home,D,0.0,0.0,Chelsea,0,15.0,3.0,20.0,0.0,0.0,15.5,0.0,0,0,1.4,1.4,0.09,-1.4,-1.4,Match Report,2023,Liverpool
1409,1436,31,2023-02-04,15:00,Premier League,Matchweek 22,Sat,Away,L,0.0,3.0,Wolves,0,22.0,2.0,9.1,0.0,0.0,19.5,1.0,0,0,1.8,1.8,0.09,-1.8,-1.8,Match Report,2023,Liverpool
1410,1437,32,2023-02-13,20:00,Premier League,Matchweek 23,Mon,Home,W,2.0,0.0,Everton,2,15.0,6.0,40.0,0.13,0.33,16.7,1.0,0,0,2.3,2.3,0.16,-0.3,-0.3,Match Report,2023,Liverpool
1411,1438,33,2023-02-18,17:30,Premier League,Matchweek 24,Sat,Away,W,2.0,0.0,Newcastle Utd,2,13.0,7.0,53.8,0.15,0.29,16.4,1.0,0,0,1.9,1.9,0.14,0.1,0.1,Match Report,2023,Liverpool
1412,1440,35,2023-02-25,19:45,Premier League,Matchweek 25,Sat,Away,D,0.0,0.0,Crystal Palace,0,12.0,4.0,33.3,0.0,0.0,16.0,1.0,0,0,0.9,0.9,0.07,-0.9,-0.9,Match Report,2023,Liverpool
1413,1441,36,2023-03-01,20:00,Premier League,Matchweek 7,Wed,Home,W,2.0,0.0,Wolves,2,15.0,6.0,40.0,0.13,0.33,13.6,0.0,0,0,2.6,2.6,0.18,-0.6,-0.6,Match Report,2023,Liverpool
1414,1442,37,2023-03-05,16:30,Premier League,Matchweek 26,Sun,Home,W,7.0,0.0,Manchester Utd,7,18.0,8.0,44.4,0.39,0.88,12.7,0.0,0,0,2.8,2.8,0.15,4.2,4.2,Match Report,2023,Liverpool
1415,1443,38,2023-03-11,12:30,Premier League,Matchweek 27,Sat,Away,L,0.0,1.0,Bournemouth,0,14.0,5.0,35.7,0.0,0.0,18.5,0.0,0,1,1.7,1.0,0.07,-1.7,-1.0,Match Report,2023,Liverpool
1416,1445,40,2023-04-01,12:30,Premier League,Matchweek 29,Sat,Away,L,1.0,4.0,Manchester City,1,4.0,1.0,25.0,0.25,1.0,15.9,0.0,0,0,0.3,0.3,0.08,0.7,0.7,Match Report,2023,Liverpool
1417,1446,41,2023-04-04,20:00,Premier League,Matchweek 8,Tue,Away,D,0.0,0.0,Chelsea,0,7.0,3.0,42.9,0.0,0.0,25.4,0.0,0,0,0.3,0.3,0.05,-0.3,-0.3,Match Report,2023,Liverpool
1418,1447,42,2023-04-09,16:30,Premier League,Matchweek 30,Sun,Home,D,2.0,2.0,Arsenal,2,20.0,6.0,30.0,0.1,0.33,14.0,0.0,0,1,3.9,3.1,0.16,-1.9,-1.1,Match Report,2023,Liverpool
1419,1448,43,2023-04-17,20:00,Premier League,Matchweek 31,Mon,Away,W,6.0,1.0,Leeds United,6,13.0,7.0,53.8,0.46,0.86,12.9,0.0,0,0,2.7,2.7,0.21,3.3,3.3,Match Report,2023,Liverpool
1420,1449,44,2023-04-22,15:00,Premier League,Matchweek 32,Sat,Home,W,3.0,2.0,Nott'ham Forest,3,18.0,5.0,27.8,0.17,0.6,12.5,0.0,0,0,2.8,2.8,0.16,0.2,0.2,Match Report,2023,Liverpool
1421,1450,45,2023-04-26,19:45,Premier League,Matchweek 33,Wed,Away,W,2.0,1.0,West Ham,2,20.0,4.0,20.0,0.1,0.5,16.8,0.0,0,0,1.9,1.9,0.11,0.1,0.1,Match Report,2023,Liverpool
1422,1451,46,2023-04-30,16:30,Premier League,Matchweek 34,Sun,Home,W,4.0,3.0,Tottenham,4,11.0,3.0,27.3,0.27,1.0,16.1,0.0,1,1,2.2,1.4,0.13,1.8,1.6,Match Report,2023,Liverpool
1423,1452,47,2023-05-03,20:00,Premier League,Matchweek 28,Wed,Home,W,1.0,0.0,Fulham,1,14.0,2.0,14.3,0.0,0.0,22.6,0.0,1,1,1.8,1.0,0.07,-0.8,-1.0,Match Report,2023,Liverpool
1424,1453,48,2023-05-06,17:30,Premier League,Matchweek 35,Sat,Home,W,1.0,0.0,Brentford,1,15.0,5.0,33.3,0.07,0.2,18.8,0.0,0,0,2.2,2.2,0.15,-1.2,-1.2,Match Report,2023,Liverpool
1425,1454,49,2023-05-15,20:00,Premier League,Matchweek 36,Mon,Away,W,3.0,0.0,Leicester City,3,16.0,5.0,31.3,0.19,0.6,17.5,1.0,0,0,2.2,2.2,0.13,0.8,0.8,Match Report,2023,Liverpool
1426,1455,50,2023-05-20,15:00,Premier League,Matchweek 37,Sat,Home,D,1.0,1.0,Aston Villa,1,10.0,5.0,50.0,0.1,0.2,18.2,0.0,0,0,0.7,0.7,0.07,0.3,0.3,Match Report,2023,Liverpool
1427,1456,51,2023-05-28,16:30,Premier League,Matchweek 38,Sun,Away,D,4.0,4.0,Southampton,4,30.0,8.0,26.7,0.13,0.5,18.5,0.0,0,0,4.0,4.0,0.14,0.0,0.0,Match Report,2023,Liverpool
1428,1458,0,2022-08-07,14:00,Premier League,Matchweek 1,Sun,Away,W,2.0,1.0,Manchester Utd,2,15.0,4.0,26.7,0.13,0.5,17.4,0.0,0,0,1.5,1.5,0.1,0.5,0.5,Match Report,2023,Brighton and Hove Albion
1429,1459,1,2022-08-13,15:00,Premier League,Matchweek 2,Sat,Home,D,0.0,0.0,Newcastle Utd,0,13.0,5.0,38.5,0.0,0.0,17.3,0.0,0,0,1.5,1.5,0.12,-1.5,-1.5,Match Report,2023,Brighton and Hove Albion
1430,1460,2,2022-08-21,14:00,Premier League,Matchweek 3,Sun,Away,W,2.0,0.0,West Ham,2,10.0,1.0,10.0,0.1,1.0,18.8,0.0,1,1,1.7,0.9,0.09,0.3,0.1,Match Report,2023,Brighton and Hove Albion
1431,1462,4,2022-08-27,15:00,Premier League,Matchweek 4,Sat,Home,W,1.0,0.0,Leeds United,1,13.0,4.0,30.8,0.08,0.25,13.6,0.0,0,0,2.0,2.0,0.16,-1.0,-1.0,Match Report,2023,Brighton and Hove Albion
1432,1463,5,2022-08-30,19:30,Premier League,Matchweek 5,Tue,Away,L,1.0,2.0,Fulham,1,6.0,2.0,33.3,0.0,0.0,15.3,0.0,1,1,1.4,0.6,0.11,-0.4,-0.6,Match Report,2023,Brighton and Hove Albion
1433,1464,6,2022-09-04,14:00,Premier League,Matchweek 6,Sun,Home,W,5.0,2.0,Leicester City,4,22.0,10.0,45.5,0.14,0.3,19.6,2.0,1,1,2.6,2.0,0.09,1.4,1.0,Match Report,2023,Brighton and Hove Albion
1434,1465,7,2022-10-01,15:00,Premier League,Matchweek 9,Sat,Away,D,3.0,3.0,Liverpool,3,6.0,6.0,100.0,0.5,0.5,10.0,0.0,0,0,1.4,1.4,0.23,1.6,1.6,Match Report,2023,Brighton and Hove Albion
1435,1466,8,2022-10-08,17:30,Premier League,Matchweek 10,Sat,Home,L,0.0,1.0,Tottenham,0,14.0,4.0,28.6,0.0,0.0,18.5,0.0,0,0,0.7,0.7,0.05,-0.7,-0.7,Match Report,2023,Brighton and Hove Albion
1436,1467,9,2022-10-14,20:00,Premier League,Matchweek 11,Fri,Away,L,0.0,2.0,Brentford,0,21.0,7.0,33.3,0.0,0.0,17.2,0.0,0,0,1.9,1.9,0.09,-1.9,-1.9,Match Report,2023,Brighton and Hove Albion
1437,1468,10,2022-10-18,19:30,Premier League,Matchweek 12,Tue,Home,D,0.0,0.0,Nott'ham Forest,0,19.0,7.0,36.8,0.0,0.0,15.7,0.0,0,0,1.7,1.7,0.09,-1.7,-1.7,Match Report,2023,Brighton and Hove Albion
1438,1469,11,2022-10-22,15:00,Premier League,Matchweek 13,Sat,Away,L,1.0,3.0,Manchester City,1,8.0,2.0,25.0,0.13,0.5,19.8,0.0,0,0,0.5,0.5,0.06,0.5,0.5,Match Report,2023,Brighton and Hove Albion
1439,1470,12,2022-10-29,15:00,Premier League,Matchweek 14,Sat,Home,W,4.0,1.0,Chelsea,2,19.0,7.0,36.8,0.11,0.29,15.9,0.0,0,0,2.4,2.4,0.13,-0.4,-0.4,Match Report,2023,Brighton and Hove Albion
1440,1471,13,2022-11-05,15:00,Premier League,Matchweek 15,Sat,Away,W,3.0,2.0,Wolves,3,19.0,8.0,42.1,0.16,0.38,17.2,3.0,0,0,1.5,1.5,0.08,1.5,1.5,Match Report,2023,Brighton and Hove Albion
1441,1473,15,2022-11-13,14:00,Premier League,Matchweek 16,Sun,Home,L,1.0,2.0,Aston Villa,1,7.0,2.0,28.6,0.14,0.5,18.2,0.0,0,0,0.6,0.6,0.09,0.4,0.4,Match Report,2023,Brighton and Hove Albion
1442,1475,17,2022-12-26,15:00,Premier League,Matchweek 17,Mon,Away,W,3.0,1.0,Southampton,2,7.0,4.0,57.1,0.29,0.5,13.7,0.0,0,0,0.6,0.6,0.09,1.4,1.4,Match Report,2023,Brighton and Hove Albion
1443,1476,18,2022-12-31,17:30,Premier League,Matchweek 18,Sat,Home,L,2.0,4.0,Arsenal,2,9.0,5.0,55.6,0.22,0.4,13.5,0.0,0,0,1.2,1.2,0.13,0.8,0.8,Match Report,2023,Brighton and Hove Albion
1444,1477,19,2023-01-03,19:45,Premier League,Matchweek 19,Tue,Away,W,4.0,1.0,Everton,4,19.0,8.0,42.1,0.21,0.5,18.9,1.0,0,0,2.2,2.2,0.11,1.8,1.8,Match Report,2023,Brighton and Hove Albion
1445,1479,21,2023-01-14,15:00,Premier League,Matchweek 20,Sat,Home,W,3.0,0.0,Liverpool,3,16.0,8.0,50.0,0.19,0.38,16.3,0.0,0,0,1.9,1.9,0.12,1.1,1.1,Match Report,2023,Brighton and Hove Albion
1446,1480,22,2023-01-21,15:00,Premier League,Matchweek 21,Sat,Away,D,2.0,2.0,Leicester City,2,13.0,4.0,30.8,0.15,0.5,17.0,0.0,0,0,1.7,1.7,0.16,0.3,0.3,Match Report,2023,Brighton and Hove Albion
1447,1482,24,2023-02-04,15:00,Premier League,Matchweek 22,Sat,Home,W,1.0,0.0,Bournemouth,1,20.0,6.0,30.0,0.05,0.17,16.3,0.0,0,0,2.2,2.2,0.13,-1.2,-1.2,Match Report,2023,Brighton and Hove Albion
1448,1483,25,2023-02-11,15:00,Premier League,Matchweek 23,Sat,Away,D,1.0,1.0,Crystal Palace,1,17.0,7.0,41.2,0.06,0.14,13.6,1.0,0,0,2.5,2.5,0.15,-1.5,-1.5,Match Report,2023,Brighton and Hove Albion
1449,1484,26,2023-02-18,15:00,Premier League,Matchweek 24,Sat,Home,L,0.0,1.0,Fulham,0,21.0,7.0,33.3,0.0,0.0,15.6,1.0,0,0,2.2,2.2,0.11,-2.2,-2.2,Match Report,2023,Brighton and Hove Albion
1450,1486,28,2023-03-04,15:00,Premier League,Matchweek 26,Sat,Home,W,4.0,0.0,West Ham,4,19.0,8.0,42.1,0.16,0.38,16.3,0.0,1,1,3.5,2.7,0.15,0.5,0.3,Match Report,2023,Brighton and Hove Albion
1451,1487,29,2023-03-11,15:00,Premier League,Matchweek 27,Sat,Away,D,2.0,2.0,Leeds United,2,15.0,3.0,20.0,0.13,0.67,16.0,0.0,0,0,2.7,2.7,0.19,-0.7,-0.7,Match Report,2023,Brighton and Hove Albion
1452,1488,30,2023-03-15,19:30,Premier League,Matchweek 8,Wed,Home,W,1.0,0.0,Crystal Palace,1,11.0,5.0,45.5,0.09,0.2,20.5,1.0,0,0,0.6,0.6,0.05,0.4,0.4,Match Report,2023,Brighton and Hove Albion
1453,1490,32,2023-04-01,15:00,Premier League,Matchweek 29,Sat,Home,D,3.0,3.0,Brentford,3,32.0,13.0,40.6,0.06,0.15,16.7,1.0,1,1,4.2,3.6,0.12,-1.2,-1.6,Match Report,2023,Brighton and Hove Albion
1454,1491,33,2023-04-04,19:45,Premier League,Matchweek 7,Tue,Away,W,2.0,0.0,Bournemouth,2,16.0,6.0,37.5,0.13,0.33,16.9,0.0,0,0,2.7,2.7,0.17,-0.7,-0.7,Match Report,2023,Brighton and Hove Albion
1455,1492,34,2023-04-08,15:00,Premier League,Matchweek 30,Sat,Away,L,1.0,2.0,Tottenham,1,17.0,4.0,23.5,0.06,0.25,16.4,0.0,0,0,1.4,1.4,0.08,-0.4,-0.4,Match Report,2023,Brighton and Hove Albion
1456,1493,35,2023-04-15,15:00,Premier League,Matchweek 31,Sat,Away,W,2.0,1.0,Chelsea,2,26.0,10.0,38.5,0.08,0.2,17.2,0.0,0,0,2.9,2.9,0.12,-0.9,-0.9,Match Report,2023,Brighton and Hove Albion
1457,1495,37,2023-04-26,19:30,Premier League,Matchweek 33,Wed,Away,L,1.0,3.0,Nott'ham Forest,1,17.0,7.0,41.2,0.06,0.14,17.2,0.0,0,0,2.3,2.3,0.14,-1.3,-1.3,Match Report,2023,Brighton and Hove Albion
1458,1496,38,2023-04-29,15:00,Premier League,Matchweek 34,Sat,Home,W,6.0,0.0,Wolves,6,22.0,8.0,36.4,0.27,0.75,16.5,0.0,0,0,3.3,3.3,0.15,2.7,2.7,Match Report,2023,Brighton and Hove Albion
1459,1497,39,2023-05-04,20:00,Premier League,Matchweek 28,Thu,Home,W,1.0,0.0,Manchester Utd,1,21.0,5.0,23.8,0.0,0.0,19.3,0.0,1,1,2.3,1.5,0.07,-1.3,-1.5,Match Report,2023,Brighton and Hove Albion
1460,1498,40,2023-05-08,17:30,Premier League,Matchweek 35,Mon,Home,L,1.0,5.0,Everton,1,23.0,5.0,21.7,0.04,0.2,13.3,0.0,0,0,3.2,3.2,0.15,-2.2,-2.2,Match Report,2023,Brighton and Hove Albion
1461,1499,41,2023-05-14,16:30,Premier League,Matchweek 36,Sun,Away,W,3.0,0.0,Arsenal,3,12.0,6.0,50.0,0.25,0.5,18.3,0.0,0,0,1.7,1.7,0.14,1.3,1.3,Match Report,2023,Brighton and Hove Albion
1462,1500,42,2023-05-18,19:30,Premier League,Matchweek 25,Thu,Away,L,1.0,4.0,Newcastle Utd,1,8.0,2.0,25.0,0.13,0.5,17.2,0.0,0,0,0.5,0.5,0.06,0.5,0.5,Match Report,2023,Brighton and Hove Albion
1463,1501,43,2023-05-21,14:00,Premier League,Matchweek 37,Sun,Home,W,3.0,1.0,Southampton,3,26.0,8.0,30.8,0.12,0.38,17.4,0.0,0,0,2.5,2.5,0.1,0.5,0.5,Match Report,2023,Brighton and Hove Albion
1464,1502,44,2023-05-24,20:00,Premier League,Matchweek 32,Wed,Home,D,1.0,1.0,Manchester City,1,20.0,7.0,35.0,0.05,0.14,17.4,2.0,0,0,2.2,2.2,0.12,-1.2,-1.2,Match Report,2023,Brighton and Hove Albion
1465,1503,45,2023-05-28,16:30,Premier League,Matchweek 38,Sun,Away,L,1.0,2.0,Aston Villa,1,8.0,4.0,50.0,0.13,0.25,18.2,0.0,0,0,1.4,1.4,0.17,-0.4,-0.4,Match Report,2023,Brighton and Hove Albion
1466,1505,0,2022-08-06,15:00,Premier League,Matchweek 1,Sat,Away,L,0.0,2.0,Bournemouth,0,15.0,2.0,13.3,0.0,0.0,24.6,0.0,0,0,0.7,0.7,0.04,-0.7,-0.7,Match Report,2023,Aston Villa
1467,1506,1,2022-08-13,12:30,Premier League,Matchweek 2,Sat,Home,W,2.0,1.0,Everton,2,12.0,3.0,25.0,0.17,0.67,13.3,0.0,0,0,2.3,2.3,0.19,-0.3,-0.3,Match Report,2023,Aston Villa
1468,1507,2,2022-08-20,15:00,Premier League,Matchweek 3,Sat,Away,L,1.0,3.0,Crystal Palace,1,13.0,5.0,38.5,0.08,0.2,17.8,0.0,0,0,0.9,0.9,0.07,0.1,0.1,Match Report,2023,Aston Villa
1469,1509,4,2022-08-28,14:00,Premier League,Matchweek 4,Sun,Home,L,0.0,1.0,West Ham,0,9.0,3.0,33.3,0.0,0.0,20.5,0.0,0,0,0.5,0.5,0.05,-0.5,-0.5,Match Report,2023,Aston Villa
1470,1510,5,2022-08-31,19:30,Premier League,Matchweek 5,Wed,Away,L,1.0,2.0,Arsenal,1,4.0,3.0,75.0,0.25,0.33,19.2,0.0,0,0,0.4,0.4,0.11,0.6,0.6,Match Report,2023,Aston Villa
1471,1511,6,2022-09-03,17:30,Premier League,Matchweek 6,Sat,Home,D,1.0,1.0,Manchester City,1,3.0,1.0,33.3,0.33,1.0,16.8,0.0,0,0,0.3,0.3,0.11,0.7,0.7,Match Report,2023,Aston Villa
1472,1512,7,2022-09-16,20:00,Premier League,Matchweek 8,Fri,Home,W,1.0,0.0,Southampton,1,11.0,3.0,27.3,0.09,0.33,20.7,1.0,0,0,1.5,1.5,0.14,-0.5,-0.5,Match Report,2023,Aston Villa
1473,1513,8,2022-10-02,16:30,Premier League,Matchweek 9,Sun,Away,D,0.0,0.0,Leeds United,0,19.0,6.0,31.6,0.0,0.0,17.8,0.0,0,0,2.2,2.2,0.12,-2.2,-2.2,Match Report,2023,Aston Villa
1474,1514,9,2022-10-10,20:00,Premier League,Matchweek 10,Mon,Away,D,1.0,1.0,Nott'ham Forest,1,12.0,2.0,16.7,0.08,0.5,20.2,3.0,0,0,0.7,0.7,0.06,0.3,0.3,Match Report,2023,Aston Villa
1475,1515,10,2022-10-16,14:00,Premier League,Matchweek 11,Sun,Home,L,0.0,2.0,Chelsea,0,18.0,7.0,38.9,0.0,0.0,15.3,1.0,0,0,1.8,1.8,0.1,-1.8,-1.8,Match Report,2023,Aston Villa
1476,1516,11,2022-10-20,19:30,Premier League,Matchweek 12,Thu,Away,L,0.0,3.0,Fulham,0,12.0,6.0,50.0,0.0,0.0,15.0,0.0,0,0,1.2,1.2,0.1,-1.2,-1.2,Match Report,2023,Aston Villa
1477,1517,12,2022-10-23,14:00,Premier League,Matchweek 13,Sun,Home,W,4.0,0.0,Brentford,4,18.0,10.0,55.6,0.17,0.3,18.7,0.0,1,1,2.8,2.1,0.13,1.2,0.9,Match Report,2023,Aston Villa
1478,1518,13,2022-10-29,15:00,Premier League,Matchweek 14,Sat,Away,L,0.0,4.0,Newcastle Utd,0,3.0,0.0,0.0,0.0,,13.9,0.0,0,0,0.4,0.4,0.12,-0.4,-0.4,Match Report,2023,Aston Villa
1479,1519,14,2022-11-06,14:00,Premier League,Matchweek 15,Sun,Home,W,3.0,1.0,Manchester Utd,3,6.0,4.0,66.7,0.5,0.75,22.7,1.0,0,0,0.6,0.6,0.11,2.4,2.4,Match Report,2023,Aston Villa
1480,1521,16,2022-11-13,14:00,Premier League,Matchweek 16,Sun,Away,W,2.0,1.0,Brighton,2,7.0,1.0,14.3,0.14,1.0,25.1,0.0,1,1,1.5,0.7,0.1,0.5,0.3,Match Report,2023,Aston Villa
1481,1522,17,2022-12-26,17:30,Premier League,Matchweek 17,Mon,Home,L,1.0,3.0,Liverpool,1,12.0,6.0,50.0,0.08,0.17,15.3,0.0,0,0,1.4,1.4,0.12,-0.4,-0.4,Match Report,2023,Aston Villa
1482,1523,18,2023-01-01,14:00,Premier League,Matchweek 18,Sun,Away,W,2.0,0.0,Tottenham,2,13.0,4.0,30.8,0.15,0.5,20.8,1.0,0,0,1.0,1.0,0.08,1.0,1.0,Match Report,2023,Aston Villa
1483,1524,19,2023-01-04,20:00,Premier League,Matchweek 19,Wed,Home,D,1.0,1.0,Wolves,1,13.0,3.0,23.1,0.08,0.33,19.2,1.0,0,0,1.8,1.8,0.14,-0.8,-0.8,Match Report,2023,Aston Villa
1484,1526,21,2023-01-13,20:00,Premier League,Matchweek 20,Fri,Home,W,2.0,1.0,Leeds United,2,11.0,5.0,45.5,0.18,0.4,16.9,0.0,0,0,1.2,1.2,0.11,0.8,0.8,Match Report,2023,Aston Villa
1485,1527,22,2023-01-21,15:00,Premier League,Matchweek 21,Sat,Away,W,1.0,0.0,Southampton,1,16.0,5.0,31.3,0.06,0.2,17.0,1.0,0,0,1.4,1.4,0.09,-0.4,-0.4,Match Report,2023,Aston Villa
1486,1528,23,2023-02-04,15:00,Premier League,Matchweek 22,Sat,Home,L,2.0,4.0,Leicester City,1,19.0,4.0,21.1,0.05,0.25,17.5,0.0,0,0,1.7,1.7,0.09,-0.7,-0.7,Match Report,2023,Aston Villa
1487,1529,24,2023-02-12,16:30,Premier League,Matchweek 23,Sun,Away,L,1.0,3.0,Manchester City,1,6.0,2.0,33.3,0.17,0.5,22.8,0.0,0,0,0.3,0.3,0.05,0.7,0.7,Match Report,2023,Aston Villa
1488,1530,25,2023-02-18,12:30,Premier League,Matchweek 24,Sat,Home,L,2.0,4.0,Arsenal,2,7.0,5.0,71.4,0.29,0.4,23.3,1.0,0,0,0.5,0.5,0.07,1.5,1.5,Match Report,2023,Aston Villa
1489,1531,26,2023-02-25,15:00,Premier League,Matchweek 25,Sat,Away,W,2.0,0.0,Everton,2,8.0,4.0,50.0,0.13,0.25,22.1,1.0,1,1,1.9,1.1,0.14,0.1,-0.1,Match Report,2023,Aston Villa
1490,1532,27,2023-03-04,15:00,Premier League,Matchweek 26,Sat,Home,W,1.0,0.0,Crystal Palace,0,8.0,1.0,12.5,0.0,0.0,14.8,0.0,0,0,1.2,1.2,0.15,-1.2,-1.2,Match Report,2023,Aston Villa
1491,1533,28,2023-03-12,14:00,Premier League,Matchweek 27,Sun,Away,D,1.0,1.0,West Ham,1,12.0,4.0,33.3,0.08,0.25,13.3,0.0,0,0,1.5,1.5,0.13,-0.5,-0.5,Match Report,2023,Aston Villa
1492,1534,29,2023-03-18,15:00,Premier League,Matchweek 28,Sat,Home,W,3.0,0.0,Bournemouth,3,20.0,9.0,45.0,0.15,0.33,13.9,0.0,0,0,3.5,3.5,0.18,-0.5,-0.5,Match Report,2023,Aston Villa
1493,1535,30,2023-04-01,17:30,Premier League,Matchweek 29,Sat,Away,W,2.0,0.0,Chelsea,2,5.0,2.0,40.0,0.4,1.0,22.5,0.0,0,0,0.9,0.9,0.18,1.1,1.1,Match Report,2023,Aston Villa
1494,1536,31,2023-04-04,19:45,Premier League,Matchweek 7,Tue,Away,W,2.0,1.0,Leicester City,2,15.0,5.0,33.3,0.13,0.4,20.3,1.0,0,0,1.0,1.0,0.07,1.0,1.0,Match Report,2023,Aston Villa
1495,1537,32,2023-04-08,15:00,Premier League,Matchweek 30,Sat,Home,W,2.0,0.0,Nott'ham Forest,2,8.0,3.0,37.5,0.25,0.67,12.4,0.0,0,0,1.3,1.3,0.16,0.7,0.7,Match Report,2023,Aston Villa
1496,1538,33,2023-04-15,12:30,Premier League,Matchweek 31,Sat,Home,W,3.0,0.0,Newcastle Utd,3,16.0,6.0,37.5,0.19,0.5,18.3,0.0,0,0,1.9,1.9,0.12,1.1,1.1,Match Report,2023,Aston Villa
1497,1539,34,2023-04-22,15:00,Premier League,Matchweek 32,Sat,Away,D,1.0,1.0,Brentford,1,14.0,2.0,14.3,0.07,0.5,18.6,0.0,0,0,1.5,1.5,0.12,-0.5,-0.5,Match Report,2023,Aston Villa
1498,1540,35,2023-04-25,19:45,Premier League,Matchweek 33,Tue,Home,W,1.0,0.0,Fulham,1,14.0,3.0,21.4,0.07,0.33,16.4,0.0,0,0,1.0,1.0,0.07,0.0,0.0,Match Report,2023,Aston Villa
1499,1541,36,2023-04-30,14:00,Premier League,Matchweek 34,Sun,Away,L,0.0,1.0,Manchester Utd,0,7.0,1.0,14.3,0.0,0.0,17.7,0.0,0,0,0.6,0.6,0.08,-0.6,-0.6,Match Report,2023,Aston Villa
1500,1542,37,2023-05-06,15:00,Premier League,Matchweek 35,Sat,Away,L,0.0,1.0,Wolves,0,16.0,3.0,18.8,0.0,0.0,16.0,1.0,0,0,1.5,1.5,0.09,-1.5,-1.5,Match Report,2023,Aston Villa
1501,1543,38,2023-05-13,15:00,Premier League,Matchweek 36,Sat,Home,W,2.0,1.0,Tottenham,2,8.0,4.0,50.0,0.25,0.5,15.4,1.0,0,0,1.2,1.2,0.15,0.8,0.8,Match Report,2023,Aston Villa
1502,1544,39,2023-05-20,15:00,Premier League,Matchweek 37,Sat,Away,D,1.0,1.0,Liverpool,1,5.0,3.0,60.0,0.2,0.33,19.5,0.0,0,1,1.3,0.6,0.11,-0.3,0.4,Match Report,2023,Aston Villa
1503,1545,40,2023-05-28,16:30,Premier League,Matchweek 38,Sun,Home,W,2.0,1.0,Brighton,2,12.0,5.0,41.7,0.17,0.4,18.2,4.0,0,0,2.8,2.8,0.24,-0.8,-0.8,Match Report,2023,Aston Villa
1504,1547,0,2022-08-06,15:00,Premier League,Matchweek 1,Sat,Home,W,4.0,1.0,Southampton,3,18.0,8.0,44.4,0.17,0.38,16.5,0.0,0,0,1.5,1.5,0.09,1.5,1.5,Match Report,2023,Tottenham Hotspur
1505,1548,1,2022-08-14,16:30,Premier League,Matchweek 2,Sun,Away,D,2.0,2.0,Chelsea,2,10.0,5.0,50.0,0.2,0.4,13.4,0.0,0,0,1.0,1.0,0.1,1.0,1.0,Match Report,2023,Tottenham Hotspur
1506,1549,2,2022-08-20,12:30,Premier League,Matchweek 3,Sat,Home,W,1.0,0.0,Wolves,1,11.0,4.0,36.4,0.09,0.25,11.7,0.0,0,0,1.7,1.7,0.15,-0.7,-0.7,Match Report,2023,Tottenham Hotspur
1507,1550,3,2022-08-28,16:30,Premier League,Matchweek 4,Sun,Away,W,2.0,0.0,Nott'ham Forest,2,17.0,5.0,29.4,0.12,0.4,19.7,0.0,0,1,2.4,1.6,0.1,-0.4,0.4,Match Report,2023,Tottenham Hotspur
1508,1551,4,2022-08-31,19:45,Premier League,Matchweek 5,Wed,Away,D,1.0,1.0,West Ham,0,12.0,3.0,25.0,0.0,0.0,16.8,0.0,0,0,0.6,0.6,0.05,-0.6,-0.6,Match Report,2023,Tottenham Hotspur
1509,1552,5,2022-09-03,15:00,Premier League,Matchweek 6,Sat,Home,W,2.0,1.0,Fulham,2,23.0,10.0,43.5,0.09,0.2,15.5,1.0,0,0,2.9,2.9,0.14,-0.9,-0.9,Match Report,2023,Tottenham Hotspur
1510,1555,8,2022-09-17,17:30,Premier League,Matchweek 8,Sat,Home,W,6.0,2.0,Leicester City,6,16.0,11.0,68.8,0.38,0.55,16.5,0.0,0,0,2.2,2.2,0.14,3.8,3.8,Match Report,2023,Tottenham Hotspur
1511,1556,9,2022-10-01,12:30,Premier League,Matchweek 9,Sat,Away,L,1.0,3.0,Arsenal,1,6.0,2.0,33.3,0.0,0.0,19.9,0.0,1,1,1.6,0.8,0.13,-0.6,-0.8,Match Report,2023,Tottenham Hotspur
1512,1558,11,2022-10-08,17:30,Premier League,Matchweek 10,Sat,Away,W,1.0,0.0,Brighton,1,8.0,3.0,37.5,0.13,0.33,18.7,1.0,0,0,0.8,0.8,0.1,0.2,0.2,Match Report,2023,Tottenham Hotspur
1513,1560,13,2022-10-15,17:30,Premier League,Matchweek 11,Sat,Home,W,2.0,0.0,Everton,2,20.0,6.0,30.0,0.05,0.17,17.2,1.0,1,1,2.2,1.5,0.07,-0.2,-0.5,Match Report,2023,Tottenham Hotspur
1514,1561,14,2022-10-19,20:15,Premier League,Matchweek 12,Wed,Away,L,0.0,2.0,Manchester Utd,0,9.0,2.0,22.2,0.0,0.0,14.9,0.0,0,0,0.6,0.6,0.07,-0.6,-0.6,Match Report,2023,Tottenham Hotspur
1515,1562,15,2022-10-23,16:30,Premier League,Matchweek 13,Sun,Home,L,1.0,2.0,Newcastle Utd,1,17.0,4.0,23.5,0.06,0.25,16.9,0.0,0,0,1.6,1.6,0.1,-0.6,-0.6,Match Report,2023,Tottenham Hotspur
1516,1564,17,2022-10-29,15:00,Premier League,Matchweek 14,Sat,Away,W,3.0,2.0,Bournemouth,3,23.0,7.0,30.4,0.13,0.43,15.1,1.0,0,0,2.0,2.0,0.09,1.0,1.0,Match Report,2023,Tottenham Hotspur
1517,1566,19,2022-11-06,16:30,Premier League,Matchweek 15,Sun,Home,L,1.0,2.0,Liverpool,1,14.0,5.0,35.7,0.07,0.2,14.4,0.0,0,0,1.2,1.2,0.09,-0.2,-0.2,Match Report,2023,Tottenham Hotspur
1518,1568,21,2022-11-12,15:00,Premier League,Matchweek 16,Sat,Home,W,4.0,3.0,Leeds United,4,14.0,7.0,50.0,0.29,0.57,14.5,0.0,0,0,1.8,1.8,0.13,2.2,2.2,Match Report,2023,Tottenham Hotspur
1519,1569,22,2022-12-26,12:30,Premier League,Matchweek 17,Mon,Away,D,2.0,2.0,Brentford,2,15.0,8.0,53.3,0.13,0.25,19.7,1.0,0,0,1.1,1.1,0.07,0.9,0.9,Match Report,2023,Tottenham Hotspur
1520,1570,23,2023-01-01,14:00,Premier League,Matchweek 18,Sun,Home,L,0.0,2.0,Aston Villa,0,6.0,1.0,16.7,0.0,0.0,15.2,1.0,0,0,0.7,0.7,0.11,-0.7,-0.7,Match Report,2023,Tottenham Hotspur
1521,1571,24,2023-01-04,20:00,Premier League,Matchweek 19,Wed,Away,W,4.0,0.0,Crystal Palace,4,14.0,6.0,42.9,0.29,0.67,16.2,0.0,0,0,1.4,1.4,0.1,2.6,2.6,Match Report,2023,Tottenham Hotspur
1522,1573,26,2023-01-15,16:30,Premier League,Matchweek 20,Sun,Home,L,0.0,2.0,Arsenal,0,17.0,7.0,41.2,0.0,0.0,16.3,1.0,0,0,1.6,1.6,0.09,-1.6,-1.6,Match Report,2023,Tottenham Hotspur
1523,1574,27,2023-01-19,20:00,Premier League,Matchweek 7,Thu,Away,L,2.0,4.0,Manchester City,2,9.0,3.0,33.3,0.22,0.67,16.5,0.0,0,0,0.8,0.8,0.09,1.2,1.2,Match Report,2023,Tottenham Hotspur
1524,1575,28,2023-01-23,20:00,Premier League,Matchweek 21,Mon,Away,W,1.0,0.0,Fulham,1,10.0,3.0,30.0,0.1,0.33,17.0,1.0,0,0,0.9,0.9,0.09,0.1,0.1,Match Report,2023,Tottenham Hotspur
1525,1577,30,2023-02-05,16:30,Premier League,Matchweek 22,Sun,Home,W,1.0,0.0,Manchester City,1,12.0,3.0,25.0,0.08,0.33,14.7,0.0,0,0,1.4,1.4,0.12,-0.4,-0.4,Match Report,2023,Tottenham Hotspur
1526,1578,31,2023-02-11,15:00,Premier League,Matchweek 23,Sat,Away,L,1.0,4.0,Leicester City,1,11.0,4.0,36.4,0.09,0.25,16.8,2.0,0,0,1.3,1.3,0.12,-0.3,-0.3,Match Report,2023,Tottenham Hotspur
1527,1580,33,2023-02-19,16:30,Premier League,Matchweek 24,Sun,Home,W,2.0,0.0,West Ham,2,16.0,6.0,37.5,0.13,0.33,21.5,0.0,0,0,1.5,1.5,0.1,0.5,0.5,Match Report,2023,Tottenham Hotspur
1528,1581,34,2023-02-26,13:30,Premier League,Matchweek 25,Sun,Home,W,2.0,0.0,Chelsea,2,8.0,3.0,37.5,0.25,0.67,16.5,0.0,0,0,0.8,0.8,0.1,1.2,1.2,Match Report,2023,Tottenham Hotspur
1529,1583,36,2023-03-04,15:00,Premier League,Matchweek 26,Sat,Away,L,0.0,1.0,Wolves,0,21.0,6.0,28.6,0.0,0.0,20.6,2.0,0,0,1.2,1.2,0.06,-1.2,-1.2,Match Report,2023,Tottenham Hotspur
1530,1585,38,2023-03-11,15:00,Premier League,Matchweek 27,Sat,Home,W,3.0,1.0,Nott'ham Forest,3,14.0,6.0,42.9,0.14,0.33,14.8,0.0,1,1,2.0,1.2,0.09,1.0,0.8,Match Report,2023,Tottenham Hotspur
1531,1586,39,2023-03-18,15:00,Premier League,Matchweek 28,Sat,Away,D,3.0,3.0,Southampton,3,17.0,3.0,17.6,0.18,1.0,15.8,0.0,0,0,2.3,2.3,0.13,0.7,0.7,Match Report,2023,Tottenham Hotspur
1532,1587,40,2023-04-03,20:00,Premier League,Matchweek 29,Mon,Away,D,1.0,1.0,Everton,1,7.0,0.0,0.0,0.0,,19.6,0.0,1,1,1.4,0.6,0.09,-0.4,-0.6,Match Report,2023,Tottenham Hotspur
1533,1588,41,2023-04-08,15:00,Premier League,Matchweek 30,Sat,Home,W,2.0,1.0,Brighton,2,9.0,3.0,33.3,0.22,0.67,15.2,0.0,0,0,0.8,0.8,0.09,1.2,1.2,Match Report,2023,Tottenham Hotspur
1534,1589,42,2023-04-15,15:00,Premier League,Matchweek 31,Sat,Home,L,2.0,3.0,Bournemouth,2,24.0,8.0,33.3,0.08,0.25,17.9,1.0,0,0,2.2,2.2,0.09,-0.2,-0.2,Match Report,2023,Tottenham Hotspur
1535,1590,43,2023-04-23,14:00,Premier League,Matchweek 32,Sun,Away,L,1.0,6.0,Newcastle Utd,1,11.0,3.0,27.3,0.09,0.33,17.2,0.0,0,0,1.0,1.0,0.09,0.0,0.0,Match Report,2023,Tottenham Hotspur
1536,1591,44,2023-04-27,20:15,Premier League,Matchweek 33,Thu,Home,D,2.0,2.0,Manchester Utd,2,18.0,7.0,38.9,0.11,0.29,16.5,0.0,0,0,2.5,2.5,0.14,-0.5,-0.5,Match Report,2023,Tottenham Hotspur
1537,1592,45,2023-04-30,16:30,Premier League,Matchweek 34,Sun,Away,L,3.0,4.0,Liverpool,3,10.0,6.0,60.0,0.3,0.5,20.1,0.0,0,0,2.0,2.0,0.2,1.0,1.0,Match Report,2023,Tottenham Hotspur
1538,1593,46,2023-05-06,15:00,Premier League,Matchweek 35,Sat,Home,W,1.0,0.0,Crystal Palace,1,8.0,3.0,37.5,0.13,0.33,12.7,0.0,0,0,0.9,0.9,0.11,0.1,0.1,Match Report,2023,Tottenham Hotspur
1539,1594,47,2023-05-13,15:00,Premier League,Matchweek 36,Sat,Away,L,1.0,2.0,Aston Villa,1,4.0,1.0,25.0,0.0,0.0,20.3,0.0,1,1,1.4,0.6,0.14,-0.4,-0.6,Match Report,2023,Tottenham Hotspur
1540,1595,48,2023-05-20,12:30,Premier League,Matchweek 37,Sat,Home,L,1.0,3.0,Brentford,1,22.0,7.0,31.8,0.05,0.14,15.4,1.0,0,0,1.7,1.7,0.08,-0.7,-0.7,Match Report,2023,Tottenham Hotspur
1541,1596,49,2023-05-28,16:30,Premier League,Matchweek 38,Sun,Away,W,4.0,1.0,Leeds United,4,11.0,7.0,63.6,0.36,0.57,14.5,0.0,0,0,2.2,2.2,0.2,1.8,1.8,Match Report,2023,Tottenham Hotspur
1542,1598,0,2022-08-07,14:00,Premier League,Matchweek 1,Sun,Away,D,2.0,2.0,Leicester City,2,8.0,3.0,37.5,0.25,0.67,17.0,0.0,0,0,0.8,0.8,0.1,1.2,1.2,Match Report,2023,Brentford
1543,1599,1,2022-08-13,17:30,Premier League,Matchweek 2,Sat,Home,W,4.0,0.0,Manchester Utd,4,13.0,7.0,53.8,0.31,0.57,18.6,1.0,0,0,1.6,1.6,0.12,2.4,2.4,Match Report,2023,Brentford
1544,1600,2,2022-08-20,15:00,Premier League,Matchweek 3,Sat,Away,L,2.0,3.0,Fulham,2,13.0,5.0,38.5,0.15,0.4,14.1,0.0,0,0,1.8,1.8,0.14,0.2,0.2,Match Report,2023,Brentford
1545,1602,4,2022-08-27,15:00,Premier League,Matchweek 4,Sat,Home,D,1.0,1.0,Everton,1,20.0,5.0,25.0,0.05,0.2,14.8,0.0,0,0,2.1,2.1,0.11,-1.1,-1.1,Match Report,2023,Brentford
1546,1603,5,2022-08-30,19:30,Premier League,Matchweek 5,Tue,Away,D,1.0,1.0,Crystal Palace,1,9.0,3.0,33.3,0.11,0.33,10.7,0.0,0,0,1.4,1.4,0.16,-0.4,-0.4,Match Report,2023,Brentford
1547,1604,6,2022-09-03,15:00,Premier League,Matchweek 6,Sat,Home,W,5.0,2.0,Leeds United,5,13.0,7.0,53.8,0.31,0.57,18.8,2.0,1,1,2.3,1.6,0.13,2.7,2.4,Match Report,2023,Brentford
1548,1605,7,2022-09-18,12:00,Premier League,Matchweek 8,Sun,Home,L,0.0,3.0,Arsenal,0,5.0,2.0,40.0,0.0,0.0,13.9,1.0,0,0,0.5,0.5,0.11,-0.5,-0.5,Match Report,2023,Brentford
1549,1606,8,2022-10-01,15:00,Premier League,Matchweek 9,Sat,Away,D,0.0,0.0,Bournemouth,0,13.0,4.0,30.8,0.0,0.0,15.2,1.0,0,0,0.9,0.9,0.07,-0.9,-0.9,Match Report,2023,Brentford
1550,1607,9,2022-10-08,15:00,Premier League,Matchweek 10,Sat,Away,L,1.0,5.0,Newcastle Utd,1,5.0,2.0,40.0,0.0,0.0,18.2,0.0,1,1,1.2,0.4,0.08,-0.2,-0.4,Match Report,2023,Brentford
1551,1608,10,2022-10-14,20:00,Premier League,Matchweek 11,Fri,Home,W,2.0,0.0,Brighton,2,6.0,1.0,16.7,0.17,1.0,16.3,0.0,1,1,1.5,0.7,0.11,0.5,0.3,Match Report,2023,Brentford
1552,1609,11,2022-10-19,19:30,Premier League,Matchweek 12,Wed,Home,D,0.0,0.0,Chelsea,0,8.0,5.0,62.5,0.0,0.0,14.5,0.0,0,0,1.3,1.3,0.16,-1.3,-1.3,Match Report,2023,Brentford
1553,1610,12,2022-10-23,14:00,Premier League,Matchweek 13,Sun,Away,L,0.0,4.0,Aston Villa,0,12.0,3.0,25.0,0.0,0.0,16.8,0.0,0,0,0.9,0.9,0.08,-0.9,-0.9,Match Report,2023,Brentford
1554,1611,13,2022-10-29,15:00,Premier League,Matchweek 14,Sat,Home,D,1.0,1.0,Wolves,1,12.0,3.0,25.0,0.08,0.33,15.4,0.0,0,0,1.4,1.4,0.12,-0.4,-0.4,Match Report,2023,Brentford
1555,1612,14,2022-11-05,15:00,Premier League,Matchweek 15,Sat,Away,D,2.0,2.0,Nott'ham Forest,2,5.0,1.0,20.0,0.2,1.0,20.3,0.0,1,1,1.5,0.7,0.13,0.5,0.3,Match Report,2023,Brentford
1556,1614,16,2022-11-12,12:30,Premier League,Matchweek 16,Sat,Away,W,2.0,1.0,Manchester City,2,10.0,7.0,70.0,0.2,0.29,15.2,0.0,0,0,1.3,1.3,0.13,0.7,0.7,Match Report,2023,Brentford
1557,1615,17,2022-12-26,12:30,Premier League,Matchweek 17,Mon,Home,D,2.0,2.0,Tottenham,2,9.0,4.0,44.4,0.22,0.5,10.2,0.0,0,0,2.0,2.0,0.24,0.0,0.0,Match Report,2023,Brentford
1558,1616,18,2022-12-30,19:45,Premier League,Matchweek 18,Fri,Away,W,2.0,0.0,West Ham,2,9.0,6.0,66.7,0.22,0.33,13.4,1.0,0,0,1.6,1.6,0.2,0.4,0.4,Match Report,2023,Brentford
1559,1617,19,2023-01-02,17:30,Premier League,Matchweek 19,Mon,Home,W,3.0,1.0,Liverpool,2,10.0,7.0,70.0,0.2,0.29,10.5,0.0,0,0,1.6,1.6,0.18,0.4,0.4,Match Report,2023,Brentford
1560,1619,21,2023-01-14,17:30,Premier League,Matchweek 20,Sat,Home,W,2.0,0.0,Bournemouth,2,11.0,3.0,27.3,0.09,0.33,23.3,0.0,1,1,1.4,0.6,0.06,0.6,0.4,Match Report,2023,Brentford
1561,1620,22,2023-01-22,14:00,Premier League,Matchweek 21,Sun,Away,D,0.0,0.0,Leeds United,0,6.0,0.0,0.0,0.0,,24.2,1.0,0,0,0.4,0.4,0.07,-0.4,-0.4,Match Report,2023,Brentford
1562,1621,23,2023-02-04,15:00,Premier League,Matchweek 22,Sat,Home,W,3.0,0.0,Southampton,3,14.0,3.0,21.4,0.21,1.0,12.1,0.0,0,0,2.0,2.0,0.14,1.0,1.0,Match Report,2023,Brentford
1563,1622,24,2023-02-11,15:00,Premier League,Matchweek 23,Sat,Away,D,1.0,1.0,Arsenal,1,9.0,2.0,22.2,0.11,0.5,12.9,0.0,0,0,2.0,2.0,0.22,-1.0,-1.0,Match Report,2023,Brentford
1564,1623,25,2023-02-18,15:00,Premier League,Matchweek 24,Sat,Home,D,1.0,1.0,Crystal Palace,1,12.0,5.0,41.7,0.08,0.2,19.0,0.0,0,0,0.9,0.9,0.07,0.1,0.1,Match Report,2023,Brentford
1565,1624,26,2023-03-06,20:00,Premier League,Matchweek 26,Mon,Home,W,3.0,2.0,Fulham,3,13.0,5.0,38.5,0.15,0.4,19.8,2.0,1,1,2.1,1.3,0.1,0.9,0.7,Match Report,2023,Brentford
1566,1625,27,2023-03-11,15:00,Premier League,Matchweek 27,Sat,Away,L,0.0,1.0,Everton,0,12.0,3.0,25.0,0.0,0.0,13.0,1.0,0,0,2.0,2.0,0.18,-2.0,-2.0,Match Report,2023,Brentford
1567,1626,28,2023-03-15,19:30,Premier League,Matchweek 7,Wed,Away,W,2.0,0.0,Southampton,2,11.0,4.0,36.4,0.18,0.5,18.3,0.0,0,0,1.9,1.9,0.18,0.1,0.1,Match Report,2023,Brentford
1568,1627,29,2023-03-18,15:00,Premier League,Matchweek 28,Sat,Home,D,1.0,1.0,Leicester City,1,11.0,2.0,18.2,0.09,0.5,17.5,0.0,0,0,0.6,0.6,0.06,0.4,0.4,Match Report,2023,Brentford
1569,1628,30,2023-04-01,15:00,Premier League,Matchweek 29,Sat,Away,D,3.0,3.0,Brighton,3,7.0,5.0,71.4,0.43,0.6,15.6,1.0,0,0,1.6,1.6,0.23,1.4,1.4,Match Report,2023,Brentford
1570,1629,31,2023-04-05,20:00,Premier League,Matchweek 25,Wed,Away,L,0.0,1.0,Manchester Utd,0,6.0,1.0,16.7,0.0,0.0,16.5,0.0,0,0,0.7,0.7,0.12,-0.7,-0.7,Match Report,2023,Brentford
1571,1630,32,2023-04-08,15:00,Premier League,Matchweek 30,Sat,Home,L,1.0,2.0,Newcastle Utd,1,10.0,4.0,40.0,0.0,0.0,15.5,0.0,1,2,2.6,1.0,0.1,-1.6,-1.0,Match Report,2023,Brentford
1572,1631,33,2023-04-15,15:00,Premier League,Matchweek 31,Sat,Away,L,0.0,2.0,Wolves,0,10.0,3.0,30.0,0.0,0.0,15.6,0.0,0,0,1.1,1.1,0.12,-1.1,-1.1,Match Report,2023,Brentford
1573,1632,34,2023-04-22,15:00,Premier League,Matchweek 32,Sat,Home,D,1.0,1.0,Aston Villa,1,16.0,5.0,31.3,0.06,0.2,16.0,1.0,0,0,2.7,2.7,0.17,-1.7,-1.7,Match Report,2023,Brentford
1574,1633,35,2023-04-26,19:45,Premier League,Matchweek 33,Wed,Away,W,2.0,0.0,Chelsea,1,7.0,1.0,14.3,0.14,1.0,11.5,0.0,0,0,1.1,1.1,0.16,-0.1,-0.1,Match Report,2023,Brentford
1575,1634,36,2023-04-29,15:00,Premier League,Matchweek 34,Sat,Home,W,2.0,1.0,Nott'ham Forest,2,14.0,8.0,57.1,0.14,0.25,16.8,1.0,0,0,1.6,1.6,0.12,0.4,0.4,Match Report,2023,Brentford
1576,1635,37,2023-05-06,17:30,Premier League,Matchweek 35,Sat,Away,L,0.0,1.0,Liverpool,0,5.0,1.0,20.0,0.0,0.0,19.5,1.0,0,0,0.2,0.2,0.04,-0.2,-0.2,Match Report,2023,Brentford
1577,1636,38,2023-05-14,14:00,Premier League,Matchweek 36,Sun,Home,W,2.0,0.0,West Ham,2,24.0,9.0,37.5,0.08,0.22,12.8,0.0,0,0,3.4,3.4,0.16,-1.4,-1.4,Match Report,2023,Brentford
1578,1637,39,2023-05-20,12:30,Premier League,Matchweek 37,Sat,Away,W,3.0,1.0,Tottenham,3,11.0,4.0,36.4,0.27,0.75,18.1,0.0,0,0,1.2,1.2,0.11,1.8,1.8,Match Report,2023,Brentford
1579,1638,40,2023-05-28,16:30,Premier League,Matchweek 38,Sun,Home,W,1.0,0.0,Manchester City,1,11.0,4.0,36.4,0.09,0.25,14.0,0.0,0,0,1.3,1.3,0.12,-0.3,-0.3,Match Report,2023,Brentford
1580,1640,0,2022-08-06,12:30,Premier League,Matchweek 1,Sat,Home,D,2.0,2.0,Liverpool,2,8.0,2.0,25.0,0.13,0.5,18.4,0.0,1,1,1.2,0.5,0.06,0.8,0.5,Match Report,2023,Fulham
1581,1641,1,2022-08-13,15:00,Premier League,Matchweek 2,Sat,Away,D,0.0,0.0,Wolves,0,8.0,2.0,25.0,0.0,0.0,15.7,0.0,0,1,1.5,0.7,0.09,-1.5,-0.7,Match Report,2023,Fulham
1582,1642,2,2022-08-20,15:00,Premier League,Matchweek 3,Sat,Home,W,3.0,2.0,Brentford,3,18.0,9.0,50.0,0.17,0.33,15.5,1.0,0,0,2.4,2.4,0.14,0.6,0.6,Match Report,2023,Fulham
1583,1644,4,2022-08-27,17:30,Premier League,Matchweek 4,Sat,Away,L,1.0,2.0,Arsenal,1,11.0,3.0,27.3,0.09,0.33,13.7,0.0,0,0,0.8,0.8,0.08,0.2,0.2,Match Report,2023,Fulham
1584,1645,5,2022-08-30,19:30,Premier League,Matchweek 5,Tue,Home,W,2.0,1.0,Brighton,1,10.0,3.0,30.0,0.1,0.33,15.3,1.0,0,0,0.7,0.7,0.07,0.3,0.3,Match Report,2023,Fulham
1585,1646,6,2022-09-03,15:00,Premier League,Matchweek 6,Sat,Away,L,1.0,2.0,Tottenham,1,9.0,3.0,33.3,0.11,0.33,17.1,0.0,0,0,0.7,0.7,0.08,0.3,0.3,Match Report,2023,Fulham
1586,1647,7,2022-09-16,20:00,Premier League,Matchweek 8,Fri,Away,W,3.0,2.0,Nott'ham Forest,3,15.0,7.0,46.7,0.2,0.43,17.3,2.0,0,0,0.9,0.9,0.06,2.1,2.1,Match Report,2023,Fulham
1587,1648,8,2022-10-01,15:00,Premier League,Matchweek 9,Sat,Home,L,1.0,4.0,Newcastle Utd,1,3.0,1.0,33.3,0.33,1.0,16.2,0.0,0,0,0.5,0.5,0.16,0.5,0.5,Match Report,2023,Fulham
1588,1649,9,2022-10-09,14:00,Premier League,Matchweek 10,Sun,Away,L,1.0,3.0,West Ham,1,8.0,2.0,25.0,0.13,0.5,16.6,1.0,0,0,0.7,0.7,0.09,0.3,0.3,Match Report,2023,Fulham
1589,1650,10,2022-10-15,15:00,Premier League,Matchweek 11,Sat,Home,D,2.0,2.0,Bournemouth,2,18.0,3.0,16.7,0.06,0.33,18.9,0.0,1,1,2.1,1.3,0.07,-0.1,-0.3,Match Report,2023,Fulham
1590,1651,11,2022-10-20,19:30,Premier League,Matchweek 12,Thu,Home,W,3.0,0.0,Aston Villa,2,17.0,6.0,35.3,0.06,0.17,16.7,1.0,1,1,2.1,1.3,0.08,-0.1,-0.3,Match Report,2023,Fulham
1591,1652,12,2022-10-23,14:00,Premier League,Matchweek 13,Sun,Away,W,3.0,2.0,Leeds United,3,11.0,4.0,36.4,0.27,0.75,11.9,0.0,0,0,1.8,1.8,0.17,1.2,1.2,Match Report,2023,Fulham
1592,1653,13,2022-10-29,17:30,Premier League,Matchweek 14,Sat,Home,D,0.0,0.0,Everton,0,24.0,6.0,25.0,0.0,0.0,16.4,0.0,0,0,1.9,1.9,0.08,-1.9,-1.9,Match Report,2023,Fulham
1593,1654,14,2022-11-05,15:00,Premier League,Matchweek 15,Sat,Away,L,1.0,2.0,Manchester City,1,3.0,1.0,33.3,0.0,0.0,26.2,0.0,1,1,1.0,0.2,0.05,0.0,-0.2,Match Report,2023,Fulham
1594,1655,15,2022-11-13,16:30,Premier League,Matchweek 16,Sun,Home,L,1.0,2.0,Manchester Utd,1,14.0,7.0,50.0,0.07,0.14,14.0,0.0,0,0,1.4,1.4,0.1,-0.4,-0.4,Match Report,2023,Fulham
1595,1656,16,2022-12-26,15:00,Premier League,Matchweek 17,Mon,Away,W,3.0,0.0,Crystal Palace,3,23.0,10.0,43.5,0.13,0.3,13.4,1.0,0,0,2.5,2.5,0.12,0.5,0.5,Match Report,2023,Fulham
1596,1657,17,2022-12-31,15:00,Premier League,Matchweek 18,Sat,Home,W,2.0,1.0,Southampton,1,7.0,1.0,14.3,0.14,1.0,18.8,0.0,0,1,1.5,0.7,0.1,-0.5,0.3,Match Report,2023,Fulham
1597,1658,18,2023-01-03,19:45,Premier League,Matchweek 19,Tue,Away,W,1.0,0.0,Leicester City,1,11.0,2.0,18.2,0.09,0.5,19.4,0.0,0,0,1.7,1.7,0.15,-0.7,-0.7,Match Report,2023,Fulham
1598,1660,20,2023-01-12,20:00,Premier League,Matchweek 7,Thu,Home,W,2.0,1.0,Chelsea,2,8.0,3.0,37.5,0.25,0.67,15.3,0.0,0,0,1.0,1.0,0.12,1.0,1.0,Match Report,2023,Fulham
1599,1661,21,2023-01-15,14:00,Premier League,Matchweek 20,Sun,Away,L,0.0,1.0,Newcastle Utd,0,4.0,0.0,0.0,0.0,,18.9,0.0,0,1,1.1,0.3,0.08,-1.1,-0.3,Match Report,2023,Fulham
1600,1662,22,2023-01-23,20:00,Premier League,Matchweek 21,Mon,Home,L,0.0,1.0,Tottenham,0,10.0,5.0,50.0,0.0,0.0,17.3,1.0,0,0,1.0,1.0,0.1,-1.0,-1.0,Match Report,2023,Fulham
1601,1664,24,2023-02-03,20:00,Premier League,Matchweek 22,Fri,Away,D,0.0,0.0,Chelsea,0,10.0,4.0,40.0,0.0,0.0,23.0,0.0,0,0,0.6,0.6,0.06,-0.6,-0.6,Match Report,2023,Fulham
1602,1666,26,2023-02-11,15:00,Premier League,Matchweek 23,Sat,Home,W,2.0,0.0,Nott'ham Forest,2,16.0,3.0,18.8,0.13,0.67,15.0,1.0,0,0,1.5,1.5,0.1,0.5,0.5,Match Report,2023,Fulham
1603,1667,27,2023-02-18,15:00,Premier League,Matchweek 24,Sat,Away,W,1.0,0.0,Brighton,1,5.0,2.0,40.0,0.2,0.5,16.0,0.0,0,0,0.3,0.3,0.07,0.7,0.7,Match Report,2023,Fulham
1604,1668,28,2023-02-24,20:00,Premier League,Matchweek 25,Fri,Home,D,1.0,1.0,Wolves,1,10.0,5.0,50.0,0.1,0.2,24.2,1.0,0,0,0.5,0.5,0.05,0.5,0.5,Match Report,2023,Fulham
1605,1670,30,2023-03-06,20:00,Premier League,Matchweek 26,Mon,Away,L,2.0,3.0,Brentford,2,9.0,5.0,55.6,0.22,0.4,17.4,1.0,0,0,1.4,1.4,0.18,0.6,0.6,Match Report,2023,Fulham
1606,1671,31,2023-03-12,14:00,Premier League,Matchweek 27,Sun,Home,L,0.0,3.0,Arsenal,0,12.0,2.0,16.7,0.0,0.0,17.4,0.0,0,0,0.8,0.8,0.07,-0.8,-0.8,Match Report,2023,Fulham
1607,1673,33,2023-04-01,15:00,Premier League,Matchweek 29,Sat,Away,L,1.0,2.0,Bournemouth,1,10.0,2.0,20.0,0.1,0.5,16.5,0.0,0,0,0.8,0.8,0.08,0.2,0.2,Match Report,2023,Fulham
1608,1674,34,2023-04-08,15:00,Premier League,Matchweek 30,Sat,Home,L,0.0,1.0,West Ham,0,16.0,3.0,18.8,0.0,0.0,20.5,0.0,0,0,0.7,0.7,0.04,-0.7,-0.7,Match Report,2023,Fulham
1609,1675,35,2023-04-15,15:00,Premier League,Matchweek 31,Sat,Away,W,3.0,1.0,Everton,3,21.0,7.0,33.3,0.14,0.43,17.9,0.0,0,0,1.8,1.8,0.09,1.2,1.2,Match Report,2023,Fulham
1610,1676,36,2023-04-22,12:30,Premier League,Matchweek 32,Sat,Home,W,2.0,1.0,Leeds United,2,12.0,5.0,41.7,0.17,0.4,24.4,3.0,0,0,1.7,1.7,0.14,0.3,0.3,Match Report,2023,Fulham
1611,1677,37,2023-04-25,19:45,Premier League,Matchweek 33,Tue,Away,L,0.0,1.0,Aston Villa,0,1.0,0.0,0.0,0.0,,14.7,0.0,0,0,0.1,0.1,0.1,-0.1,-0.1,Match Report,2023,Fulham
1612,1678,38,2023-04-30,14:00,Premier League,Matchweek 34,Sun,Home,L,1.0,2.0,Manchester City,1,4.0,1.0,25.0,0.25,1.0,22.4,0.0,0,0,0.2,0.2,0.05,0.8,0.8,Match Report,2023,Fulham
1613,1679,39,2023-05-03,20:00,Premier League,Matchweek 28,Wed,Away,L,0.0,1.0,Liverpool,0,9.0,3.0,33.3,0.0,0.0,16.8,0.0,0,0,0.9,0.9,0.1,-0.9,-0.9,Match Report,2023,Fulham
1614,1680,40,2023-05-08,15:00,Premier League,Matchweek 35,Mon,Home,W,5.0,3.0,Leicester City,5,17.0,7.0,41.2,0.29,0.71,17.5,1.0,0,0,1.6,1.6,0.1,3.4,3.4,Match Report,2023,Fulham
1615,1681,41,2023-05-13,15:00,Premier League,Matchweek 36,Sat,Away,W,2.0,0.0,Southampton,2,9.0,3.0,33.3,0.22,0.67,17.5,0.0,0,0,1.4,1.4,0.16,0.6,0.6,Match Report,2023,Fulham
1616,1682,42,2023-05-20,15:00,Premier League,Matchweek 37,Sat,Home,D,2.0,2.0,Crystal Palace,2,10.0,3.0,30.0,0.1,0.33,19.0,1.0,1,1,1.7,0.9,0.09,0.3,0.1,Match Report,2023,Fulham
1617,1683,43,2023-05-28,16:30,Premier League,Matchweek 38,Sun,Away,L,1.0,2.0,Manchester Utd,1,9.0,2.0,22.2,0.11,0.5,17.6,1.0,0,1,1.8,1.0,0.11,-0.8,0.0,Match Report,2023,Fulham
1618,1685,0,2022-08-05,20:00,Premier League,Matchweek 1,Fri,Home,L,0.0,2.0,Arsenal,0,10.0,2.0,20.0,0.0,0.0,14.2,0.0,0,0,1.2,1.2,0.12,-1.2,-1.2,Match Report,2023,Crystal Palace
1619,1686,1,2022-08-15,20:00,Premier League,Matchweek 2,Mon,Away,D,1.0,1.0,Liverpool,1,7.0,3.0,42.9,0.14,0.33,14.7,0.0,0,0,1.0,1.0,0.15,0.0,0.0,Match Report,2023,Crystal Palace
1620,1687,2,2022-08-20,15:00,Premier League,Matchweek 3,Sat,Home,W,3.0,1.0,Aston Villa,3,16.0,8.0,50.0,0.19,0.38,15.6,1.0,0,1,2.6,1.8,0.11,0.4,1.2,Match Report,2023,Crystal Palace
1621,1689,4,2022-08-27,15:00,Premier League,Matchweek 4,Sat,Away,L,2.0,4.0,Manchester City,1,2.0,2.0,100.0,0.5,0.5,20.6,0.0,0,0,0.1,0.1,0.06,0.9,0.9,Match Report,2023,Crystal Palace
1622,1690,5,2022-08-30,19:30,Premier League,Matchweek 5,Tue,Home,D,1.0,1.0,Brentford,1,13.0,4.0,30.8,0.08,0.25,19.2,0.0,0,0,1.0,1.0,0.08,0.0,0.0,Match Report,2023,Crystal Palace
1623,1691,6,2022-09-03,15:00,Premier League,Matchweek 6,Sat,Away,D,0.0,0.0,Newcastle Utd,0,19.0,9.0,47.4,0.0,0.0,20.0,0.0,0,0,1.0,1.0,0.05,-1.0,-1.0,Match Report,2023,Crystal Palace
1624,1692,7,2022-10-01,15:00,Premier League,Matchweek 9,Sat,Home,L,1.0,2.0,Chelsea,1,7.0,3.0,42.9,0.14,0.33,20.1,0.0,0,0,0.4,0.4,0.06,0.6,0.6,Match Report,2023,Crystal Palace
1625,1693,8,2022-10-09,14:00,Premier League,Matchweek 10,Sun,Home,W,2.0,1.0,Leeds United,2,13.0,5.0,38.5,0.15,0.4,17.7,2.0,0,0,1.1,1.1,0.08,0.9,0.9,Match Report,2023,Crystal Palace
1626,1694,9,2022-10-15,12:30,Premier League,Matchweek 11,Sat,Away,D,0.0,0.0,Leicester City,0,8.0,1.0,12.5,0.0,0.0,21.2,0.0,0,0,0.4,0.4,0.05,-0.4,-0.4,Match Report,2023,Crystal Palace
1627,1695,10,2022-10-18,20:15,Premier League,Matchweek 12,Tue,Home,W,2.0,1.0,Wolves,2,14.0,4.0,28.6,0.14,0.5,17.3,1.0,0,0,1.2,1.2,0.09,0.8,0.8,Match Report,2023,Crystal Palace
1628,1696,11,2022-10-22,15:00,Premier League,Matchweek 13,Sat,Away,L,0.0,3.0,Everton,0,9.0,2.0,22.2,0.0,0.0,17.1,2.0,0,0,0.9,0.9,0.11,-0.9,-0.9,Match Report,2023,Crystal Palace
1629,1697,12,2022-10-29,15:00,Premier League,Matchweek 14,Sat,Home,W,1.0,0.0,Southampton,1,12.0,3.0,25.0,0.08,0.33,20.0,1.0,0,0,0.9,0.9,0.07,0.1,0.1,Match Report,2023,Crystal Palace
1630,1698,13,2022-11-06,14:00,Premier League,Matchweek 15,Sun,Away,W,2.0,1.0,West Ham,2,15.0,6.0,40.0,0.13,0.33,20.5,2.0,0,0,1.0,1.0,0.07,1.0,1.0,Match Report,2023,Crystal Palace
1631,1700,15,2022-11-12,15:00,Premier League,Matchweek 16,Sat,Away,L,0.0,1.0,Nott'ham Forest,0,7.0,0.0,0.0,0.0,,16.9,0.0,0,1,1.2,0.4,0.06,-1.2,-0.4,Match Report,2023,Crystal Palace
1632,1701,16,2022-12-26,15:00,Premier League,Matchweek 17,Mon,Home,L,0.0,3.0,Fulham,0,4.0,0.0,0.0,0.0,,13.0,0.0,0,0,0.4,0.4,0.1,-0.4,-0.4,Match Report,2023,Crystal Palace
1633,1702,17,2022-12-31,15:00,Premier League,Matchweek 18,Sat,Away,W,2.0,0.0,Bournemouth,2,15.0,6.0,40.0,0.13,0.33,18.9,1.0,0,0,1.6,1.6,0.11,0.4,0.4,Match Report,2023,Crystal Palace
1634,1703,18,2023-01-04,20:00,Premier League,Matchweek 19,Wed,Home,L,0.0,4.0,Tottenham,0,19.0,4.0,21.1,0.0,0.0,20.1,0.0,0,0,0.8,0.8,0.04,-0.8,-0.8,Match Report,2023,Crystal Palace
1635,1705,20,2023-01-15,14:00,Premier League,Matchweek 20,Sun,Away,L,0.0,1.0,Chelsea,0,10.0,5.0,50.0,0.0,0.0,17.9,0.0,0,0,0.7,0.7,0.07,-0.7,-0.7,Match Report,2023,Crystal Palace
1636,1706,21,2023-01-18,20:00,Premier League,Matchweek 7,Wed,Home,D,1.0,1.0,Manchester Utd,1,10.0,5.0,50.0,0.1,0.2,18.2,2.0,0,0,0.5,0.5,0.05,0.5,0.5,Match Report,2023,Crystal Palace
1637,1707,22,2023-01-21,17:30,Premier League,Matchweek 21,Sat,Home,D,0.0,0.0,Newcastle Utd,0,6.0,1.0,16.7,0.0,0.0,19.9,0.0,0,0,0.3,0.3,0.05,-0.3,-0.3,Match Report,2023,Crystal Palace
1638,1708,23,2023-02-04,15:00,Premier League,Matchweek 22,Sat,Away,L,1.0,2.0,Manchester Utd,1,10.0,3.0,30.0,0.1,0.33,12.8,0.0,0,0,1.3,1.3,0.14,-0.3,-0.3,Match Report,2023,Crystal Palace
1639,1709,24,2023-02-11,15:00,Premier League,Matchweek 23,Sat,Home,D,1.0,1.0,Brighton,1,6.0,1.0,16.7,0.17,1.0,12.4,0.0,0,0,1.1,1.1,0.18,-0.1,-0.1,Match Report,2023,Crystal Palace
1640,1710,25,2023-02-18,15:00,Premier League,Matchweek 24,Sat,Away,D,1.0,1.0,Brentford,1,10.0,4.0,40.0,0.1,0.25,14.4,0.0,0,0,1.1,1.1,0.11,-0.1,-0.1,Match Report,2023,Crystal Palace
1641,1711,26,2023-02-25,19:45,Premier League,Matchweek 25,Sat,Home,D,0.0,0.0,Liverpool,0,6.0,0.0,0.0,0.0,,15.0,0.0,0,0,0.7,0.7,0.12,-0.7,-0.7,Match Report,2023,Crystal Palace
1642,1712,27,2023-03-04,15:00,Premier League,Matchweek 26,Sat,Away,L,0.0,1.0,Aston Villa,0,3.0,0.0,0.0,0.0,,16.9,0.0,0,0,0.2,0.2,0.06,-0.2,-0.2,Match Report,2023,Crystal Palace
1643,1713,28,2023-03-11,17:30,Premier League,Matchweek 27,Sat,Home,L,0.0,1.0,Manchester City,0,4.0,0.0,0.0,0.0,,17.5,0.0,0,0,0.2,0.2,0.05,-0.2,-0.2,Match Report,2023,Crystal Palace
1644,1714,29,2023-03-15,19:30,Premier League,Matchweek 8,Wed,Away,L,0.0,1.0,Brighton,0,11.0,3.0,27.3,0.0,0.0,17.3,1.0,0,0,1.1,1.1,0.11,-1.1,-1.1,Match Report,2023,Crystal Palace
1645,1715,30,2023-03-19,14:00,Premier League,Matchweek 28,Sun,Away,L,1.0,4.0,Arsenal,1,9.0,5.0,55.6,0.11,0.2,14.6,1.0,0,0,0.8,0.8,0.09,0.2,0.2,Match Report,2023,Crystal Palace
1646,1716,31,2023-04-01,15:00,Premier League,Matchweek 29,Sat,Home,W,2.0,1.0,Leicester City,1,31.0,9.0,29.0,0.03,0.11,19.0,2.0,0,0,2.3,2.3,0.08,-1.3,-1.3,Match Report,2023,Crystal Palace
1647,1717,32,2023-04-09,14:00,Premier League,Matchweek 30,Sun,Away,W,5.0,1.0,Leeds United,5,16.0,7.0,43.8,0.31,0.71,12.3,1.0,0,0,3.0,3.0,0.2,2.0,2.0,Match Report,2023,Crystal Palace
1648,1718,33,2023-04-15,15:00,Premier League,Matchweek 31,Sat,Away,W,2.0,0.0,Southampton,2,10.0,2.0,20.0,0.2,1.0,23.7,2.0,0,0,0.9,0.9,0.09,1.1,1.1,Match Report,2023,Crystal Palace
1649,1719,34,2023-04-22,15:00,Premier League,Matchweek 32,Sat,Home,D,0.0,0.0,Everton,0,12.0,2.0,16.7,0.0,0.0,19.8,0.0,0,0,0.5,0.5,0.04,-0.5,-0.5,Match Report,2023,Crystal Palace
1650,1720,35,2023-04-25,19:30,Premier League,Matchweek 33,Tue,Away,L,0.0,2.0,Wolves,0,14.0,4.0,28.6,0.0,0.0,18.3,0.0,0,0,0.8,0.8,0.06,-0.8,-0.8,Match Report,2023,Crystal Palace
1651,1721,36,2023-04-29,12:30,Premier League,Matchweek 34,Sat,Home,W,4.0,3.0,West Ham,4,15.0,5.0,33.3,0.2,0.6,18.1,1.0,1,1,2.1,1.3,0.09,1.9,1.7,Match Report,2023,Crystal Palace
1652,1722,37,2023-05-06,15:00,Premier League,Matchweek 35,Sat,Away,L,0.0,1.0,Tottenham,0,7.0,2.0,28.6,0.0,0.0,17.6,1.0,0,0,0.4,0.4,0.05,-0.4,-0.4,Match Report,2023,Crystal Palace
1653,1723,38,2023-05-13,15:00,Premier League,Matchweek 36,Sat,Home,W,2.0,0.0,Bournemouth,2,17.0,5.0,29.4,0.12,0.4,15.2,0.0,0,0,1.5,1.5,0.09,0.5,0.5,Match Report,2023,Crystal Palace
1654,1724,39,2023-05-20,15:00,Premier League,Matchweek 37,Sat,Away,D,2.0,2.0,Fulham,2,11.0,5.0,45.5,0.18,0.4,16.9,1.0,0,0,1.6,1.6,0.18,0.4,0.4,Match Report,2023,Crystal Palace
1655,1725,40,2023-05-28,16:30,Premier League,Matchweek 38,Sun,Home,D,1.0,1.0,Nott'ham Forest,1,15.0,3.0,20.0,0.07,0.33,17.3,1.0,0,0,1.4,1.4,0.1,-0.4,-0.4,Match Report,2023,Crystal Palace
1656,1727,0,2022-08-06,17:30,Premier League,Matchweek 1,Sat,Away,W,1.0,0.0,Everton,1,14.0,5.0,35.7,0.0,0.0,16.1,1.0,1,1,1.5,0.8,0.06,-0.5,-0.8,Match Report,2023,Chelsea
1657,1728,1,2022-08-14,16:30,Premier League,Matchweek 2,Sun,Home,D,2.0,2.0,Tottenham,2,16.0,3.0,18.8,0.13,0.67,17.2,0.0,0,0,1.6,1.6,0.1,0.4,0.4,Match Report,2023,Chelsea
1658,1729,2,2022-08-21,14:00,Premier League,Matchweek 3,Sun,Away,L,0.0,3.0,Leeds United,0,14.0,3.0,21.4,0.0,0.0,19.8,0.0,0,0,0.9,0.9,0.06,-0.9,-0.9,Match Report,2023,Chelsea
1659,1730,3,2022-08-27,15:00,Premier League,Matchweek 4,Sat,Home,W,2.0,1.0,Leicester City,2,7.0,4.0,57.1,0.29,0.5,14.6,0.0,0,0,1.8,1.8,0.25,0.2,0.2,Match Report,2023,Chelsea
1660,1731,4,2022-08-30,19:45,Premier League,Matchweek 5,Tue,Away,L,1.0,2.0,Southampton,1,10.0,4.0,40.0,0.1,0.25,14.5,0.0,0,0,1.1,1.1,0.11,-0.1,-0.1,Match Report,2023,Chelsea
1661,1732,5,2022-09-03,15:00,Premier League,Matchweek 6,Sat,Home,W,2.0,1.0,West Ham,2,8.0,3.0,37.5,0.25,0.67,17.2,0.0,0,0,0.9,0.9,0.11,1.1,1.1,Match Report,2023,Chelsea
1662,1735,8,2022-10-01,15:00,Premier League,Matchweek 9,Sat,Away,W,2.0,1.0,Crystal Palace,2,13.0,3.0,23.1,0.15,0.67,14.8,0.0,0,0,1.1,1.1,0.09,0.9,0.9,Match Report,2023,Chelsea
1663,1737,10,2022-10-08,15:00,Premier League,Matchweek 10,Sat,Home,W,3.0,0.0,Wolves,3,20.0,7.0,35.0,0.15,0.43,14.7,0.0,0,0,1.9,1.9,0.1,1.1,1.1,Match Report,2023,Chelsea
1664,1739,12,2022-10-16,14:00,Premier League,Matchweek 11,Sun,Away,W,2.0,0.0,Aston Villa,2,8.0,4.0,50.0,0.25,0.5,18.0,1.0,0,0,0.9,0.9,0.11,1.1,1.1,Match Report,2023,Chelsea
1665,1740,13,2022-10-19,19:30,Premier League,Matchweek 12,Wed,Away,D,0.0,0.0,Brentford,0,14.0,5.0,35.7,0.0,0.0,21.4,0.0,0,0,0.9,0.9,0.06,-0.9,-0.9,Match Report,2023,Chelsea
1666,1741,14,2022-10-22,17:30,Premier League,Matchweek 13,Sat,Home,D,1.0,1.0,Manchester Utd,1,5.0,1.0,20.0,0.0,0.0,19.7,0.0,1,1,1.1,0.3,0.06,-0.1,-0.3,Match Report,2023,Chelsea
1667,1743,16,2022-10-29,15:00,Premier League,Matchweek 14,Sat,Away,L,1.0,4.0,Brighton,1,15.0,7.0,46.7,0.07,0.14,18.3,0.0,0,0,1.4,1.4,0.09,-0.4,-0.4,Match Report,2023,Chelsea
1668,1745,18,2022-11-06,12:00,Premier League,Matchweek 15,Sun,Home,L,0.0,1.0,Arsenal,0,5.0,1.0,20.0,0.0,0.0,16.0,0.0,0,0,0.3,0.3,0.06,-0.3,-0.3,Match Report,2023,Chelsea
1669,1747,20,2022-11-12,17:30,Premier League,Matchweek 16,Sat,Away,L,0.0,1.0,Newcastle Utd,0,5.0,2.0,40.0,0.0,0.0,14.0,0.0,0,0,0.3,0.3,0.06,-0.3,-0.3,Match Report,2023,Chelsea
1670,1748,21,2022-12-27,17:30,Premier League,Matchweek 17,Tue,Home,W,2.0,0.0,Bournemouth,2,15.0,5.0,33.3,0.13,0.4,15.7,0.0,0,0,1.8,1.8,0.12,0.2,0.2,Match Report,2023,Chelsea
1671,1749,22,2023-01-01,16:30,Premier League,Matchweek 18,Sun,Away,D,1.0,1.0,Nott'ham Forest,1,7.0,2.0,28.6,0.14,0.5,11.6,0.0,0,0,0.9,0.9,0.13,0.1,0.1,Match Report,2023,Chelsea
1672,1750,23,2023-01-05,20:00,Premier League,Matchweek 19,Thu,Home,L,0.0,1.0,Manchester City,0,8.0,2.0,25.0,0.0,0.0,17.2,0.0,0,0,0.4,0.4,0.05,-0.4,-0.4,Match Report,2023,Chelsea
1673,1752,25,2023-01-12,20:00,Premier League,Matchweek 7,Thu,Away,L,1.0,2.0,Fulham,1,20.0,10.0,50.0,0.05,0.1,16.6,1.0,0,0,2.1,2.1,0.11,-1.1,-1.1,Match Report,2023,Chelsea
1674,1753,26,2023-01-15,14:00,Premier League,Matchweek 20,Sun,Home,W,1.0,0.0,Crystal Palace,1,15.0,5.0,33.3,0.07,0.2,14.8,0.0,0,0,1.5,1.5,0.1,-0.5,-0.5,Match Report,2023,Chelsea
1675,1754,27,2023-01-21,12:30,Premier League,Matchweek 21,Sat,Away,D,0.0,0.0,Liverpool,0,11.0,2.0,18.2,0.0,0.0,13.8,0.0,0,0,1.6,1.6,0.15,-1.6,-1.6,Match Report,2023,Chelsea
1676,1755,28,2023-02-03,20:00,Premier League,Matchweek 22,Fri,Home,D,0.0,0.0,Fulham,0,12.0,2.0,16.7,0.0,0.0,17.0,0.0,0,0,1.3,1.3,0.11,-1.3,-1.3,Match Report,2023,Chelsea
1677,1756,29,2023-02-11,12:30,Premier League,Matchweek 23,Sat,Away,D,1.0,1.0,West Ham,1,12.0,4.0,33.3,0.08,0.25,18.0,2.0,0,0,1.1,1.1,0.1,-0.1,-0.1,Match Report,2023,Chelsea
1678,1758,31,2023-02-18,15:00,Premier League,Matchweek 24,Sat,Home,L,0.0,1.0,Southampton,0,17.0,4.0,23.5,0.0,0.0,17.0,1.0,0,0,1.6,1.6,0.1,-1.6,-1.6,Match Report,2023,Chelsea
1679,1759,32,2023-02-26,13:30,Premier League,Matchweek 25,Sun,Away,L,0.0,2.0,Tottenham,0,10.0,2.0,20.0,0.0,0.0,23.8,0.0,0,0,0.4,0.4,0.04,-0.4,-0.4,Match Report,2023,Chelsea
1680,1760,33,2023-03-04,15:00,Premier League,Matchweek 26,Sat,Home,W,1.0,0.0,Leeds United,1,13.0,3.0,23.1,0.08,0.33,15.8,1.0,0,0,1.5,1.5,0.11,-0.5,-0.5,Match Report,2023,Chelsea
1681,1762,35,2023-03-11,15:00,Premier League,Matchweek 27,Sat,Away,W,3.0,1.0,Leicester City,3,12.0,6.0,50.0,0.25,0.5,15.1,0.0,0,0,1.6,1.6,0.13,1.4,1.4,Match Report,2023,Chelsea
1682,1763,36,2023-03-18,17:30,Premier League,Matchweek 28,Sat,Home,D,2.0,2.0,Everton,2,19.0,6.0,31.6,0.05,0.17,17.1,0.0,1,1,2.3,1.5,0.08,-0.3,-0.5,Match Report,2023,Chelsea
1683,1764,37,2023-04-01,17:30,Premier League,Matchweek 29,Sat,Home,L,0.0,2.0,Aston Villa,0,27.0,7.0,25.9,0.0,0.0,16.3,0.0,0,0,2.1,2.1,0.08,-2.1,-2.1,Match Report,2023,Chelsea
1684,1765,38,2023-04-04,20:00,Premier League,Matchweek 8,Tue,Home,D,0.0,0.0,Liverpool,0,12.0,2.0,16.7,0.0,0.0,16.1,0.0,0,0,2.2,2.2,0.18,-2.2,-2.2,Match Report,2023,Chelsea
1685,1766,39,2023-04-08,15:00,Premier League,Matchweek 30,Sat,Away,L,0.0,1.0,Wolves,0,13.0,1.0,7.7,0.0,0.0,16.7,0.0,0,0,1.1,1.1,0.09,-1.1,-1.1,Match Report,2023,Chelsea
1686,1768,41,2023-04-15,15:00,Premier League,Matchweek 31,Sat,Home,L,1.0,2.0,Brighton,1,8.0,2.0,25.0,0.13,0.5,18.9,0.0,0,0,0.5,0.5,0.07,0.5,0.5,Match Report,2023,Chelsea
1687,1770,43,2023-04-26,19:45,Premier League,Matchweek 33,Wed,Home,L,0.0,2.0,Brentford,0,15.0,4.0,26.7,0.0,0.0,16.5,0.0,0,0,1.3,1.3,0.08,-1.3,-1.3,Match Report,2023,Chelsea
1688,1771,44,2023-05-02,20:00,Premier League,Matchweek 34,Tue,Away,L,1.0,3.0,Arsenal,1,7.0,4.0,57.1,0.14,0.25,17.2,0.0,0,0,0.8,0.8,0.11,0.2,0.2,Match Report,2023,Chelsea
1689,1772,45,2023-05-06,15:00,Premier League,Matchweek 35,Sat,Away,W,3.0,1.0,Bournemouth,3,11.0,5.0,45.5,0.27,0.6,16.9,0.0,0,0,1.3,1.3,0.12,1.7,1.7,Match Report,2023,Chelsea
1690,1773,46,2023-05-13,15:00,Premier League,Matchweek 36,Sat,Home,D,2.0,2.0,Nott'ham Forest,2,14.0,6.0,42.9,0.14,0.33,17.4,1.0,0,0,1.2,1.2,0.08,0.8,0.8,Match Report,2023,Chelsea
1691,1774,47,2023-05-21,16:00,Premier League,Matchweek 37,Sun,Away,L,0.0,1.0,Manchester City,0,13.0,6.0,46.2,0.0,0.0,15.7,1.0,0,0,1.2,1.2,0.1,-1.2,-1.2,Match Report,2023,Chelsea
1692,1775,48,2023-05-25,20:00,Premier League,Matchweek 32,Thu,Away,L,1.0,4.0,Manchester Utd,1,14.0,5.0,35.7,0.07,0.2,19.2,0.0,0,0,1.9,1.9,0.14,-0.9,-0.9,Match Report,2023,Chelsea
1693,1776,49,2023-05-28,16:30,Premier League,Matchweek 38,Sun,Home,D,1.0,1.0,Newcastle Utd,0,22.0,4.0,18.2,0.0,0.0,17.8,1.0,0,0,2.2,2.2,0.1,-2.2,-2.2,Match Report,2023,Chelsea
1694,1778,0,2022-08-06,15:00,Premier League,Matchweek 1,Sat,Away,L,1.0,2.0,Leeds United,1,15.0,6.0,40.0,0.07,0.17,18.9,0.0,0,0,1.3,1.3,0.09,-0.3,-0.3,Match Report,2023,Wolverhampton Wanderers
1695,1779,1,2022-08-13,15:00,Premier League,Matchweek 2,Sat,Home,D,0.0,0.0,Fulham,0,7.0,1.0,14.3,0.0,0.0,18.7,1.0,0,0,0.9,0.9,0.13,-0.9,-0.9,Match Report,2023,Wolverhampton Wanderers
1696,1780,2,2022-08-20,12:30,Premier League,Matchweek 3,Sat,Away,L,0.0,1.0,Tottenham,0,20.0,3.0,15.0,0.0,0.0,21.9,1.0,0,0,0.7,0.7,0.04,-0.7,-0.7,Match Report,2023,Wolverhampton Wanderers
1697,1782,4,2022-08-28,14:00,Premier League,Matchweek 4,Sun,Home,D,1.0,1.0,Newcastle Utd,1,10.0,4.0,40.0,0.1,0.25,20.7,1.0,0,0,0.7,0.7,0.07,0.3,0.3,Match Report,2023,Wolverhampton Wanderers
1698,1783,5,2022-08-31,19:30,Premier League,Matchweek 5,Wed,Away,D,0.0,0.0,Bournemouth,0,17.0,3.0,17.6,0.0,0.0,17.7,1.0,0,0,1.5,1.5,0.09,-1.5,-1.5,Match Report,2023,Wolverhampton Wanderers
1699,1784,6,2022-09-03,15:00,Premier League,Matchweek 6,Sat,Home,W,1.0,0.0,Southampton,1,7.0,2.0,28.6,0.14,0.5,12.9,0.0,0,0,0.8,0.8,0.11,0.2,0.2,Match Report,2023,Wolverhampton Wanderers
1700,1785,7,2022-09-17,12:30,Premier League,Matchweek 8,Sat,Home,L,0.0,3.0,Manchester City,0,6.0,1.0,16.7,0.0,0.0,19.6,2.0,0,0,0.4,0.4,0.07,-0.4,-0.4,Match Report,2023,Wolverhampton Wanderers
1701,1786,8,2022-10-01,17:30,Premier League,Matchweek 9,Sat,Away,L,0.0,2.0,West Ham,0,15.0,4.0,26.7,0.0,0.0,21.6,0.0,0,0,0.7,0.7,0.05,-0.7,-0.7,Match Report,2023,Wolverhampton Wanderers
1702,1787,9,2022-10-08,15:00,Premier League,Matchweek 10,Sat,Away,L,0.0,3.0,Chelsea,0,8.0,2.0,25.0,0.0,0.0,14.5,1.0,0,0,1.1,1.1,0.14,-1.1,-1.1,Match Report,2023,Wolverhampton Wanderers
1703,1788,10,2022-10-15,15:00,Premier League,Matchweek 11,Sat,Home,W,1.0,0.0,Nott'ham Forest,1,8.0,1.0,12.5,0.0,0.0,16.8,0.0,1,1,1.3,0.5,0.07,-0.3,-0.5,Match Report,2023,Wolverhampton Wanderers
1704,1789,11,2022-10-18,20:15,Premier League,Matchweek 12,Tue,Away,L,1.0,2.0,Crystal Palace,1,10.0,4.0,40.0,0.1,0.25,16.3,1.0,0,0,0.8,0.8,0.08,0.2,0.2,Match Report,2023,Wolverhampton Wanderers
1705,1790,12,2022-10-23,14:00,Premier League,Matchweek 13,Sun,Home,L,0.0,4.0,Leicester City,0,21.0,5.0,23.8,0.0,0.0,15.7,1.0,0,0,2.1,2.1,0.1,-2.1,-2.1,Match Report,2023,Wolverhampton Wanderers
1706,1791,13,2022-10-29,15:00,Premier League,Matchweek 14,Sat,Away,D,1.0,1.0,Brentford,1,13.0,4.0,30.8,0.08,0.25,20.4,0.0,0,0,0.6,0.6,0.05,0.4,0.4,Match Report,2023,Wolverhampton Wanderers
1707,1792,14,2022-11-05,15:00,Premier League,Matchweek 15,Sat,Home,L,2.0,3.0,Brighton,2,7.0,4.0,57.1,0.14,0.25,18.3,0.0,1,1,1.2,0.4,0.06,0.8,0.6,Match Report,2023,Wolverhampton Wanderers
1708,1794,16,2022-11-12,19:45,Premier League,Matchweek 16,Sat,Home,L,0.0,2.0,Arsenal,0,11.0,2.0,18.2,0.0,0.0,20.0,1.0,0,0,0.7,0.7,0.06,-0.7,-0.7,Match Report,2023,Wolverhampton Wanderers
1709,1796,18,2022-12-26,15:00,Premier League,Matchweek 17,Mon,Away,W,2.0,1.0,Everton,2,7.0,4.0,57.1,0.29,0.5,18.6,0.0,0,0,0.8,0.8,0.11,1.2,1.2,Match Report,2023,Wolverhampton Wanderers
1710,1797,19,2022-12-31,12:30,Premier League,Matchweek 18,Sat,Home,L,0.0,1.0,Manchester Utd,0,10.0,3.0,30.0,0.0,0.0,17.3,2.0,0,0,0.7,0.7,0.07,-0.7,-0.7,Match Report,2023,Wolverhampton Wanderers
1711,1798,20,2023-01-04,20:00,Premier League,Matchweek 19,Wed,Away,D,1.0,1.0,Aston Villa,1,10.0,3.0,30.0,0.1,0.33,14.2,0.0,0,0,0.9,0.9,0.1,0.1,0.1,Match Report,2023,Wolverhampton Wanderers
1712,1801,23,2023-01-14,15:00,Premier League,Matchweek 20,Sat,Home,W,1.0,0.0,West Ham,1,17.0,4.0,23.5,0.06,0.25,20.0,0.0,0,0,0.9,0.9,0.05,0.1,0.1,Match Report,2023,Wolverhampton Wanderers
1713,1803,25,2023-01-22,14:00,Premier League,Matchweek 21,Sun,Away,L,0.0,3.0,Manchester City,0,10.0,1.0,10.0,0.0,0.0,16.4,0.0,0,0,0.8,0.8,0.08,-0.8,-0.8,Match Report,2023,Wolverhampton Wanderers
1714,1804,26,2023-02-04,15:00,Premier League,Matchweek 22,Sat,Home,W,3.0,0.0,Liverpool,2,12.0,5.0,41.7,0.17,0.4,18.3,0.0,0,0,2.0,2.0,0.17,0.0,0.0,Match Report,2023,Wolverhampton Wanderers
1715,1805,27,2023-02-11,15:00,Premier League,Matchweek 23,Sat,Away,W,2.0,1.0,Southampton,1,11.0,1.0,9.1,0.09,1.0,18.7,0.0,0,0,0.8,0.8,0.08,0.2,0.2,Match Report,2023,Wolverhampton Wanderers
1716,1806,28,2023-02-18,15:00,Premier League,Matchweek 24,Sat,Home,L,0.0,1.0,Bournemouth,0,15.0,4.0,26.7,0.0,0.0,13.3,0.0,0,0,1.3,1.3,0.09,-1.3,-1.3,Match Report,2023,Wolverhampton Wanderers
1717,1807,29,2023-02-24,20:00,Premier League,Matchweek 25,Fri,Away,D,1.0,1.0,Fulham,1,8.0,2.0,25.0,0.13,0.5,18.1,0.0,0,0,0.8,0.8,0.1,0.2,0.2,Match Report,2023,Wolverhampton Wanderers
1718,1808,30,2023-03-01,20:00,Premier League,Matchweek 7,Wed,Away,L,0.0,2.0,Liverpool,0,4.0,1.0,25.0,0.0,0.0,11.0,0.0,0,0,0.8,0.8,0.23,-0.8,-0.8,Match Report,2023,Wolverhampton Wanderers
1719,1809,31,2023-03-04,15:00,Premier League,Matchweek 26,Sat,Home,W,1.0,0.0,Tottenham,1,8.0,5.0,62.5,0.13,0.2,21.0,0.0,0,0,0.5,0.5,0.07,0.5,0.5,Match Report,2023,Wolverhampton Wanderers
1720,1810,32,2023-03-12,16:30,Premier League,Matchweek 27,Sun,Away,L,1.0,2.0,Newcastle Utd,1,7.0,4.0,57.1,0.14,0.25,19.5,1.0,0,0,1.1,1.1,0.16,-0.1,-0.1,Match Report,2023,Wolverhampton Wanderers
1721,1811,33,2023-03-18,15:00,Premier League,Matchweek 28,Sat,Home,L,2.0,4.0,Leeds United,2,23.0,8.0,34.8,0.09,0.25,16.1,1.0,0,0,2.7,2.7,0.12,-0.7,-0.7,Match Report,2023,Wolverhampton Wanderers
1722,1812,34,2023-04-01,15:00,Premier League,Matchweek 29,Sat,Away,D,1.0,1.0,Nott'ham Forest,1,8.0,1.0,12.5,0.13,1.0,17.2,0.0,0,0,0.5,0.5,0.06,0.5,0.5,Match Report,2023,Wolverhampton Wanderers
1723,1813,35,2023-04-08,15:00,Premier League,Matchweek 30,Sat,Home,W,1.0,0.0,Chelsea,1,9.0,4.0,44.4,0.11,0.25,24.2,0.0,0,0,0.6,0.6,0.06,0.4,0.4,Match Report,2023,Wolverhampton Wanderers
1724,1814,36,2023-04-15,15:00,Premier League,Matchweek 31,Sat,Home,W,2.0,0.0,Brentford,2,11.0,9.0,81.8,0.18,0.22,18.4,0.0,0,0,0.8,0.8,0.07,1.2,1.2,Match Report,2023,Wolverhampton Wanderers
1725,1815,37,2023-04-22,15:00,Premier League,Matchweek 32,Sat,Away,L,1.0,2.0,Leicester City,1,16.0,3.0,18.8,0.06,0.33,20.7,2.0,0,0,0.9,0.9,0.06,0.1,0.1,Match Report,2023,Wolverhampton Wanderers
1726,1816,38,2023-04-25,19:30,Premier League,Matchweek 33,Tue,Home,W,2.0,0.0,Crystal Palace,1,8.0,2.0,25.0,0.0,0.0,17.0,0.0,1,1,1.4,0.6,0.07,-0.4,-0.6,Match Report,2023,Wolverhampton Wanderers
1727,1817,39,2023-04-29,15:00,Premier League,Matchweek 34,Sat,Away,L,0.0,6.0,Brighton,0,10.0,2.0,20.0,0.0,0.0,18.7,0.0,0,0,0.8,0.8,0.08,-0.8,-0.8,Match Report,2023,Wolverhampton Wanderers
1728,1818,40,2023-05-06,15:00,Premier League,Matchweek 35,Sat,Home,W,1.0,0.0,Aston Villa,1,6.0,2.0,33.3,0.17,0.5,17.6,0.0,0,0,0.8,0.8,0.13,0.2,0.2,Match Report,2023,Wolverhampton Wanderers
1729,1819,41,2023-05-13,15:00,Premier League,Matchweek 36,Sat,Away,L,0.0,2.0,Manchester Utd,0,5.0,0.0,0.0,0.0,,10.5,0.0,0,0,0.3,0.3,0.07,-0.3,-0.3,Match Report,2023,Wolverhampton Wanderers
1730,1820,42,2023-05-20,15:00,Premier League,Matchweek 37,Sat,Home,D,1.0,1.0,Everton,1,13.0,5.0,38.5,0.08,0.2,17.9,1.0,0,0,1.6,1.6,0.13,-0.6,-0.6,Match Report,2023,Wolverhampton Wanderers
1731,1821,43,2023-05-28,16:30,Premier League,Matchweek 38,Sun,Away,L,0.0,5.0,Arsenal,0,6.0,0.0,0.0,0.0,,14.7,1.0,0,0,0.5,0.5,0.08,-0.5,-0.5,Match Report,2023,Wolverhampton Wanderers
1732,1823,0,2022-08-07,16:30,Premier League,Matchweek 1,Sun,Home,L,0.0,2.0,Manchester City,0,6.0,1.0,16.7,0.0,0.0,16.3,0.0,0,0,0.5,0.5,0.08,-0.5,-0.5,Match Report,2023,West Ham United
1733,1824,1,2022-08-14,14:00,Premier League,Matchweek 2,Sun,Away,L,0.0,1.0,Nott'ham Forest,0,18.0,3.0,16.7,0.0,0.0,19.3,2.0,0,1,2.1,1.5,0.08,-2.1,-1.5,Match Report,2023,West Ham United
1734,1826,3,2022-08-21,14:00,Premier League,Matchweek 3,Sun,Home,L,0.0,2.0,Brighton,0,13.0,3.0,23.1,0.0,0.0,16.5,0.0,0,0,0.8,0.8,0.07,-0.8,-0.8,Match Report,2023,West Ham United
1735,1828,5,2022-08-28,14:00,Premier League,Matchweek 4,Sun,Away,W,1.0,0.0,Aston Villa,1,7.0,2.0,28.6,0.14,0.5,24.8,1.0,0,0,0.6,0.6,0.08,0.4,0.4,Match Report,2023,West Ham United
1736,1829,6,2022-08-31,19:45,Premier League,Matchweek 5,Wed,Home,D,1.0,1.0,Tottenham,1,14.0,4.0,28.6,0.07,0.25,16.3,0.0,0,0,1.2,1.2,0.09,-0.2,-0.2,Match Report,2023,West Ham United
1737,1830,7,2022-09-03,15:00,Premier League,Matchweek 6,Sat,Away,L,1.0,2.0,Chelsea,1,6.0,3.0,50.0,0.17,0.33,15.9,0.0,0,0,1.1,1.1,0.21,-0.1,-0.1,Match Report,2023,West Ham United
1738,1833,10,2022-09-18,14:15,Premier League,Matchweek 8,Sun,Away,L,0.0,1.0,Everton,0,14.0,4.0,28.6,0.0,0.0,15.2,0.0,0,0,1.0,1.0,0.07,-1.0,-1.0,Match Report,2023,West Ham United
1739,1834,11,2022-10-01,17:30,Premier League,Matchweek 9,Sat,Home,W,2.0,0.0,Wolves,2,18.0,5.0,27.8,0.11,0.4,20.3,1.0,0,0,0.9,0.9,0.05,1.1,1.1,Match Report,2023,West Ham United
1740,1836,13,2022-10-09,14:00,Premier League,Matchweek 10,Sun,Home,W,3.0,1.0,Fulham,3,16.0,7.0,43.8,0.13,0.29,16.4,0.0,1,1,2.4,2.2,0.14,0.6,-0.2,Match Report,2023,West Ham United
1741,1838,15,2022-10-16,14:00,Premier League,Matchweek 11,Sun,Away,D,1.0,1.0,Southampton,1,25.0,4.0,16.0,0.04,0.25,18.8,0.0,0,0,1.7,1.7,0.07,-0.7,-0.7,Match Report,2023,West Ham United
1742,1839,16,2022-10-19,19:30,Premier League,Matchweek 12,Wed,Away,L,0.0,1.0,Liverpool,0,7.0,2.0,28.6,0.0,0.0,15.2,0.0,0,1,1.7,1.0,0.15,-1.7,-1.0,Match Report,2023,West Ham United
1743,1840,17,2022-10-24,20:00,Premier League,Matchweek 13,Mon,Home,W,2.0,0.0,Bournemouth,2,19.0,3.0,15.8,0.05,0.33,21.1,1.0,1,1,1.9,1.1,0.06,0.1,-0.1,Match Report,2023,West Ham United
1744,1842,19,2022-10-30,16:15,Premier League,Matchweek 14,Sun,Away,L,0.0,1.0,Manchester Utd,0,13.0,4.0,30.8,0.0,0.0,22.3,0.0,0,0,1.1,1.1,0.08,-1.1,-1.1,Match Report,2023,West Ham United
1745,1844,21,2022-11-06,14:00,Premier League,Matchweek 15,Sun,Home,L,1.0,2.0,Crystal Palace,1,5.0,2.0,40.0,0.2,0.5,16.7,0.0,0,0,0.3,0.3,0.05,0.7,0.7,Match Report,2023,West Ham United
1746,1846,23,2022-11-12,15:00,Premier League,Matchweek 16,Sat,Home,L,0.0,2.0,Leicester City,0,18.0,6.0,33.3,0.0,0.0,16.4,0.0,0,0,1.4,1.4,0.08,-1.4,-1.4,Match Report,2023,West Ham United
1747,1847,24,2022-12-26,20:00,Premier League,Matchweek 17,Mon,Away,L,1.0,3.0,Arsenal,1,7.0,3.0,42.9,0.0,0.0,24.2,0.0,1,1,1.0,0.2,0.04,0.0,-0.2,Match Report,2023,West Ham United
1748,1848,25,2022-12-30,19:45,Premier League,Matchweek 18,Fri,Home,L,0.0,2.0,Brentford,0,20.0,5.0,25.0,0.0,0.0,18.2,2.0,0,0,1.3,1.3,0.06,-1.3,-1.3,Match Report,2023,West Ham United
1749,1849,26,2023-01-04,19:45,Premier League,Matchweek 19,Wed,Away,D,2.0,2.0,Leeds United,2,14.0,1.0,7.1,0.07,1.0,22.5,0.0,1,1,1.4,0.6,0.05,0.6,0.4,Match Report,2023,West Ham United
1750,1851,28,2023-01-14,15:00,Premier League,Matchweek 20,Sat,Away,L,0.0,1.0,Wolves,0,16.0,3.0,18.8,0.0,0.0,18.4,0.0,0,0,1.1,1.1,0.07,-1.1,-1.1,Match Report,2023,West Ham United
1751,1852,29,2023-01-21,15:00,Premier League,Matchweek 21,Sat,Home,W,2.0,0.0,Everton,2,11.0,4.0,36.4,0.18,0.5,11.9,0.0,0,0,2.2,2.2,0.21,-0.2,-0.2,Match Report,2023,West Ham United
1752,1854,31,2023-02-04,17:30,Premier League,Matchweek 22,Sat,Away,D,1.0,1.0,Newcastle Utd,1,10.0,1.0,10.0,0.1,1.0,16.2,0.0,0,0,1.0,1.0,0.1,0.0,0.0,Match Report,2023,West Ham United
1753,1855,32,2023-02-11,12:30,Premier League,Matchweek 23,Sat,Home,D,1.0,1.0,Chelsea,1,10.0,2.0,20.0,0.1,0.5,13.8,1.0,0,0,1.3,1.3,0.14,-0.3,-0.3,Match Report,2023,West Ham United
1754,1856,33,2023-02-19,16:30,Premier League,Matchweek 24,Sun,Away,L,0.0,2.0,Tottenham,0,6.0,1.0,16.7,0.0,0.0,16.0,1.0,0,0,0.5,0.5,0.08,-0.5,-0.5,Match Report,2023,West Ham United
1755,1857,34,2023-02-25,15:00,Premier League,Matchweek 25,Sat,Home,W,4.0,0.0,Nott'ham Forest,4,18.0,5.0,27.8,0.22,0.8,14.9,0.0,0,0,2.7,2.7,0.15,1.3,1.3,Match Report,2023,West Ham United
1756,1859,36,2023-03-04,15:00,Premier League,Matchweek 26,Sat,Away,L,0.0,4.0,Brighton,0,3.0,2.0,66.7,0.0,0.0,12.1,0.0,0,0,0.3,0.3,0.11,-0.3,-0.3,Match Report,2023,West Ham United
1757,1861,38,2023-03-12,14:00,Premier League,Matchweek 27,Sun,Home,D,1.0,1.0,Aston Villa,1,16.0,4.0,25.0,0.0,0.0,16.7,0.0,1,1,2.1,1.4,0.09,-1.1,-1.4,Match Report,2023,West Ham United
1758,1863,40,2023-04-02,14:00,Premier League,Matchweek 29,Sun,Home,W,1.0,0.0,Southampton,1,12.0,2.0,16.7,0.08,0.5,14.2,1.0,0,0,1.4,1.4,0.12,-0.4,-0.4,Match Report,2023,West Ham United
1759,1864,41,2023-04-05,20:00,Premier League,Matchweek 7,Wed,Home,L,1.0,5.0,Newcastle Utd,1,7.0,2.0,28.6,0.14,0.5,19.0,1.0,0,0,1.0,1.0,0.14,0.0,0.0,Match Report,2023,West Ham United
1760,1865,42,2023-04-08,15:00,Premier League,Matchweek 30,Sat,Away,W,1.0,0.0,Fulham,0,9.0,5.0,55.6,0.0,0.0,14.1,0.0,0,0,1.1,1.1,0.12,-1.1,-1.1,Match Report,2023,West Ham United
1761,1867,44,2023-04-16,14:00,Premier League,Matchweek 31,Sun,Home,D,2.0,2.0,Arsenal,2,15.0,2.0,13.3,0.07,0.5,14.8,1.0,1,1,1.8,1.0,0.07,0.2,0.0,Match Report,2023,West Ham United
1762,1869,46,2023-04-23,14:00,Premier League,Matchweek 32,Sun,Away,W,4.0,0.0,Bournemouth,4,18.0,10.0,55.6,0.22,0.4,16.2,1.0,0,0,2.4,2.4,0.13,1.6,1.6,Match Report,2023,West Ham United
1763,1870,47,2023-04-26,19:45,Premier League,Matchweek 33,Wed,Home,L,1.0,2.0,Liverpool,1,7.0,2.0,28.6,0.14,0.5,15.5,0.0,0,0,0.8,0.8,0.11,0.2,0.2,Match Report,2023,West Ham United
1764,1871,48,2023-04-29,12:30,Premier League,Matchweek 34,Sat,Away,L,3.0,4.0,Crystal Palace,3,8.0,4.0,50.0,0.38,0.75,16.1,0.0,0,0,1.7,1.7,0.23,1.3,1.3,Match Report,2023,West Ham United
1765,1872,49,2023-05-03,20:00,Premier League,Matchweek 28,Wed,Away,L,0.0,3.0,Manchester City,0,6.0,2.0,33.3,0.0,0.0,24.2,0.0,0,0,0.4,0.4,0.07,-0.4,-0.4,Match Report,2023,West Ham United
1766,1873,50,2023-05-07,19:00,Premier League,Matchweek 35,Sun,Home,W,1.0,0.0,Manchester Utd,1,15.0,4.0,26.7,0.07,0.25,15.5,0.0,0,0,1.3,1.3,0.09,-0.3,-0.3,Match Report,2023,West Ham United
1767,1875,52,2023-05-14,14:00,Premier League,Matchweek 36,Sun,Away,L,0.0,2.0,Brentford,0,4.0,4.0,100.0,0.0,0.0,19.0,0.0,0,0,0.2,0.2,0.06,-0.2,-0.2,Match Report,2023,West Ham United
1768,1877,54,2023-05-21,13:30,Premier League,Matchweek 37,Sun,Home,W,3.0,1.0,Leeds United,3,19.0,9.0,47.4,0.16,0.33,14.6,0.0,0,0,2.1,2.1,0.11,0.9,0.9,Match Report,2023,West Ham United
1769,1878,55,2023-05-28,16:30,Premier League,Matchweek 38,Sun,Away,L,1.0,2.0,Leicester City,1,16.0,3.0,18.8,0.06,0.33,16.7,0.0,0,0,1.4,1.4,0.09,-0.4,-0.4,Match Report,2023,West Ham United
1770,1881,0,2022-08-06,15:00,Premier League,Matchweek 1,Sat,Home,W,2.0,0.0,Aston Villa,2,7.0,3.0,42.9,0.29,0.67,15.7,0.0,0,0,0.6,0.6,0.09,1.4,1.4,Match Report,2023,Bournemouth
1771,1882,1,2022-08-13,15:00,Premier League,Matchweek 2,Sat,Away,L,0.0,4.0,Manchester City,0,3.0,1.0,33.3,0.0,0.0,20.6,0.0,0,0,0.1,0.1,0.04,-0.1,-0.1,Match Report,2023,Bournemouth
1772,1883,2,2022-08-20,17:30,Premier League,Matchweek 3,Sat,Home,L,0.0,3.0,Arsenal,0,6.0,1.0,16.7,0.0,0.0,18.5,1.0,0,0,0.3,0.3,0.05,-0.3,-0.3,Match Report,2023,Bournemouth
1773,1885,4,2022-08-27,15:00,Premier League,Matchweek 4,Sat,Away,L,0.0,9.0,Liverpool,0,5.0,2.0,40.0,0.0,0.0,18.2,0.0,0,0,0.3,0.3,0.07,-0.3,-0.3,Match Report,2023,Bournemouth
1774,1886,5,2022-08-31,19:30,Premier League,Matchweek 5,Wed,Home,D,0.0,0.0,Wolves,0,5.0,2.0,40.0,0.0,0.0,16.1,0.0,0,0,0.4,0.4,0.08,-0.4,-0.4,Match Report,2023,Bournemouth
1775,1887,6,2022-09-03,15:00,Premier League,Matchweek 6,Sat,Away,W,3.0,2.0,Nott'ham Forest,3,8.0,3.0,37.5,0.38,1.0,17.5,0.0,0,0,0.8,0.8,0.1,2.2,2.2,Match Report,2023,Bournemouth
1776,1888,7,2022-09-17,15:00,Premier League,Matchweek 8,Sat,Away,D,1.0,1.0,Newcastle Utd,1,10.0,3.0,30.0,0.1,0.33,18.1,0.0,0,0,0.7,0.7,0.07,0.3,0.3,Match Report,2023,Bournemouth
1777,1889,8,2022-10-01,15:00,Premier League,Matchweek 9,Sat,Home,D,0.0,0.0,Brentford,0,7.0,0.0,0.0,0.0,,15.5,1.0,0,0,0.4,0.4,0.05,-0.4,-0.4,Match Report,2023,Bournemouth
1778,1890,9,2022-10-08,15:00,Premier League,Matchweek 10,Sat,Home,W,2.0,1.0,Leicester City,2,10.0,4.0,40.0,0.2,0.5,15.0,1.0,0,0,1.1,1.1,0.11,0.9,0.9,Match Report,2023,Bournemouth
1779,1891,10,2022-10-15,15:00,Premier League,Matchweek 11,Sat,Away,D,2.0,2.0,Fulham,2,10.0,6.0,60.0,0.2,0.33,13.0,0.0,0,0,1.0,1.0,0.11,1.0,1.0,Match Report,2023,Bournemouth
1780,1892,11,2022-10-19,19:30,Premier League,Matchweek 12,Wed,Home,L,0.0,1.0,Southampton,0,15.0,3.0,20.0,0.0,0.0,17.6,1.0,0,0,1.0,1.0,0.07,-1.0,-1.0,Match Report,2023,Bournemouth
1781,1893,12,2022-10-24,20:00,Premier League,Matchweek 13,Mon,Away,L,0.0,2.0,West Ham,0,5.0,3.0,60.0,0.0,0.0,13.6,0.0,0,0,0.4,0.4,0.08,-0.4,-0.4,Match Report,2023,Bournemouth
1782,1894,13,2022-10-29,15:00,Premier League,Matchweek 14,Sat,Home,L,2.0,3.0,Tottenham,2,6.0,4.0,66.7,0.33,0.5,14.0,0.0,0,0,0.5,0.5,0.09,1.5,1.5,Match Report,2023,Bournemouth
1783,1895,14,2022-11-05,15:00,Premier League,Matchweek 15,Sat,Away,L,3.0,4.0,Leeds United,3,9.0,5.0,55.6,0.33,0.6,12.4,0.0,0,0,1.5,1.5,0.16,1.5,1.5,Match Report,2023,Bournemouth
1784,1897,16,2022-11-12,15:00,Premier League,Matchweek 16,Sat,Home,W,3.0,0.0,Everton,3,16.0,8.0,50.0,0.19,0.38,13.6,0.0,0,0,2.4,2.4,0.16,0.6,0.6,Match Report,2023,Bournemouth
1785,1899,18,2022-12-27,17:30,Premier League,Matchweek 17,Tue,Away,L,0.0,2.0,Chelsea,0,9.0,4.0,44.4,0.0,0.0,21.0,2.0,0,0,0.5,0.5,0.06,-0.5,-0.5,Match Report,2023,Bournemouth
1786,1900,19,2022-12-31,15:00,Premier League,Matchweek 18,Sat,Home,L,0.0,2.0,Crystal Palace,0,6.0,2.0,33.3,0.0,0.0,14.8,0.0,0,0,0.6,0.6,0.1,-0.6,-0.6,Match Report,2023,Bournemouth
1787,1901,20,2023-01-03,20:00,Premier League,Matchweek 19,Tue,Away,L,0.0,3.0,Manchester Utd,0,7.0,4.0,57.1,0.0,0.0,15.7,1.0,0,0,0.6,0.6,0.08,-0.6,-0.6,Match Report,2023,Bournemouth
1788,1903,22,2023-01-14,17:30,Premier League,Matchweek 20,Sat,Away,L,0.0,2.0,Brentford,0,7.0,2.0,28.6,0.0,0.0,18.1,0.0,0,0,0.6,0.6,0.09,-0.6,-0.6,Match Report,2023,Bournemouth
1789,1904,23,2023-01-21,15:00,Premier League,Matchweek 21,Sat,Home,D,1.0,1.0,Nott'ham Forest,1,16.0,3.0,18.8,0.06,0.33,15.4,2.0,0,0,1.4,1.4,0.09,-0.4,-0.4,Match Report,2023,Bournemouth
1790,1905,24,2023-02-04,15:00,Premier League,Matchweek 22,Sat,Away,L,0.0,1.0,Brighton,0,12.0,2.0,16.7,0.0,0.0,15.3,0.0,0,0,1.1,1.1,0.1,-1.1,-1.1,Match Report,2023,Bournemouth
1791,1906,25,2023-02-11,17:30,Premier League,Matchweek 23,Sat,Home,D,1.0,1.0,Newcastle Utd,1,11.0,4.0,36.4,0.09,0.25,16.5,1.0,0,0,1.5,1.5,0.14,-0.5,-0.5,Match Report,2023,Bournemouth
1792,1907,26,2023-02-18,15:00,Premier League,Matchweek 24,Sat,Away,W,1.0,0.0,Wolves,1,5.0,1.0,20.0,0.2,1.0,14.0,0.0,0,0,1.1,1.1,0.21,-0.1,-0.1,Match Report,2023,Bournemouth
1793,1908,27,2023-02-25,17:30,Premier League,Matchweek 25,Sat,Home,L,1.0,4.0,Manchester City,1,13.0,2.0,15.4,0.08,0.5,14.2,0.0,0,0,1.0,1.0,0.08,0.0,0.0,Match Report,2023,Bournemouth
1794,1909,28,2023-03-04,15:00,Premier League,Matchweek 26,Sat,Away,L,2.0,3.0,Arsenal,2,4.0,4.0,100.0,0.5,0.5,8.1,0.0,0,0,1.3,1.3,0.33,0.7,0.7,Match Report,2023,Bournemouth
1795,1910,29,2023-03-11,12:30,Premier League,Matchweek 27,Sat,Home,W,1.0,0.0,Liverpool,1,5.0,2.0,40.0,0.2,0.5,12.3,0.0,0,0,0.9,0.9,0.17,0.1,0.1,Match Report,2023,Bournemouth
1796,1911,30,2023-03-18,15:00,Premier League,Matchweek 28,Sat,Away,L,0.0,3.0,Aston Villa,0,10.0,3.0,30.0,0.0,0.0,12.6,1.0,0,0,1.3,1.3,0.14,-1.3,-1.3,Match Report,2023,Bournemouth
1797,1912,31,2023-04-01,15:00,Premier League,Matchweek 29,Sat,Home,W,2.0,1.0,Fulham,2,12.0,6.0,50.0,0.17,0.33,12.5,0.0,0,0,2.6,2.6,0.24,-0.6,-0.6,Match Report,2023,Bournemouth
1798,1913,32,2023-04-04,19:45,Premier League,Matchweek 7,Tue,Home,L,0.0,2.0,Brighton,0,14.0,3.0,21.4,0.0,0.0,15.8,0.0,0,0,1.7,1.7,0.13,-1.7,-1.7,Match Report,2023,Bournemouth
1799,1914,33,2023-04-08,15:00,Premier League,Matchweek 30,Sat,Away,W,1.0,0.0,Leicester City,1,19.0,7.0,36.8,0.05,0.14,14.7,1.0,0,0,1.9,1.9,0.11,-0.9,-0.9,Match Report,2023,Bournemouth
1800,1915,34,2023-04-15,15:00,Premier League,Matchweek 31,Sat,Away,W,3.0,2.0,Tottenham,3,9.0,6.0,66.7,0.33,0.5,17.9,0.0,0,0,1.3,1.3,0.15,1.7,1.7,Match Report,2023,Bournemouth
1801,1916,35,2023-04-23,14:00,Premier League,Matchweek 32,Sun,Home,L,0.0,4.0,West Ham,0,17.0,5.0,29.4,0.0,0.0,17.4,0.0,0,0,1.5,1.5,0.09,-1.5,-1.5,Match Report,2023,Bournemouth
1802,1917,36,2023-04-27,19:45,Premier League,Matchweek 33,Thu,Away,W,1.0,0.0,Southampton,1,16.0,2.0,12.5,0.06,0.5,17.6,0.0,0,0,0.9,0.9,0.06,0.1,0.1,Match Report,2023,Bournemouth
1803,1918,37,2023-04-30,14:00,Premier League,Matchweek 34,Sun,Home,W,4.0,1.0,Leeds United,4,12.0,7.0,58.3,0.33,0.57,12.5,0.0,0,0,1.9,1.9,0.16,2.1,2.1,Match Report,2023,Bournemouth
1804,1919,38,2023-05-06,15:00,Premier League,Matchweek 35,Sat,Home,L,1.0,3.0,Chelsea,1,10.0,4.0,40.0,0.1,0.25,14.5,0.0,0,0,1.2,1.2,0.13,-0.2,-0.2,Match Report,2023,Bournemouth
1805,1920,39,2023-05-13,15:00,Premier League,Matchweek 36,Sat,Away,L,0.0,2.0,Crystal Palace,0,5.0,0.0,0.0,0.0,,19.4,1.0,0,0,0.3,0.3,0.06,-0.3,-0.3,Match Report,2023,Bournemouth
1806,1921,40,2023-05-20,15:00,Premier League,Matchweek 37,Sat,Home,L,0.0,1.0,Manchester Utd,0,10.0,4.0,40.0,0.0,0.0,16.2,1.0,0,0,1.0,1.0,0.1,-1.0,-1.0,Match Report,2023,Bournemouth
1807,1922,41,2023-05-28,16:30,Premier League,Matchweek 38,Sun,Away,L,0.0,1.0,Everton,0,7.0,1.0,14.3,0.0,0.0,14.5,0.0,0,0,0.5,0.5,0.07,-0.5,-0.5,Match Report,2023,Bournemouth
1808,1924,0,2022-08-06,15:00,Premier League,Matchweek 1,Sat,Away,L,0.0,2.0,Newcastle Utd,0,5.0,0.0,0.0,0.0,,16.0,0.0,0,0,0.3,0.3,0.06,-0.3,-0.3,Match Report,2023,Nottingham Forest
1809,1925,1,2022-08-14,14:00,Premier League,Matchweek 2,Sun,Home,W,1.0,0.0,West Ham,1,13.0,6.0,46.2,0.08,0.17,14.1,1.0,0,0,1.3,1.3,0.1,-0.3,-0.3,Match Report,2023,Nottingham Forest
1810,1926,2,2022-08-20,15:00,Premier League,Matchweek 3,Sat,Away,D,1.0,1.0,Everton,1,14.0,5.0,35.7,0.07,0.2,19.3,1.0,0,0,1.0,1.0,0.07,0.0,0.0,Match Report,2023,Nottingham Forest
1811,1928,4,2022-08-28,16:30,Premier League,Matchweek 4,Sun,Home,L,0.0,2.0,Tottenham,0,17.0,1.0,5.9,0.0,0.0,20.0,1.0,0,0,0.9,0.9,0.06,-0.9,-0.9,Match Report,2023,Nottingham Forest
1812,1929,5,2022-08-31,19:30,Premier League,Matchweek 5,Wed,Away,L,0.0,6.0,Manchester City,0,8.0,1.0,12.5,0.0,0.0,18.4,1.0,0,0,0.7,0.7,0.08,-0.7,-0.7,Match Report,2023,Nottingham Forest
1813,1930,6,2022-09-03,15:00,Premier League,Matchweek 6,Sat,Home,L,2.0,3.0,Bournemouth,2,10.0,2.0,20.0,0.1,0.5,17.5,0.0,1,1,1.9,1.1,0.11,0.1,-0.1,Match Report,2023,Nottingham Forest
1814,1931,7,2022-09-16,20:00,Premier League,Matchweek 8,Fri,Home,L,2.0,3.0,Fulham,2,11.0,3.0,27.3,0.18,0.67,16.4,1.0,0,0,1.4,1.4,0.13,0.6,0.6,Match Report,2023,Nottingham Forest
1815,1932,8,2022-10-03,20:00,Premier League,Matchweek 9,Mon,Away,L,0.0,4.0,Leicester City,0,10.0,3.0,30.0,0.0,0.0,15.7,0.0,0,0,1.1,1.1,0.12,-1.1,-1.1,Match Report,2023,Nottingham Forest
1816,1933,9,2022-10-10,20:00,Premier League,Matchweek 10,Mon,Home,D,1.0,1.0,Aston Villa,1,6.0,3.0,50.0,0.17,0.33,18.7,0.0,0,0,0.3,0.3,0.05,0.7,0.7,Match Report,2023,Nottingham Forest
1817,1934,10,2022-10-15,15:00,Premier League,Matchweek 11,Sat,Away,L,0.0,1.0,Wolves,0,9.0,1.0,11.1,0.0,0.0,19.9,1.0,0,1,1.5,0.7,0.08,-1.5,-0.7,Match Report,2023,Nottingham Forest
1818,1935,11,2022-10-18,19:30,Premier League,Matchweek 12,Tue,Away,D,0.0,0.0,Brighton,0,3.0,0.0,0.0,0.0,,11.5,0.0,0,0,0.1,0.1,0.04,-0.1,-0.1,Match Report,2023,Nottingham Forest
1819,1936,12,2022-10-22,12:30,Premier League,Matchweek 13,Sat,Home,W,1.0,0.0,Liverpool,1,10.0,7.0,70.0,0.1,0.14,15.9,0.0,0,0,1.9,1.9,0.2,-0.9,-0.9,Match Report,2023,Nottingham Forest
1820,1937,13,2022-10-30,14:00,Premier League,Matchweek 14,Sun,Away,L,0.0,5.0,Arsenal,0,5.0,2.0,40.0,0.0,0.0,20.4,0.0,0,0,0.4,0.4,0.09,-0.4,-0.4,Match Report,2023,Nottingham Forest
1821,1938,14,2022-11-05,15:00,Premier League,Matchweek 15,Sat,Home,D,2.0,2.0,Brentford,1,15.0,6.0,40.0,0.07,0.17,17.8,0.0,0,0,1.5,1.5,0.1,-0.5,-0.5,Match Report,2023,Nottingham Forest
1822,1940,16,2022-11-12,15:00,Premier League,Matchweek 16,Sat,Home,W,1.0,0.0,Crystal Palace,1,9.0,2.0,22.2,0.11,0.5,15.2,1.0,0,0,1.1,1.1,0.13,-0.1,-0.1,Match Report,2023,Nottingham Forest
1823,1942,18,2022-12-27,20:00,Premier League,Matchweek 17,Tue,Away,L,0.0,3.0,Manchester Utd,0,8.0,3.0,37.5,0.0,0.0,15.2,0.0,0,0,0.7,0.7,0.09,-0.7,-0.7,Match Report,2023,Nottingham Forest
1824,1943,19,2023-01-01,16:30,Premier League,Matchweek 18,Sun,Home,D,1.0,1.0,Chelsea,1,12.0,5.0,41.7,0.08,0.2,15.5,0.0,0,0,1.4,1.4,0.12,-0.4,-0.4,Match Report,2023,Nottingham Forest
1825,1944,20,2023-01-04,19:30,Premier League,Matchweek 19,Wed,Away,W,1.0,0.0,Southampton,1,11.0,1.0,9.1,0.09,1.0,22.3,0.0,0,0,1.4,1.4,0.13,-0.4,-0.4,Match Report,2023,Nottingham Forest
1826,1947,23,2023-01-14,15:00,Premier League,Matchweek 20,Sat,Home,W,2.0,0.0,Leicester City,2,15.0,5.0,33.3,0.13,0.4,19.3,2.0,0,0,2.4,2.4,0.16,-0.4,-0.4,Match Report,2023,Nottingham Forest
1827,1948,24,2023-01-21,15:00,Premier League,Matchweek 21,Sat,Away,D,1.0,1.0,Bournemouth,1,20.0,5.0,25.0,0.05,0.2,17.9,0.0,0,0,1.9,1.9,0.1,-0.9,-0.9,Match Report,2023,Nottingham Forest
1828,1951,27,2023-02-05,14:00,Premier League,Matchweek 22,Sun,Home,W,1.0,0.0,Leeds United,1,6.0,2.0,33.3,0.17,0.5,18.9,0.0,0,0,0.4,0.4,0.07,0.6,0.6,Match Report,2023,Nottingham Forest
1829,1952,28,2023-02-11,15:00,Premier League,Matchweek 23,Sat,Away,L,0.0,2.0,Fulham,0,10.0,1.0,10.0,0.0,0.0,15.0,0.0,0,0,0.7,0.7,0.07,-0.7,-0.7,Match Report,2023,Nottingham Forest
1830,1953,29,2023-02-18,15:00,Premier League,Matchweek 24,Sat,Home,D,1.0,1.0,Manchester City,1,4.0,1.0,25.0,0.25,1.0,14.7,0.0,0,0,0.9,0.9,0.24,0.1,0.1,Match Report,2023,Nottingham Forest
1831,1954,30,2023-02-25,15:00,Premier League,Matchweek 25,Sat,Away,L,0.0,4.0,West Ham,0,8.0,3.0,37.5,0.0,0.0,18.9,0.0,0,0,0.4,0.4,0.05,-0.4,-0.4,Match Report,2023,Nottingham Forest
1832,1955,31,2023-03-05,14:00,Premier League,Matchweek 26,Sun,Home,D,2.0,2.0,Everton,2,10.0,4.0,40.0,0.2,0.5,18.4,0.0,0,0,0.8,0.8,0.09,1.2,1.2,Match Report,2023,Nottingham Forest
1833,1956,32,2023-03-11,15:00,Premier League,Matchweek 27,Sat,Away,L,1.0,3.0,Tottenham,1,8.0,4.0,50.0,0.13,0.25,15.2,0.0,0,1,1.5,0.7,0.09,-0.5,0.3,Match Report,2023,Nottingham Forest
1834,1957,33,2023-03-17,20:00,Premier League,Matchweek 28,Fri,Home,L,1.0,2.0,Newcastle Utd,1,5.0,3.0,60.0,0.2,0.33,18.4,0.0,0,0,0.4,0.4,0.07,0.6,0.6,Match Report,2023,Nottingham Forest
1835,1958,34,2023-04-01,15:00,Premier League,Matchweek 29,Sat,Home,D,1.0,1.0,Wolves,1,17.0,7.0,41.2,0.06,0.14,16.7,0.0,0,0,1.3,1.3,0.08,-0.3,-0.3,Match Report,2023,Nottingham Forest
1836,1959,35,2023-04-04,19:45,Premier League,Matchweek 7,Tue,Away,L,1.0,2.0,Leeds United,1,13.0,1.0,7.7,0.08,1.0,16.5,0.0,0,0,0.8,0.8,0.06,0.2,0.2,Match Report,2023,Nottingham Forest
1837,1960,36,2023-04-08,15:00,Premier League,Matchweek 30,Sat,Away,L,0.0,2.0,Aston Villa,0,6.0,2.0,33.3,0.0,0.0,22.0,0.0,0,0,0.2,0.2,0.04,-0.2,-0.2,Match Report,2023,Nottingham Forest
1838,1961,37,2023-04-16,16:30,Premier League,Matchweek 31,Sun,Home,L,0.0,2.0,Manchester Utd,0,6.0,0.0,0.0,0.0,,16.0,0.0,0,0,0.7,0.7,0.12,-0.7,-0.7,Match Report,2023,Nottingham Forest
1839,1962,38,2023-04-22,15:00,Premier League,Matchweek 32,Sat,Away,L,2.0,3.0,Liverpool,2,11.0,5.0,45.5,0.18,0.4,17.4,0.0,0,0,0.9,0.9,0.08,1.1,1.1,Match Report,2023,Nottingham Forest
1840,1963,39,2023-04-26,19:30,Premier League,Matchweek 33,Wed,Home,W,3.0,1.0,Brighton,2,10.0,3.0,30.0,0.1,0.33,18.4,0.0,1,2,2.4,0.8,0.09,-0.4,0.2,Match Report,2023,Nottingham Forest
1841,1964,40,2023-04-29,15:00,Premier League,Matchweek 34,Sat,Away,L,1.0,2.0,Brentford,1,5.0,3.0,60.0,0.2,0.33,16.6,0.0,0,0,0.7,0.7,0.14,0.3,0.3,Match Report,2023,Nottingham Forest
1842,1965,41,2023-05-08,20:00,Premier League,Matchweek 35,Mon,Home,W,4.0,3.0,Southampton,4,8.0,3.0,37.5,0.38,1.0,16.0,0.0,1,1,1.8,1.0,0.13,2.2,2.0,Match Report,2023,Nottingham Forest
1843,1966,42,2023-05-13,15:00,Premier League,Matchweek 36,Sat,Away,D,2.0,2.0,Chelsea,2,11.0,2.0,18.2,0.18,1.0,11.2,0.0,0,0,1.3,1.3,0.12,0.7,0.7,Match Report,2023,Nottingham Forest
1844,1967,43,2023-05-20,17:30,Premier League,Matchweek 37,Sat,Home,W,1.0,0.0,Arsenal,1,6.0,2.0,33.3,0.17,0.5,13.5,0.0,0,0,0.6,0.6,0.09,0.4,0.4,Match Report,2023,Nottingham Forest
1845,1968,44,2023-05-28,16:30,Premier League,Matchweek 38,Sun,Away,D,1.0,1.0,Crystal Palace,1,7.0,4.0,57.1,0.14,0.25,17.0,0.0,0,0,0.5,0.5,0.07,0.5,0.5,Match Report,2023,Nottingham Forest
1846,1970,0,2022-08-06,17:30,Premier League,Matchweek 1,Sat,Home,L,0.0,1.0,Chelsea,0,8.0,3.0,37.5,0.0,0.0,13.5,0.0,0,0,0.7,0.7,0.09,-0.7,-0.7,Match Report,2023,Everton
1847,1971,1,2022-08-13,12:30,Premier League,Matchweek 2,Sat,Away,L,1.0,2.0,Aston Villa,0,15.0,4.0,26.7,0.0,0.0,14.8,0.0,0,0,1.6,1.6,0.11,-1.6,-1.6,Match Report,2023,Everton
1848,1972,2,2022-08-20,15:00,Premier League,Matchweek 3,Sat,Home,D,1.0,1.0,Nott'ham Forest,1,19.0,8.0,42.1,0.05,0.13,20.8,1.0,0,0,1.5,1.5,0.08,-0.5,-0.5,Match Report,2023,Everton
1849,1974,4,2022-08-27,15:00,Premier League,Matchweek 4,Sat,Away,D,1.0,1.0,Brentford,1,14.0,7.0,50.0,0.07,0.14,16.7,0.0,0,0,1.1,1.1,0.08,-0.1,-0.1,Match Report,2023,Everton
1850,1975,5,2022-08-30,20:00,Premier League,Matchweek 5,Tue,Away,D,1.0,1.0,Leeds United,1,7.0,2.0,28.6,0.14,0.5,19.1,1.0,0,0,1.0,1.0,0.14,0.0,0.0,Match Report,2023,Everton
1851,1976,6,2022-09-03,12:30,Premier League,Matchweek 6,Sat,Home,D,0.0,0.0,Liverpool,0,14.0,3.0,21.4,0.0,0.0,15.5,0.0,0,0,1.7,1.7,0.12,-1.7,-1.7,Match Report,2023,Everton
1852,1977,7,2022-09-18,14:15,Premier League,Matchweek 8,Sun,Home,W,1.0,0.0,West Ham,1,7.0,2.0,28.6,0.14,0.5,21.4,0.0,0,0,0.4,0.4,0.05,0.6,0.6,Match Report,2023,Everton
1853,1978,8,2022-10-01,15:00,Premier League,Matchweek 9,Sat,Away,W,2.0,1.0,Southampton,2,12.0,5.0,41.7,0.17,0.4,17.4,1.0,0,0,2.0,2.0,0.17,0.0,0.0,Match Report,2023,Everton
1854,1979,9,2022-10-09,19:00,Premier League,Matchweek 10,Sun,Home,L,1.0,2.0,Manchester Utd,1,11.0,2.0,18.2,0.09,0.5,17.4,0.0,0,0,0.6,0.6,0.06,0.4,0.4,Match Report,2023,Everton
1855,1980,10,2022-10-15,17:30,Premier League,Matchweek 11,Sat,Away,L,0.0,2.0,Tottenham,0,4.0,0.0,0.0,0.0,,13.5,0.0,0,0,0.4,0.4,0.11,-0.4,-0.4,Match Report,2023,Everton
1856,1981,11,2022-10-19,19:30,Premier League,Matchweek 12,Wed,Away,L,0.0,1.0,Newcastle Utd,0,1.0,0.0,0.0,0.0,,7.5,0.0,0,0,0.2,0.2,0.17,-0.2,-0.2,Match Report,2023,Everton
1857,1982,12,2022-10-22,15:00,Premier League,Matchweek 13,Sat,Home,W,3.0,0.0,Crystal Palace,3,9.0,6.0,66.7,0.33,0.5,16.8,0.0,0,0,1.4,1.4,0.17,1.6,1.6,Match Report,2023,Everton
1858,1983,13,2022-10-29,17:30,Premier League,Matchweek 14,Sat,Away,D,0.0,0.0,Fulham,0,9.0,4.0,44.4,0.0,0.0,12.2,0.0,0,0,0.9,0.9,0.1,-0.9,-0.9,Match Report,2023,Everton
1859,1984,14,2022-11-05,17:30,Premier League,Matchweek 15,Sat,Home,L,0.0,2.0,Leicester City,0,12.0,2.0,16.7,0.0,0.0,12.9,0.0,0,0,1.2,1.2,0.1,-1.2,-1.2,Match Report,2023,Everton
1860,1986,16,2022-11-12,15:00,Premier League,Matchweek 16,Sat,Away,L,0.0,3.0,Bournemouth,0,15.0,3.0,20.0,0.0,0.0,18.0,0.0,0,0,0.8,0.8,0.06,-0.8,-0.8,Match Report,2023,Everton
1861,1987,17,2022-12-26,15:00,Premier League,Matchweek 17,Mon,Home,L,1.0,2.0,Wolves,1,12.0,5.0,41.7,0.08,0.2,19.2,2.0,0,0,1.7,1.7,0.14,-0.7,-0.7,Match Report,2023,Everton
1862,1988,18,2022-12-31,15:00,Premier League,Matchweek 18,Sat,Away,D,1.0,1.0,Manchester City,1,2.0,1.0,50.0,0.5,1.0,25.1,0.0,0,0,0.1,0.1,0.05,0.9,0.9,Match Report,2023,Everton
1863,1989,19,2023-01-03,19:45,Premier League,Matchweek 19,Tue,Home,L,1.0,4.0,Brighton,1,9.0,3.0,33.3,0.0,0.0,19.0,0.0,1,1,1.3,0.5,0.06,-0.3,-0.5,Match Report,2023,Everton
1864,1991,21,2023-01-14,15:00,Premier League,Matchweek 20,Sat,Home,L,1.0,2.0,Southampton,1,12.0,4.0,33.3,0.08,0.25,16.0,0.0,0,0,1.4,1.4,0.11,-0.4,-0.4,Match Report,2023,Everton
1865,1992,22,2023-01-21,15:00,Premier League,Matchweek 21,Sat,Away,L,0.0,2.0,West Ham,0,5.0,2.0,40.0,0.0,0.0,14.7,0.0,0,0,0.5,0.5,0.11,-0.5,-0.5,Match Report,2023,Everton
1866,1993,23,2023-02-04,12:30,Premier League,Matchweek 22,Sat,Home,W,1.0,0.0,Arsenal,1,12.0,4.0,33.3,0.08,0.25,16.4,0.0,0,0,1.7,1.7,0.14,-0.7,-0.7,Match Report,2023,Everton
1867,1994,24,2023-02-13,20:00,Premier League,Matchweek 23,Mon,Away,L,0.0,2.0,Liverpool,0,6.0,1.0,16.7,0.0,0.0,15.3,0.0,0,0,0.4,0.4,0.06,-0.4,-0.4,Match Report,2023,Everton
1868,1995,25,2023-02-18,15:00,Premier League,Matchweek 24,Sat,Home,W,1.0,0.0,Leeds United,1,15.0,4.0,26.7,0.07,0.25,15.7,0.0,0,0,1.4,1.4,0.1,-0.4,-0.4,Match Report,2023,Everton
1869,1996,26,2023-02-25,15:00,Premier League,Matchweek 25,Sat,Home,L,0.0,2.0,Aston Villa,0,15.0,4.0,26.7,0.0,0.0,12.6,2.0,0,0,1.6,1.6,0.11,-1.6,-1.6,Match Report,2023,Everton
1870,1997,27,2023-03-01,19:45,Premier League,Matchweek 7,Wed,Away,L,0.0,4.0,Arsenal,0,8.0,5.0,62.5,0.0,0.0,14.9,0.0,0,0,1.2,1.2,0.15,-1.2,-1.2,Match Report,2023,Everton
1871,1998,28,2023-03-05,14:00,Premier League,Matchweek 26,Sun,Away,D,2.0,2.0,Nott'ham Forest,2,9.0,2.0,22.2,0.11,0.5,17.0,0.0,1,1,1.7,0.9,0.1,0.3,0.1,Match Report,2023,Everton
1872,1999,29,2023-03-11,15:00,Premier League,Matchweek 27,Sat,Home,W,1.0,0.0,Brentford,1,13.0,6.0,46.2,0.08,0.17,17.0,1.0,0,0,1.0,1.0,0.08,0.0,0.0,Match Report,2023,Everton
1873,2000,30,2023-03-18,17:30,Premier League,Matchweek 28,Sat,Away,D,2.0,2.0,Chelsea,2,12.0,3.0,25.0,0.17,0.67,18.9,1.0,0,0,1.2,1.2,0.11,0.8,0.8,Match Report,2023,Everton
1874,2001,31,2023-04-03,20:00,Premier League,Matchweek 29,Mon,Home,D,1.0,1.0,Tottenham,1,15.0,6.0,40.0,0.07,0.17,19.3,0.0,0,0,0.9,0.9,0.06,0.1,0.1,Match Report,2023,Everton
1875,2002,32,2023-04-08,12:30,Premier League,Matchweek 30,Sat,Away,L,0.0,2.0,Manchester Utd,0,15.0,1.0,6.7,0.0,0.0,18.0,0.0,0,0,1.0,1.0,0.07,-1.0,-1.0,Match Report,2023,Everton
1876,2003,33,2023-04-15,15:00,Premier League,Matchweek 31,Sat,Home,L,1.0,3.0,Fulham,1,15.0,7.0,46.7,0.07,0.14,17.1,0.0,0,0,1.4,1.4,0.1,-0.4,-0.4,Match Report,2023,Everton
1877,2004,34,2023-04-22,15:00,Premier League,Matchweek 32,Sat,Away,D,0.0,0.0,Crystal Palace,0,10.0,5.0,50.0,0.0,0.0,22.4,0.0,0,0,0.4,0.4,0.04,-0.4,-0.4,Match Report,2023,Everton
1878,2005,35,2023-04-27,19:45,Premier League,Matchweek 33,Thu,Home,L,1.0,4.0,Newcastle Utd,1,13.0,5.0,38.5,0.08,0.2,22.3,1.0,0,0,0.9,0.9,0.07,0.1,0.1,Match Report,2023,Everton
1879,2006,36,2023-05-01,20:00,Premier League,Matchweek 34,Mon,Away,D,2.0,2.0,Leicester City,2,22.0,7.0,31.8,0.05,0.14,14.9,0.0,1,1,3.1,2.3,0.11,-1.1,-1.3,Match Report,2023,Everton
1880,2007,37,2023-05-08,17:30,Premier League,Matchweek 35,Mon,Away,W,5.0,1.0,Brighton,4,10.0,5.0,50.0,0.4,0.8,12.8,0.0,0,0,2.3,2.3,0.23,1.7,1.7,Match Report,2023,Everton
1881,2008,38,2023-05-14,14:00,Premier League,Matchweek 36,Sun,Home,L,0.0,3.0,Manchester City,0,7.0,2.0,28.6,0.0,0.0,7.6,0.0,0,0,1.6,1.6,0.27,-1.6,-1.6,Match Report,2023,Everton
1882,2009,39,2023-05-20,15:00,Premier League,Matchweek 37,Sat,Away,D,1.0,1.0,Wolves,1,19.0,4.0,21.1,0.05,0.25,17.1,2.0,0,0,2.0,2.0,0.1,-1.0,-1.0,Match Report,2023,Everton
1883,2010,40,2023-05-28,16:30,Premier League,Matchweek 38,Sun,Home,W,1.0,0.0,Bournemouth,1,13.0,6.0,46.2,0.08,0.17,17.2,0.0,0,0,1.0,1.0,0.08,0.0,0.0,Match Report,2023,Everton
1884,2012,0,2022-08-07,14:00,Premier League,Matchweek 1,Sun,Home,D,2.0,2.0,Brentford,2,14.0,5.0,35.7,0.14,0.4,23.1,0.0,0,0,0.6,0.6,0.04,1.4,1.4,Match Report,2023,Leicester City
1885,2013,1,2022-08-13,15:00,Premier League,Matchweek 2,Sat,Away,L,2.0,4.0,Arsenal,1,6.0,2.0,33.3,0.17,0.5,14.6,0.0,0,0,0.5,0.5,0.08,0.5,0.5,Match Report,2023,Leicester City
1886,2014,2,2022-08-20,15:00,Premier League,Matchweek 3,Sat,Home,L,1.0,2.0,Southampton,1,6.0,1.0,16.7,0.17,1.0,17.8,1.0,0,0,0.3,0.3,0.05,0.7,0.7,Match Report,2023,Leicester City
1887,2016,4,2022-08-27,15:00,Premier League,Matchweek 4,Sat,Away,L,1.0,2.0,Chelsea,1,17.0,5.0,29.4,0.06,0.2,17.9,0.0,0,0,2.5,2.5,0.15,-1.5,-1.5,Match Report,2023,Leicester City
1888,2017,5,2022-09-01,20:00,Premier League,Matchweek 5,Thu,Home,L,0.0,1.0,Manchester Utd,0,10.0,2.0,20.0,0.0,0.0,23.5,2.0,0,0,0.7,0.7,0.07,-0.7,-0.7,Match Report,2023,Leicester City
1889,2018,6,2022-09-04,14:00,Premier League,Matchweek 6,Sun,Away,L,2.0,5.0,Brighton,2,6.0,4.0,66.7,0.33,0.5,14.8,0.0,0,0,1.4,1.4,0.24,0.6,0.6,Match Report,2023,Leicester City
1890,2019,7,2022-09-17,17:30,Premier League,Matchweek 8,Sat,Away,L,2.0,6.0,Tottenham,2,18.0,6.0,33.3,0.06,0.17,22.7,0.0,1,1,1.8,1.0,0.05,0.2,0.0,Match Report,2023,Leicester City
1891,2020,8,2022-10-03,20:00,Premier League,Matchweek 9,Mon,Home,W,4.0,0.0,Nott'ham Forest,4,17.0,7.0,41.2,0.24,0.57,17.7,1.0,0,0,1.3,1.3,0.08,2.7,2.7,Match Report,2023,Leicester City
1892,2021,9,2022-10-08,15:00,Premier League,Matchweek 10,Sat,Away,L,1.0,2.0,Bournemouth,1,9.0,5.0,55.6,0.11,0.2,13.2,1.0,0,0,1.0,1.0,0.12,0.0,0.0,Match Report,2023,Leicester City
1893,2022,10,2022-10-15,12:30,Premier League,Matchweek 11,Sat,Home,D,0.0,0.0,Crystal Palace,0,14.0,5.0,35.7,0.0,0.0,19.4,1.0,0,0,1.0,1.0,0.07,-1.0,-1.0,Match Report,2023,Leicester City
1894,2023,11,2022-10-20,20:15,Premier League,Matchweek 12,Thu,Home,W,2.0,0.0,Leeds United,1,5.0,1.0,20.0,0.2,1.0,17.7,0.0,0,0,0.8,0.8,0.16,0.2,0.2,Match Report,2023,Leicester City
1895,2024,12,2022-10-23,14:00,Premier League,Matchweek 13,Sun,Away,W,4.0,0.0,Wolves,4,5.0,4.0,80.0,0.8,1.0,14.7,0.0,0,0,0.9,0.9,0.18,3.1,3.1,Match Report,2023,Leicester City
1896,2025,13,2022-10-29,12:30,Premier League,Matchweek 14,Sat,Home,L,0.0,1.0,Manchester City,0,10.0,5.0,50.0,0.0,0.0,16.4,0.0,0,0,0.7,0.7,0.07,-0.7,-0.7,Match Report,2023,Leicester City
1897,2026,14,2022-11-05,17:30,Premier League,Matchweek 15,Sat,Away,W,2.0,0.0,Everton,2,22.0,8.0,36.4,0.09,0.25,17.5,0.0,0,0,2.3,2.3,0.11,-0.3,-0.3,Match Report,2023,Leicester City
1898,2028,16,2022-11-12,15:00,Premier League,Matchweek 16,Sat,Away,W,2.0,0.0,West Ham,2,8.0,5.0,62.5,0.25,0.4,21.3,0.0,0,1,1.8,1.0,0.12,0.2,1.0,Match Report,2023,Leicester City
1899,2030,18,2022-12-26,15:00,Premier League,Matchweek 17,Mon,Home,L,0.0,3.0,Newcastle Utd,0,8.0,2.0,25.0,0.0,0.0,20.1,0.0,0,0,0.5,0.5,0.06,-0.5,-0.5,Match Report,2023,Leicester City
1900,2031,19,2022-12-30,20:00,Premier League,Matchweek 18,Fri,Away,L,1.0,2.0,Liverpool,1,7.0,2.0,28.6,0.14,0.5,12.1,0.0,0,0,1.0,1.0,0.14,0.0,0.0,Match Report,2023,Leicester City
1901,2032,20,2023-01-03,19:45,Premier League,Matchweek 19,Tue,Home,L,0.0,1.0,Fulham,0,15.0,6.0,40.0,0.0,0.0,18.9,1.0,0,0,1.7,1.7,0.11,-1.7,-1.7,Match Report,2023,Leicester City
1902,2035,23,2023-01-14,15:00,Premier League,Matchweek 20,Sat,Away,L,0.0,2.0,Nott'ham Forest,0,6.0,1.0,16.7,0.0,0.0,18.0,0.0,0,0,1.0,1.0,0.17,-1.0,-1.0,Match Report,2023,Leicester City
1903,2036,24,2023-01-21,15:00,Premier League,Matchweek 21,Sat,Home,D,2.0,2.0,Brighton,2,9.0,2.0,22.2,0.22,1.0,12.1,1.0,0,0,0.9,0.9,0.11,1.1,1.1,Match Report,2023,Leicester City
1904,2038,26,2023-02-04,15:00,Premier League,Matchweek 22,Sat,Away,W,4.0,2.0,Aston Villa,4,9.0,5.0,55.6,0.44,0.8,15.3,0.0,0,0,2.6,2.6,0.29,1.4,1.4,Match Report,2023,Leicester City
1905,2039,27,2023-02-11,15:00,Premier League,Matchweek 23,Sat,Home,W,4.0,1.0,Tottenham,4,15.0,6.0,40.0,0.27,0.67,15.6,0.0,0,0,1.7,1.7,0.11,2.3,2.3,Match Report,2023,Leicester City
1906,2040,28,2023-02-19,14:00,Premier League,Matchweek 24,Sun,Away,L,0.0,3.0,Manchester Utd,0,19.0,3.0,15.8,0.0,0.0,19.0,1.0,0,0,1.6,1.6,0.09,-1.6,-1.6,Match Report,2023,Leicester City
1907,2041,29,2023-02-25,15:00,Premier League,Matchweek 25,Sat,Home,L,0.0,1.0,Arsenal,0,1.0,0.0,0.0,0.0,,29.4,0.0,0,0,0.0,0.0,0.02,0.0,0.0,Match Report,2023,Leicester City
1908,2043,31,2023-03-04,17:30,Premier League,Matchweek 26,Sat,Away,L,0.0,1.0,Southampton,0,11.0,0.0,0.0,0.0,,15.8,0.0,0,0,1.9,1.9,0.18,-1.9,-1.9,Match Report,2023,Leicester City
1909,2044,32,2023-03-11,15:00,Premier League,Matchweek 27,Sat,Home,L,1.0,3.0,Chelsea,1,17.0,6.0,35.3,0.06,0.17,18.3,1.0,0,0,2.4,2.4,0.15,-1.4,-1.4,Match Report,2023,Leicester City
1910,2045,33,2023-03-18,15:00,Premier League,Matchweek 28,Sat,Away,D,1.0,1.0,Brentford,1,14.0,1.0,7.1,0.07,1.0,16.8,0.0,0,0,1.3,1.3,0.1,-0.3,-0.3,Match Report,2023,Leicester City
1911,2046,34,2023-04-01,15:00,Premier League,Matchweek 29,Sat,Away,L,1.0,2.0,Crystal Palace,1,3.0,2.0,66.7,0.33,0.5,13.8,0.0,0,0,0.2,0.2,0.07,0.8,0.8,Match Report,2023,Leicester City
1912,2047,35,2023-04-04,19:45,Premier League,Matchweek 7,Tue,Home,L,1.0,2.0,Aston Villa,1,9.0,4.0,44.4,0.11,0.25,16.7,1.0,0,0,0.5,0.5,0.05,0.5,0.5,Match Report,2023,Leicester City
1913,2048,36,2023-04-08,15:00,Premier League,Matchweek 30,Sat,Home,L,0.0,1.0,Bournemouth,0,14.0,4.0,28.6,0.0,0.0,16.9,0.0,0,0,0.6,0.6,0.04,-0.6,-0.6,Match Report,2023,Leicester City
1914,2049,37,2023-04-15,17:30,Premier League,Matchweek 31,Sat,Away,L,1.0,3.0,Manchester City,1,11.0,4.0,36.4,0.09,0.25,14.3,0.0,0,0,2.3,2.3,0.22,-1.3,-1.3,Match Report,2023,Leicester City
1915,2050,38,2023-04-22,15:00,Premier League,Matchweek 32,Sat,Home,W,2.0,1.0,Wolves,2,14.0,6.0,42.9,0.07,0.17,19.0,0.0,1,1,2.4,1.6,0.12,-0.4,-0.6,Match Report,2023,Leicester City
1916,2051,39,2023-04-25,20:00,Premier League,Matchweek 33,Tue,Away,D,1.0,1.0,Leeds United,1,15.0,3.0,20.0,0.07,0.33,13.4,1.0,0,0,2.1,2.1,0.15,-1.1,-1.1,Match Report,2023,Leicester City
1917,2052,40,2023-05-01,20:00,Premier League,Matchweek 34,Mon,Home,D,2.0,2.0,Everton,2,14.0,4.0,28.6,0.14,0.5,18.9,0.0,0,1,3.4,2.6,0.19,-1.4,-0.6,Match Report,2023,Leicester City
1918,2053,41,2023-05-08,15:00,Premier League,Matchweek 35,Mon,Away,L,3.0,5.0,Fulham,3,16.0,7.0,43.8,0.13,0.29,20.9,2.0,1,2,2.8,1.2,0.07,0.2,0.8,Match Report,2023,Leicester City
1919,2054,42,2023-05-15,20:00,Premier League,Matchweek 36,Mon,Home,L,0.0,3.0,Liverpool,0,4.0,4.0,100.0,0.0,0.0,13.4,0.0,0,0,0.4,0.4,0.1,-0.4,-0.4,Match Report,2023,Leicester City
1920,2055,43,2023-05-22,20:00,Premier League,Matchweek 37,Mon,Away,D,0.0,0.0,Newcastle Utd,0,1.0,1.0,100.0,0.0,0.0,11.0,0.0,0,0,0.1,0.1,0.09,-0.1,-0.1,Match Report,2023,Leicester City
1921,2056,44,2023-05-28,16:30,Premier League,Matchweek 38,Sun,Home,W,2.0,1.0,West Ham,2,13.0,4.0,30.8,0.15,0.5,17.5,0.0,0,0,1.4,1.4,0.11,0.6,0.6,Match Report,2023,Leicester City
1922,2058,0,2022-08-06,15:00,Premier League,Matchweek 1,Sat,Home,W,2.0,1.0,Wolves,1,12.0,4.0,33.3,0.08,0.25,18.6,1.0,0,0,0.8,0.8,0.07,0.2,0.2,Match Report,2023,Leeds United
1923,2059,1,2022-08-13,15:00,Premier League,Matchweek 2,Sat,Away,D,2.0,2.0,Southampton,2,13.0,5.0,38.5,0.15,0.4,12.0,0.0,0,0,1.8,1.8,0.15,0.2,0.2,Match Report,2023,Leeds United
1924,2060,2,2022-08-21,14:00,Premier League,Matchweek 3,Sun,Home,W,3.0,0.0,Chelsea,3,12.0,6.0,50.0,0.25,0.5,16.3,0.0,0,0,2.1,2.1,0.18,0.9,0.9,Match Report,2023,Leeds United
1925,2062,4,2022-08-27,15:00,Premier League,Matchweek 4,Sat,Away,L,0.0,1.0,Brighton,0,10.0,2.0,20.0,0.0,0.0,18.0,1.0,0,0,1.8,1.8,0.18,-1.8,-1.8,Match Report,2023,Leeds United
1926,2063,5,2022-08-30,20:00,Premier League,Matchweek 5,Tue,Home,D,1.0,1.0,Everton,1,14.0,5.0,35.7,0.07,0.2,16.9,0.0,0,0,1.0,1.0,0.07,0.0,0.0,Match Report,2023,Leeds United
1927,2064,6,2022-09-03,15:00,Premier League,Matchweek 6,Sat,Away,L,2.0,5.0,Brentford,2,17.0,6.0,35.3,0.12,0.33,21.9,1.0,0,0,1.7,1.7,0.11,0.3,0.3,Match Report,2023,Leeds United
1928,2065,7,2022-10-02,16:30,Premier League,Matchweek 9,Sun,Home,D,0.0,0.0,Aston Villa,0,6.0,1.0,16.7,0.0,0.0,16.8,0.0,0,0,0.4,0.4,0.06,-0.4,-0.4,Match Report,2023,Leeds United
1929,2066,8,2022-10-09,14:00,Premier League,Matchweek 10,Sun,Away,L,1.0,2.0,Crystal Palace,1,10.0,4.0,40.0,0.1,0.25,18.1,0.0,0,0,1.0,1.0,0.1,0.0,0.0,Match Report,2023,Leeds United
1930,2067,9,2022-10-16,14:00,Premier League,Matchweek 11,Sun,Home,L,0.0,1.0,Arsenal,0,15.0,4.0,26.7,0.0,0.0,18.1,0.0,0,1,1.8,1.1,0.07,-1.8,-1.1,Match Report,2023,Leeds United
1931,2068,10,2022-10-20,20:15,Premier League,Matchweek 12,Thu,Away,L,0.0,2.0,Leicester City,0,14.0,2.0,14.3,0.0,0.0,18.3,0.0,0,0,1.3,1.3,0.1,-1.3,-1.3,Match Report,2023,Leeds United
1932,2069,11,2022-10-23,14:00,Premier League,Matchweek 13,Sun,Home,L,2.0,3.0,Fulham,2,14.0,5.0,35.7,0.14,0.4,16.3,0.0,0,0,1.6,1.6,0.12,0.4,0.4,Match Report,2023,Leeds United
1933,2070,12,2022-10-29,19:45,Premier League,Matchweek 14,Sat,Away,W,2.0,1.0,Liverpool,2,14.0,6.0,42.9,0.14,0.33,19.4,3.0,0,0,1.8,1.8,0.13,0.2,0.2,Match Report,2023,Leeds United
1934,2071,13,2022-11-05,15:00,Premier League,Matchweek 15,Sat,Home,W,4.0,3.0,Bournemouth,4,17.0,3.0,17.6,0.18,1.0,15.9,0.0,1,1,2.2,1.4,0.08,1.8,1.6,Match Report,2023,Leeds United
1935,2073,15,2022-11-12,15:00,Premier League,Matchweek 16,Sat,Away,L,3.0,4.0,Tottenham,3,12.0,5.0,41.7,0.25,0.6,16.2,2.0,0,0,1.1,1.1,0.09,1.9,1.9,Match Report,2023,Leeds United
1936,2074,16,2022-12-28,20:00,Premier League,Matchweek 17,Wed,Home,L,1.0,3.0,Manchester City,1,9.0,1.0,11.1,0.11,1.0,19.3,2.0,0,0,0.6,0.6,0.06,0.4,0.4,Match Report,2023,Leeds United
1937,2075,17,2022-12-31,15:00,Premier League,Matchweek 18,Sat,Away,D,0.0,0.0,Newcastle Utd,0,8.0,1.0,12.5,0.0,0.0,17.9,1.0,0,0,0.4,0.4,0.05,-0.4,-0.4,Match Report,2023,Leeds United
1938,2076,18,2023-01-04,19:45,Premier League,Matchweek 19,Wed,Home,D,2.0,2.0,West Ham,2,14.0,5.0,35.7,0.14,0.4,14.0,0.0,0,0,1.6,1.6,0.12,0.4,0.4,Match Report,2023,Leeds United
1939,2078,20,2023-01-13,20:00,Premier League,Matchweek 20,Fri,Away,L,1.0,2.0,Aston Villa,1,16.0,3.0,18.8,0.06,0.33,12.7,0.0,0,0,2.4,2.4,0.16,-1.4,-1.4,Match Report,2023,Leeds United
1940,2080,22,2023-01-22,14:00,Premier League,Matchweek 21,Sun,Home,D,0.0,0.0,Brentford,0,9.0,5.0,55.6,0.0,0.0,23.2,1.0,0,0,0.5,0.5,0.05,-0.5,-0.5,Match Report,2023,Leeds United
1941,2082,24,2023-02-05,14:00,Premier League,Matchweek 22,Sun,Away,L,0.0,1.0,Nott'ham Forest,0,10.0,4.0,40.0,0.0,0.0,17.1,0.0,0,0,0.9,0.9,0.09,-0.9,-0.9,Match Report,2023,Leeds United
1942,2083,25,2023-02-08,20:00,Premier League,Matchweek 8,Wed,Away,D,2.0,2.0,Manchester Utd,1,8.0,2.0,25.0,0.13,0.5,18.4,1.0,0,0,0.6,0.6,0.08,0.4,0.4,Match Report,2023,Leeds United
1943,2084,26,2023-02-12,14:00,Premier League,Matchweek 23,Sun,Home,L,0.0,2.0,Manchester Utd,0,16.0,6.0,37.5,0.0,0.0,11.6,0.0,0,0,1.8,1.8,0.11,-1.8,-1.8,Match Report,2023,Leeds United
1944,2085,27,2023-02-18,15:00,Premier League,Matchweek 24,Sat,Away,L,0.0,1.0,Everton,0,8.0,0.0,0.0,0.0,,18.4,0.0,0,0,0.5,0.5,0.07,-0.5,-0.5,Match Report,2023,Leeds United
1945,2086,28,2023-02-25,15:00,Premier League,Matchweek 25,Sat,Home,W,1.0,0.0,Southampton,1,14.0,4.0,28.6,0.07,0.25,16.2,0.0,0,0,0.9,0.9,0.06,0.1,0.1,Match Report,2023,Leeds United
1946,2088,30,2023-03-04,15:00,Premier League,Matchweek 26,Sat,Away,L,0.0,1.0,Chelsea,0,11.0,2.0,18.2,0.0,0.0,13.7,1.0,0,0,1.0,1.0,0.1,-1.0,-1.0,Match Report,2023,Leeds United
1947,2089,31,2023-03-11,15:00,Premier League,Matchweek 27,Sat,Home,D,2.0,2.0,Brighton,2,12.0,4.0,33.3,0.17,0.5,19.7,0.0,0,0,0.9,0.9,0.07,1.1,1.1,Match Report,2023,Leeds United
1948,2090,32,2023-03-18,15:00,Premier League,Matchweek 28,Sat,Away,W,4.0,2.0,Wolves,4,11.0,4.0,36.4,0.36,1.0,17.7,2.0,0,0,1.6,1.6,0.15,2.4,2.4,Match Report,2023,Leeds United
1949,2091,33,2023-04-01,15:00,Premier League,Matchweek 29,Sat,Away,L,1.0,4.0,Arsenal,1,7.0,5.0,71.4,0.14,0.2,14.3,0.0,0,0,0.7,0.7,0.1,0.3,0.3,Match Report,2023,Leeds United
1950,2092,34,2023-04-04,19:45,Premier League,Matchweek 7,Tue,Home,W,2.0,1.0,Nott'ham Forest,2,21.0,6.0,28.6,0.1,0.33,17.3,0.0,0,0,1.8,1.8,0.09,0.2,0.2,Match Report,2023,Leeds United
1951,2093,35,2023-04-09,14:00,Premier League,Matchweek 30,Sun,Home,L,1.0,5.0,Crystal Palace,1,11.0,7.0,63.6,0.09,0.14,16.7,1.0,0,0,0.9,0.9,0.08,0.1,0.1,Match Report,2023,Leeds United
1952,2094,36,2023-04-17,20:00,Premier League,Matchweek 31,Mon,Home,L,1.0,6.0,Liverpool,1,13.0,3.0,23.1,0.08,0.33,17.6,0.0,0,0,1.4,1.4,0.11,-0.4,-0.4,Match Report,2023,Leeds United
1953,2095,37,2023-04-22,12:30,Premier League,Matchweek 32,Sat,Away,L,1.0,2.0,Fulham,0,10.0,2.0,20.0,0.0,0.0,16.6,1.0,0,0,0.8,0.8,0.09,-0.8,-0.8,Match Report,2023,Leeds United
1954,2096,38,2023-04-25,20:00,Premier League,Matchweek 33,Tue,Home,D,1.0,1.0,Leicester City,1,13.0,3.0,23.1,0.08,0.33,14.9,0.0,0,0,1.5,1.5,0.13,-0.5,-0.5,Match Report,2023,Leeds United
1955,2097,39,2023-04-30,14:00,Premier League,Matchweek 34,Sun,Away,L,1.0,4.0,Bournemouth,1,15.0,6.0,40.0,0.07,0.17,14.8,1.0,0,0,1.6,1.6,0.11,-0.6,-0.6,Match Report,2023,Leeds United
1956,2098,40,2023-05-06,15:00,Premier League,Matchweek 35,Sat,Away,L,1.0,2.0,Manchester City,1,4.0,2.0,50.0,0.25,0.5,12.1,0.0,0,0,0.2,0.2,0.06,0.8,0.8,Match Report,2023,Leeds United
1957,2099,41,2023-05-13,12:30,Premier League,Matchweek 36,Sat,Home,D,2.0,2.0,Newcastle Utd,2,8.0,3.0,37.5,0.25,0.67,14.9,0.0,0,1,2.0,1.2,0.17,0.0,0.8,Match Report,2023,Leeds United
1958,2100,42,2023-05-21,13:30,Premier League,Matchweek 37,Sun,Away,L,1.0,3.0,West Ham,1,12.0,3.0,25.0,0.08,0.33,15.6,0.0,0,0,0.9,0.9,0.07,0.1,0.1,Match Report,2023,Leeds United
1959,2101,43,2023-05-28,16:30,Premier League,Matchweek 38,Sun,Home,L,1.0,4.0,Tottenham,1,19.0,2.0,10.5,0.05,0.5,15.8,0.0,0,0,1.5,1.5,0.08,-0.5,-0.5,Match Report,2023,Leeds United
1960,2103,0,2022-08-06,15:00,Premier League,Matchweek 1,Sat,Away,L,1.0,4.0,Tottenham,1,10.0,2.0,20.0,0.1,0.5,17.1,0.0,0,0,0.5,0.5,0.05,0.5,0.5,Match Report,2023,Southampton
1961,2104,1,2022-08-13,15:00,Premier League,Matchweek 2,Sat,Home,D,2.0,2.0,Leeds United,2,14.0,4.0,28.6,0.14,0.5,18.1,1.0,0,0,1.2,1.2,0.09,0.8,0.8,Match Report,2023,Southampton
1962,2105,2,2022-08-20,15:00,Premier League,Matchweek 3,Sat,Away,W,2.0,1.0,Leicester City,2,9.0,3.0,33.3,0.22,0.67,15.0,0.0,0,0,0.9,0.9,0.1,1.1,1.1,Match Report,2023,Southampton
1963,2107,4,2022-08-27,12:30,Premier League,Matchweek 4,Sat,Home,L,0.0,1.0,Manchester Utd,0,17.0,4.0,23.5,0.0,0.0,13.8,0.0,0,0,1.4,1.4,0.09,-1.4,-1.4,Match Report,2023,Southampton
1964,2108,5,2022-08-30,19:45,Premier League,Matchweek 5,Tue,Home,W,2.0,1.0,Chelsea,2,9.0,5.0,55.6,0.22,0.4,17.8,0.0,0,0,1.1,1.1,0.13,0.9,0.9,Match Report,2023,Southampton
1965,2109,6,2022-09-03,15:00,Premier League,Matchweek 6,Sat,Away,L,0.0,1.0,Wolves,0,12.0,1.0,8.3,0.0,0.0,16.4,1.0,0,0,1.2,1.2,0.1,-1.2,-1.2,Match Report,2023,Southampton
1966,2110,7,2022-09-16,20:00,Premier League,Matchweek 8,Fri,Away,L,0.0,1.0,Aston Villa,0,7.0,1.0,14.3,0.0,0.0,20.2,0.0,0,0,0.3,0.3,0.05,-0.3,-0.3,Match Report,2023,Southampton
1967,2111,8,2022-10-01,15:00,Premier League,Matchweek 9,Sat,Home,L,1.0,2.0,Everton,1,22.0,6.0,27.3,0.05,0.17,16.4,1.0,0,0,1.7,1.7,0.08,-0.7,-0.7,Match Report,2023,Southampton
1968,2112,9,2022-10-08,15:00,Premier League,Matchweek 10,Sat,Away,L,0.0,4.0,Manchester City,0,5.0,0.0,0.0,0.0,,28.1,0.0,0,0,0.2,0.2,0.03,-0.2,-0.2,Match Report,2023,Southampton
1969,2113,10,2022-10-16,14:00,Premier League,Matchweek 11,Sun,Home,D,1.0,1.0,West Ham,1,10.0,8.0,80.0,0.1,0.13,19.6,0.0,0,0,0.5,0.5,0.05,0.5,0.5,Match Report,2023,Southampton
1970,2114,11,2022-10-19,19:30,Premier League,Matchweek 12,Wed,Away,W,1.0,0.0,Bournemouth,1,9.0,3.0,33.3,0.11,0.33,13.0,0.0,0,0,1.0,1.0,0.11,0.0,0.0,Match Report,2023,Southampton
1971,2115,12,2022-10-23,14:00,Premier League,Matchweek 13,Sun,Home,D,1.0,1.0,Arsenal,1,10.0,3.0,30.0,0.1,0.33,19.4,0.0,0,0,0.7,0.7,0.07,0.3,0.3,Match Report,2023,Southampton
1972,2116,13,2022-10-29,15:00,Premier League,Matchweek 14,Sat,Away,L,0.0,1.0,Crystal Palace,0,14.0,4.0,28.6,0.0,0.0,18.1,0.0,0,0,1.3,1.3,0.09,-1.3,-1.3,Match Report,2023,Southampton
1973,2117,14,2022-11-06,14:00,Premier League,Matchweek 15,Sun,Home,L,1.0,4.0,Newcastle Utd,1,16.0,5.0,31.3,0.06,0.2,17.6,1.0,0,0,1.7,1.7,0.11,-0.7,-0.7,Match Report,2023,Southampton
1974,2119,16,2022-11-12,15:00,Premier League,Matchweek 16,Sat,Away,L,1.0,3.0,Liverpool,1,9.0,5.0,55.6,0.11,0.2,11.9,0.0,0,0,1.1,1.1,0.12,-0.1,-0.1,Match Report,2023,Southampton
1975,2121,18,2022-12-26,15:00,Premier League,Matchweek 17,Mon,Home,L,1.0,3.0,Brighton,1,13.0,3.0,23.1,0.08,0.33,16.1,1.0,0,1,1.9,1.0,0.08,-0.9,0.0,Match Report,2023,Southampton
1976,2122,19,2022-12-31,15:00,Premier League,Matchweek 18,Sat,Away,L,1.0,2.0,Fulham,1,9.0,3.0,33.3,0.11,0.33,24.5,1.0,0,0,0.8,0.8,0.09,0.2,0.2,Match Report,2023,Southampton
1977,2123,20,2023-01-04,19:30,Premier League,Matchweek 19,Wed,Home,L,0.0,1.0,Nott'ham Forest,0,8.0,0.0,0.0,0.0,,14.5,1.0,0,0,0.5,0.5,0.06,-0.5,-0.5,Match Report,2023,Southampton
1978,2126,23,2023-01-14,15:00,Premier League,Matchweek 20,Sat,Away,W,2.0,1.0,Everton,2,13.0,5.0,38.5,0.15,0.4,20.7,2.0,0,0,1.2,1.2,0.09,0.8,0.8,Match Report,2023,Southampton
1979,2127,24,2023-01-21,15:00,Premier League,Matchweek 21,Sat,Home,L,0.0,1.0,Aston Villa,0,8.0,5.0,62.5,0.0,0.0,15.8,0.0,0,0,0.6,0.6,0.07,-0.6,-0.6,Match Report,2023,Southampton
1980,2131,28,2023-02-04,15:00,Premier League,Matchweek 22,Sat,Away,L,0.0,3.0,Brentford,0,14.0,5.0,35.7,0.0,0.0,23.5,0.0,0,0,0.7,0.7,0.05,-0.7,-0.7,Match Report,2023,Southampton
1981,2132,29,2023-02-11,15:00,Premier League,Matchweek 23,Sat,Home,L,1.0,2.0,Wolves,1,17.0,2.0,11.8,0.06,0.5,17.7,0.0,0,0,1.1,1.1,0.07,-0.1,-0.1,Match Report,2023,Southampton
1982,2133,30,2023-02-18,15:00,Premier League,Matchweek 24,Sat,Away,W,1.0,0.0,Chelsea,1,8.0,4.0,50.0,0.13,0.25,19.7,1.0,0,0,0.6,0.6,0.08,0.4,0.4,Match Report,2023,Southampton
1983,2134,31,2023-02-25,15:00,Premier League,Matchweek 25,Sat,Away,L,0.0,1.0,Leeds United,0,8.0,2.0,25.0,0.0,0.0,18.8,0.0,0,0,0.4,0.4,0.05,-0.4,-0.4,Match Report,2023,Southampton
1984,2136,33,2023-03-04,17:30,Premier League,Matchweek 26,Sat,Home,W,1.0,0.0,Leicester City,1,10.0,4.0,40.0,0.1,0.25,23.6,1.0,0,1,1.4,0.6,0.06,-0.4,0.4,Match Report,2023,Southampton
1985,2137,34,2023-03-12,14:00,Premier League,Matchweek 27,Sun,Away,D,0.0,0.0,Manchester Utd,0,17.0,4.0,23.5,0.0,0.0,21.2,2.0,0,0,1.0,1.0,0.07,-1.0,-1.0,Match Report,2023,Southampton
1986,2138,35,2023-03-15,19:30,Premier League,Matchweek 7,Wed,Home,L,0.0,2.0,Brentford,0,7.0,0.0,0.0,0.0,,19.2,1.0,0,0,0.5,0.5,0.07,-0.5,-0.5,Match Report,2023,Southampton
1987,2139,36,2023-03-18,15:00,Premier League,Matchweek 28,Sat,Home,D,3.0,3.0,Tottenham,3,18.0,6.0,33.3,0.11,0.33,19.6,1.0,1,1,2.4,1.6,0.1,0.6,0.4,Match Report,2023,Southampton
1988,2140,37,2023-04-02,14:00,Premier League,Matchweek 29,Sun,Away,L,0.0,1.0,West Ham,0,9.0,3.0,33.3,0.0,0.0,21.1,0.0,0,0,0.3,0.3,0.03,-0.3,-0.3,Match Report,2023,Southampton
1989,2141,38,2023-04-08,17:30,Premier League,Matchweek 30,Sat,Home,L,1.0,4.0,Manchester City,1,4.0,1.0,25.0,0.25,1.0,17.0,0.0,0,0,0.4,0.4,0.1,0.6,0.6,Match Report,2023,Southampton
1990,2142,39,2023-04-15,15:00,Premier League,Matchweek 31,Sat,Home,L,0.0,2.0,Crystal Palace,0,11.0,4.0,36.4,0.0,0.0,18.0,0.0,0,0,0.8,0.8,0.07,-0.8,-0.8,Match Report,2023,Southampton
1991,2143,40,2023-04-21,20:00,Premier League,Matchweek 32,Fri,Away,D,3.0,3.0,Arsenal,3,8.0,6.0,75.0,0.38,0.5,12.4,0.0,0,0,1.3,1.3,0.17,1.7,1.7,Match Report,2023,Southampton
1992,2144,41,2023-04-27,19:45,Premier League,Matchweek 33,Thu,Home,L,0.0,1.0,Bournemouth,0,11.0,2.0,18.2,0.0,0.0,19.9,0.0,0,0,0.5,0.5,0.05,-0.5,-0.5,Match Report,2023,Southampton
1993,2145,42,2023-04-30,14:00,Premier League,Matchweek 34,Sun,Away,L,1.0,3.0,Newcastle Utd,1,4.0,3.0,75.0,0.25,0.33,17.3,0.0,0,0,0.8,0.8,0.21,0.2,0.2,Match Report,2023,Southampton
1994,2146,43,2023-05-08,20:00,Premier League,Matchweek 35,Mon,Away,L,3.0,4.0,Nott'ham Forest,3,18.0,4.0,22.2,0.11,0.5,14.0,0.0,1,1,3.1,2.4,0.14,-0.1,-0.4,Match Report,2023,Southampton
1995,2147,44,2023-05-13,15:00,Premier League,Matchweek 36,Sat,Home,L,0.0,2.0,Fulham,0,5.0,1.0,20.0,0.0,0.0,24.2,0.0,0,0,0.4,0.4,0.07,-0.4,-0.4,Match Report,2023,Southampton
1996,2148,45,2023-05-21,14:00,Premier League,Matchweek 37,Sun,Away,L,1.0,3.0,Brighton,1,5.0,1.0,20.0,0.2,1.0,13.8,1.0,0,0,0.6,0.6,0.12,0.4,0.4,Match Report,2023,Southampton
1997,2149,46,2023-05-28,16:30,Premier League,Matchweek 38,Sun,Home,D,4.0,4.0,Liverpool,4,15.0,10.0,66.7,0.27,0.4,17.5,1.0,0,0,1.8,1.8,0.12,2.2,2.2,Match Report,2023,Southampton
1998,2152,1,2021-08-15,16:30,Premier League,Matchweek 1,Sun,Away,L,0.0,1.0,Tottenham,0,18.0,4.0,22.2,0.0,0.0,17.3,1.0,0,0,1.8,1.8,0.1,-1.8,-1.8,Match Report,2022,Manchester City
1999,2153,2,2021-08-21,15:00,Premier League,Matchweek 2,Sat,Home,W,5.0,0.0,Norwich City,4,16.0,4.0,25.0,0.25,1.0,18.5,1.0,0,0,2.6,2.6,0.17,1.4,1.4,Match Report,2022,Manchester City
2000,2154,3,2021-08-28,12:30,Premier League,Matchweek 3,Sat,Home,W,5.0,0.0,Arsenal,5,25.0,10.0,40.0,0.2,0.5,14.8,0.0,0,0,4.4,4.4,0.18,0.6,0.6,Match Report,2022,Manchester City
2001,2155,4,2021-09-11,15:00,Premier League,Matchweek 4,Sat,Away,W,1.0,0.0,Leicester City,1,25.0,8.0,32.0,0.04,0.13,14.3,0.0,0,0,2.8,2.8,0.12,-1.8,-1.8,Match Report,2022,Manchester City
2002,2157,6,2021-09-18,15:00,Premier League,Matchweek 5,Sat,Home,D,0.0,0.0,Southampton,0,16.0,1.0,6.3,0.0,0.0,16.4,1.0,0,0,1.0,1.0,0.06,-1.0,-1.0,Match Report,2022,Manchester City
2003,2159,8,2021-09-25,12:30,Premier League,Matchweek 6,Sat,Away,W,1.0,0.0,Chelsea,1,15.0,3.0,20.0,0.07,0.33,17.1,0.0,0,0,1.7,1.7,0.11,-0.7,-0.7,Match Report,2022,Manchester City
2004,2161,10,2021-10-03,16:30,Premier League,Matchweek 7,Sun,Away,D,2.0,2.0,Liverpool,2,12.0,3.0,25.0,0.17,0.67,17.0,1.0,0,0,1.2,1.2,0.1,0.8,0.8,Match Report,2022,Manchester City
2005,2162,11,2021-10-16,15:00,Premier League,Matchweek 8,Sat,Home,W,2.0,0.0,Burnley,2,15.0,6.0,40.0,0.13,0.33,14.4,0.0,0,0,2.1,2.1,0.15,-0.1,-0.1,Match Report,2022,Manchester City
2006,2164,13,2021-10-23,17:30,Premier League,Matchweek 9,Sat,Away,W,4.0,1.0,Brighton,4,23.0,12.0,52.2,0.17,0.33,16.0,1.0,0,0,3.8,3.8,0.18,0.2,0.2,Match Report,2022,Manchester City
2007,2166,15,2021-10-30,15:00,Premier League,Matchweek 10,Sat,Home,L,0.0,2.0,Crystal Palace,0,14.0,3.0,21.4,0.0,0.0,17.7,0.0,0,0,0.7,0.7,0.05,-0.7,-0.7,Match Report,2022,Manchester City
2008,2168,17,2021-11-06,12:30,Premier League,Matchweek 11,Sat,Away,W,2.0,0.0,Manchester Utd,1,16.0,5.0,31.3,0.06,0.2,14.7,0.0,0,0,1.6,1.6,0.1,-0.6,-0.6,Match Report,2022,Manchester City
2009,2169,18,2021-11-21,14:00,Premier League,Matchweek 12,Sun,Home,W,3.0,0.0,Everton,3,17.0,7.0,41.2,0.18,0.43,16.4,1.0,0,0,2.5,2.5,0.15,0.5,0.5,Match Report,2022,Manchester City
2010,2171,20,2021-11-28,14:00,Premier League,Matchweek 13,Sun,Home,W,2.0,1.0,West Ham,2,19.0,8.0,42.1,0.11,0.25,16.0,0.0,0,0,2.1,2.1,0.11,-0.1,-0.1,Match Report,2022,Manchester City
2011,2172,21,2021-12-01,20:15,Premier League,Matchweek 14,Wed,Away,W,2.0,1.0,Aston Villa,2,17.0,7.0,41.2,0.12,0.29,19.2,1.0,0,0,1.0,1.0,0.06,1.0,1.0,Match Report,2022,Manchester City
2012,2173,22,2021-12-04,17:30,Premier League,Matchweek 15,Sat,Away,W,3.0,1.0,Watford,3,26.0,12.0,46.2,0.12,0.25,14.4,0.0,0,0,3.1,3.1,0.12,-0.1,-0.1,Match Report,2022,Manchester City
2013,2175,24,2021-12-11,12:30,Premier League,Matchweek 16,Sat,Home,W,1.0,0.0,Wolves,1,23.0,8.0,34.8,0.0,0.0,15.7,0.0,1,1,3.2,2.4,0.11,-2.2,-2.4,Match Report,2022,Manchester City
2014,2176,25,2021-12-14,20:00,Premier League,Matchweek 17,Tue,Home,W,7.0,0.0,Leeds United,7,31.0,15.0,48.4,0.23,0.47,17.3,2.0,0,0,3.1,3.1,0.1,3.9,3.9,Match Report,2022,Manchester City
2015,2177,26,2021-12-19,14:15,Premier League,Matchweek 18,Sun,Away,W,4.0,0.0,Newcastle Utd,4,18.0,7.0,38.9,0.22,0.57,12.9,0.0,0,0,2.9,2.9,0.17,1.1,1.1,Match Report,2022,Manchester City
2016,2178,27,2021-12-26,15:00,Premier League,Matchweek 19,Sun,Home,W,6.0,3.0,Leicester City,6,15.0,6.0,40.0,0.27,0.67,17.5,1.0,2,2,3.6,2.0,0.14,2.4,2.0,Match Report,2022,Manchester City
2017,2179,28,2021-12-29,20:15,Premier League,Matchweek 20,Wed,Away,W,1.0,0.0,Brentford,1,12.0,3.0,25.0,0.08,0.33,19.8,0.0,0,0,1.1,1.1,0.09,-0.1,-0.1,Match Report,2022,Manchester City
2018,2180,29,2022-01-01,12:30,Premier League,Matchweek 21,Sat,Away,W,2.0,1.0,Arsenal,2,14.0,1.0,7.1,0.07,1.0,18.7,0.0,1,1,2.0,1.2,0.09,0.0,-0.2,Match Report,2022,Manchester City
2019,2182,31,2022-01-15,12:30,Premier League,Matchweek 22,Sat,Home,W,1.0,0.0,Chelsea,1,11.0,6.0,54.5,0.09,0.17,16.5,1.0,0,0,1.0,1.0,0.09,0.0,0.0,Match Report,2022,Manchester City
2020,2183,32,2022-01-22,17:30,Premier League,Matchweek 23,Sat,Away,D,1.0,1.0,Southampton,1,20.0,5.0,25.0,0.05,0.2,17.5,0.0,0,0,1.8,1.8,0.09,-0.8,-0.8,Match Report,2022,Manchester City
2021,2185,34,2022-02-09,19:45,Premier League,Matchweek 24,Wed,Home,W,2.0,0.0,Brentford,2,14.0,6.0,42.9,0.07,0.17,19.8,0.0,1,1,1.9,1.1,0.08,0.1,-0.1,Match Report,2022,Manchester City
2022,2186,35,2022-02-12,17:30,Premier League,Matchweek 25,Sat,Away,W,4.0,0.0,Norwich City,4,21.0,8.0,38.1,0.19,0.5,11.8,0.0,0,1,4.6,3.7,0.19,-0.6,0.3,Match Report,2022,Manchester City
2023,2188,37,2022-02-19,17:30,Premier League,Matchweek 26,Sat,Home,L,2.0,3.0,Tottenham,2,20.0,3.0,15.0,0.05,0.33,16.2,0.0,1,1,2.1,1.3,0.07,-0.1,-0.3,Match Report,2022,Manchester City
2024,2189,38,2022-02-26,17:30,Premier League,Matchweek 27,Sat,Away,W,1.0,0.0,Everton,1,13.0,8.0,61.5,0.08,0.13,16.3,0.0,0,0,1.8,1.8,0.14,-0.8,-0.8,Match Report,2022,Manchester City
2025,2191,40,2022-03-06,16:30,Premier League,Matchweek 28,Sun,Home,W,4.0,1.0,Manchester Utd,4,24.0,10.0,41.7,0.17,0.4,15.2,1.0,0,0,2.7,2.7,0.13,1.3,1.3,Match Report,2022,Manchester City
2026,2193,42,2022-03-14,20:00,Premier League,Matchweek 29,Mon,Away,D,0.0,0.0,Crystal Palace,0,19.0,4.0,21.1,0.0,0.0,17.2,0.0,0,0,2.8,2.8,0.15,-2.8,-2.8,Match Report,2022,Manchester City
2027,2195,44,2022-04-02,15:00,Premier League,Matchweek 31,Sat,Away,W,2.0,0.0,Burnley,2,18.0,6.0,33.3,0.11,0.33,16.5,0.0,0,0,1.8,1.8,0.1,0.2,0.2,Match Report,2022,Manchester City
2028,2197,46,2022-04-10,16:30,Premier League,Matchweek 32,Sun,Home,D,2.0,2.0,Liverpool,2,11.0,4.0,36.4,0.18,0.5,17.8,1.0,0,0,1.3,1.3,0.11,0.7,0.7,Match Report,2022,Manchester City
2029,2200,49,2022-04-20,20:00,Premier League,Matchweek 30,Wed,Home,W,3.0,0.0,Brighton,3,17.0,5.0,29.4,0.18,0.6,20.0,0.0,0,0,1.3,1.3,0.07,1.7,1.7,Match Report,2022,Manchester City
2030,2201,50,2022-04-23,15:00,Premier League,Matchweek 34,Sat,Home,W,5.0,1.0,Watford,5,20.0,7.0,35.0,0.2,0.57,14.6,0.0,1,1,3.6,2.9,0.14,1.4,1.1,Match Report,2022,Manchester City
2031,2203,52,2022-04-30,17:30,Premier League,Matchweek 35,Sat,Away,W,4.0,0.0,Leeds United,4,19.0,6.0,31.6,0.21,0.67,16.2,0.0,0,0,2.4,2.4,0.13,1.6,1.6,Match Report,2022,Manchester City
2032,2205,54,2022-05-08,16:30,Premier League,Matchweek 36,Sun,Home,W,5.0,0.0,Newcastle Utd,5,21.0,9.0,42.9,0.24,0.56,16.0,1.0,0,0,3.1,3.1,0.16,1.9,1.9,Match Report,2022,Manchester City
2033,2206,55,2022-05-11,20:15,Premier League,Matchweek 33,Wed,Away,W,5.0,1.0,Wolves,5,15.0,5.0,33.3,0.33,1.0,14.7,0.0,0,0,2.3,2.3,0.16,2.7,2.7,Match Report,2022,Manchester City
2034,2207,56,2022-05-15,14:00,Premier League,Matchweek 37,Sun,Away,D,2.0,2.0,West Ham,1,30.0,7.0,23.3,0.03,0.14,18.6,2.0,0,1,2.4,1.6,0.05,-1.4,-0.6,Match Report,2022,Manchester City
2035,2208,57,2022-05-22,16:00,Premier League,Matchweek 38,Sun,Home,W,3.0,2.0,Aston Villa,3,24.0,5.0,20.8,0.13,0.6,14.2,1.0,0,0,3.4,3.4,0.14,-0.4,-0.4,Match Report,2022,Manchester City
2036,2210,0,2021-08-14,17:30,Premier League,Matchweek 1,Sat,Away,W,3.0,0.0,Norwich City,3,19.0,6.0,31.6,0.16,0.5,17.3,1.0,0,0,1.6,1.6,0.09,1.4,1.4,Match Report,2022,Liverpool
2037,2211,1,2021-08-21,12:30,Premier League,Matchweek 2,Sat,Home,W,2.0,0.0,Burnley,2,27.0,8.0,29.6,0.07,0.25,16.1,0.0,0,0,2.7,2.7,0.1,-0.7,-0.7,Match Report,2022,Liverpool
2038,2212,2,2021-08-28,17:30,Premier League,Matchweek 3,Sat,Home,D,1.0,1.0,Chelsea,1,23.0,6.0,26.1,0.0,0.0,16.2,0.0,1,1,2.5,2.1,0.1,-1.5,-2.1,Match Report,2022,Liverpool
2039,2213,3,2021-09-12,16:30,Premier League,Matchweek 4,Sun,Away,W,3.0,0.0,Leeds United,3,30.0,8.0,26.7,0.1,0.38,16.1,1.0,0,0,4.3,4.3,0.15,-1.3,-1.3,Match Report,2022,Liverpool
2040,2215,5,2021-09-18,15:00,Premier League,Matchweek 5,Sat,Home,W,3.0,0.0,Crystal Palace,3,25.0,10.0,40.0,0.12,0.3,16.4,1.0,0,0,3.1,3.1,0.13,-0.1,-0.1,Match Report,2022,Liverpool
2041,2217,7,2021-09-25,17:30,Premier League,Matchweek 6,Sat,Away,D,3.0,3.0,Brentford,3,16.0,5.0,31.3,0.19,0.6,17.0,1.0,0,0,2.8,2.8,0.19,0.2,0.2,Match Report,2022,Liverpool
2042,2219,9,2021-10-03,16:30,Premier League,Matchweek 7,Sun,Home,D,2.0,2.0,Manchester City,2,6.0,3.0,50.0,0.33,0.67,15.0,1.0,0,0,0.9,0.9,0.15,1.1,1.1,Match Report,2022,Liverpool
2043,2220,10,2021-10-16,12:30,Premier League,Matchweek 8,Sat,Away,W,5.0,0.0,Watford,5,19.0,8.0,42.1,0.26,0.63,16.0,0.0,0,0,3.3,3.3,0.17,1.7,1.7,Match Report,2022,Liverpool
2044,2222,12,2021-10-24,16:30,Premier League,Matchweek 9,Sun,Away,W,5.0,0.0,Manchester Utd,5,19.0,8.0,42.1,0.26,0.63,16.6,0.0,0,0,3.4,3.4,0.18,1.6,1.6,Match Report,2022,Liverpool
2045,2224,14,2021-10-30,15:00,Premier League,Matchweek 10,Sat,Home,D,2.0,2.0,Brighton,2,14.0,3.0,21.4,0.14,0.67,20.8,0.0,0,0,1.5,1.5,0.1,0.5,0.5,Match Report,2022,Liverpool
2046,2226,16,2021-11-07,16:30,Premier League,Matchweek 11,Sun,Away,L,2.0,3.0,West Ham,2,16.0,5.0,31.3,0.13,0.4,16.7,1.0,0,0,1.2,1.2,0.08,0.8,0.8,Match Report,2022,Liverpool
2047,2227,17,2021-11-20,17:30,Premier League,Matchweek 12,Sat,Home,W,4.0,0.0,Arsenal,4,19.0,9.0,47.4,0.21,0.44,13.4,0.0,0,0,4.3,4.3,0.23,-0.3,-0.3,Match Report,2022,Liverpool
2048,2229,19,2021-11-27,15:00,Premier League,Matchweek 13,Sat,Home,W,4.0,0.0,Southampton,4,20.0,6.0,30.0,0.2,0.67,15.5,0.0,0,0,2.9,2.9,0.15,1.1,1.1,Match Report,2022,Liverpool
2049,2230,20,2021-12-01,20:15,Premier League,Matchweek 14,Wed,Away,W,4.0,1.0,Everton,4,16.0,7.0,43.8,0.25,0.57,16.5,1.0,0,0,2.4,2.4,0.15,1.6,1.6,Match Report,2022,Liverpool
2050,2231,21,2021-12-04,15:00,Premier League,Matchweek 15,Sat,Away,W,1.0,0.0,Wolves,1,17.0,4.0,23.5,0.06,0.25,13.6,0.0,0,0,2.7,2.7,0.17,-1.7,-1.7,Match Report,2022,Liverpool
2051,2233,23,2021-12-11,15:00,Premier League,Matchweek 16,Sat,Home,W,1.0,0.0,Aston Villa,1,19.0,4.0,21.1,0.0,0.0,16.1,0.0,1,1,2.2,1.4,0.07,-1.2,-1.4,Match Report,2022,Liverpool
2052,2234,24,2021-12-16,20:00,Premier League,Matchweek 17,Thu,Home,W,3.0,1.0,Newcastle Utd,3,23.0,8.0,34.8,0.13,0.38,16.4,0.0,0,0,2.7,2.7,0.14,0.3,0.3,Match Report,2022,Liverpool
2053,2235,25,2021-12-19,16:30,Premier League,Matchweek 18,Sun,Away,D,2.0,2.0,Tottenham,2,18.0,6.0,33.3,0.11,0.33,16.7,0.0,0,0,1.1,1.1,0.06,0.9,0.9,Match Report,2022,Liverpool
2054,2237,27,2021-12-28,20:00,Premier League,Matchweek 20,Tue,Away,L,0.0,1.0,Leicester City,0,20.0,3.0,15.0,0.0,0.0,15.0,0.0,0,1,2.3,1.4,0.07,-2.3,-1.4,Match Report,2022,Liverpool
2055,2238,28,2022-01-02,16:30,Premier League,Matchweek 21,Sun,Away,D,2.0,2.0,Chelsea,2,10.0,6.0,60.0,0.2,0.33,17.9,0.0,0,0,1.3,1.3,0.13,0.7,0.7,Match Report,2022,Liverpool
2056,2241,31,2022-01-16,14:00,Premier League,Matchweek 22,Sun,Home,W,3.0,0.0,Brentford,3,27.0,13.0,48.1,0.11,0.23,16.7,0.0,0,0,2.7,2.7,0.1,0.3,0.3,Match Report,2022,Liverpool
2057,2243,33,2022-01-23,14:00,Premier League,Matchweek 23,Sun,Away,W,3.0,1.0,Crystal Palace,3,13.0,6.0,46.2,0.15,0.33,21.6,0.0,1,1,1.9,1.1,0.08,1.1,0.9,Match Report,2022,Liverpool
2058,2245,35,2022-02-10,19:45,Premier League,Matchweek 24,Thu,Home,W,2.0,0.0,Leicester City,2,22.0,11.0,50.0,0.09,0.18,15.7,0.0,0,0,1.8,1.8,0.08,0.2,0.2,Match Report,2022,Liverpool
2059,2246,36,2022-02-13,14:00,Premier League,Matchweek 25,Sun,Away,W,1.0,0.0,Burnley,1,12.0,4.0,33.3,0.08,0.25,14.4,0.0,0,0,1.7,1.7,0.18,-0.7,-0.7,Match Report,2022,Liverpool
2060,2248,38,2022-02-19,15:00,Premier League,Matchweek 26,Sat,Home,W,3.0,1.0,Norwich City,3,29.0,7.0,24.1,0.1,0.43,17.8,0.0,0,0,3.6,3.6,0.13,-0.6,-0.6,Match Report,2022,Liverpool
2061,2249,39,2022-02-23,19:45,Premier League,Matchweek 19,Wed,Home,W,6.0,0.0,Leeds United,6,21.0,12.0,57.1,0.19,0.33,17.7,0.0,2,2,5.9,4.3,0.21,0.1,-0.3,Match Report,2022,Liverpool
2062,2252,42,2022-03-05,17:30,Premier League,Matchweek 28,Sat,Home,W,1.0,0.0,West Ham,1,22.0,5.0,22.7,0.05,0.2,19.1,1.0,0,0,2.4,2.4,0.11,-1.4,-1.4,Match Report,2022,Liverpool
2063,2254,44,2022-03-12,12:30,Premier League,Matchweek 29,Sat,Away,W,2.0,0.0,Brighton,2,17.0,8.0,47.1,0.06,0.13,15.2,0.0,1,1,2.2,1.5,0.09,-0.2,-0.5,Match Report,2022,Liverpool
2064,2255,45,2022-03-16,20:15,Premier League,Matchweek 27,Wed,Away,W,2.0,0.0,Arsenal,2,9.0,3.0,33.3,0.22,0.67,14.4,0.0,0,0,0.8,0.8,0.09,1.2,1.2,Match Report,2022,Liverpool
2065,2257,47,2022-04-02,12:30,Premier League,Matchweek 31,Sat,Home,W,2.0,0.0,Watford,2,19.0,2.0,10.5,0.05,0.5,18.7,0.0,1,1,2.2,1.4,0.08,-0.2,-0.4,Match Report,2022,Liverpool
2066,2259,49,2022-04-10,16:30,Premier League,Matchweek 32,Sun,Away,D,2.0,2.0,Manchester City,2,6.0,4.0,66.7,0.33,0.5,22.9,0.0,0,0,1.3,1.3,0.22,0.7,0.7,Match Report,2022,Liverpool
2067,2262,52,2022-04-19,20:00,Premier League,Matchweek 30,Tue,Home,W,4.0,0.0,Manchester Utd,4,14.0,5.0,35.7,0.29,0.8,15.5,0.0,0,0,2.0,2.0,0.14,2.0,2.0,Match Report,2022,Liverpool
2068,2263,53,2022-04-24,16:30,Premier League,Matchweek 34,Sun,Home,W,2.0,0.0,Everton,2,18.0,4.0,22.2,0.11,0.5,15.3,0.0,0,0,1.7,1.7,0.11,0.3,0.3,Match Report,2022,Liverpool
2069,2265,55,2022-04-30,12:30,Premier League,Matchweek 35,Sat,Away,W,1.0,0.0,Newcastle Utd,1,24.0,10.0,41.7,0.04,0.1,17.7,2.0,0,0,2.3,2.3,0.1,-1.3,-1.3,Match Report,2022,Liverpool
2070,2267,57,2022-05-07,19:45,Premier League,Matchweek 36,Sat,Home,D,1.0,1.0,Tottenham,1,22.0,3.0,13.6,0.05,0.33,19.6,1.0,0,0,1.3,1.3,0.06,-0.3,-0.3,Match Report,2022,Liverpool
2071,2268,58,2022-05-10,20:00,Premier League,Matchweek 33,Tue,Away,W,2.0,1.0,Aston Villa,2,17.0,5.0,29.4,0.12,0.4,17.0,2.0,0,0,1.8,1.8,0.12,0.2,0.2,Match Report,2022,Liverpool
2072,2270,60,2022-05-17,19:45,Premier League,Matchweek 37,Tue,Away,W,2.0,1.0,Southampton,2,24.0,5.0,20.8,0.08,0.4,18.6,0.0,0,0,1.3,1.3,0.05,0.7,0.7,Match Report,2022,Liverpool
2073,2271,61,2022-05-22,16:00,Premier League,Matchweek 38,Sun,Home,W,3.0,1.0,Wolves,3,29.0,7.0,24.1,0.1,0.43,15.6,0.0,0,0,2.7,2.7,0.1,0.3,0.3,Match Report,2022,Liverpool
2074,2275,1,2021-08-14,15:00,Premier League,Matchweek 1,Sat,Home,W,3.0,0.0,Crystal Palace,3,13.0,6.0,46.2,0.23,0.5,21.0,4.0,0,0,0.7,0.7,0.05,2.3,2.3,Match Report,2022,Chelsea
2075,2276,2,2021-08-22,16:30,Premier League,Matchweek 2,Sun,Away,W,2.0,0.0,Arsenal,2,22.0,5.0,22.7,0.09,0.4,16.0,0.0,0,0,3.1,3.1,0.14,-1.1,-1.1,Match Report,2022,Chelsea
2076,2277,3,2021-08-28,17:30,Premier League,Matchweek 3,Sat,Away,D,1.0,1.0,Liverpool,1,6.0,3.0,50.0,0.17,0.33,12.5,0.0,0,0,0.6,0.6,0.11,0.4,0.4,Match Report,2022,Chelsea
2077,2278,4,2021-09-11,17:30,Premier League,Matchweek 4,Sat,Home,W,3.0,0.0,Aston Villa,3,12.0,4.0,33.3,0.25,0.75,22.6,0.0,0,0,1.3,1.3,0.11,1.7,1.7,Match Report,2022,Chelsea
2078,2280,6,2021-09-19,16:30,Premier League,Matchweek 5,Sun,Away,W,3.0,0.0,Tottenham,3,20.0,9.0,45.0,0.15,0.33,14.5,0.0,0,0,2.1,2.1,0.11,0.9,0.9,Match Report,2022,Chelsea
2079,2282,8,2021-09-25,12:30,Premier League,Matchweek 6,Sat,Home,L,0.0,1.0,Manchester City,0,5.0,0.0,0.0,0.0,,27.9,1.0,0,0,0.2,0.2,0.05,-0.2,-0.2,Match Report,2022,Chelsea
2080,2284,10,2021-10-02,15:00,Premier League,Matchweek 7,Sat,Home,W,3.0,1.0,Southampton,3,20.0,9.0,45.0,0.15,0.33,12.8,0.0,0,0,3.3,3.3,0.17,-0.3,-0.3,Match Report,2022,Chelsea
2081,2285,11,2021-10-16,17:30,Premier League,Matchweek 8,Sat,Away,W,1.0,0.0,Brentford,1,5.0,1.0,20.0,0.2,1.0,24.7,2.0,0,0,0.3,0.3,0.07,0.7,0.7,Match Report,2022,Chelsea
2082,2287,13,2021-10-23,12:30,Premier League,Matchweek 9,Sat,Home,W,7.0,0.0,Norwich City,6,22.0,12.0,54.5,0.23,0.42,19.8,0.0,1,1,3.1,2.6,0.12,2.9,2.4,Match Report,2022,Chelsea
2083,2289,15,2021-10-30,15:00,Premier League,Matchweek 10,Sat,Away,W,3.0,0.0,Newcastle Utd,3,18.0,5.0,27.8,0.11,0.4,20.5,1.0,1,1,2.2,1.4,0.09,0.8,0.6,Match Report,2022,Chelsea
2084,2291,17,2021-11-06,15:00,Premier League,Matchweek 11,Sat,Home,D,1.0,1.0,Burnley,1,25.0,4.0,16.0,0.04,0.25,16.0,0.0,0,0,1.8,1.8,0.07,-0.8,-0.8,Match Report,2022,Chelsea
2085,2292,18,2021-11-20,12:30,Premier League,Matchweek 12,Sat,Away,W,3.0,0.0,Leicester City,3,16.0,7.0,43.8,0.19,0.43,16.7,2.0,0,0,2.0,2.0,0.13,1.0,1.0,Match Report,2022,Chelsea
2086,2294,20,2021-11-28,16:30,Premier League,Matchweek 13,Sun,Home,D,1.0,1.0,Manchester Utd,1,23.0,5.0,21.7,0.0,0.0,16.8,0.0,1,1,2.7,1.9,0.08,-1.7,-1.9,Match Report,2022,Chelsea
2087,2295,21,2021-12-01,19:30,Premier League,Matchweek 14,Wed,Away,W,2.0,1.0,Watford,2,8.0,4.0,50.0,0.25,0.5,15.1,0.0,0,0,0.9,0.9,0.12,1.1,1.1,Match Report,2022,Chelsea
2088,2296,22,2021-12-04,12:30,Premier League,Matchweek 15,Sat,Away,L,2.0,3.0,West Ham,2,19.0,7.0,36.8,0.11,0.29,17.5,0.0,0,0,1.1,1.1,0.06,0.9,0.9,Match Report,2022,Chelsea
2089,2298,24,2021-12-11,15:00,Premier League,Matchweek 16,Sat,Home,W,3.0,2.0,Leeds United,3,14.0,4.0,28.6,0.07,0.25,20.0,2.0,2,2,2.5,0.9,0.07,0.5,0.1,Match Report,2022,Chelsea
2090,2299,25,2021-12-16,19:45,Premier League,Matchweek 17,Thu,Home,D,1.0,1.0,Everton,1,23.0,10.0,43.5,0.04,0.1,14.7,2.0,0,0,2.9,2.9,0.13,-1.9,-1.9,Match Report,2022,Chelsea
2091,2300,26,2021-12-19,14:00,Premier League,Matchweek 18,Sun,Away,D,0.0,0.0,Wolves,0,8.0,1.0,12.5,0.0,0.0,14.9,0.0,0,0,0.9,0.9,0.11,-0.9,-0.9,Match Report,2022,Chelsea
2092,2302,28,2021-12-26,17:30,Premier League,Matchweek 19,Sun,Away,W,3.0,1.0,Aston Villa,3,8.0,2.0,25.0,0.13,0.5,17.6,1.0,2,2,2.6,1.1,0.13,0.4,-0.1,Match Report,2022,Chelsea
2093,2303,29,2021-12-29,19:30,Premier League,Matchweek 20,Wed,Home,D,1.0,1.0,Brighton,1,11.0,5.0,45.5,0.09,0.2,13.6,0.0,0,0,0.7,0.7,0.06,0.3,0.3,Match Report,2022,Chelsea
2094,2304,30,2022-01-02,16:30,Premier League,Matchweek 21,Sun,Home,D,2.0,2.0,Liverpool,2,15.0,6.0,40.0,0.13,0.33,18.0,3.0,0,0,1.2,1.2,0.08,0.8,0.8,Match Report,2022,Chelsea
2095,2308,34,2022-01-15,12:30,Premier League,Matchweek 22,Sat,Away,L,0.0,1.0,Manchester City,0,4.0,1.0,25.0,0.0,0.0,19.1,0.0,0,0,0.3,0.3,0.08,-0.3,-0.3,Match Report,2022,Chelsea
2096,2309,35,2022-01-18,20:00,Premier League,Matchweek 24,Tue,Away,D,1.0,1.0,Brighton,1,15.0,3.0,20.0,0.07,0.33,21.1,1.0,0,0,0.7,0.7,0.05,0.3,0.3,Match Report,2022,Chelsea
2097,2310,36,2022-01-23,16:30,Premier League,Matchweek 23,Sun,Home,W,2.0,0.0,Tottenham,2,15.0,7.0,46.7,0.13,0.29,15.9,0.0,0,0,1.2,1.2,0.08,0.8,0.8,Match Report,2022,Chelsea
2098,2312,38,2022-02-19,15:00,Premier League,Matchweek 26,Sat,Away,W,1.0,0.0,Crystal Palace,1,9.0,3.0,33.3,0.11,0.33,17.0,1.0,0,0,0.9,0.9,0.1,0.1,0.1,Match Report,2022,Chelsea
2099,2316,42,2022-03-05,15:00,Premier League,Matchweek 28,Sat,Away,W,4.0,0.0,Burnley,4,11.0,5.0,45.5,0.36,0.8,18.1,0.0,0,0,2.3,2.3,0.21,1.7,1.7,Match Report,2022,Chelsea
2100,2317,43,2022-03-10,19:30,Premier League,Matchweek 30,Thu,Away,W,3.0,1.0,Norwich City,3,15.0,7.0,46.7,0.2,0.43,12.7,1.0,0,0,1.8,1.8,0.12,1.2,1.2,Match Report,2022,Chelsea
2101,2318,44,2022-03-13,14:00,Premier League,Matchweek 29,Sun,Home,W,1.0,0.0,Newcastle Utd,1,8.0,3.0,37.5,0.13,0.33,16.4,1.0,0,0,1.1,1.1,0.14,-0.1,-0.1,Match Report,2022,Chelsea
2102,2321,47,2022-04-02,15:00,Premier League,Matchweek 31,Sat,Home,L,1.0,4.0,Brentford,1,21.0,8.0,38.1,0.05,0.13,20.1,0.0,0,0,1.3,1.3,0.07,-0.3,-0.3,Match Report,2022,Chelsea
2103,2323,49,2022-04-09,15:00,Premier League,Matchweek 32,Sat,Away,W,6.0,0.0,Southampton,6,24.0,14.0,58.3,0.25,0.43,15.3,0.0,0,0,4.2,4.2,0.19,1.8,1.8,Match Report,2022,Chelsea
2104,2326,52,2022-04-20,19:45,Premier League,Matchweek 25,Wed,Home,L,2.0,4.0,Arsenal,2,11.0,2.0,18.2,0.18,1.0,15.9,0.0,0,0,0.7,0.7,0.06,1.3,1.3,Match Report,2022,Chelsea
2105,2327,53,2022-04-24,14:00,Premier League,Matchweek 34,Sun,Home,W,1.0,0.0,West Ham,1,25.0,4.0,16.0,0.04,0.25,19.0,0.0,0,1,3.0,2.2,0.09,-2.0,-1.2,Match Report,2022,Chelsea
2106,2328,54,2022-04-28,19:45,Premier League,Matchweek 37,Thu,Away,D,1.0,1.0,Manchester Utd,1,21.0,6.0,28.6,0.05,0.17,17.4,0.0,0,0,1.9,1.9,0.09,-0.9,-0.9,Match Report,2022,Chelsea
2107,2329,55,2022-05-01,14:00,Premier League,Matchweek 35,Sun,Away,L,0.0,1.0,Everton,0,17.0,5.0,29.4,0.0,0.0,17.9,0.0,0,0,0.8,0.8,0.05,-0.8,-0.8,Match Report,2022,Chelsea
2108,2330,56,2022-05-07,15:00,Premier League,Matchweek 36,Sat,Home,D,2.0,2.0,Wolves,2,18.0,5.0,27.8,0.06,0.2,18.2,2.0,1,1,1.7,0.9,0.05,0.3,0.1,Match Report,2022,Chelsea
2109,2331,57,2022-05-11,19:30,Premier League,Matchweek 33,Wed,Away,W,3.0,0.0,Leeds United,3,17.0,3.0,17.6,0.18,1.0,16.9,0.0,0,0,1.3,1.3,0.08,1.7,1.7,Match Report,2022,Chelsea
2110,2333,59,2022-05-19,20:00,Premier League,Matchweek 27,Thu,Home,D,1.0,1.0,Leicester City,1,20.0,7.0,35.0,0.05,0.14,20.0,2.0,0,0,1.6,1.6,0.08,-0.6,-0.6,Match Report,2022,Chelsea
2111,2334,60,2022-05-22,16:00,Premier League,Matchweek 38,Sun,Home,W,2.0,1.0,Watford,2,19.0,8.0,42.1,0.11,0.25,16.9,0.0,0,0,2.2,2.2,0.12,-0.2,-0.2,Match Report,2022,Chelsea
2112,2336,0,2021-08-15,16:30,Premier League,Matchweek 1,Sun,Home,W,1.0,0.0,Manchester City,1,13.0,2.0,15.4,0.08,0.5,20.3,0.0,0,0,1.0,1.0,0.08,0.0,0.0,Match Report,2022,Tottenham Hotspur
2113,2338,2,2021-08-22,14:00,Premier League,Matchweek 2,Sun,Away,W,1.0,0.0,Wolves,1,7.0,5.0,71.4,0.0,0.0,14.6,0.0,1,1,1.7,0.9,0.14,-0.7,-0.9,Match Report,2022,Tottenham Hotspur
2114,2340,4,2021-08-29,14:00,Premier League,Matchweek 3,Sun,Home,W,1.0,0.0,Watford,1,15.0,8.0,53.3,0.07,0.13,18.8,3.0,0,0,1.0,1.0,0.07,0.0,0.0,Match Report,2022,Tottenham Hotspur
2115,2341,5,2021-09-11,12:30,Premier League,Matchweek 4,Sat,Away,L,0.0,3.0,Crystal Palace,0,2.0,1.0,50.0,0.0,0.0,19.1,0.0,0,0,0.1,0.1,0.03,-0.1,-0.1,Match Report,2022,Tottenham Hotspur
2116,2343,7,2021-09-19,16:30,Premier League,Matchweek 5,Sun,Home,L,0.0,3.0,Chelsea,0,8.0,2.0,25.0,0.0,0.0,20.0,1.0,0,0,0.5,0.5,0.06,-0.5,-0.5,Match Report,2022,Tottenham Hotspur
2117,2345,9,2021-09-26,16:30,Premier League,Matchweek 6,Sun,Away,L,1.0,3.0,Arsenal,1,10.0,4.0,40.0,0.1,0.25,16.3,0.0,0,0,1.0,1.0,0.1,0.0,0.0,Match Report,2022,Tottenham Hotspur
2118,2347,11,2021-10-03,14:00,Premier League,Matchweek 7,Sun,Home,W,2.0,1.0,Aston Villa,1,17.0,7.0,41.2,0.06,0.14,20.5,2.0,0,0,1.3,1.3,0.08,-0.3,-0.3,Match Report,2022,Tottenham Hotspur
2119,2348,12,2021-10-17,16:30,Premier League,Matchweek 8,Sun,Away,W,3.0,2.0,Newcastle Utd,3,14.0,4.0,28.6,0.21,0.75,17.9,1.0,0,0,1.7,1.7,0.12,1.3,1.3,Match Report,2022,Tottenham Hotspur
2120,2350,14,2021-10-24,14:00,Premier League,Matchweek 9,Sun,Away,L,0.0,1.0,West Ham,0,7.0,4.0,57.1,0.0,0.0,17.8,0.0,0,0,0.7,0.7,0.1,-0.7,-0.7,Match Report,2022,Tottenham Hotspur
2121,2352,16,2021-10-30,17:30,Premier League,Matchweek 10,Sat,Home,L,0.0,3.0,Manchester Utd,0,9.0,0.0,0.0,0.0,,16.6,1.0,0,0,1.0,1.0,0.11,-1.0,-1.0,Match Report,2022,Tottenham Hotspur
2122,2354,18,2021-11-07,14:00,Premier League,Matchweek 11,Sun,Away,D,0.0,0.0,Everton,0,8.0,0.0,0.0,0.0,,19.5,0.0,0,0,0.7,0.7,0.09,-0.7,-0.7,Match Report,2022,Tottenham Hotspur
2123,2355,19,2021-11-21,16:30,Premier League,Matchweek 12,Sun,Home,W,2.0,1.0,Leeds United,2,13.0,4.0,30.8,0.15,0.5,17.5,1.0,0,0,2.1,2.1,0.17,-0.1,-0.1,Match Report,2022,Tottenham Hotspur
2124,2357,21,2021-12-02,19:30,Premier League,Matchweek 14,Thu,Home,W,2.0,0.0,Brentford,1,11.0,6.0,54.5,0.09,0.17,9.8,0.0,0,0,1.9,1.9,0.18,-0.9,-0.9,Match Report,2022,Tottenham Hotspur
2125,2358,22,2021-12-05,14:00,Premier League,Matchweek 15,Sun,Home,W,3.0,0.0,Norwich City,3,17.0,7.0,41.2,0.18,0.43,18.5,0.0,0,0,1.6,1.6,0.1,1.4,1.4,Match Report,2022,Tottenham Hotspur
2126,2359,23,2021-12-19,16:30,Premier League,Matchweek 18,Sun,Home,D,2.0,2.0,Liverpool,2,10.0,5.0,50.0,0.2,0.4,10.4,0.0,0,0,3.0,3.0,0.3,-1.0,-1.0,Match Report,2022,Tottenham Hotspur
2127,2361,25,2021-12-26,15:00,Premier League,Matchweek 19,Sun,Home,W,3.0,0.0,Crystal Palace,3,17.0,6.0,35.3,0.18,0.5,14.5,0.0,0,0,2.3,2.3,0.13,0.7,0.7,Match Report,2022,Tottenham Hotspur
2128,2362,26,2021-12-28,15:00,Premier League,Matchweek 20,Tue,Away,D,1.0,1.0,Southampton,1,20.0,10.0,50.0,0.0,0.0,15.8,1.0,1,1,2.3,1.5,0.08,-1.3,-1.5,Match Report,2022,Tottenham Hotspur
2129,2363,27,2022-01-01,15:00,Premier League,Matchweek 21,Sat,Away,W,1.0,0.0,Watford,1,21.0,9.0,42.9,0.05,0.11,17.6,0.0,0,0,2.2,2.2,0.11,-1.2,-1.2,Match Report,2022,Tottenham Hotspur
2130,2367,31,2022-01-19,19:30,Premier League,Matchweek 17,Wed,Away,W,3.0,2.0,Leicester City,3,27.0,8.0,29.6,0.11,0.38,16.4,1.0,0,0,3.1,3.1,0.12,-0.1,-0.1,Match Report,2022,Tottenham Hotspur
2131,2368,32,2022-01-23,16:30,Premier League,Matchweek 23,Sun,Away,L,0.0,2.0,Chelsea,0,6.0,3.0,50.0,0.0,0.0,16.6,0.0,0,0,0.5,0.5,0.08,-0.5,-0.5,Match Report,2022,Tottenham Hotspur
2132,2370,34,2022-02-09,19:45,Premier League,Matchweek 24,Wed,Home,L,2.0,3.0,Southampton,1,8.0,3.0,37.5,0.13,0.33,15.3,0.0,0,0,1.4,1.4,0.17,-0.4,-0.4,Match Report,2022,Tottenham Hotspur
2133,2371,35,2022-02-13,14:00,Premier League,Matchweek 25,Sun,Home,L,0.0,2.0,Wolves,0,17.0,7.0,41.2,0.0,0.0,15.9,2.0,0,0,1.2,1.2,0.07,-1.2,-1.2,Match Report,2022,Tottenham Hotspur
2134,2372,36,2022-02-19,17:30,Premier League,Matchweek 26,Sat,Away,W,3.0,2.0,Manchester City,3,6.0,5.0,83.3,0.5,0.6,15.0,0.0,0,0,1.4,1.4,0.24,1.6,1.6,Match Report,2022,Tottenham Hotspur
2135,2373,37,2022-02-23,19:30,Premier League,Matchweek 13,Wed,Away,L,0.0,1.0,Burnley,0,12.0,2.0,16.7,0.0,0.0,17.4,0.0,0,0,0.7,0.7,0.06,-0.7,-0.7,Match Report,2022,Tottenham Hotspur
2136,2374,38,2022-02-26,12:30,Premier League,Matchweek 27,Sat,Away,W,4.0,0.0,Leeds United,4,15.0,10.0,66.7,0.27,0.4,14.2,0.0,0,0,1.9,1.9,0.13,2.1,2.1,Match Report,2022,Tottenham Hotspur
2137,2376,40,2022-03-07,20:00,Premier League,Matchweek 28,Mon,Home,W,5.0,0.0,Everton,4,14.0,7.0,50.0,0.29,0.57,13.5,0.0,0,0,2.5,2.5,0.19,1.5,1.5,Match Report,2022,Tottenham Hotspur
2138,2377,41,2022-03-12,17:30,Premier League,Matchweek 29,Sat,Away,L,2.0,3.0,Manchester Utd,1,9.0,1.0,11.1,0.0,0.0,19.8,1.0,1,1,1.5,0.8,0.09,-0.5,-0.8,Match Report,2022,Tottenham Hotspur
2139,2378,42,2022-03-16,19:30,Premier League,Matchweek 16,Wed,Away,W,2.0,0.0,Brighton,2,17.0,7.0,41.2,0.12,0.29,19.0,1.0,0,0,2.2,2.2,0.13,-0.2,-0.2,Match Report,2022,Tottenham Hotspur
2140,2379,43,2022-03-20,16:30,Premier League,Matchweek 30,Sun,Home,W,3.0,1.0,West Ham,2,17.0,4.0,23.5,0.12,0.5,16.6,0.0,0,0,3.0,3.0,0.18,-1.0,-1.0,Match Report,2022,Tottenham Hotspur
2141,2380,44,2022-04-03,16:30,Premier League,Matchweek 31,Sun,Home,W,5.0,1.0,Newcastle Utd,5,19.0,6.0,31.6,0.26,0.83,16.0,1.0,0,0,3.1,3.1,0.16,1.9,1.9,Match Report,2022,Tottenham Hotspur
2142,2381,45,2022-04-09,17:30,Premier League,Matchweek 32,Sat,Away,W,4.0,0.0,Aston Villa,4,11.0,5.0,45.5,0.36,0.8,18.8,0.0,0,0,1.1,1.1,0.1,2.9,2.9,Match Report,2022,Tottenham Hotspur
2143,2382,46,2022-04-16,12:30,Premier League,Matchweek 33,Sat,Home,L,0.0,1.0,Brighton,0,5.0,0.0,0.0,0.0,,20.8,0.0,0,0,0.5,0.5,0.1,-0.5,-0.5,Match Report,2022,Tottenham Hotspur
2144,2383,47,2022-04-23,17:30,Premier League,Matchweek 34,Sat,Away,D,0.0,0.0,Brentford,0,9.0,0.0,0.0,0.0,,16.7,0.0,0,0,0.6,0.6,0.07,-0.6,-0.6,Match Report,2022,Tottenham Hotspur
2145,2384,48,2022-05-01,14:00,Premier League,Matchweek 35,Sun,Home,W,3.0,1.0,Leicester City,3,13.0,7.0,53.8,0.23,0.43,14.2,0.0,0,0,1.2,1.2,0.09,1.8,1.8,Match Report,2022,Tottenham Hotspur
2146,2385,49,2022-05-07,19:45,Premier League,Matchweek 36,Sat,Away,D,1.0,1.0,Liverpool,1,8.0,3.0,37.5,0.13,0.33,17.5,0.0,0,0,0.9,0.9,0.11,0.1,0.1,Match Report,2022,Tottenham Hotspur
2147,2386,50,2022-05-12,19:45,Premier League,Matchweek 22,Thu,Home,W,3.0,0.0,Arsenal,3,15.0,5.0,33.3,0.13,0.4,14.3,0.0,1,1,2.7,2.0,0.14,0.3,0.0,Match Report,2022,Tottenham Hotspur
2148,2387,51,2022-05-15,12:00,Premier League,Matchweek 37,Sun,Home,W,1.0,0.0,Burnley,1,20.0,6.0,30.0,0.0,0.0,20.3,0.0,1,1,2.2,1.4,0.07,-1.2,-1.4,Match Report,2022,Tottenham Hotspur
2149,2388,52,2022-05-22,16:00,Premier League,Matchweek 38,Sun,Away,W,5.0,0.0,Norwich City,5,19.0,12.0,63.2,0.26,0.42,14.9,0.0,0,0,3.4,3.4,0.2,1.6,1.6,Match Report,2022,Tottenham Hotspur
2150,2390,0,2021-08-13,20:00,Premier League,Matchweek 1,Fri,Away,L,0.0,2.0,Brentford,0,22.0,4.0,18.2,0.0,0.0,19.0,1.0,0,0,1.3,1.3,0.06,-1.3,-1.3,Match Report,2022,Arsenal
2151,2391,1,2021-08-22,16:30,Premier League,Matchweek 2,Sun,Home,L,0.0,2.0,Chelsea,0,6.0,3.0,50.0,0.0,0.0,18.7,0.0,0,0,0.3,0.3,0.06,-0.3,-0.3,Match Report,2022,Arsenal
2152,2393,3,2021-08-28,12:30,Premier League,Matchweek 3,Sat,Away,L,0.0,5.0,Manchester City,0,1.0,0.0,0.0,0.0,,6.8,0.0,0,0,0.2,0.2,0.21,-0.2,-0.2,Match Report,2022,Arsenal
2153,2394,4,2021-09-11,15:00,Premier League,Matchweek 4,Sat,Home,W,1.0,0.0,Norwich City,1,30.0,6.0,20.0,0.03,0.17,16.9,1.0,0,0,2.7,2.7,0.1,-1.7,-1.7,Match Report,2022,Arsenal
2154,2395,5,2021-09-18,15:00,Premier League,Matchweek 5,Sat,Away,W,1.0,0.0,Burnley,1,13.0,3.0,23.1,0.08,0.33,20.7,1.0,0,0,1.1,1.1,0.08,-0.1,-0.1,Match Report,2022,Arsenal
2155,2397,7,2021-09-26,16:30,Premier League,Matchweek 6,Sun,Home,W,3.0,1.0,Tottenham,3,12.0,7.0,58.3,0.25,0.43,17.7,0.0,0,0,1.1,1.1,0.09,1.9,1.9,Match Report,2022,Arsenal
2156,2398,8,2021-10-02,17:30,Premier League,Matchweek 7,Sat,Away,D,0.0,0.0,Brighton,0,8.0,2.0,25.0,0.0,0.0,21.1,1.0,0,0,0.4,0.4,0.05,-0.4,-0.4,Match Report,2022,Arsenal
2157,2399,9,2021-10-18,20:00,Premier League,Matchweek 8,Mon,Home,D,2.0,2.0,Crystal Palace,2,17.0,6.0,35.3,0.12,0.33,17.6,1.0,0,0,1.7,1.7,0.11,0.3,0.3,Match Report,2022,Arsenal
2158,2400,10,2021-10-22,20:00,Premier League,Matchweek 9,Fri,Home,W,3.0,1.0,Aston Villa,3,21.0,8.0,38.1,0.14,0.38,17.3,1.0,0,1,2.7,1.8,0.09,0.3,1.2,Match Report,2022,Arsenal
2159,2402,12,2021-10-30,12:30,Premier League,Matchweek 10,Sat,Away,W,2.0,0.0,Leicester City,2,9.0,5.0,55.6,0.22,0.4,16.7,0.0,0,0,0.7,0.7,0.08,1.3,1.3,Match Report,2022,Arsenal
2160,2403,13,2021-11-07,14:00,Premier League,Matchweek 11,Sun,Home,W,1.0,0.0,Watford,1,13.0,5.0,38.5,0.08,0.2,21.1,1.0,0,1,1.6,0.8,0.07,-0.6,0.2,Match Report,2022,Arsenal
2161,2404,14,2021-11-20,17:30,Premier League,Matchweek 12,Sat,Away,L,0.0,4.0,Liverpool,0,5.0,3.0,60.0,0.0,0.0,19.9,0.0,0,0,0.4,0.4,0.08,-0.4,-0.4,Match Report,2022,Arsenal
2162,2405,15,2021-11-27,12:30,Premier League,Matchweek 13,Sat,Home,W,2.0,0.0,Newcastle Utd,2,24.0,6.0,25.0,0.08,0.33,17.8,1.0,0,0,2.5,2.5,0.11,-0.5,-0.5,Match Report,2022,Arsenal
2163,2406,16,2021-12-02,20:15,Premier League,Matchweek 14,Thu,Away,L,2.0,3.0,Manchester Utd,2,17.0,7.0,41.2,0.12,0.29,16.5,1.0,0,0,1.4,1.4,0.09,0.6,0.6,Match Report,2022,Arsenal
2164,2407,17,2021-12-06,20:00,Premier League,Matchweek 15,Mon,Away,L,1.0,2.0,Everton,1,10.0,3.0,30.0,0.1,0.33,16.1,0.0,0,0,1.0,1.0,0.1,0.0,0.0,Match Report,2022,Arsenal
2165,2408,18,2021-12-11,15:00,Premier League,Matchweek 16,Sat,Home,W,3.0,0.0,Southampton,3,15.0,5.0,33.3,0.2,0.6,15.7,0.0,0,0,1.8,1.8,0.12,1.2,1.2,Match Report,2022,Arsenal
2166,2409,19,2021-12-15,20:00,Premier League,Matchweek 17,Wed,Home,W,2.0,0.0,West Ham,2,20.0,7.0,35.0,0.1,0.29,19.6,2.0,0,1,2.8,2.0,0.1,-0.8,0.0,Match Report,2022,Arsenal
2167,2410,20,2021-12-18,17:30,Premier League,Matchweek 18,Sat,Away,W,4.0,1.0,Leeds United,4,21.0,12.0,57.1,0.19,0.33,16.7,0.0,0,0,3.5,3.5,0.18,0.5,0.5,Match Report,2022,Arsenal
2168,2412,22,2021-12-26,15:00,Premier League,Matchweek 19,Sun,Away,W,5.0,0.0,Norwich City,5,15.0,5.0,33.3,0.27,0.8,17.7,1.0,1,1,2.5,1.7,0.12,2.5,2.3,Match Report,2022,Arsenal
2169,2413,23,2022-01-01,12:30,Premier League,Matchweek 21,Sat,Home,L,1.0,2.0,Manchester City,1,7.0,2.0,28.6,0.14,0.5,15.6,0.0,0,0,0.8,0.8,0.11,0.2,0.2,Match Report,2022,Arsenal
2170,2417,27,2022-01-23,14:00,Premier League,Matchweek 23,Sun,Home,D,0.0,0.0,Burnley,0,20.0,5.0,25.0,0.0,0.0,18.8,2.0,0,0,1.2,1.2,0.06,-1.2,-1.2,Match Report,2022,Arsenal
2171,2418,28,2022-02-10,19:45,Premier League,Matchweek 24,Thu,Away,W,1.0,0.0,Wolves,1,12.0,2.0,16.7,0.08,0.5,17.2,0.0,0,0,1.8,1.8,0.17,-0.8,-0.8,Match Report,2022,Arsenal
2172,2419,29,2022-02-19,15:00,Premier League,Matchweek 26,Sat,Home,W,2.0,1.0,Brentford,2,24.0,7.0,29.2,0.08,0.29,16.0,0.0,0,0,1.7,1.7,0.08,0.3,0.3,Match Report,2022,Arsenal
2173,2420,30,2022-02-24,19:45,Premier League,Matchweek 20,Thu,Home,W,2.0,1.0,Wolves,1,26.0,5.0,19.2,0.04,0.2,15.6,1.0,0,0,3.1,3.1,0.12,-2.1,-2.1,Match Report,2022,Arsenal
2174,2421,31,2022-03-06,14:00,Premier League,Matchweek 28,Sun,Away,W,3.0,2.0,Watford,3,16.0,4.0,25.0,0.19,0.75,17.3,0.0,0,0,1.0,1.0,0.07,2.0,2.0,Match Report,2022,Arsenal
2175,2422,32,2022-03-13,16:30,Premier League,Matchweek 29,Sun,Home,W,2.0,0.0,Leicester City,2,20.0,6.0,30.0,0.05,0.17,16.2,0.0,1,1,2.4,2.3,0.12,-0.4,-1.3,Match Report,2022,Arsenal
2176,2423,33,2022-03-16,20:15,Premier League,Matchweek 27,Wed,Home,L,0.0,2.0,Liverpool,0,9.0,2.0,22.2,0.0,0.0,22.5,0.0,0,0,0.5,0.5,0.06,-0.5,-0.5,Match Report,2022,Arsenal
2177,2424,34,2022-03-19,12:30,Premier League,Matchweek 30,Sat,Away,W,1.0,0.0,Aston Villa,1,10.0,3.0,30.0,0.1,0.33,19.5,0.0,0,0,1.3,1.3,0.13,-0.3,-0.3,Match Report,2022,Arsenal
2178,2425,35,2022-04-04,20:00,Premier League,Matchweek 31,Mon,Away,L,0.0,3.0,Crystal Palace,0,12.0,3.0,25.0,0.0,0.0,18.5,0.0,0,0,0.8,0.8,0.07,-0.8,-0.8,Match Report,2022,Arsenal
2179,2426,36,2022-04-09,15:00,Premier League,Matchweek 32,Sat,Home,L,1.0,2.0,Brighton,1,20.0,4.0,20.0,0.05,0.25,16.7,2.0,0,0,1.9,1.9,0.1,-0.9,-0.9,Match Report,2022,Arsenal
2180,2427,37,2022-04-16,15:00,Premier League,Matchweek 33,Sat,Away,L,0.0,1.0,Southampton,0,23.0,6.0,26.1,0.0,0.0,18.3,1.0,0,0,1.7,1.7,0.07,-1.7,-1.7,Match Report,2022,Arsenal
2181,2428,38,2022-04-20,19:45,Premier League,Matchweek 25,Wed,Away,W,4.0,2.0,Chelsea,4,13.0,3.0,23.1,0.23,1.0,19.5,0.0,1,1,2.0,1.2,0.1,2.0,1.8,Match Report,2022,Arsenal
2182,2429,39,2022-04-23,12:30,Premier League,Matchweek 34,Sat,Home,W,3.0,1.0,Manchester Utd,3,13.0,6.0,46.2,0.15,0.33,19.3,1.0,1,1,2.3,1.8,0.15,0.7,0.2,Match Report,2022,Arsenal
2183,2430,40,2022-05-01,16:30,Premier League,Matchweek 35,Sun,Away,W,2.0,1.0,West Ham,2,13.0,7.0,53.8,0.15,0.29,19.3,0.0,0,0,0.9,0.9,0.07,1.1,1.1,Match Report,2022,Arsenal
2184,2431,41,2022-05-08,14:00,Premier League,Matchweek 36,Sun,Home,W,2.0,1.0,Leeds United,2,19.0,9.0,47.4,0.11,0.22,14.3,2.0,0,0,2.0,2.0,0.11,0.0,0.0,Match Report,2022,Arsenal
2185,2432,42,2022-05-12,19:45,Premier League,Matchweek 22,Thu,Away,L,0.0,3.0,Tottenham,0,9.0,5.0,55.6,0.0,0.0,24.0,0.0,0,0,0.5,0.5,0.05,-0.5,-0.5,Match Report,2022,Arsenal
2186,2433,43,2022-05-16,20:00,Premier League,Matchweek 37,Mon,Away,L,0.0,2.0,Newcastle Utd,0,11.0,2.0,18.2,0.0,0.0,21.1,0.0,0,0,0.6,0.6,0.05,-0.6,-0.6,Match Report,2022,Arsenal
2187,2434,44,2022-05-22,16:00,Premier League,Matchweek 38,Sun,Home,W,5.0,1.0,Everton,5,25.0,8.0,32.0,0.16,0.5,17.0,0.0,1,1,4.2,3.5,0.14,0.8,0.5,Match Report,2022,Arsenal
2188,2436,0,2021-08-14,12:30,Premier League,Matchweek 1,Sat,Home,W,5.0,1.0,Leeds United,5,16.0,8.0,50.0,0.31,0.63,18.2,0.0,0,0,1.5,1.5,0.09,3.5,3.5,Match Report,2022,Manchester United
2189,2437,1,2021-08-22,14:00,Premier League,Matchweek 2,Sun,Away,D,1.0,1.0,Southampton,1,15.0,3.0,20.0,0.07,0.33,15.1,1.0,0,0,1.8,1.8,0.14,-0.8,-0.8,Match Report,2022,Manchester United
2190,2438,2,2021-08-29,16:30,Premier League,Matchweek 3,Sun,Away,W,1.0,0.0,Wolves,1,10.0,3.0,30.0,0.1,0.33,18.8,1.0,0,0,0.6,0.6,0.06,0.4,0.4,Match Report,2022,Manchester United
2191,2439,3,2021-09-11,15:00,Premier League,Matchweek 4,Sat,Home,W,4.0,1.0,Newcastle Utd,4,21.0,6.0,28.6,0.19,0.67,20.5,0.0,0,0,2.5,2.5,0.12,1.5,1.5,Match Report,2022,Manchester United
2192,2441,5,2021-09-19,14:00,Premier League,Matchweek 5,Sun,Away,W,2.0,1.0,West Ham,2,17.0,10.0,58.8,0.12,0.2,17.1,0.0,0,0,2.0,2.0,0.15,0.0,0.0,Match Report,2022,Manchester United
2193,2443,7,2021-09-25,12:30,Premier League,Matchweek 6,Sat,Home,L,0.0,1.0,Aston Villa,0,27.0,4.0,14.8,0.0,0.0,19.7,2.0,0,1,2.2,1.4,0.05,-2.2,-1.4,Match Report,2022,Manchester United
2194,2445,9,2021-10-02,12:30,Premier League,Matchweek 7,Sat,Home,D,1.0,1.0,Everton,1,13.0,6.0,46.2,0.08,0.17,15.1,0.0,0,0,1.0,1.0,0.08,0.0,0.0,Match Report,2022,Manchester United
2195,2446,10,2021-10-16,15:00,Premier League,Matchweek 8,Sat,Away,L,2.0,4.0,Leicester City,2,18.0,6.0,33.3,0.11,0.33,21.0,0.0,0,0,1.2,1.2,0.06,0.8,0.8,Match Report,2022,Manchester United
2196,2448,12,2021-10-24,16:30,Premier League,Matchweek 9,Sun,Home,L,0.0,5.0,Liverpool,0,12.0,3.0,25.0,0.0,0.0,15.5,0.0,0,0,1.6,1.6,0.13,-1.6,-1.6,Match Report,2022,Manchester United
2197,2449,13,2021-10-30,17:30,Premier League,Matchweek 10,Sat,Away,W,3.0,0.0,Tottenham,3,10.0,4.0,40.0,0.3,0.75,17.9,0.0,0,0,1.5,1.5,0.15,1.5,1.5,Match Report,2022,Manchester United
2198,2451,15,2021-11-06,12:30,Premier League,Matchweek 11,Sat,Home,L,0.0,2.0,Manchester City,0,5.0,1.0,20.0,0.0,0.0,17.3,0.0,0,0,0.9,0.9,0.2,-0.9,-0.9,Match Report,2022,Manchester United
2199,2452,16,2021-11-20,15:00,Premier League,Matchweek 12,Sat,Away,L,1.0,4.0,Watford,1,9.0,3.0,33.3,0.11,0.33,14.9,0.0,0,0,1.4,1.4,0.16,-0.4,-0.4,Match Report,2022,Manchester United
2200,2454,18,2021-11-28,16:30,Premier League,Matchweek 13,Sun,Away,D,1.0,1.0,Chelsea,1,3.0,2.0,66.7,0.33,0.5,20.7,0.0,0,0,0.9,0.9,0.3,0.1,0.1,Match Report,2022,Manchester United
2201,2455,19,2021-12-02,20:15,Premier League,Matchweek 14,Thu,Home,W,3.0,2.0,Arsenal,3,13.0,9.0,69.2,0.15,0.22,19.7,0.0,1,1,1.9,1.2,0.09,1.1,0.8,Match Report,2022,Manchester United
2202,2456,20,2021-12-05,14:00,Premier League,Matchweek 15,Sun,Home,W,1.0,0.0,Crystal Palace,1,16.0,3.0,18.8,0.06,0.33,19.2,2.0,0,0,0.9,0.9,0.06,0.1,0.1,Match Report,2022,Manchester United
2203,2458,22,2021-12-11,17:30,Premier League,Matchweek 16,Sat,Away,W,1.0,0.0,Norwich City,1,12.0,4.0,33.3,0.0,0.0,19.2,2.0,1,1,2.0,1.2,0.1,-1.0,-1.2,Match Report,2022,Manchester United
2204,2459,23,2021-12-27,20:00,Premier League,Matchweek 19,Mon,Away,D,1.0,1.0,Newcastle Utd,1,13.0,3.0,23.1,0.08,0.33,17.9,0.0,0,0,1.6,1.6,0.13,-0.6,-0.6,Match Report,2022,Manchester United
2205,2460,24,2021-12-30,20:15,Premier League,Matchweek 20,Thu,Home,W,3.0,1.0,Burnley,2,18.0,6.0,33.3,0.11,0.33,17.5,1.0,0,0,2.4,2.4,0.14,-0.4,-0.4,Match Report,2022,Manchester United
2206,2461,25,2022-01-03,17:30,Premier League,Matchweek 21,Mon,Home,L,0.0,1.0,Wolves,0,9.0,2.0,22.2,0.0,0.0,20.8,1.0,0,0,0.8,0.8,0.09,-0.8,-0.8,Match Report,2022,Manchester United
2207,2463,27,2022-01-15,17:30,Premier League,Matchweek 22,Sat,Away,D,2.0,2.0,Aston Villa,2,13.0,6.0,46.2,0.15,0.33,17.5,1.0,0,0,1.0,1.0,0.08,1.0,1.0,Match Report,2022,Manchester United
2208,2464,28,2022-01-19,20:00,Premier League,Matchweek 17,Wed,Away,W,3.0,1.0,Brentford,3,13.0,5.0,38.5,0.23,0.6,17.8,0.0,0,0,2.3,2.3,0.18,0.7,0.7,Match Report,2022,Manchester United
2209,2465,29,2022-01-22,15:00,Premier League,Matchweek 23,Sat,Home,W,1.0,0.0,West Ham,1,18.0,3.0,16.7,0.06,0.33,18.3,1.0,0,0,1.9,1.9,0.1,-0.9,-0.9,Match Report,2022,Manchester United
2210,2467,31,2022-02-08,20:00,Premier League,Matchweek 24,Tue,Away,D,1.0,1.0,Burnley,1,22.0,5.0,22.7,0.05,0.2,15.9,0.0,0,0,1.8,1.8,0.08,-0.8,-0.8,Match Report,2022,Manchester United
2211,2468,32,2022-02-12,12:30,Premier League,Matchweek 25,Sat,Home,D,1.0,1.0,Southampton,1,12.0,7.0,58.3,0.08,0.14,11.7,0.0,0,0,2.1,2.1,0.18,-1.1,-1.1,Match Report,2022,Manchester United
2212,2469,33,2022-02-15,20:15,Premier League,Matchweek 18,Tue,Home,W,2.0,0.0,Brighton,2,19.0,7.0,36.8,0.11,0.29,19.7,2.0,0,0,1.7,1.7,0.09,0.3,0.3,Match Report,2022,Manchester United
2213,2470,34,2022-02-20,14:00,Premier League,Matchweek 26,Sun,Away,W,4.0,2.0,Leeds United,4,15.0,9.0,60.0,0.27,0.44,14.3,0.0,0,0,2.2,2.2,0.15,1.8,1.8,Match Report,2022,Manchester United
2214,2472,36,2022-02-26,15:00,Premier League,Matchweek 27,Sat,Home,D,0.0,0.0,Watford,0,22.0,3.0,13.6,0.0,0.0,16.9,1.0,0,0,2.8,2.8,0.13,-2.8,-2.8,Match Report,2022,Manchester United
2215,2473,37,2022-03-06,16:30,Premier League,Matchweek 28,Sun,Away,L,1.0,4.0,Manchester City,1,5.0,2.0,40.0,0.2,0.5,14.1,0.0,0,0,0.5,0.5,0.1,0.5,0.5,Match Report,2022,Manchester United
2216,2474,38,2022-03-12,17:30,Premier League,Matchweek 29,Sat,Home,W,3.0,2.0,Tottenham,3,10.0,6.0,60.0,0.3,0.5,16.1,0.0,0,0,1.0,1.0,0.1,2.0,2.0,Match Report,2022,Manchester United
2217,2476,40,2022-04-02,17:30,Premier League,Matchweek 31,Sat,Home,D,1.0,1.0,Leicester City,1,11.0,5.0,45.5,0.09,0.2,14.7,0.0,0,0,0.9,0.9,0.09,0.1,0.1,Match Report,2022,Manchester United
2218,2477,41,2022-04-09,12:30,Premier League,Matchweek 32,Sat,Away,L,0.0,1.0,Everton,0,12.0,4.0,33.3,0.0,0.0,17.5,0.0,0,0,0.8,0.8,0.06,-0.8,-0.8,Match Report,2022,Manchester United
2219,2478,42,2022-04-16,15:00,Premier League,Matchweek 33,Sat,Home,W,3.0,2.0,Norwich City,3,20.0,9.0,45.0,0.15,0.33,17.3,1.0,0,0,1.9,1.9,0.1,1.1,1.1,Match Report,2022,Manchester United
2220,2479,43,2022-04-19,20:00,Premier League,Matchweek 30,Tue,Away,L,0.0,4.0,Liverpool,0,2.0,1.0,50.0,0.0,0.0,21.0,0.0,0,0,0.1,0.1,0.05,-0.1,-0.1,Match Report,2022,Manchester United
2221,2480,44,2022-04-23,12:30,Premier League,Matchweek 34,Sat,Away,L,1.0,3.0,Arsenal,1,13.0,5.0,38.5,0.08,0.2,18.1,0.0,0,1,1.8,1.0,0.08,-0.8,0.0,Match Report,2022,Manchester United
2222,2481,45,2022-04-28,19:45,Premier League,Matchweek 37,Thu,Home,D,1.0,1.0,Chelsea,1,6.0,3.0,50.0,0.17,0.33,15.9,0.0,0,0,0.5,0.5,0.09,0.5,0.5,Match Report,2022,Manchester United
2223,2482,46,2022-05-02,20:00,Premier League,Matchweek 35,Mon,Home,W,3.0,0.0,Brentford,3,8.0,4.0,50.0,0.25,0.5,20.3,1.0,1,1,2.0,1.2,0.15,1.0,0.8,Match Report,2022,Manchester United
2224,2483,47,2022-05-07,17:30,Premier League,Matchweek 36,Sat,Away,L,0.0,4.0,Brighton,0,15.0,5.0,33.3,0.0,0.0,19.4,1.0,0,0,0.9,0.9,0.06,-0.9,-0.9,Match Report,2022,Manchester United
2225,2484,48,2022-05-22,16:00,Premier League,Matchweek 38,Sun,Away,L,0.0,1.0,Crystal Palace,0,10.0,4.0,40.0,0.0,0.0,19.8,1.0,0,0,0.7,0.7,0.08,-0.7,-0.7,Match Report,2022,Manchester United
2226,2486,0,2021-08-15,14:00,Premier League,Matchweek 1,Sun,Away,W,4.0,2.0,Newcastle Utd,4,17.0,7.0,41.2,0.24,0.57,17.1,1.0,0,1,2.7,2.0,0.12,1.3,2.0,Match Report,2022,West Ham United
2227,2487,1,2021-08-23,20:00,Premier League,Matchweek 2,Mon,Home,W,4.0,1.0,Leicester City,4,19.0,7.0,36.8,0.21,0.57,13.9,0.0,0,0,2.3,2.3,0.12,1.7,1.7,Match Report,2022,West Ham United
2228,2488,2,2021-08-28,15:00,Premier League,Matchweek 3,Sat,Home,D,2.0,2.0,Crystal Palace,2,14.0,4.0,28.6,0.14,0.5,15.2,0.0,0,0,1.3,1.3,0.1,0.7,0.7,Match Report,2022,West Ham United
2229,2489,3,2021-09-11,15:00,Premier League,Matchweek 4,Sat,Away,D,0.0,0.0,Southampton,0,13.0,3.0,23.1,0.0,0.0,20.0,1.0,0,0,0.7,0.7,0.06,-0.7,-0.7,Match Report,2022,West Ham United
2230,2491,5,2021-09-19,14:00,Premier League,Matchweek 5,Sun,Home,L,1.0,2.0,Manchester Utd,1,12.0,3.0,25.0,0.08,0.33,22.0,0.0,0,1,1.6,0.8,0.07,-0.6,0.2,Match Report,2022,West Ham United
2231,2493,7,2021-09-25,15:00,Premier League,Matchweek 6,Sat,Away,W,2.0,1.0,Leeds United,1,20.0,6.0,30.0,0.05,0.17,18.2,2.0,0,0,1.6,1.6,0.08,-0.6,-0.6,Match Report,2022,West Ham United
2232,2495,9,2021-10-03,14:00,Premier League,Matchweek 7,Sun,Home,L,1.0,2.0,Brentford,1,18.0,5.0,27.8,0.06,0.2,16.7,1.0,0,0,1.5,1.5,0.09,-0.5,-0.5,Match Report,2022,West Ham United
2233,2496,10,2021-10-17,14:00,Premier League,Matchweek 8,Sun,Away,W,1.0,0.0,Everton,1,16.0,4.0,25.0,0.06,0.25,16.5,0.0,0,0,1.2,1.2,0.08,-0.2,-0.2,Match Report,2022,West Ham United
2234,2498,12,2021-10-24,14:00,Premier League,Matchweek 9,Sun,Home,W,1.0,0.0,Tottenham,1,13.0,4.0,30.8,0.08,0.25,14.8,0.0,0,0,1.3,1.3,0.1,-0.3,-0.3,Match Report,2022,West Ham United
2235,2500,14,2021-10-31,16:30,Premier League,Matchweek 10,Sun,Away,W,4.0,1.0,Aston Villa,4,21.0,8.0,38.1,0.19,0.5,16.5,3.0,0,0,2.3,2.3,0.12,1.7,1.7,Match Report,2022,West Ham United
2236,2502,16,2021-11-07,16:30,Premier League,Matchweek 11,Sun,Home,W,3.0,2.0,Liverpool,2,7.0,3.0,42.9,0.29,0.67,14.5,0.0,0,0,1.0,1.0,0.15,1.0,1.0,Match Report,2022,West Ham United
2237,2503,17,2021-11-20,15:00,Premier League,Matchweek 12,Sat,Away,L,0.0,1.0,Wolves,0,8.0,3.0,37.5,0.0,0.0,20.2,0.0,0,0,0.4,0.4,0.05,-0.4,-0.4,Match Report,2022,West Ham United
2238,2505,19,2021-11-28,14:00,Premier League,Matchweek 13,Sun,Away,L,1.0,2.0,Manchester City,1,5.0,3.0,60.0,0.2,0.33,21.4,1.0,0,0,0.2,0.2,0.04,0.8,0.8,Match Report,2022,West Ham United
2239,2506,20,2021-12-01,19:30,Premier League,Matchweek 14,Wed,Home,D,1.0,1.0,Brighton,1,14.0,5.0,35.7,0.07,0.2,22.6,0.0,0,0,1.3,1.3,0.09,-0.3,-0.3,Match Report,2022,West Ham United
2240,2507,21,2021-12-04,12:30,Premier League,Matchweek 15,Sat,Home,W,3.0,2.0,Chelsea,3,10.0,3.0,30.0,0.2,0.67,20.1,0.0,1,1,1.8,1.0,0.1,1.2,1.0,Match Report,2022,West Ham United
2241,2509,23,2021-12-12,14:00,Premier League,Matchweek 16,Sun,Away,D,0.0,0.0,Burnley,0,16.0,3.0,18.8,0.0,0.0,18.6,0.0,0,0,0.8,0.8,0.05,-0.8,-0.8,Match Report,2022,West Ham United
2242,2510,24,2021-12-15,20:00,Premier League,Matchweek 17,Wed,Away,L,0.0,2.0,Arsenal,0,7.0,1.0,14.3,0.0,0.0,22.3,1.0,0,0,0.4,0.4,0.05,-0.4,-0.4,Match Report,2022,West Ham United
2243,2512,26,2021-12-26,15:00,Premier League,Matchweek 19,Sun,Home,L,2.0,3.0,Southampton,2,11.0,4.0,36.4,0.18,0.5,17.2,0.0,0,0,1.6,1.6,0.15,0.4,0.4,Match Report,2022,West Ham United
2244,2513,27,2021-12-28,15:00,Premier League,Matchweek 20,Tue,Away,W,4.0,1.0,Watford,4,12.0,5.0,41.7,0.25,0.6,16.0,0.0,1,1,3.6,2.8,0.23,0.4,0.2,Match Report,2022,West Ham United
2245,2514,28,2022-01-01,17:30,Premier League,Matchweek 21,Sat,Away,W,3.0,2.0,Crystal Palace,3,9.0,4.0,44.4,0.22,0.5,14.5,0.0,1,1,2.2,1.4,0.15,0.8,0.6,Match Report,2022,West Ham United
2246,2516,30,2022-01-12,19:45,Premier League,Matchweek 18,Wed,Home,W,2.0,0.0,Norwich City,2,13.0,5.0,38.5,0.15,0.4,15.1,0.0,0,0,2.5,2.5,0.19,-0.5,-0.5,Match Report,2022,West Ham United
2247,2517,31,2022-01-16,14:00,Premier League,Matchweek 22,Sun,Home,L,2.0,3.0,Leeds United,2,15.0,5.0,33.3,0.13,0.4,12.6,0.0,0,0,2.4,2.4,0.16,-0.4,-0.4,Match Report,2022,West Ham United
2248,2518,32,2022-01-22,15:00,Premier League,Matchweek 23,Sat,Away,L,0.0,1.0,Manchester Utd,0,6.0,1.0,16.7,0.0,0.0,17.9,0.0,0,0,0.3,0.3,0.05,-0.3,-0.3,Match Report,2022,West Ham United
2249,2520,34,2022-02-08,19:45,Premier League,Matchweek 24,Tue,Home,W,1.0,0.0,Watford,1,9.0,2.0,22.2,0.11,0.5,13.2,0.0,0,0,0.8,0.8,0.09,0.2,0.2,Match Report,2022,West Ham United
2250,2521,35,2022-02-13,16:30,Premier League,Matchweek 25,Sun,Away,D,2.0,2.0,Leicester City,2,8.0,3.0,37.5,0.25,0.67,16.1,0.0,0,0,1.1,1.1,0.14,0.9,0.9,Match Report,2022,West Ham United
2251,2522,36,2022-02-19,12:30,Premier League,Matchweek 26,Sat,Home,D,1.0,1.0,Newcastle Utd,1,11.0,3.0,27.3,0.09,0.33,14.4,0.0,0,0,0.6,0.6,0.05,0.4,0.4,Match Report,2022,West Ham United
2252,2523,37,2022-02-27,14:00,Premier League,Matchweek 27,Sun,Home,W,1.0,0.0,Wolves,1,13.0,4.0,30.8,0.08,0.25,16.7,1.0,0,0,1.8,1.8,0.14,-0.8,-0.8,Match Report,2022,West Ham United
2253,2525,39,2022-03-05,17:30,Premier League,Matchweek 28,Sat,Away,L,0.0,1.0,Liverpool,0,13.0,4.0,30.8,0.0,0.0,14.9,0.0,0,0,1.3,1.3,0.1,-1.3,-1.3,Match Report,2022,West Ham United
2254,2527,41,2022-03-13,14:00,Premier League,Matchweek 29,Sun,Home,W,2.0,1.0,Aston Villa,2,11.0,4.0,36.4,0.18,0.5,16.3,0.0,0,0,1.2,1.2,0.12,0.8,0.8,Match Report,2022,West Ham United
2255,2529,43,2022-03-20,16:30,Premier League,Matchweek 30,Sun,Away,L,1.0,3.0,Tottenham,1,6.0,1.0,16.7,0.17,1.0,9.1,0.0,0,0,0.6,0.6,0.1,0.4,0.4,Match Report,2022,West Ham United
2256,2530,44,2022-04-03,14:00,Premier League,Matchweek 31,Sun,Home,W,2.0,1.0,Everton,2,11.0,5.0,45.5,0.18,0.4,19.9,2.0,0,0,1.2,1.2,0.12,0.8,0.8,Match Report,2022,West Ham United
2257,2532,46,2022-04-10,14:00,Premier League,Matchweek 32,Sun,Away,L,0.0,2.0,Brentford,0,5.0,1.0,20.0,0.0,0.0,17.5,0.0,0,0,0.3,0.3,0.06,-0.3,-0.3,Match Report,2022,West Ham United
2258,2534,48,2022-04-17,14:15,Premier League,Matchweek 33,Sun,Home,D,1.0,1.0,Burnley,1,21.0,6.0,28.6,0.05,0.17,14.7,0.0,0,0,2.2,2.2,0.11,-1.2,-1.2,Match Report,2022,West Ham United
2259,2535,49,2022-04-24,14:00,Premier League,Matchweek 34,Sun,Away,L,0.0,1.0,Chelsea,0,6.0,2.0,33.3,0.0,0.0,13.4,0.0,0,0,0.5,0.5,0.08,-0.5,-0.5,Match Report,2022,West Ham United
2260,2537,51,2022-05-01,16:30,Premier League,Matchweek 35,Sun,Home,L,1.0,2.0,Arsenal,1,8.0,3.0,37.5,0.13,0.33,14.0,0.0,0,0,0.5,0.5,0.06,0.5,0.5,Match Report,2022,West Ham United
2261,2539,53,2022-05-08,14:00,Premier League,Matchweek 36,Sun,Away,W,4.0,0.0,Norwich City,4,12.0,4.0,33.3,0.25,0.75,14.4,0.0,1,1,3.0,2.3,0.19,1.0,0.7,Match Report,2022,West Ham United
2262,2540,54,2022-05-15,14:00,Premier League,Matchweek 37,Sun,Home,D,2.0,2.0,Manchester City,2,6.0,2.0,33.3,0.33,1.0,13.7,0.0,0,0,1.1,1.1,0.18,0.9,0.9,Match Report,2022,West Ham United
2263,2541,55,2022-05-22,16:00,Premier League,Matchweek 38,Sun,Away,L,1.0,3.0,Brighton,1,7.0,2.0,28.6,0.14,0.5,22.0,0.0,0,0,0.2,0.2,0.03,0.8,0.8,Match Report,2022,West Ham United
2264,2544,1,2021-08-14,15:00,Premier League,Matchweek 1,Sat,Home,W,1.0,0.0,Wolves,1,9.0,5.0,55.6,0.11,0.2,17.1,0.0,0,0,0.5,0.5,0.05,0.5,0.5,Match Report,2022,Leicester City
2265,2545,2,2021-08-23,20:00,Premier League,Matchweek 2,Mon,Away,L,1.0,4.0,West Ham,1,5.0,1.0,20.0,0.2,1.0,14.3,0.0,0,0,0.6,0.6,0.12,0.4,0.4,Match Report,2022,Leicester City
2266,2546,3,2021-08-28,15:00,Premier League,Matchweek 3,Sat,Away,W,2.0,1.0,Norwich City,2,9.0,3.0,33.3,0.22,0.67,16.0,0.0,0,0,1.5,1.5,0.16,0.5,0.5,Match Report,2022,Leicester City
2267,2547,4,2021-09-11,15:00,Premier League,Matchweek 4,Sat,Home,L,0.0,1.0,Manchester City,0,6.0,1.0,16.7,0.0,0.0,12.1,0.0,0,0,0.6,0.6,0.11,-0.6,-0.6,Match Report,2022,Leicester City
2268,2549,6,2021-09-19,14:00,Premier League,Matchweek 5,Sun,Away,L,1.0,2.0,Brighton,1,14.0,3.0,21.4,0.07,0.33,19.9,0.0,0,0,1.6,1.6,0.11,-0.6,-0.6,Match Report,2022,Leicester City
2269,2551,8,2021-09-25,15:00,Premier League,Matchweek 6,Sat,Home,D,2.0,2.0,Burnley,2,22.0,4.0,18.2,0.09,0.5,16.8,0.0,0,0,2.4,2.4,0.11,-0.4,-0.4,Match Report,2022,Leicester City
2270,2553,10,2021-10-03,14:00,Premier League,Matchweek 7,Sun,Away,D,2.0,2.0,Crystal Palace,2,9.0,5.0,55.6,0.22,0.4,17.9,0.0,0,0,1.2,1.2,0.13,0.8,0.8,Match Report,2022,Leicester City
2271,2554,11,2021-10-16,15:00,Premier League,Matchweek 8,Sat,Home,W,4.0,2.0,Manchester Utd,4,22.0,11.0,50.0,0.18,0.36,18.4,1.0,0,0,2.4,2.4,0.12,1.6,1.6,Match Report,2022,Leicester City
2272,2556,13,2021-10-24,14:00,Premier League,Matchweek 9,Sun,Away,W,2.0,1.0,Brentford,2,10.0,6.0,60.0,0.2,0.33,21.9,0.0,0,0,1.5,1.5,0.15,0.5,0.5,Match Report,2022,Leicester City
2273,2558,15,2021-10-30,12:30,Premier League,Matchweek 10,Sat,Home,L,0.0,2.0,Arsenal,0,16.0,8.0,50.0,0.0,0.0,17.3,2.0,0,0,1.3,1.3,0.08,-1.3,-1.3,Match Report,2022,Leicester City
2274,2560,17,2021-11-07,14:00,Premier League,Matchweek 11,Sun,Away,D,1.0,1.0,Leeds United,1,9.0,3.0,33.3,0.11,0.33,16.5,0.0,0,0,0.7,0.7,0.08,0.3,0.3,Match Report,2022,Leicester City
2275,2561,18,2021-11-20,12:30,Premier League,Matchweek 12,Sat,Home,L,0.0,3.0,Chelsea,0,4.0,3.0,75.0,0.0,0.0,24.4,0.0,0,0,0.4,0.4,0.09,-0.4,-0.4,Match Report,2022,Leicester City
2276,2563,20,2021-11-28,14:00,Premier League,Matchweek 13,Sun,Home,W,4.0,2.0,Watford,4,18.0,8.0,44.4,0.22,0.5,14.6,0.0,0,0,2.1,2.1,0.13,1.9,1.9,Match Report,2022,Leicester City
2277,2564,21,2021-12-01,19:30,Premier League,Matchweek 14,Wed,Away,D,2.0,2.0,Southampton,2,15.0,6.0,40.0,0.13,0.33,17.3,0.0,0,0,1.5,1.5,0.1,0.5,0.5,Match Report,2022,Leicester City
2278,2565,22,2021-12-05,16:30,Premier League,Matchweek 15,Sun,Away,L,1.0,2.0,Aston Villa,1,12.0,4.0,33.3,0.08,0.25,15.9,0.0,0,0,1.1,1.1,0.09,-0.1,-0.1,Match Report,2022,Leicester City
2279,2567,24,2021-12-12,14:00,Premier League,Matchweek 16,Sun,Home,W,4.0,0.0,Newcastle Utd,4,7.0,4.0,57.1,0.43,0.75,19.1,1.0,1,1,2.6,1.8,0.26,1.4,1.2,Match Report,2022,Leicester City
2280,2569,26,2021-12-26,15:00,Premier League,Matchweek 19,Sun,Away,L,3.0,6.0,Manchester City,3,14.0,8.0,57.1,0.21,0.38,16.9,1.0,0,0,2.7,2.7,0.19,0.3,0.3,Match Report,2022,Leicester City
2281,2570,27,2021-12-28,20:00,Premier League,Matchweek 20,Tue,Home,W,1.0,0.0,Liverpool,1,6.0,1.0,16.7,0.17,1.0,14.9,0.0,0,0,0.4,0.4,0.07,0.6,0.6,Match Report,2022,Leicester City
2282,2572,29,2022-01-19,19:30,Premier League,Matchweek 17,Wed,Home,L,2.0,3.0,Tottenham,2,14.0,4.0,28.6,0.14,0.5,18.2,0.0,0,0,1.2,1.2,0.08,0.8,0.8,Match Report,2022,Leicester City
2283,2573,30,2022-01-23,14:00,Premier League,Matchweek 23,Sun,Home,D,1.0,1.0,Brighton,1,15.0,5.0,33.3,0.07,0.2,19.8,1.0,0,0,1.4,1.4,0.1,-0.4,-0.4,Match Report,2022,Leicester City
2284,2575,32,2022-02-10,19:45,Premier League,Matchweek 24,Thu,Away,L,0.0,2.0,Liverpool,0,5.0,1.0,20.0,0.0,0.0,17.3,1.0,0,0,0.5,0.5,0.1,-0.5,-0.5,Match Report,2022,Leicester City
2285,2576,33,2022-02-13,16:30,Premier League,Matchweek 25,Sun,Home,D,2.0,2.0,West Ham,2,12.0,1.0,8.3,0.08,1.0,19.6,0.0,1,1,1.4,0.6,0.05,0.6,0.4,Match Report,2022,Leicester City
2286,2578,35,2022-02-20,16:30,Premier League,Matchweek 26,Sun,Away,L,1.0,2.0,Wolves,1,17.0,7.0,41.2,0.06,0.14,19.6,1.0,0,0,1.7,1.7,0.1,-0.7,-0.7,Match Report,2022,Leicester City
2287,2580,37,2022-03-01,19:45,Premier League,Matchweek 22,Tue,Away,W,2.0,0.0,Burnley,2,22.0,6.0,27.3,0.09,0.33,17.7,1.0,0,0,1.5,1.5,0.07,0.5,0.5,Match Report,2022,Leicester City
2288,2581,38,2022-03-05,12:30,Premier League,Matchweek 28,Sat,Home,W,1.0,0.0,Leeds United,1,7.0,4.0,57.1,0.14,0.25,19.1,0.0,0,0,0.4,0.4,0.06,0.6,0.6,Match Report,2022,Leicester City
2289,2583,40,2022-03-13,16:30,Premier League,Matchweek 29,Sun,Away,L,0.0,2.0,Arsenal,0,6.0,3.0,50.0,0.0,0.0,15.1,0.0,0,0,0.4,0.4,0.06,-0.4,-0.4,Match Report,2022,Leicester City
2290,2585,42,2022-03-20,14:00,Premier League,Matchweek 30,Sun,Home,W,2.0,1.0,Brentford,2,12.0,4.0,33.3,0.17,0.5,19.2,1.0,0,0,1.0,1.0,0.08,1.0,1.0,Match Report,2022,Leicester City
2291,2586,43,2022-04-02,17:30,Premier League,Matchweek 31,Sat,Away,D,1.0,1.0,Manchester Utd,1,11.0,3.0,27.3,0.09,0.33,16.7,0.0,0,0,0.8,0.8,0.07,0.2,0.2,Match Report,2022,Leicester City
2292,2588,45,2022-04-10,14:00,Premier League,Matchweek 32,Sun,Home,W,2.0,1.0,Crystal Palace,2,12.0,3.0,25.0,0.17,0.67,21.1,2.0,0,0,1.0,1.0,0.08,1.0,1.0,Match Report,2022,Leicester City
2293,2590,47,2022-04-17,14:15,Premier League,Matchweek 33,Sun,Away,L,1.0,2.0,Newcastle Utd,1,8.0,2.0,25.0,0.13,0.5,16.4,0.0,0,0,0.6,0.6,0.08,0.4,0.4,Match Report,2022,Leicester City
2294,2591,48,2022-04-20,19:45,Premier League,Matchweek 18,Wed,Away,D,1.0,1.0,Everton,1,11.0,3.0,27.3,0.09,0.33,16.5,0.0,0,0,0.9,0.9,0.08,0.1,0.1,Match Report,2022,Leicester City
2295,2592,49,2022-04-23,15:00,Premier League,Matchweek 34,Sat,Home,D,0.0,0.0,Aston Villa,0,5.0,2.0,40.0,0.0,0.0,24.2,2.0,0,0,0.3,0.3,0.06,-0.3,-0.3,Match Report,2022,Leicester City
2296,2594,51,2022-05-01,14:00,Premier League,Matchweek 35,Sun,Away,L,1.0,3.0,Tottenham,1,6.0,2.0,33.3,0.17,0.5,20.4,0.0,0,0,0.5,0.5,0.08,0.5,0.5,Match Report,2022,Leicester City
2297,2596,53,2022-05-08,14:00,Premier League,Matchweek 36,Sun,Home,L,1.0,2.0,Everton,1,16.0,8.0,50.0,0.06,0.13,19.8,0.0,0,0,1.5,1.5,0.09,-0.5,-0.5,Match Report,2022,Leicester City
2298,2597,54,2022-05-11,19:45,Premier League,Matchweek 21,Wed,Home,W,3.0,0.0,Norwich City,3,20.0,8.0,40.0,0.15,0.38,18.5,0.0,0,0,2.0,2.0,0.1,1.0,1.0,Match Report,2022,Leicester City
2299,2598,55,2022-05-15,14:00,Premier League,Matchweek 37,Sun,Away,W,5.0,1.0,Watford,5,13.0,7.0,53.8,0.38,0.71,16.4,0.0,0,0,2.5,2.5,0.19,2.5,2.5,Match Report,2022,Leicester City
2300,2599,56,2022-05-19,20:00,Premier League,Matchweek 27,Thu,Away,D,1.0,1.0,Chelsea,1,2.0,1.0,50.0,0.5,1.0,25.1,0.0,0,0,0.1,0.1,0.04,0.9,0.9,Match Report,2022,Leicester City
2301,2600,57,2022-05-22,16:00,Premier League,Matchweek 38,Sun,Home,W,4.0,1.0,Southampton,4,12.0,6.0,50.0,0.33,0.67,12.8,0.0,0,0,3.4,3.4,0.32,0.6,0.6,Match Report,2022,Leicester City
2302,2602,0,2021-08-14,15:00,Premier League,Matchweek 1,Sat,Away,W,2.0,1.0,Burnley,2,14.0,6.0,42.9,0.14,0.33,14.9,1.0,0,0,1.0,1.0,0.08,1.0,1.0,Match Report,2022,Brighton and Hove Albion
2303,2603,1,2021-08-21,17:30,Premier League,Matchweek 2,Sat,Home,W,2.0,0.0,Watford,2,13.0,3.0,23.1,0.15,0.67,16.9,0.0,0,0,1.3,1.3,0.1,0.7,0.7,Match Report,2022,Brighton and Hove Albion
2304,2605,3,2021-08-28,15:00,Premier League,Matchweek 3,Sat,Home,L,0.0,2.0,Everton,0,14.0,3.0,21.4,0.0,0.0,22.3,2.0,0,0,0.7,0.7,0.06,-0.7,-0.7,Match Report,2022,Brighton and Hove Albion
2305,2606,4,2021-09-11,15:00,Premier League,Matchweek 4,Sat,Away,W,1.0,0.0,Brentford,1,4.0,2.0,50.0,0.25,0.5,19.0,0.0,0,0,0.3,0.3,0.07,0.7,0.7,Match Report,2022,Brighton and Hove Albion
2306,2607,5,2021-09-19,14:00,Premier League,Matchweek 5,Sun,Home,W,2.0,1.0,Leicester City,2,11.0,4.0,36.4,0.09,0.25,16.9,2.0,1,1,1.7,0.9,0.08,0.3,0.1,Match Report,2022,Brighton and Hove Albion
2307,2609,7,2021-09-27,20:00,Premier League,Matchweek 6,Mon,Away,D,1.0,1.0,Crystal Palace,1,8.0,4.0,50.0,0.13,0.25,15.8,0.0,0,0,0.8,0.8,0.09,0.2,0.2,Match Report,2022,Brighton and Hove Albion
2308,2610,8,2021-10-02,17:30,Premier League,Matchweek 7,Sat,Home,D,0.0,0.0,Arsenal,0,21.0,2.0,9.5,0.0,0.0,17.7,0.0,0,0,1.1,1.1,0.05,-1.1,-1.1,Match Report,2022,Brighton and Hove Albion
2309,2611,9,2021-10-16,15:00,Premier League,Matchweek 8,Sat,Away,D,0.0,0.0,Norwich City,0,11.0,3.0,27.3,0.0,0.0,16.1,0.0,0,0,0.8,0.8,0.07,-0.8,-0.8,Match Report,2022,Brighton and Hove Albion
2310,2612,10,2021-10-23,17:30,Premier League,Matchweek 9,Sat,Home,L,1.0,4.0,Manchester City,1,9.0,4.0,44.4,0.0,0.0,18.9,0.0,1,1,1.3,0.5,0.06,-0.3,-0.5,Match Report,2022,Brighton and Hove Albion
2311,2614,12,2021-10-30,15:00,Premier League,Matchweek 10,Sat,Away,D,2.0,2.0,Liverpool,2,9.0,6.0,66.7,0.22,0.33,17.0,0.0,0,0,1.0,1.0,0.11,1.0,1.0,Match Report,2022,Brighton and Hove Albion
2312,2615,13,2021-11-06,17:30,Premier League,Matchweek 11,Sat,Home,D,1.0,1.0,Newcastle Utd,1,13.0,4.0,30.8,0.0,0.0,17.9,0.0,1,1,1.5,0.7,0.05,-0.5,-0.7,Match Report,2022,Brighton and Hove Albion
2313,2616,14,2021-11-20,15:00,Premier League,Matchweek 12,Sat,Away,L,0.0,2.0,Aston Villa,0,6.0,2.0,33.3,0.0,0.0,17.7,0.0,0,0,0.4,0.4,0.07,-0.4,-0.4,Match Report,2022,Brighton and Hove Albion
2314,2617,15,2021-11-27,17:30,Premier League,Matchweek 13,Sat,Home,D,0.0,0.0,Leeds United,0,20.0,4.0,20.0,0.0,0.0,16.6,0.0,0,0,2.1,2.1,0.11,-2.1,-2.1,Match Report,2022,Brighton and Hove Albion
2315,2618,16,2021-12-01,19:30,Premier League,Matchweek 14,Wed,Away,D,1.0,1.0,West Ham,1,9.0,3.0,33.3,0.11,0.33,16.0,1.0,0,0,1.3,1.3,0.15,-0.3,-0.3,Match Report,2022,Brighton and Hove Albion
2316,2619,17,2021-12-04,15:00,Premier League,Matchweek 15,Sat,Away,D,1.0,1.0,Southampton,1,14.0,4.0,28.6,0.07,0.25,18.7,1.0,0,0,1.6,1.6,0.12,-0.6,-0.6,Match Report,2022,Brighton and Hove Albion
2317,2620,18,2021-12-15,19:30,Premier League,Matchweek 17,Wed,Home,L,0.0,1.0,Wolves,0,12.0,2.0,16.7,0.0,0.0,17.8,2.0,0,0,1.2,1.2,0.12,-1.2,-1.2,Match Report,2022,Brighton and Hove Albion
2318,2621,19,2021-12-26,20:00,Premier League,Matchweek 19,Sun,Home,W,2.0,0.0,Brentford,2,15.0,5.0,33.3,0.13,0.4,21.7,3.0,0,0,0.8,0.8,0.05,1.2,1.2,Match Report,2022,Brighton and Hove Albion
2319,2622,20,2021-12-29,19:30,Premier League,Matchweek 20,Wed,Away,D,1.0,1.0,Chelsea,1,18.0,6.0,33.3,0.06,0.17,20.2,1.0,0,0,0.9,0.9,0.05,0.1,0.1,Match Report,2022,Brighton and Hove Albion
2320,2623,21,2022-01-02,14:00,Premier League,Matchweek 21,Sun,Away,W,3.0,2.0,Everton,3,12.0,5.0,41.7,0.25,0.6,19.1,0.0,0,0,1.7,1.7,0.14,1.3,1.3,Match Report,2022,Brighton and Hove Albion
2321,2625,23,2022-01-14,20:00,Premier League,Matchweek 22,Fri,Home,D,1.0,1.0,Crystal Palace,0,18.0,3.0,16.7,0.0,0.0,18.2,0.0,0,1,2.0,1.2,0.06,-2.0,-1.2,Match Report,2022,Brighton and Hove Albion
2322,2626,24,2022-01-18,20:00,Premier League,Matchweek 24,Tue,Home,D,1.0,1.0,Chelsea,1,10.0,2.0,20.0,0.1,0.5,16.2,0.0,0,0,0.7,0.7,0.07,0.3,0.3,Match Report,2022,Brighton and Hove Albion
2323,2627,25,2022-01-23,14:00,Premier League,Matchweek 23,Sun,Away,D,1.0,1.0,Leicester City,1,14.0,4.0,28.6,0.07,0.25,17.9,0.0,0,0,1.1,1.1,0.08,-0.1,-0.1,Match Report,2022,Brighton and Hove Albion
2324,2629,27,2022-02-12,15:00,Premier League,Matchweek 25,Sat,Away,W,2.0,0.0,Watford,2,11.0,5.0,45.5,0.18,0.4,12.3,0.0,0,0,1.6,1.6,0.17,0.4,0.4,Match Report,2022,Brighton and Hove Albion
2325,2630,28,2022-02-15,20:15,Premier League,Matchweek 18,Tue,Away,L,0.0,2.0,Manchester Utd,0,10.0,3.0,30.0,0.0,0.0,18.9,0.0,0,0,0.7,0.7,0.07,-0.7,-0.7,Match Report,2022,Brighton and Hove Albion
2326,2631,29,2022-02-19,15:00,Premier League,Matchweek 26,Sat,Home,L,0.0,3.0,Burnley,0,11.0,1.0,9.1,0.0,0.0,19.5,0.0,0,0,0.6,0.6,0.05,-0.6,-0.6,Match Report,2022,Brighton and Hove Albion
2327,2632,30,2022-02-26,15:00,Premier League,Matchweek 27,Sat,Home,L,0.0,2.0,Aston Villa,0,12.0,1.0,8.3,0.0,0.0,19.4,0.0,0,0,0.7,0.7,0.06,-0.7,-0.7,Match Report,2022,Brighton and Hove Albion
2328,2633,31,2022-03-05,15:00,Premier League,Matchweek 28,Sat,Away,L,1.0,2.0,Newcastle Utd,1,15.0,4.0,26.7,0.07,0.25,14.2,0.0,0,0,1.5,1.5,0.1,-0.5,-0.5,Match Report,2022,Brighton and Hove Albion
2329,2634,32,2022-03-12,12:30,Premier League,Matchweek 29,Sat,Home,L,0.0,2.0,Liverpool,0,8.0,3.0,37.5,0.0,0.0,18.4,0.0,0,0,0.5,0.5,0.06,-0.5,-0.5,Match Report,2022,Brighton and Hove Albion
2330,2635,33,2022-03-16,19:30,Premier League,Matchweek 16,Wed,Home,L,0.0,2.0,Tottenham,0,15.0,0.0,0.0,0.0,,18.3,0.0,0,0,0.7,0.7,0.05,-0.7,-0.7,Match Report,2022,Brighton and Hove Albion
2331,2636,34,2022-04-02,15:00,Premier League,Matchweek 31,Sat,Home,D,0.0,0.0,Norwich City,0,30.0,4.0,13.3,0.0,0.0,18.7,1.0,0,1,2.8,2.0,0.07,-2.8,-2.0,Match Report,2022,Brighton and Hove Albion
2332,2637,35,2022-04-09,15:00,Premier League,Matchweek 32,Sat,Away,W,2.0,1.0,Arsenal,2,8.0,3.0,37.5,0.25,0.67,23.1,0.0,0,0,0.6,0.6,0.07,1.4,1.4,Match Report,2022,Brighton and Hove Albion
2333,2638,36,2022-04-16,12:30,Premier League,Matchweek 33,Sat,Away,W,1.0,0.0,Tottenham,1,12.0,4.0,33.3,0.08,0.25,17.0,0.0,0,0,0.6,0.6,0.05,0.4,0.4,Match Report,2022,Brighton and Hove Albion
2334,2639,37,2022-04-20,20:00,Premier League,Matchweek 30,Wed,Away,L,0.0,3.0,Manchester City,0,2.0,1.0,50.0,0.0,0.0,19.0,1.0,0,0,0.2,0.2,0.08,-0.2,-0.2,Match Report,2022,Brighton and Hove Albion
2335,2640,38,2022-04-24,14:00,Premier League,Matchweek 34,Sun,Home,D,2.0,2.0,Southampton,1,8.0,5.0,62.5,0.13,0.2,11.4,0.0,0,0,1.7,1.7,0.23,-0.7,-0.7,Match Report,2022,Brighton and Hove Albion
2336,2641,39,2022-04-30,15:00,Premier League,Matchweek 35,Sat,Away,W,3.0,0.0,Wolves,3,15.0,8.0,53.3,0.13,0.25,21.4,0.0,1,2,2.6,1.1,0.07,0.4,0.9,Match Report,2022,Brighton and Hove Albion
2337,2642,40,2022-05-07,17:30,Premier League,Matchweek 36,Sat,Home,W,4.0,0.0,Manchester Utd,4,17.0,5.0,29.4,0.24,0.8,15.9,0.0,0,0,2.3,2.3,0.15,1.7,1.7,Match Report,2022,Brighton and Hove Albion
2338,2643,41,2022-05-15,14:00,Premier League,Matchweek 37,Sun,Away,D,1.0,1.0,Leeds United,1,15.0,6.0,40.0,0.07,0.17,14.3,0.0,0,0,2.2,2.2,0.15,-1.2,-1.2,Match Report,2022,Brighton and Hove Albion
2339,2644,42,2022-05-22,16:00,Premier League,Matchweek 38,Sun,Home,W,3.0,1.0,West Ham,3,18.0,7.0,38.9,0.17,0.43,16.4,0.0,0,0,1.6,1.6,0.09,1.4,1.4,Match Report,2022,Brighton and Hove Albion
2340,2646,0,2021-08-14,15:00,Premier League,Matchweek 1,Sat,Away,L,0.0,1.0,Leicester City,0,17.0,3.0,17.6,0.0,0.0,17.9,0.0,0,0,1.3,1.3,0.08,-1.3,-1.3,Match Report,2022,Wolverhampton Wanderers
2341,2647,1,2021-08-22,14:00,Premier League,Matchweek 2,Sun,Home,L,0.0,1.0,Tottenham,0,25.0,6.0,24.0,0.0,0.0,20.3,0.0,0,0,1.7,1.7,0.07,-1.7,-1.7,Match Report,2022,Wolverhampton Wanderers
2342,2649,3,2021-08-29,16:30,Premier League,Matchweek 3,Sun,Home,L,0.0,1.0,Manchester Utd,0,15.0,5.0,33.3,0.0,0.0,15.9,0.0,0,0,2.1,2.1,0.15,-2.1,-2.1,Match Report,2022,Wolverhampton Wanderers
2343,2650,4,2021-09-11,15:00,Premier League,Matchweek 4,Sat,Away,W,2.0,0.0,Watford,1,14.0,5.0,35.7,0.07,0.2,16.4,1.0,0,0,2.2,2.2,0.17,-1.2,-1.2,Match Report,2022,Wolverhampton Wanderers
2344,2651,5,2021-09-18,12:30,Premier League,Matchweek 5,Sat,Home,L,0.0,2.0,Brentford,0,11.0,0.0,0.0,0.0,,22.8,1.0,0,0,0.6,0.6,0.06,-0.6,-0.6,Match Report,2022,Wolverhampton Wanderers
2345,2653,7,2021-09-26,14:00,Premier League,Matchweek 6,Sun,Away,W,1.0,0.0,Southampton,1,5.0,3.0,60.0,0.2,0.33,13.5,0.0,0,0,1.0,1.0,0.2,0.0,0.0,Match Report,2022,Wolverhampton Wanderers
2346,2654,8,2021-10-02,15:00,Premier League,Matchweek 7,Sat,Home,W,2.0,1.0,Newcastle Utd,2,7.0,3.0,42.9,0.29,0.67,19.7,0.0,0,0,1.0,1.0,0.15,1.0,1.0,Match Report,2022,Wolverhampton Wanderers
2347,2655,9,2021-10-16,15:00,Premier League,Matchweek 8,Sat,Away,W,3.0,2.0,Aston Villa,3,9.0,4.0,44.4,0.33,0.75,14.4,1.0,0,0,2.0,2.0,0.24,1.0,1.0,Match Report,2022,Wolverhampton Wanderers
2348,2656,10,2021-10-23,15:00,Premier League,Matchweek 9,Sat,Away,D,1.0,1.0,Leeds United,1,8.0,4.0,50.0,0.13,0.25,16.5,1.0,0,0,0.9,0.9,0.11,0.1,0.1,Match Report,2022,Wolverhampton Wanderers
2349,2657,11,2021-11-01,20:00,Premier League,Matchweek 10,Mon,Home,W,2.0,1.0,Everton,2,10.0,4.0,40.0,0.2,0.5,15.6,1.0,0,0,1.7,1.7,0.17,0.3,0.3,Match Report,2022,Wolverhampton Wanderers
2350,2658,12,2021-11-06,15:00,Premier League,Matchweek 11,Sat,Away,L,0.0,2.0,Crystal Palace,0,4.0,2.0,50.0,0.0,0.0,18.8,1.0,0,0,0.3,0.3,0.08,-0.3,-0.3,Match Report,2022,Wolverhampton Wanderers
2351,2659,13,2021-11-20,15:00,Premier League,Matchweek 12,Sat,Home,W,1.0,0.0,West Ham,1,15.0,5.0,33.3,0.07,0.2,19.1,0.0,0,0,1.4,1.4,0.09,-0.4,-0.4,Match Report,2022,Wolverhampton Wanderers
2352,2660,14,2021-11-27,15:00,Premier League,Matchweek 13,Sat,Away,D,0.0,0.0,Norwich City,0,5.0,2.0,40.0,0.0,0.0,17.0,0.0,0,0,0.3,0.3,0.05,-0.3,-0.3,Match Report,2022,Wolverhampton Wanderers
2353,2661,15,2021-12-01,19:30,Premier League,Matchweek 14,Wed,Home,D,0.0,0.0,Burnley,0,16.0,2.0,12.5,0.0,0.0,20.1,0.0,0,0,0.7,0.7,0.04,-0.7,-0.7,Match Report,2022,Wolverhampton Wanderers
2354,2662,16,2021-12-04,15:00,Premier League,Matchweek 15,Sat,Home,L,0.0,1.0,Liverpool,0,3.0,1.0,33.3,0.0,0.0,23.7,0.0,0,0,0.1,0.1,0.03,-0.1,-0.1,Match Report,2022,Wolverhampton Wanderers
2355,2663,17,2021-12-11,12:30,Premier League,Matchweek 16,Sat,Away,L,0.0,1.0,Manchester City,0,2.0,1.0,50.0,0.0,0.0,10.2,0.0,0,0,0.2,0.2,0.09,-0.2,-0.2,Match Report,2022,Wolverhampton Wanderers
2356,2664,18,2021-12-15,19:30,Premier League,Matchweek 17,Wed,Away,W,1.0,0.0,Brighton,1,8.0,5.0,62.5,0.13,0.2,18.0,1.0,0,0,1.0,1.0,0.13,0.0,0.0,Match Report,2022,Wolverhampton Wanderers
2357,2665,19,2021-12-19,14:00,Premier League,Matchweek 18,Sun,Home,D,0.0,0.0,Chelsea,0,4.0,1.0,25.0,0.0,0.0,27.4,0.0,0,0,0.2,0.2,0.06,-0.2,-0.2,Match Report,2022,Wolverhampton Wanderers
2358,2666,20,2022-01-03,17:30,Premier League,Matchweek 21,Mon,Away,W,1.0,0.0,Manchester Utd,1,19.0,6.0,31.6,0.05,0.17,20.4,1.0,0,0,0.7,0.7,0.04,0.3,0.3,Match Report,2022,Wolverhampton Wanderers
2359,2668,22,2022-01-15,15:00,Premier League,Matchweek 22,Sat,Home,W,3.0,1.0,Southampton,3,8.0,4.0,50.0,0.25,0.5,15.4,0.0,1,1,2.5,1.8,0.24,0.5,0.2,Match Report,2022,Wolverhampton Wanderers
2360,2669,23,2022-01-22,15:00,Premier League,Matchweek 23,Sat,Away,W,2.0,1.0,Brentford,2,7.0,2.0,28.6,0.29,1.0,21.7,0.0,0,0,0.2,0.2,0.03,1.8,1.8,Match Report,2022,Wolverhampton Wanderers
2361,2671,25,2022-02-10,19:45,Premier League,Matchweek 24,Thu,Home,L,0.0,1.0,Arsenal,0,15.0,4.0,26.7,0.0,0.0,19.1,2.0,0,0,0.8,0.8,0.05,-0.8,-0.8,Match Report,2022,Wolverhampton Wanderers
2362,2672,26,2022-02-13,14:00,Premier League,Matchweek 25,Sun,Away,W,2.0,0.0,Tottenham,2,11.0,7.0,63.6,0.18,0.29,15.9,0.0,0,0,1.3,1.3,0.12,0.7,0.7,Match Report,2022,Wolverhampton Wanderers
2363,2673,27,2022-02-20,16:30,Premier League,Matchweek 26,Sun,Home,W,2.0,1.0,Leicester City,2,11.0,3.0,27.3,0.18,0.67,19.4,1.0,0,0,0.5,0.5,0.05,1.5,1.5,Match Report,2022,Wolverhampton Wanderers
2364,2674,28,2022-02-24,19:45,Premier League,Matchweek 20,Thu,Away,L,1.0,2.0,Arsenal,1,6.0,2.0,33.3,0.17,0.5,14.8,0.0,0,0,1.0,1.0,0.17,0.0,0.0,Match Report,2022,Wolverhampton Wanderers
2365,2675,29,2022-02-27,14:00,Premier League,Matchweek 27,Sun,Away,L,0.0,1.0,West Ham,0,14.0,1.0,7.1,0.0,0.0,21.1,0.0,0,0,0.7,0.7,0.05,-0.7,-0.7,Match Report,2022,Wolverhampton Wanderers
2366,2676,30,2022-03-05,15:00,Premier League,Matchweek 28,Sat,Home,L,0.0,2.0,Crystal Palace,0,12.0,5.0,41.7,0.0,0.0,19.8,0.0,0,0,0.7,0.7,0.06,-0.7,-0.7,Match Report,2022,Wolverhampton Wanderers
2367,2677,31,2022-03-10,19:30,Premier League,Matchweek 19,Thu,Home,W,4.0,0.0,Watford,3,10.0,5.0,50.0,0.3,0.6,18.9,0.0,0,0,0.7,0.7,0.07,2.3,2.3,Match Report,2022,Wolverhampton Wanderers
2368,2678,32,2022-03-13,14:00,Premier League,Matchweek 29,Sun,Away,W,1.0,0.0,Everton,1,14.0,3.0,21.4,0.07,0.33,21.7,0.0,0,0,0.8,0.8,0.06,0.2,0.2,Match Report,2022,Wolverhampton Wanderers
2369,2679,33,2022-03-18,20:00,Premier League,Matchweek 30,Fri,Home,L,2.0,3.0,Leeds United,2,14.0,8.0,57.1,0.14,0.25,20.9,0.0,0,0,1.2,1.2,0.08,0.8,0.8,Match Report,2022,Wolverhampton Wanderers
2370,2680,34,2022-04-02,15:00,Premier League,Matchweek 31,Sat,Home,W,2.0,1.0,Aston Villa,1,11.0,4.0,36.4,0.09,0.25,15.0,0.0,0,0,1.3,1.3,0.13,-0.3,-0.3,Match Report,2022,Wolverhampton Wanderers
2371,2681,35,2022-04-08,20:00,Premier League,Matchweek 32,Fri,Away,L,0.0,1.0,Newcastle Utd,0,5.0,2.0,40.0,0.0,0.0,18.2,0.0,0,0,0.4,0.4,0.08,-0.4,-0.4,Match Report,2022,Wolverhampton Wanderers
2372,2682,36,2022-04-24,14:00,Premier League,Matchweek 34,Sun,Away,L,0.0,1.0,Burnley,0,10.0,4.0,40.0,0.0,0.0,19.0,0.0,0,0,0.6,0.6,0.06,-0.6,-0.6,Match Report,2022,Wolverhampton Wanderers
2373,2683,37,2022-04-30,15:00,Premier League,Matchweek 35,Sat,Home,L,0.0,3.0,Brighton,0,11.0,1.0,9.1,0.0,0.0,18.7,1.0,0,0,0.7,0.7,0.06,-0.7,-0.7,Match Report,2022,Wolverhampton Wanderers
2374,2684,38,2022-05-07,15:00,Premier League,Matchweek 36,Sat,Away,D,2.0,2.0,Chelsea,2,14.0,4.0,28.6,0.14,0.5,15.6,0.0,0,0,2.0,2.0,0.15,0.0,0.0,Match Report,2022,Wolverhampton Wanderers
2375,2685,39,2022-05-11,20:15,Premier League,Matchweek 33,Wed,Home,L,1.0,5.0,Manchester City,1,7.0,3.0,42.9,0.14,0.33,16.9,0.0,0,0,0.5,0.5,0.08,0.5,0.5,Match Report,2022,Wolverhampton Wanderers
2376,2686,40,2022-05-15,14:00,Premier League,Matchweek 37,Sun,Home,D,1.0,1.0,Norwich City,1,17.0,4.0,23.5,0.06,0.25,20.8,1.0,0,0,0.9,0.9,0.05,0.1,0.1,Match Report,2022,Wolverhampton Wanderers
2377,2687,41,2022-05-22,16:00,Premier League,Matchweek 38,Sun,Away,L,1.0,3.0,Liverpool,1,7.0,5.0,71.4,0.14,0.2,14.7,0.0,0,0,1.3,1.3,0.18,-0.3,-0.3,Match Report,2022,Wolverhampton Wanderers
2378,2689,0,2021-08-15,14:00,Premier League,Matchweek 1,Sun,Home,L,2.0,4.0,West Ham,2,17.0,3.0,17.6,0.12,0.67,16.3,0.0,0,0,1.8,1.8,0.11,0.2,0.2,Match Report,2022,Newcastle United
2379,2690,1,2021-08-21,15:00,Premier League,Matchweek 2,Sat,Away,L,0.0,2.0,Aston Villa,0,9.0,1.0,11.1,0.0,0.0,16.1,0.0,0,0,0.7,0.7,0.08,-0.7,-0.7,Match Report,2022,Newcastle United
2380,2692,3,2021-08-28,15:00,Premier League,Matchweek 3,Sat,Home,D,2.0,2.0,Southampton,2,10.0,4.0,40.0,0.2,0.5,16.5,1.0,0,0,1.0,1.0,0.1,1.0,1.0,Match Report,2022,Newcastle United
2381,2693,4,2021-09-11,15:00,Premier League,Matchweek 4,Sat,Away,L,1.0,4.0,Manchester Utd,1,12.0,3.0,25.0,0.08,0.33,22.5,0.0,0,0,0.4,0.4,0.04,0.6,0.6,Match Report,2022,Newcastle United
2382,2694,5,2021-09-17,20:00,Premier League,Matchweek 5,Fri,Home,D,1.0,1.0,Leeds United,1,17.0,7.0,41.2,0.06,0.14,19.2,0.0,0,0,1.3,1.3,0.08,-0.3,-0.3,Match Report,2022,Newcastle United
2383,2695,6,2021-09-25,15:00,Premier League,Matchweek 6,Sat,Away,D,1.0,1.0,Watford,1,20.0,6.0,30.0,0.05,0.17,17.9,1.0,0,0,1.9,1.9,0.1,-0.9,-0.9,Match Report,2022,Newcastle United
2384,2696,7,2021-10-02,15:00,Premier League,Matchweek 7,Sat,Away,L,1.0,2.0,Wolves,1,8.0,2.0,25.0,0.13,0.5,16.5,1.0,0,0,0.6,0.6,0.08,0.4,0.4,Match Report,2022,Newcastle United
2385,2697,8,2021-10-17,16:30,Premier League,Matchweek 8,Sun,Home,L,2.0,3.0,Tottenham,1,7.0,1.0,14.3,0.14,1.0,17.4,0.0,0,0,0.4,0.4,0.06,0.6,0.6,Match Report,2022,Newcastle United
2386,2698,9,2021-10-23,15:00,Premier League,Matchweek 9,Sat,Away,D,1.0,1.0,Crystal Palace,1,6.0,1.0,16.7,0.17,1.0,14.2,0.0,0,0,0.3,0.3,0.06,0.7,0.7,Match Report,2022,Newcastle United
2387,2699,10,2021-10-30,15:00,Premier League,Matchweek 10,Sat,Home,L,0.0,3.0,Chelsea,0,6.0,1.0,16.7,0.0,0.0,19.7,0.0,0,0,0.2,0.2,0.04,-0.2,-0.2,Match Report,2022,Newcastle United
2388,2700,11,2021-11-06,17:30,Premier League,Matchweek 11,Sat,Away,D,1.0,1.0,Brighton,1,6.0,1.0,16.7,0.17,1.0,18.1,0.0,0,0,0.3,0.3,0.05,0.7,0.7,Match Report,2022,Newcastle United
2389,2701,12,2021-11-20,15:00,Premier League,Matchweek 12,Sat,Home,D,3.0,3.0,Brentford,3,23.0,8.0,34.8,0.13,0.38,16.1,0.0,0,0,1.5,1.5,0.07,1.5,1.5,Match Report,2022,Newcastle United
2390,2702,13,2021-11-27,12:30,Premier League,Matchweek 13,Sat,Away,L,0.0,2.0,Arsenal,0,9.0,5.0,55.6,0.0,0.0,24.5,0.0,0,0,0.3,0.3,0.03,-0.3,-0.3,Match Report,2022,Newcastle United
2391,2703,14,2021-11-30,19:30,Premier League,Matchweek 14,Tue,Home,D,1.0,1.0,Norwich City,1,8.0,0.0,0.0,0.0,,22.6,0.0,1,1,1.1,0.4,0.05,-0.1,-0.4,Match Report,2022,Newcastle United
2392,2704,15,2021-12-04,15:00,Premier League,Matchweek 15,Sat,Home,W,1.0,0.0,Burnley,1,19.0,4.0,21.1,0.05,0.25,17.9,0.0,0,0,1.0,1.0,0.06,0.0,0.0,Match Report,2022,Newcastle United
2393,2705,16,2021-12-12,14:00,Premier League,Matchweek 16,Sun,Away,L,0.0,4.0,Leicester City,0,12.0,3.0,25.0,0.0,0.0,18.1,0.0,0,0,1.0,1.0,0.08,-1.0,-1.0,Match Report,2022,Newcastle United
2394,2706,17,2021-12-16,20:00,Premier League,Matchweek 17,Thu,Away,L,1.0,3.0,Liverpool,1,5.0,3.0,60.0,0.2,0.33,31.4,2.0,0,0,0.3,0.3,0.05,0.7,0.7,Match Report,2022,Newcastle United
2395,2707,18,2021-12-19,14:15,Premier League,Matchweek 18,Sun,Home,L,0.0,4.0,Manchester City,0,5.0,1.0,20.0,0.0,0.0,19.9,0.0,0,0,0.3,0.3,0.06,-0.3,-0.3,Match Report,2022,Newcastle United
2396,2708,19,2021-12-27,20:00,Premier League,Matchweek 19,Mon,Home,D,1.0,1.0,Manchester Utd,1,13.0,8.0,61.5,0.08,0.13,22.6,0.0,0,0,1.3,1.3,0.1,-0.3,-0.3,Match Report,2022,Newcastle United
2397,2710,21,2022-01-15,15:00,Premier League,Matchweek 22,Sat,Home,D,1.0,1.0,Watford,1,12.0,1.0,8.3,0.08,1.0,14.6,0.0,0,0,1.2,1.2,0.1,-0.2,-0.2,Match Report,2022,Newcastle United
2398,2711,22,2022-01-22,15:00,Premier League,Matchweek 23,Sat,Away,W,1.0,0.0,Leeds United,1,15.0,3.0,20.0,0.07,0.33,19.7,1.0,0,0,0.9,0.9,0.06,0.1,0.1,Match Report,2022,Newcastle United
2399,2712,23,2022-02-08,19:45,Premier League,Matchweek 24,Tue,Home,W,3.0,1.0,Everton,2,20.0,9.0,45.0,0.1,0.22,14.0,1.0,0,0,1.9,1.9,0.1,0.1,0.1,Match Report,2022,Newcastle United
2400,2713,24,2022-02-13,14:00,Premier League,Matchweek 25,Sun,Home,W,1.0,0.0,Aston Villa,1,10.0,2.0,20.0,0.1,0.5,21.5,1.0,0,0,0.5,0.5,0.05,0.5,0.5,Match Report,2022,Newcastle United
2401,2714,25,2022-02-19,12:30,Premier League,Matchweek 26,Sat,Away,D,1.0,1.0,West Ham,1,14.0,3.0,21.4,0.07,0.33,16.0,0.0,0,0,0.8,0.8,0.06,0.2,0.2,Match Report,2022,Newcastle United
2402,2715,26,2022-02-26,15:00,Premier League,Matchweek 27,Sat,Away,W,2.0,0.0,Brentford,2,26.0,11.0,42.3,0.08,0.18,15.7,2.0,0,0,2.7,2.7,0.11,-0.7,-0.7,Match Report,2022,Newcastle United
2403,2716,27,2022-03-05,15:00,Premier League,Matchweek 28,Sat,Home,W,2.0,1.0,Brighton,2,10.0,4.0,40.0,0.2,0.5,12.2,0.0,0,0,1.7,1.7,0.21,0.3,0.3,Match Report,2022,Newcastle United
2404,2717,28,2022-03-10,19:30,Premier League,Matchweek 21,Thu,Away,W,2.0,1.0,Southampton,2,8.0,3.0,37.5,0.25,0.67,16.4,0.0,0,0,0.6,0.6,0.08,1.4,1.4,Match Report,2022,Newcastle United
2405,2718,29,2022-03-13,14:00,Premier League,Matchweek 29,Sun,Away,L,0.0,1.0,Chelsea,0,7.0,2.0,28.6,0.0,0.0,18.2,0.0,0,0,0.3,0.3,0.04,-0.3,-0.3,Match Report,2022,Newcastle United
2406,2719,30,2022-03-17,19:45,Premier League,Matchweek 20,Thu,Away,L,0.0,1.0,Everton,0,17.0,6.0,35.3,0.0,0.0,20.7,1.0,0,0,0.9,0.9,0.05,-0.9,-0.9,Match Report,2022,Newcastle United
2407,2720,31,2022-04-03,16:30,Premier League,Matchweek 31,Sun,Away,L,1.0,5.0,Tottenham,1,8.0,1.0,12.5,0.13,1.0,18.0,1.0,0,0,0.5,0.5,0.07,0.5,0.5,Match Report,2022,Newcastle United
2408,2721,32,2022-04-08,20:00,Premier League,Matchweek 32,Fri,Home,W,1.0,0.0,Wolves,1,11.0,3.0,27.3,0.0,0.0,19.7,1.0,1,1,1.5,0.7,0.07,-0.5,-0.7,Match Report,2022,Newcastle United
2409,2722,33,2022-04-17,14:15,Premier League,Matchweek 33,Sun,Home,W,2.0,1.0,Leicester City,2,16.0,7.0,43.8,0.13,0.29,15.4,1.0,0,0,1.8,1.8,0.14,0.2,0.2,Match Report,2022,Newcastle United
2410,2723,34,2022-04-20,19:45,Premier League,Matchweek 30,Wed,Home,W,1.0,0.0,Crystal Palace,1,13.0,4.0,30.8,0.08,0.25,18.1,0.0,0,0,0.9,0.9,0.07,0.1,0.1,Match Report,2022,Newcastle United
2411,2724,35,2022-04-23,15:00,Premier League,Matchweek 34,Sat,Away,W,3.0,0.0,Norwich City,3,13.0,7.0,53.8,0.23,0.43,15.6,0.0,0,0,1.9,1.9,0.15,1.1,1.1,Match Report,2022,Newcastle United
2412,2725,36,2022-04-30,12:30,Premier League,Matchweek 35,Sat,Home,L,0.0,1.0,Liverpool,0,4.0,2.0,50.0,0.0,0.0,28.3,1.0,0,0,0.2,0.2,0.05,-0.2,-0.2,Match Report,2022,Newcastle United
2413,2726,37,2022-05-08,16:30,Premier League,Matchweek 36,Sun,Away,L,0.0,5.0,Manchester City,0,7.0,3.0,42.9,0.0,0.0,16.5,0.0,0,0,0.8,0.8,0.12,-0.8,-0.8,Match Report,2022,Newcastle United
2414,2727,38,2022-05-16,20:00,Premier League,Matchweek 37,Mon,Home,W,2.0,0.0,Arsenal,1,16.0,4.0,25.0,0.06,0.25,19.1,0.0,0,0,1.6,1.6,0.11,-0.6,-0.6,Match Report,2022,Newcastle United
2415,2728,39,2022-05-22,16:00,Premier League,Matchweek 38,Sun,Away,W,2.0,1.0,Burnley,2,7.0,5.0,71.4,0.14,0.2,23.0,0.0,1,1,1.8,1.0,0.15,0.2,0.0,Match Report,2022,Newcastle United
2416,2730,0,2021-08-14,15:00,Premier League,Matchweek 1,Sat,Away,L,0.0,3.0,Chelsea,0,4.0,1.0,25.0,0.0,0.0,10.8,0.0,0,0,0.2,0.2,0.05,-0.2,-0.2,Match Report,2022,Crystal Palace
2417,2731,1,2021-08-21,15:00,Premier League,Matchweek 2,Sat,Home,D,0.0,0.0,Brentford,0,7.0,2.0,28.6,0.0,0.0,15.9,0.0,0,0,0.5,0.5,0.07,-0.5,-0.5,Match Report,2022,Crystal Palace
2418,2733,3,2021-08-28,15:00,Premier League,Matchweek 3,Sat,Away,D,2.0,2.0,West Ham,2,9.0,2.0,22.2,0.22,1.0,15.2,0.0,0,0,1.1,1.1,0.13,0.9,0.9,Match Report,2022,Crystal Palace
2419,2734,4,2021-09-11,12:30,Premier League,Matchweek 4,Sat,Home,W,3.0,0.0,Tottenham,3,17.0,3.0,17.6,0.12,0.67,17.5,1.0,1,1,2.1,1.3,0.08,0.9,0.7,Match Report,2022,Crystal Palace
2420,2735,5,2021-09-18,15:00,Premier League,Matchweek 5,Sat,Away,L,0.0,3.0,Liverpool,0,13.0,2.0,15.4,0.0,0.0,19.0,1.0,0,0,0.6,0.6,0.05,-0.6,-0.6,Match Report,2022,Crystal Palace
2421,2736,6,2021-09-27,20:00,Premier League,Matchweek 6,Mon,Home,D,1.0,1.0,Brighton,1,7.0,2.0,28.6,0.0,0.0,24.1,1.0,1,1,1.4,0.6,0.09,-0.4,-0.6,Match Report,2022,Crystal Palace
2422,2737,7,2021-10-03,14:00,Premier League,Matchweek 7,Sun,Home,D,2.0,2.0,Leicester City,2,18.0,4.0,22.2,0.11,0.5,15.3,0.0,0,0,1.5,1.5,0.09,0.5,0.5,Match Report,2022,Crystal Palace
2423,2738,8,2021-10-18,20:00,Premier League,Matchweek 8,Mon,Away,D,2.0,2.0,Arsenal,2,9.0,6.0,66.7,0.22,0.33,21.4,0.0,0,0,0.7,0.7,0.08,1.3,1.3,Match Report,2022,Crystal Palace
2424,2739,9,2021-10-23,15:00,Premier League,Matchweek 9,Sat,Home,D,1.0,1.0,Newcastle Utd,1,15.0,3.0,20.0,0.07,0.33,15.6,0.0,0,0,1.9,1.9,0.12,-0.9,-0.9,Match Report,2022,Crystal Palace
2425,2740,10,2021-10-30,15:00,Premier League,Matchweek 10,Sat,Away,W,2.0,0.0,Manchester City,2,8.0,3.0,37.5,0.25,0.67,15.3,0.0,0,0,0.7,0.7,0.08,1.3,1.3,Match Report,2022,Crystal Palace
2426,2741,11,2021-11-06,15:00,Premier League,Matchweek 11,Sat,Home,W,2.0,0.0,Wolves,2,13.0,6.0,46.2,0.15,0.33,13.2,0.0,0,0,1.9,1.9,0.15,0.1,0.1,Match Report,2022,Crystal Palace
2427,2742,12,2021-11-20,15:00,Premier League,Matchweek 12,Sat,Away,D,3.0,3.0,Burnley,3,18.0,8.0,44.4,0.17,0.38,16.4,1.0,0,0,1.9,1.9,0.11,1.1,1.1,Match Report,2022,Crystal Palace
2428,2743,13,2021-11-27,15:00,Premier League,Matchweek 13,Sat,Home,L,1.0,2.0,Aston Villa,1,8.0,3.0,37.5,0.13,0.33,13.9,0.0,0,0,1.0,1.0,0.12,0.0,0.0,Match Report,2022,Crystal Palace
2429,2744,14,2021-11-30,20:15,Premier League,Matchweek 14,Tue,Away,L,0.0,1.0,Leeds United,0,9.0,1.0,11.1,0.0,0.0,18.1,1.0,0,0,1.1,1.1,0.13,-1.1,-1.1,Match Report,2022,Crystal Palace
2430,2745,15,2021-12-05,14:00,Premier League,Matchweek 15,Sun,Away,L,0.0,1.0,Manchester Utd,0,8.0,2.0,25.0,0.0,0.0,19.2,0.0,0,0,0.5,0.5,0.07,-0.5,-0.5,Match Report,2022,Crystal Palace
2431,2746,16,2021-12-12,16:30,Premier League,Matchweek 16,Sun,Home,W,3.0,1.0,Everton,3,17.0,6.0,35.3,0.18,0.5,16.8,1.0,0,0,1.8,1.8,0.11,1.2,1.2,Match Report,2022,Crystal Palace
2432,2747,17,2021-12-15,19:30,Premier League,Matchweek 17,Wed,Home,D,2.0,2.0,Southampton,2,9.0,6.0,66.7,0.22,0.33,10.9,0.0,0,0,1.2,1.2,0.14,0.8,0.8,Match Report,2022,Crystal Palace
2433,2748,18,2021-12-26,15:00,Premier League,Matchweek 19,Sun,Away,L,0.0,3.0,Tottenham,0,4.0,0.0,0.0,0.0,,17.7,0.0,0,0,0.2,0.2,0.06,-0.2,-0.2,Match Report,2022,Crystal Palace
2434,2749,19,2021-12-28,15:00,Premier League,Matchweek 20,Tue,Home,W,3.0,0.0,Norwich City,3,18.0,5.0,27.8,0.11,0.4,13.3,0.0,1,1,1.9,1.2,0.07,1.1,0.8,Match Report,2022,Crystal Palace
2435,2750,20,2022-01-01,17:30,Premier League,Matchweek 21,Sat,Home,L,2.0,3.0,West Ham,2,22.0,6.0,27.3,0.09,0.33,15.8,2.0,0,0,2.4,2.4,0.11,-0.4,-0.4,Match Report,2022,Crystal Palace
2436,2752,22,2022-01-14,20:00,Premier League,Matchweek 22,Fri,Away,D,1.0,1.0,Brighton,1,3.0,1.0,33.3,0.33,1.0,22.2,0.0,0,0,0.2,0.2,0.06,0.8,0.8,Match Report,2022,Crystal Palace
2437,2753,23,2022-01-23,14:00,Premier League,Matchweek 23,Sun,Home,L,1.0,3.0,Liverpool,1,8.0,5.0,62.5,0.13,0.2,12.2,0.0,0,0,2.2,2.2,0.27,-1.2,-1.2,Match Report,2022,Crystal Palace
2438,2755,25,2022-02-09,19:45,Premier League,Matchweek 24,Wed,Away,D,1.0,1.0,Norwich City,1,12.0,5.0,41.7,0.08,0.2,22.3,1.0,0,1,1.3,0.5,0.04,-0.3,0.5,Match Report,2022,Crystal Palace
2439,2756,26,2022-02-12,15:00,Premier League,Matchweek 25,Sat,Away,D,0.0,0.0,Brentford,0,6.0,3.0,50.0,0.0,0.0,21.6,0.0,0,0,0.3,0.3,0.04,-0.3,-0.3,Match Report,2022,Crystal Palace
2440,2757,27,2022-02-19,15:00,Premier League,Matchweek 26,Sat,Home,L,0.0,1.0,Chelsea,0,7.0,0.0,0.0,0.0,,14.6,0.0,0,0,0.5,0.5,0.07,-0.5,-0.5,Match Report,2022,Crystal Palace
2441,2758,28,2022-02-23,19:30,Premier League,Matchweek 18,Wed,Away,W,4.0,1.0,Watford,4,7.0,5.0,71.4,0.57,0.8,15.1,0.0,0,0,1.1,1.1,0.16,2.9,2.9,Match Report,2022,Crystal Palace
2442,2759,29,2022-02-26,15:00,Premier League,Matchweek 27,Sat,Home,D,1.0,1.0,Burnley,1,11.0,4.0,36.4,0.09,0.25,18.7,2.0,0,0,1.0,1.0,0.09,0.0,0.0,Match Report,2022,Crystal Palace
2443,2761,31,2022-03-05,15:00,Premier League,Matchweek 28,Sat,Away,W,2.0,0.0,Wolves,2,11.0,7.0,63.6,0.09,0.14,15.1,0.0,1,1,2.7,2.0,0.2,-0.7,-1.0,Match Report,2022,Crystal Palace
2444,2762,32,2022-03-14,20:00,Premier League,Matchweek 29,Mon,Home,D,0.0,0.0,Manchester City,0,7.0,1.0,14.3,0.0,0.0,14.7,0.0,0,0,0.6,0.6,0.09,-0.6,-0.6,Match Report,2022,Crystal Palace
2445,2764,34,2022-04-04,20:00,Premier League,Matchweek 31,Mon,Home,W,3.0,0.0,Arsenal,3,5.0,4.0,80.0,0.4,0.5,21.0,1.0,1,1,1.5,0.7,0.14,1.5,1.3,Match Report,2022,Crystal Palace
2446,2765,35,2022-04-10,14:00,Premier League,Matchweek 32,Sun,Away,L,1.0,2.0,Leicester City,1,10.0,2.0,20.0,0.1,0.5,14.0,0.0,0,1,1.4,0.6,0.06,-0.4,0.4,Match Report,2022,Crystal Palace
2447,2767,37,2022-04-20,19:45,Premier League,Matchweek 30,Wed,Away,L,0.0,1.0,Newcastle Utd,0,10.0,2.0,20.0,0.0,0.0,15.4,0.0,0,0,0.5,0.5,0.05,-0.5,-0.5,Match Report,2022,Crystal Palace
2448,2768,38,2022-04-25,20:00,Premier League,Matchweek 34,Mon,Home,D,0.0,0.0,Leeds United,0,17.0,7.0,41.2,0.0,0.0,13.6,0.0,0,0,1.9,1.9,0.11,-1.9,-1.9,Match Report,2022,Crystal Palace
2449,2769,39,2022-04-30,15:00,Premier League,Matchweek 35,Sat,Away,W,2.0,1.0,Southampton,2,14.0,5.0,35.7,0.14,0.4,13.9,0.0,0,0,1.1,1.1,0.08,0.9,0.9,Match Report,2022,Crystal Palace
2450,2770,40,2022-05-07,15:00,Premier League,Matchweek 36,Sat,Home,W,1.0,0.0,Watford,1,14.0,6.0,42.9,0.0,0.0,15.8,1.0,1,1,2.2,1.4,0.11,-1.2,-1.4,Match Report,2022,Crystal Palace
2451,2771,41,2022-05-15,14:00,Premier League,Matchweek 37,Sun,Away,D,1.0,1.0,Aston Villa,1,16.0,4.0,25.0,0.06,0.25,17.6,0.0,0,0,1.4,1.4,0.09,-0.4,-0.4,Match Report,2022,Crystal Palace
2452,2772,42,2022-05-19,19:45,Premier League,Matchweek 33,Thu,Away,L,2.0,3.0,Everton,2,7.0,5.0,71.4,0.29,0.4,14.2,0.0,0,0,1.1,1.1,0.17,0.9,0.9,Match Report,2022,Crystal Palace
2453,2773,43,2022-05-22,16:00,Premier League,Matchweek 38,Sun,Home,W,1.0,0.0,Manchester Utd,1,6.0,3.0,50.0,0.17,0.33,14.1,0.0,0,0,0.6,0.6,0.1,0.4,0.4,Match Report,2022,Crystal Palace
2454,2775,0,2021-08-13,20:00,Premier League,Matchweek 1,Fri,Home,W,2.0,0.0,Arsenal,2,8.0,3.0,37.5,0.25,0.67,12.1,0.0,0,0,1.2,1.2,0.15,0.8,0.8,Match Report,2022,Brentford
2455,2776,1,2021-08-21,15:00,Premier League,Matchweek 2,Sat,Away,D,0.0,0.0,Crystal Palace,0,14.0,3.0,21.4,0.0,0.0,18.0,1.0,0,0,0.9,0.9,0.06,-0.9,-0.9,Match Report,2022,Brentford
2456,2778,3,2021-08-28,15:00,Premier League,Matchweek 3,Sat,Away,D,1.0,1.0,Aston Villa,1,9.0,2.0,22.2,0.11,0.5,15.6,0.0,0,0,0.9,0.9,0.1,0.1,0.1,Match Report,2022,Brentford
2457,2779,4,2021-09-11,15:00,Premier League,Matchweek 4,Sat,Home,L,0.0,1.0,Brighton,0,7.0,1.0,14.3,0.0,0.0,20.3,0.0,0,0,0.4,0.4,0.06,-0.4,-0.4,Match Report,2022,Brentford
2458,2780,5,2021-09-18,12:30,Premier League,Matchweek 5,Sat,Away,W,2.0,0.0,Wolves,2,8.0,2.0,25.0,0.13,0.5,18.7,0.0,1,1,2.5,1.7,0.21,-0.5,-0.7,Match Report,2022,Brentford
2459,2782,7,2021-09-25,17:30,Premier League,Matchweek 6,Sat,Home,D,3.0,3.0,Liverpool,3,12.0,3.0,25.0,0.25,1.0,12.0,0.0,0,0,2.1,2.1,0.19,0.9,0.9,Match Report,2022,Brentford
2460,2783,8,2021-10-03,14:00,Premier League,Matchweek 7,Sun,Away,W,2.0,1.0,West Ham,2,13.0,6.0,46.2,0.15,0.33,13.9,1.0,0,0,1.2,1.2,0.1,0.8,0.8,Match Report,2022,Brentford
2461,2784,9,2021-10-16,17:30,Premier League,Matchweek 8,Sat,Home,L,0.0,1.0,Chelsea,0,17.0,6.0,35.3,0.0,0.0,14.5,0.0,0,0,1.4,1.4,0.09,-1.4,-1.4,Match Report,2022,Brentford
2462,2785,10,2021-10-24,14:00,Premier League,Matchweek 9,Sun,Home,L,1.0,2.0,Leicester City,1,15.0,5.0,33.3,0.07,0.2,16.3,0.0,0,0,1.0,1.0,0.07,0.0,0.0,Match Report,2022,Brentford
2463,2787,12,2021-10-30,15:00,Premier League,Matchweek 10,Sat,Away,L,1.0,3.0,Burnley,1,12.0,4.0,33.3,0.08,0.25,18.2,1.0,0,0,0.8,0.8,0.07,0.2,0.2,Match Report,2022,Brentford
2464,2788,13,2021-11-06,15:00,Premier League,Matchweek 11,Sat,Home,L,1.0,2.0,Norwich City,1,19.0,7.0,36.8,0.05,0.14,10.8,0.0,0,0,2.5,2.5,0.14,-1.5,-1.5,Match Report,2022,Brentford
2465,2789,14,2021-11-20,15:00,Premier League,Matchweek 12,Sat,Away,D,3.0,3.0,Newcastle Utd,2,10.0,3.0,30.0,0.2,0.67,18.5,1.0,0,0,0.9,0.9,0.09,1.1,1.1,Match Report,2022,Brentford
2466,2790,15,2021-11-28,14:00,Premier League,Matchweek 13,Sun,Home,W,1.0,0.0,Everton,1,5.0,3.0,60.0,0.0,0.0,18.9,0.0,1,1,1.2,0.4,0.09,-0.2,-0.4,Match Report,2022,Brentford
2467,2791,16,2021-12-02,19:30,Premier League,Matchweek 14,Thu,Away,L,0.0,2.0,Tottenham,0,6.0,2.0,33.3,0.0,0.0,17.1,0.0,0,0,0.3,0.3,0.05,-0.3,-0.3,Match Report,2022,Brentford
2468,2792,17,2021-12-05,14:00,Premier League,Matchweek 15,Sun,Away,D,2.0,2.0,Leeds United,2,9.0,3.0,33.3,0.22,0.67,16.7,1.0,0,0,1.0,1.0,0.12,1.0,1.0,Match Report,2022,Brentford
2469,2793,18,2021-12-10,20:00,Premier League,Matchweek 16,Fri,Home,W,2.0,1.0,Watford,2,13.0,4.0,30.8,0.08,0.25,15.5,0.0,1,1,1.6,0.8,0.06,0.4,0.2,Match Report,2022,Brentford
2470,2795,20,2021-12-26,20:00,Premier League,Matchweek 19,Sun,Away,L,0.0,2.0,Brighton,0,16.0,5.0,31.3,0.0,0.0,17.1,0.0,0,0,0.7,0.7,0.04,-0.7,-0.7,Match Report,2022,Brentford
2471,2796,21,2021-12-29,20:15,Premier League,Matchweek 20,Wed,Home,L,0.0,1.0,Manchester City,0,6.0,2.0,33.3,0.0,0.0,24.6,0.0,0,0,0.4,0.4,0.06,-0.4,-0.4,Match Report,2022,Brentford
2472,2797,22,2022-01-02,14:00,Premier League,Matchweek 21,Sun,Home,W,2.0,1.0,Aston Villa,2,10.0,4.0,40.0,0.2,0.5,17.7,0.0,0,0,0.6,0.6,0.06,1.4,1.4,Match Report,2022,Brentford
2473,2799,24,2022-01-11,19:45,Premier League,Matchweek 18,Tue,Away,L,1.0,4.0,Southampton,1,5.0,4.0,80.0,0.2,0.25,12.8,0.0,0,0,0.5,0.5,0.11,0.5,0.5,Match Report,2022,Brentford
2474,2800,25,2022-01-16,14:00,Premier League,Matchweek 22,Sun,Away,L,0.0,3.0,Liverpool,0,6.0,1.0,16.7,0.0,0.0,21.2,0.0,0,0,0.7,0.7,0.12,-0.7,-0.7,Match Report,2022,Brentford
2475,2801,26,2022-01-19,20:00,Premier League,Matchweek 17,Wed,Home,L,1.0,3.0,Manchester Utd,1,18.0,9.0,50.0,0.06,0.11,16.7,0.0,0,0,2.3,2.3,0.14,-1.3,-1.3,Match Report,2022,Brentford
2476,2802,27,2022-01-22,15:00,Premier League,Matchweek 23,Sat,Home,L,1.0,2.0,Wolves,1,11.0,1.0,9.1,0.09,1.0,13.6,1.0,0,0,1.1,1.1,0.11,-0.1,-0.1,Match Report,2022,Brentford
2477,2804,29,2022-02-09,19:45,Premier League,Matchweek 24,Wed,Away,L,0.0,2.0,Manchester City,0,6.0,2.0,33.3,0.0,0.0,18.3,0.0,0,0,0.4,0.4,0.06,-0.4,-0.4,Match Report,2022,Brentford
2478,2805,30,2022-02-12,15:00,Premier League,Matchweek 25,Sat,Home,D,0.0,0.0,Crystal Palace,0,9.0,2.0,22.2,0.0,0.0,12.9,0.0,0,0,1.6,1.6,0.18,-1.6,-1.6,Match Report,2022,Brentford
2479,2806,31,2022-02-19,15:00,Premier League,Matchweek 26,Sat,Away,L,1.0,2.0,Arsenal,1,6.0,2.0,33.3,0.17,0.5,20.7,0.0,0,0,0.6,0.6,0.11,0.4,0.4,Match Report,2022,Brentford
2480,2807,32,2022-02-26,15:00,Premier League,Matchweek 27,Sat,Home,L,0.0,2.0,Newcastle Utd,0,6.0,1.0,16.7,0.0,0.0,16.5,0.0,0,0,0.4,0.4,0.06,-0.4,-0.4,Match Report,2022,Brentford
2481,2808,33,2022-03-05,15:00,Premier League,Matchweek 28,Sat,Away,W,3.0,1.0,Norwich City,3,8.0,4.0,50.0,0.13,0.25,21.4,0.0,2,2,2.0,0.4,0.05,1.0,0.6,Match Report,2022,Brentford
2482,2809,34,2022-03-12,15:00,Premier League,Matchweek 29,Sat,Home,W,2.0,0.0,Burnley,2,12.0,2.0,16.7,0.08,0.5,21.5,0.0,1,1,1.9,1.1,0.09,0.1,-0.1,Match Report,2022,Brentford
2483,2810,35,2022-03-20,14:00,Premier League,Matchweek 30,Sun,Away,L,1.0,2.0,Leicester City,1,15.0,6.0,40.0,0.07,0.17,14.9,0.0,0,0,1.3,1.3,0.09,-0.3,-0.3,Match Report,2022,Brentford
2484,2811,36,2022-04-02,15:00,Premier League,Matchweek 31,Sat,Away,W,4.0,1.0,Chelsea,4,17.0,6.0,35.3,0.24,0.67,13.5,1.0,0,0,1.8,1.8,0.11,2.2,2.2,Match Report,2022,Brentford
2485,2812,37,2022-04-10,14:00,Premier League,Matchweek 32,Sun,Home,W,2.0,0.0,West Ham,2,15.0,7.0,46.7,0.13,0.29,15.8,0.0,0,0,1.4,1.4,0.09,0.6,0.6,Match Report,2022,Brentford
2486,2813,38,2022-04-16,15:00,Premier League,Matchweek 33,Sat,Away,W,2.0,1.0,Watford,2,16.0,5.0,31.3,0.13,0.4,19.7,0.0,0,0,1.9,1.9,0.12,0.1,0.1,Match Report,2022,Brentford
2487,2814,39,2022-04-23,17:30,Premier League,Matchweek 34,Sat,Home,D,0.0,0.0,Tottenham,0,15.0,1.0,6.7,0.0,0.0,15.3,1.0,0,0,0.9,0.9,0.06,-0.9,-0.9,Match Report,2022,Brentford
2488,2815,40,2022-05-02,20:00,Premier League,Matchweek 35,Mon,Away,L,0.0,3.0,Manchester Utd,0,12.0,4.0,33.3,0.0,0.0,18.9,1.0,0,0,0.6,0.6,0.05,-0.6,-0.6,Match Report,2022,Brentford
2489,2816,41,2022-05-07,15:00,Premier League,Matchweek 36,Sat,Home,W,3.0,0.0,Southampton,3,18.0,5.0,27.8,0.17,0.6,13.9,1.0,0,0,2.6,2.6,0.15,0.4,0.4,Match Report,2022,Brentford
2490,2817,42,2022-05-15,16:30,Premier League,Matchweek 37,Sun,Away,W,3.0,2.0,Everton,2,18.0,6.0,33.3,0.11,0.33,18.1,1.0,0,0,1.4,1.4,0.08,0.6,0.6,Match Report,2022,Brentford
2491,2818,43,2022-05-22,16:00,Premier League,Matchweek 38,Sun,Home,L,1.0,2.0,Leeds United,1,14.0,5.0,35.7,0.07,0.2,13.7,0.0,0,0,0.8,0.8,0.06,0.2,0.2,Match Report,2022,Brentford
2492,2820,0,2021-08-14,15:00,Premier League,Matchweek 1,Sat,Away,L,2.0,3.0,Watford,2,10.0,1.0,10.0,0.1,1.0,22.8,1.0,1,1,1.2,0.4,0.04,0.8,0.6,Match Report,2022,Aston Villa
2493,2821,1,2021-08-21,15:00,Premier League,Matchweek 2,Sat,Home,W,2.0,0.0,Newcastle Utd,2,9.0,1.0,11.1,0.11,1.0,19.5,0.0,1,1,1.2,0.6,0.06,0.8,0.4,Match Report,2022,Aston Villa
2494,2823,3,2021-08-28,15:00,Premier League,Matchweek 3,Sat,Home,D,1.0,1.0,Brentford,1,7.0,5.0,71.4,0.14,0.2,13.8,0.0,0,0,0.7,0.7,0.1,0.3,0.3,Match Report,2022,Aston Villa
2495,2824,4,2021-09-11,17:30,Premier League,Matchweek 4,Sat,Away,L,0.0,3.0,Chelsea,0,18.0,6.0,33.3,0.0,0.0,18.6,0.0,0,0,1.2,1.2,0.07,-1.2,-1.2,Match Report,2022,Aston Villa
2496,2825,5,2021-09-18,17:30,Premier League,Matchweek 5,Sat,Home,W,3.0,0.0,Everton,2,15.0,3.0,20.0,0.13,0.67,19.3,1.0,0,0,0.8,0.8,0.06,1.2,1.2,Match Report,2022,Aston Villa
2497,2827,7,2021-09-25,12:30,Premier League,Matchweek 6,Sat,Away,W,1.0,0.0,Manchester Utd,1,7.0,3.0,42.9,0.14,0.33,14.1,1.0,0,0,1.0,1.0,0.15,0.0,0.0,Match Report,2022,Aston Villa
2498,2828,8,2021-10-03,14:00,Premier League,Matchweek 7,Sun,Away,L,1.0,2.0,Tottenham,1,14.0,3.0,21.4,0.07,0.33,18.0,0.0,0,0,1.2,1.2,0.09,-0.2,-0.2,Match Report,2022,Aston Villa
2499,2829,9,2021-10-16,15:00,Premier League,Matchweek 8,Sat,Home,L,2.0,3.0,Wolves,2,14.0,5.0,35.7,0.14,0.4,18.0,0.0,0,0,1.0,1.0,0.07,1.0,1.0,Match Report,2022,Aston Villa
2500,2830,10,2021-10-22,20:00,Premier League,Matchweek 9,Fri,Away,L,1.0,3.0,Arsenal,1,10.0,4.0,40.0,0.1,0.25,17.2,1.0,0,0,1.4,1.4,0.14,-0.4,-0.4,Match Report,2022,Aston Villa
2501,2831,11,2021-10-31,16:30,Premier League,Matchweek 10,Sun,Home,L,1.0,4.0,West Ham,1,9.0,3.0,33.3,0.11,0.33,16.4,0.0,0,0,0.7,0.7,0.08,0.3,0.3,Match Report,2022,Aston Villa
2502,2832,12,2021-11-05,20:00,Premier League,Matchweek 11,Fri,Away,L,0.0,1.0,Southampton,0,14.0,3.0,21.4,0.0,0.0,19.5,1.0,0,0,0.6,0.6,0.04,-0.6,-0.6,Match Report,2022,Aston Villa
2503,2833,13,2021-11-20,15:00,Premier League,Matchweek 12,Sat,Home,W,2.0,0.0,Brighton,2,9.0,5.0,55.6,0.22,0.4,16.5,0.0,0,0,0.7,0.7,0.08,1.3,1.3,Match Report,2022,Aston Villa
2504,2834,14,2021-11-27,15:00,Premier League,Matchweek 13,Sat,Away,W,2.0,1.0,Crystal Palace,2,10.0,3.0,30.0,0.2,0.67,20.5,2.0,0,0,0.5,0.5,0.05,1.5,1.5,Match Report,2022,Aston Villa
2505,2835,15,2021-12-01,20:15,Premier League,Matchweek 14,Wed,Home,L,1.0,2.0,Manchester City,1,9.0,3.0,33.3,0.11,0.33,13.1,0.0,0,0,0.8,0.8,0.09,0.2,0.2,Match Report,2022,Aston Villa
2506,2836,16,2021-12-05,16:30,Premier League,Matchweek 15,Sun,Home,W,2.0,1.0,Leicester City,2,13.0,4.0,30.8,0.15,0.5,13.9,0.0,0,0,2.1,2.1,0.17,-0.1,-0.1,Match Report,2022,Aston Villa
2507,2837,17,2021-12-11,15:00,Premier League,Matchweek 16,Sat,Away,L,0.0,1.0,Liverpool,0,4.0,0.0,0.0,0.0,,23.6,1.0,0,0,0.2,0.2,0.05,-0.2,-0.2,Match Report,2022,Aston Villa
2508,2838,18,2021-12-14,19:45,Premier League,Matchweek 17,Tue,Away,W,2.0,0.0,Norwich City,2,17.0,6.0,35.3,0.12,0.33,16.7,0.0,0,0,2.0,2.0,0.12,0.0,0.0,Match Report,2022,Aston Villa
2509,2839,19,2021-12-26,17:30,Premier League,Matchweek 19,Sun,Home,L,1.0,3.0,Chelsea,0,8.0,1.0,12.5,0.0,0.0,18.8,0.0,0,0,0.4,0.4,0.06,-0.4,-0.4,Match Report,2022,Aston Villa
2510,2840,20,2022-01-02,14:00,Premier League,Matchweek 21,Sun,Away,L,1.0,2.0,Brentford,1,16.0,5.0,31.3,0.06,0.2,17.1,0.0,0,0,0.8,0.8,0.05,0.2,0.2,Match Report,2022,Aston Villa
2511,2842,22,2022-01-15,17:30,Premier League,Matchweek 22,Sat,Home,D,2.0,2.0,Manchester Utd,2,13.0,9.0,69.2,0.15,0.22,12.7,0.0,0,0,1.9,1.9,0.15,0.1,0.1,Match Report,2022,Aston Villa
2512,2843,23,2022-01-22,12:30,Premier League,Matchweek 23,Sat,Away,W,1.0,0.0,Everton,1,8.0,3.0,37.5,0.13,0.33,19.8,2.0,0,0,0.8,0.8,0.1,0.2,0.2,Match Report,2022,Aston Villa
2513,2844,24,2022-02-09,20:00,Premier League,Matchweek 24,Wed,Home,D,3.0,3.0,Leeds United,3,12.0,4.0,33.3,0.25,0.75,15.7,0.0,0,0,1.6,1.6,0.14,1.4,1.4,Match Report,2022,Aston Villa
2514,2845,25,2022-02-13,14:00,Premier League,Matchweek 25,Sun,Away,L,0.0,1.0,Newcastle Utd,0,11.0,1.0,9.1,0.0,0.0,19.9,1.0,0,0,0.6,0.6,0.05,-0.6,-0.6,Match Report,2022,Aston Villa
2515,2846,26,2022-02-19,15:00,Premier League,Matchweek 26,Sat,Home,L,0.0,1.0,Watford,0,20.0,1.0,5.0,0.0,0.0,21.0,1.0,0,0,1.3,1.3,0.07,-1.3,-1.3,Match Report,2022,Aston Villa
2516,2847,27,2022-02-26,15:00,Premier League,Matchweek 27,Sat,Away,W,2.0,0.0,Brighton,2,9.0,4.0,44.4,0.22,0.5,17.5,1.0,0,0,1.0,1.0,0.11,1.0,1.0,Match Report,2022,Aston Villa
2517,2848,28,2022-03-05,15:00,Premier League,Matchweek 28,Sat,Home,W,4.0,0.0,Southampton,4,14.0,9.0,64.3,0.29,0.44,15.7,0.0,0,0,2.5,2.5,0.2,1.5,1.5,Match Report,2022,Aston Villa
2518,2849,29,2022-03-10,19:45,Premier League,Matchweek 20,Thu,Away,W,3.0,0.0,Leeds United,3,15.0,9.0,60.0,0.2,0.33,19.6,1.0,0,0,1.5,1.5,0.1,1.5,1.5,Match Report,2022,Aston Villa
2519,2850,30,2022-03-13,14:00,Premier League,Matchweek 29,Sun,Away,L,1.0,2.0,West Ham,1,13.0,7.0,53.8,0.08,0.14,14.9,1.0,0,0,1.1,1.1,0.09,-0.1,-0.1,Match Report,2022,Aston Villa
2520,2851,31,2022-03-19,12:30,Premier League,Matchweek 30,Sat,Home,L,0.0,1.0,Arsenal,0,8.0,1.0,12.5,0.0,0.0,16.8,2.0,0,0,0.5,0.5,0.06,-0.5,-0.5,Match Report,2022,Aston Villa
2521,2852,32,2022-04-02,15:00,Premier League,Matchweek 31,Sat,Away,L,1.0,2.0,Wolves,1,14.0,4.0,28.6,0.0,0.0,20.0,1.0,1,1,2.1,1.5,0.11,-1.1,-1.5,Match Report,2022,Aston Villa
2522,2853,33,2022-04-09,17:30,Premier League,Matchweek 32,Sat,Home,L,0.0,4.0,Tottenham,0,19.0,8.0,42.1,0.0,0.0,16.3,1.0,0,0,1.6,1.6,0.09,-1.6,-1.6,Match Report,2022,Aston Villa
2523,2854,34,2022-04-23,15:00,Premier League,Matchweek 34,Sat,Away,D,0.0,0.0,Leicester City,0,11.0,3.0,27.3,0.0,0.0,17.9,0.0,0,0,0.9,0.9,0.08,-0.9,-0.9,Match Report,2022,Aston Villa
2524,2855,35,2022-04-30,15:00,Premier League,Matchweek 35,Sat,Home,W,2.0,0.0,Norwich City,2,21.0,6.0,28.6,0.1,0.33,15.7,0.0,0,0,1.8,1.8,0.09,0.2,0.2,Match Report,2022,Aston Villa
2525,2856,36,2022-05-07,15:00,Premier League,Matchweek 36,Sat,Away,W,3.0,1.0,Burnley,3,12.0,7.0,58.3,0.25,0.43,18.3,1.0,0,0,2.1,2.1,0.17,0.9,0.9,Match Report,2022,Aston Villa
2526,2857,37,2022-05-10,20:00,Premier League,Matchweek 33,Tue,Home,L,1.0,2.0,Liverpool,1,9.0,4.0,44.4,0.11,0.25,13.7,0.0,0,0,1.4,1.4,0.18,-0.4,-0.4,Match Report,2022,Aston Villa
2527,2858,38,2022-05-15,14:00,Premier League,Matchweek 37,Sun,Home,D,1.0,1.0,Crystal Palace,1,13.0,4.0,30.8,0.08,0.25,18.7,0.0,0,0,1.0,1.0,0.08,0.0,0.0,Match Report,2022,Aston Villa
2528,2859,39,2022-05-19,20:00,Premier League,Matchweek 18,Thu,Home,D,1.0,1.0,Burnley,1,22.0,9.0,40.9,0.05,0.11,19.4,0.0,0,0,1.5,1.5,0.07,-0.5,-0.5,Match Report,2022,Aston Villa
2529,2860,40,2022-05-22,16:00,Premier League,Matchweek 38,Sun,Away,L,2.0,3.0,Manchester City,2,4.0,2.0,50.0,0.5,1.0,16.8,0.0,0,0,0.2,0.2,0.06,1.8,1.8,Match Report,2022,Aston Villa
2530,2862,0,2021-08-14,15:00,Premier League,Matchweek 1,Sat,Away,L,1.0,3.0,Everton,1,6.0,3.0,50.0,0.17,0.33,15.5,0.0,0,0,0.8,0.8,0.14,0.2,0.2,Match Report,2022,Southampton
2531,2863,1,2021-08-22,14:00,Premier League,Matchweek 2,Sun,Home,D,1.0,1.0,Manchester Utd,0,8.0,3.0,37.5,0.0,0.0,21.5,2.0,0,0,0.7,0.7,0.08,-0.7,-0.7,Match Report,2022,Southampton
2532,2865,3,2021-08-28,15:00,Premier League,Matchweek 3,Sat,Away,D,2.0,2.0,Newcastle Utd,2,21.0,5.0,23.8,0.05,0.2,19.2,1.0,1,1,3.6,2.9,0.16,-1.6,-1.9,Match Report,2022,Southampton
2533,2866,4,2021-09-11,15:00,Premier League,Matchweek 4,Sat,Home,D,0.0,0.0,West Ham,0,11.0,2.0,18.2,0.0,0.0,14.2,0.0,0,0,0.7,0.7,0.07,-0.7,-0.7,Match Report,2022,Southampton
2534,2867,5,2021-09-18,15:00,Premier League,Matchweek 5,Sat,Away,D,0.0,0.0,Manchester City,0,10.0,2.0,20.0,0.0,0.0,19.8,0.0,0,0,0.4,0.4,0.04,-0.4,-0.4,Match Report,2022,Southampton
2535,2869,7,2021-09-26,14:00,Premier League,Matchweek 6,Sun,Home,L,0.0,1.0,Wolves,0,18.0,6.0,33.3,0.0,0.0,20.7,1.0,0,0,1.0,1.0,0.06,-1.0,-1.0,Match Report,2022,Southampton
2536,2870,8,2021-10-02,15:00,Premier League,Matchweek 7,Sat,Away,L,1.0,3.0,Chelsea,1,5.0,1.0,20.0,0.0,0.0,24.0,0.0,1,1,1.3,0.6,0.11,-0.3,-0.6,Match Report,2022,Southampton
2537,2871,9,2021-10-16,15:00,Premier League,Matchweek 8,Sat,Home,W,1.0,0.0,Leeds United,1,19.0,4.0,21.1,0.05,0.25,18.7,1.0,0,0,1.9,1.9,0.1,-0.9,-0.9,Match Report,2022,Southampton
2538,2872,10,2021-10-23,15:00,Premier League,Matchweek 9,Sat,Home,D,2.0,2.0,Burnley,2,16.0,4.0,25.0,0.13,0.5,16.9,0.0,0,0,1.6,1.6,0.1,0.4,0.4,Match Report,2022,Southampton
2539,2874,12,2021-10-30,15:00,Premier League,Matchweek 10,Sat,Away,W,1.0,0.0,Watford,1,12.0,1.0,8.3,0.08,1.0,15.0,0.0,0,0,1.8,1.8,0.15,-0.8,-0.8,Match Report,2022,Southampton
2540,2875,13,2021-11-05,20:00,Premier League,Matchweek 11,Fri,Home,W,1.0,0.0,Aston Villa,1,9.0,3.0,33.3,0.11,0.33,15.6,0.0,0,0,0.6,0.6,0.07,0.4,0.4,Match Report,2022,Southampton
2541,2876,14,2021-11-20,15:00,Premier League,Matchweek 12,Sat,Away,L,1.0,2.0,Norwich City,1,17.0,5.0,29.4,0.06,0.2,18.8,0.0,0,0,1.0,1.0,0.06,0.0,0.0,Match Report,2022,Southampton
2542,2877,15,2021-11-27,15:00,Premier League,Matchweek 13,Sat,Away,L,0.0,4.0,Liverpool,0,7.0,3.0,42.9,0.0,0.0,10.5,0.0,0,0,1.0,1.0,0.15,-1.0,-1.0,Match Report,2022,Southampton
2543,2878,16,2021-12-01,19:30,Premier League,Matchweek 14,Wed,Home,D,2.0,2.0,Leicester City,2,15.0,7.0,46.7,0.13,0.29,14.9,0.0,0,0,1.5,1.5,0.1,0.5,0.5,Match Report,2022,Southampton
2544,2879,17,2021-12-04,15:00,Premier League,Matchweek 15,Sat,Home,D,1.0,1.0,Brighton,1,14.0,4.0,28.6,0.07,0.25,17.6,1.0,0,0,1.6,1.6,0.12,-0.6,-0.6,Match Report,2022,Southampton
2545,2880,18,2021-12-11,15:00,Premier League,Matchweek 16,Sat,Away,L,0.0,3.0,Arsenal,0,11.0,6.0,54.5,0.0,0.0,22.1,3.0,0,0,0.6,0.6,0.06,-0.6,-0.6,Match Report,2022,Southampton
2546,2881,19,2021-12-15,19:30,Premier League,Matchweek 17,Wed,Away,D,2.0,2.0,Crystal Palace,2,15.0,4.0,26.7,0.13,0.5,21.3,1.0,0,0,0.6,0.6,0.04,1.4,1.4,Match Report,2022,Southampton
2547,2882,20,2021-12-26,15:00,Premier League,Matchweek 19,Sun,Away,W,3.0,2.0,West Ham,3,10.0,5.0,50.0,0.2,0.4,22.8,0.0,1,1,1.2,0.4,0.04,1.8,1.6,Match Report,2022,Southampton
2548,2883,21,2021-12-28,15:00,Premier League,Matchweek 20,Tue,Home,D,1.0,1.0,Tottenham,1,9.0,2.0,22.2,0.11,0.5,20.7,0.0,0,0,0.4,0.4,0.04,0.6,0.6,Match Report,2022,Southampton
2549,2885,23,2022-01-11,19:45,Premier League,Matchweek 18,Tue,Home,W,4.0,1.0,Brentford,3,12.0,6.0,50.0,0.25,0.5,17.9,0.0,0,0,1.4,1.4,0.12,1.6,1.6,Match Report,2022,Southampton
2550,2886,24,2022-01-15,15:00,Premier League,Matchweek 22,Sat,Away,L,1.0,3.0,Wolves,1,13.0,10.0,76.9,0.08,0.1,20.4,2.0,0,0,0.8,0.8,0.06,0.2,0.2,Match Report,2022,Southampton
2551,2887,25,2022-01-22,17:30,Premier League,Matchweek 23,Sat,Home,D,1.0,1.0,Manchester City,1,7.0,3.0,42.9,0.14,0.33,11.0,0.0,0,0,0.8,0.8,0.12,0.2,0.2,Match Report,2022,Southampton
2552,2889,27,2022-02-09,19:45,Premier League,Matchweek 24,Wed,Away,W,3.0,2.0,Tottenham,3,23.0,9.0,39.1,0.13,0.33,16.8,0.0,0,0,2.2,2.2,0.1,0.8,0.8,Match Report,2022,Southampton
2553,2890,28,2022-02-12,12:30,Premier League,Matchweek 25,Sat,Away,D,1.0,1.0,Manchester Utd,1,13.0,4.0,30.8,0.08,0.25,21.1,0.0,0,0,0.8,0.8,0.07,0.2,0.2,Match Report,2022,Southampton
2554,2891,29,2022-02-19,15:00,Premier League,Matchweek 26,Sat,Home,W,2.0,0.0,Everton,2,19.0,11.0,57.9,0.11,0.18,15.4,1.0,0,0,2.5,2.5,0.13,-0.5,-0.5,Match Report,2022,Southampton
2555,2892,30,2022-02-25,20:00,Premier League,Matchweek 27,Fri,Home,W,2.0,0.0,Norwich City,2,27.0,9.0,33.3,0.07,0.22,15.9,1.0,0,0,2.6,2.6,0.1,-0.6,-0.6,Match Report,2022,Southampton
2556,2894,32,2022-03-05,15:00,Premier League,Matchweek 28,Sat,Away,L,0.0,4.0,Aston Villa,0,11.0,1.0,9.1,0.0,0.0,19.1,1.0,0,0,1.1,1.1,0.1,-1.1,-1.1,Match Report,2022,Southampton
2557,2895,33,2022-03-10,19:30,Premier League,Matchweek 21,Thu,Home,L,1.0,2.0,Newcastle Utd,1,14.0,5.0,35.7,0.07,0.2,13.9,0.0,0,0,1.1,1.1,0.08,-0.1,-0.1,Match Report,2022,Southampton
2558,2896,34,2022-03-13,14:00,Premier League,Matchweek 29,Sun,Home,L,1.0,2.0,Watford,1,13.0,6.0,46.2,0.08,0.17,12.8,1.0,0,0,1.4,1.4,0.11,-0.4,-0.4,Match Report,2022,Southampton
2559,2898,36,2022-04-02,15:00,Premier League,Matchweek 31,Sat,Away,D,1.0,1.0,Leeds United,1,14.0,5.0,35.7,0.07,0.2,16.4,1.0,0,0,1.4,1.4,0.12,-0.4,-0.4,Match Report,2022,Southampton
2560,2899,37,2022-04-09,15:00,Premier League,Matchweek 32,Sat,Home,L,0.0,6.0,Chelsea,0,4.0,1.0,25.0,0.0,0.0,17.0,0.0,0,0,0.5,0.5,0.12,-0.5,-0.5,Match Report,2022,Southampton
2561,2900,38,2022-04-16,15:00,Premier League,Matchweek 33,Sat,Home,W,1.0,0.0,Arsenal,1,9.0,3.0,33.3,0.11,0.33,15.9,1.0,0,0,0.8,0.8,0.09,0.2,0.2,Match Report,2022,Southampton
2562,2901,39,2022-04-21,19:45,Premier League,Matchweek 30,Thu,Away,L,0.0,2.0,Burnley,0,11.0,3.0,27.3,0.0,0.0,15.1,1.0,0,0,0.9,0.9,0.08,-0.9,-0.9,Match Report,2022,Southampton
2563,2902,40,2022-04-24,14:00,Premier League,Matchweek 34,Sun,Away,D,2.0,2.0,Brighton,2,18.0,5.0,27.8,0.11,0.4,20.4,1.0,0,0,0.9,0.9,0.05,1.1,1.1,Match Report,2022,Southampton
2564,2903,41,2022-04-30,15:00,Premier League,Matchweek 35,Sat,Home,L,1.0,2.0,Crystal Palace,1,8.0,3.0,37.5,0.13,0.33,16.4,0.0,0,0,0.6,0.6,0.08,0.4,0.4,Match Report,2022,Southampton
2565,2904,42,2022-05-07,15:00,Premier League,Matchweek 36,Sat,Away,L,0.0,3.0,Brentford,0,19.0,4.0,21.1,0.0,0.0,18.8,2.0,0,0,1.4,1.4,0.07,-1.4,-1.4,Match Report,2022,Southampton
2566,2905,43,2022-05-17,19:45,Premier League,Matchweek 37,Tue,Home,L,1.0,2.0,Liverpool,1,4.0,2.0,50.0,0.25,0.5,25.2,1.0,0,0,0.1,0.1,0.03,0.9,0.9,Match Report,2022,Southampton
2567,2906,44,2022-05-22,16:00,Premier League,Matchweek 38,Sun,Away,L,1.0,4.0,Leicester City,1,6.0,1.0,16.7,0.0,0.0,18.9,1.0,1,1,1.1,0.4,0.06,-0.1,-0.4,Match Report,2022,Southampton
2568,2908,0,2021-08-14,15:00,Premier League,Matchweek 1,Sat,Home,W,3.0,1.0,Southampton,3,14.0,6.0,42.9,0.21,0.5,12.5,1.0,0,0,2.4,2.4,0.17,0.6,0.6,Match Report,2022,Everton
2569,2909,1,2021-08-21,15:00,Premier League,Matchweek 2,Sat,Away,D,2.0,2.0,Leeds United,2,16.0,7.0,43.8,0.06,0.14,20.9,0.0,1,1,1.8,1.0,0.06,0.2,0.0,Match Report,2022,Everton
2570,2911,3,2021-08-28,15:00,Premier League,Matchweek 3,Sat,Away,W,2.0,0.0,Brighton,2,13.0,4.0,30.8,0.08,0.25,21.2,0.0,1,1,1.4,0.6,0.05,0.6,0.4,Match Report,2022,Everton
2571,2912,4,2021-09-13,20:00,Premier League,Matchweek 4,Mon,Home,W,3.0,1.0,Burnley,3,14.0,6.0,42.9,0.21,0.5,19.5,1.0,0,0,1.4,1.4,0.1,1.6,1.6,Match Report,2022,Everton
2572,2913,5,2021-09-18,17:30,Premier League,Matchweek 5,Sat,Away,L,0.0,3.0,Aston Villa,0,11.0,1.0,9.1,0.0,0.0,16.2,1.0,0,0,0.7,0.7,0.07,-0.7,-0.7,Match Report,2022,Everton
2573,2915,7,2021-09-25,15:00,Premier League,Matchweek 6,Sat,Home,W,2.0,0.0,Norwich City,2,10.0,3.0,30.0,0.1,0.33,18.8,0.0,1,1,1.9,1.1,0.12,0.1,-0.1,Match Report,2022,Everton
2574,2916,8,2021-10-02,12:30,Premier League,Matchweek 7,Sat,Away,D,1.0,1.0,Manchester Utd,1,12.0,2.0,16.7,0.08,0.5,14.5,0.0,0,0,1.3,1.3,0.11,-0.3,-0.3,Match Report,2022,Everton
2575,2917,9,2021-10-17,14:00,Premier League,Matchweek 8,Sun,Home,L,0.0,1.0,West Ham,0,15.0,2.0,13.3,0.0,0.0,14.7,0.0,0,0,0.9,0.9,0.06,-0.9,-0.9,Match Report,2022,Everton
2576,2918,10,2021-10-23,15:00,Premier League,Matchweek 9,Sat,Home,L,2.0,5.0,Watford,2,15.0,4.0,26.7,0.13,0.5,15.7,0.0,0,0,1.5,1.5,0.1,0.5,0.5,Match Report,2022,Everton
2577,2919,11,2021-11-01,20:00,Premier League,Matchweek 10,Mon,Away,L,1.0,2.0,Wolves,1,14.0,5.0,35.7,0.07,0.2,15.7,0.0,0,0,1.5,1.5,0.11,-0.5,-0.5,Match Report,2022,Everton
2578,2920,12,2021-11-07,14:00,Premier League,Matchweek 11,Sun,Home,D,0.0,0.0,Tottenham,0,12.0,2.0,16.7,0.0,0.0,18.3,0.0,0,0,0.6,0.6,0.05,-0.6,-0.6,Match Report,2022,Everton
2579,2921,13,2021-11-21,14:00,Premier League,Matchweek 12,Sun,Away,L,0.0,3.0,Manchester City,0,4.0,1.0,25.0,0.0,0.0,15.5,1.0,0,0,0.2,0.2,0.05,-0.2,-0.2,Match Report,2022,Everton
2580,2922,14,2021-11-28,14:00,Premier League,Matchweek 13,Sun,Away,L,0.0,1.0,Brentford,0,14.0,5.0,35.7,0.0,0.0,16.6,1.0,0,0,1.0,1.0,0.07,-1.0,-1.0,Match Report,2022,Everton
2581,2923,15,2021-12-01,20:15,Premier League,Matchweek 14,Wed,Home,L,1.0,4.0,Liverpool,1,8.0,2.0,25.0,0.13,0.5,20.8,1.0,0,0,0.7,0.7,0.09,0.3,0.3,Match Report,2022,Everton
2582,2924,16,2021-12-06,20:00,Premier League,Matchweek 15,Mon,Home,W,2.0,1.0,Arsenal,2,11.0,5.0,45.5,0.18,0.4,17.1,0.0,0,0,0.9,0.9,0.09,1.1,1.1,Match Report,2022,Everton
2583,2925,17,2021-12-12,16:30,Premier League,Matchweek 16,Sun,Away,L,1.0,3.0,Crystal Palace,1,12.0,6.0,50.0,0.08,0.17,20.5,1.0,0,0,1.0,1.0,0.09,0.0,0.0,Match Report,2022,Everton
2584,2926,18,2021-12-16,19:45,Premier League,Matchweek 17,Thu,Away,D,1.0,1.0,Chelsea,1,5.0,3.0,60.0,0.2,0.33,21.1,0.0,0,0,0.6,0.6,0.11,0.4,0.4,Match Report,2022,Everton
2585,2927,19,2022-01-02,14:00,Premier League,Matchweek 21,Sun,Home,L,2.0,3.0,Brighton,2,16.0,6.0,37.5,0.13,0.33,17.9,0.0,0,1,1.6,0.9,0.06,0.4,1.1,Match Report,2022,Everton
2586,2929,21,2022-01-15,15:00,Premier League,Matchweek 22,Sat,Away,L,1.0,2.0,Norwich City,1,12.0,5.0,41.7,0.08,0.2,17.0,1.0,0,0,0.6,0.6,0.05,0.4,0.4,Match Report,2022,Everton
2587,2930,22,2022-01-22,12:30,Premier League,Matchweek 23,Sat,Home,L,0.0,1.0,Aston Villa,0,15.0,0.0,0.0,0.0,,14.1,2.0,0,0,1.6,1.6,0.11,-1.6,-1.6,Match Report,2022,Everton
2588,2932,24,2022-02-08,19:45,Premier League,Matchweek 24,Tue,Away,L,1.0,3.0,Newcastle Utd,0,11.0,2.0,18.2,0.0,0.0,19.1,1.0,0,0,0.7,0.7,0.06,-0.7,-0.7,Match Report,2022,Everton
2589,2933,25,2022-02-12,15:00,Premier League,Matchweek 25,Sat,Home,W,3.0,0.0,Leeds United,3,21.0,10.0,47.6,0.14,0.3,18.2,0.0,0,0,2.7,2.7,0.13,0.3,0.3,Match Report,2022,Everton
2590,2934,26,2022-02-19,15:00,Premier League,Matchweek 26,Sat,Away,L,0.0,2.0,Southampton,0,9.0,0.0,0.0,0.0,,23.4,0.0,0,0,0.3,0.3,0.03,-0.3,-0.3,Match Report,2022,Everton
2591,2935,27,2022-02-26,17:30,Premier League,Matchweek 27,Sat,Home,L,0.0,1.0,Manchester City,0,6.0,2.0,33.3,0.0,0.0,19.1,1.0,0,0,0.5,0.5,0.08,-0.5,-0.5,Match Report,2022,Everton
2592,2937,29,2022-03-07,20:00,Premier League,Matchweek 28,Mon,Away,L,0.0,5.0,Tottenham,0,6.0,0.0,0.0,0.0,,22.5,1.0,0,0,0.2,0.2,0.03,-0.2,-0.2,Match Report,2022,Everton
2593,2938,30,2022-03-13,14:00,Premier League,Matchweek 29,Sun,Home,L,0.0,1.0,Wolves,0,7.0,2.0,28.6,0.0,0.0,20.5,1.0,0,0,0.4,0.4,0.05,-0.4,-0.4,Match Report,2022,Everton
2594,2939,31,2022-03-17,19:45,Premier League,Matchweek 20,Thu,Home,W,1.0,0.0,Newcastle Utd,1,9.0,3.0,33.3,0.11,0.33,17.2,1.0,0,0,0.7,0.7,0.07,0.3,0.3,Match Report,2022,Everton
2595,2941,33,2022-04-03,14:00,Premier League,Matchweek 31,Sun,Away,L,1.0,2.0,West Ham,1,13.0,2.0,15.4,0.08,0.5,18.7,0.0,0,0,0.7,0.7,0.05,0.3,0.3,Match Report,2022,Everton
2596,2942,34,2022-04-06,19:30,Premier League,Matchweek 19,Wed,Away,L,2.0,3.0,Burnley,2,14.0,2.0,14.3,0.0,0.0,19.5,0.0,2,2,2.4,0.8,0.06,-0.4,-0.8,Match Report,2022,Everton
2597,2943,35,2022-04-09,12:30,Premier League,Matchweek 32,Sat,Home,W,1.0,0.0,Manchester Utd,1,7.0,3.0,42.9,0.14,0.33,18.3,0.0,0,0,0.4,0.4,0.05,0.6,0.6,Match Report,2022,Everton
2598,2944,36,2022-04-20,19:45,Premier League,Matchweek 18,Wed,Home,D,1.0,1.0,Leicester City,1,13.0,3.0,23.1,0.08,0.33,14.7,0.0,0,0,1.8,1.8,0.14,-0.8,-0.8,Match Report,2022,Everton
2599,2945,37,2022-04-24,16:30,Premier League,Matchweek 34,Sun,Away,L,0.0,2.0,Liverpool,0,9.0,1.0,11.1,0.0,0.0,19.1,1.0,0,0,0.4,0.4,0.04,-0.4,-0.4,Match Report,2022,Everton
2600,2946,38,2022-05-01,14:00,Premier League,Matchweek 35,Sun,Home,W,1.0,0.0,Chelsea,1,9.0,4.0,44.4,0.11,0.25,17.8,1.0,0,0,0.8,0.8,0.09,0.2,0.2,Match Report,2022,Everton
2601,2947,39,2022-05-08,14:00,Premier League,Matchweek 36,Sun,Away,W,2.0,1.0,Leicester City,2,10.0,4.0,40.0,0.2,0.5,13.8,0.0,0,0,1.1,1.1,0.11,0.9,0.9,Match Report,2022,Everton
2602,2948,40,2022-05-11,19:45,Premier League,Matchweek 30,Wed,Away,D,0.0,0.0,Watford,0,16.0,5.0,31.3,0.0,0.0,16.8,0.0,0,0,0.7,0.7,0.05,-0.7,-0.7,Match Report,2022,Everton
2603,2949,41,2022-05-15,16:30,Premier League,Matchweek 37,Sun,Home,L,2.0,3.0,Brentford,2,9.0,4.0,44.4,0.11,0.25,17.4,0.0,1,1,2.1,1.3,0.16,-0.1,-0.3,Match Report,2022,Everton
2604,2950,42,2022-05-19,19:45,Premier League,Matchweek 33,Thu,Home,W,3.0,2.0,Crystal Palace,3,12.0,6.0,50.0,0.25,0.5,18.5,1.0,0,0,0.8,0.8,0.06,2.2,2.2,Match Report,2022,Everton
2605,2951,43,2022-05-22,16:00,Premier League,Matchweek 38,Sun,Away,L,1.0,5.0,Arsenal,1,6.0,2.0,33.3,0.17,0.5,17.7,0.0,0,0,1.1,1.1,0.19,-0.1,-0.1,Match Report,2022,Everton
2606,2953,0,2021-08-14,12:30,Premier League,Matchweek 1,Sat,Away,L,1.0,5.0,Manchester Utd,1,10.0,3.0,30.0,0.1,0.33,21.3,0.0,0,0,0.5,0.5,0.05,0.5,0.5,Match Report,2022,Leeds United
2607,2954,1,2021-08-21,15:00,Premier League,Matchweek 2,Sat,Home,D,2.0,2.0,Everton,2,17.0,4.0,23.5,0.12,0.5,20.9,0.0,0,0,1.2,1.2,0.07,0.8,0.8,Match Report,2022,Leeds United
2608,2956,3,2021-08-29,14:00,Premier League,Matchweek 3,Sun,Away,D,1.0,1.0,Burnley,1,12.0,2.0,16.7,0.08,0.5,16.1,0.0,0,0,1.2,1.2,0.11,-0.2,-0.2,Match Report,2022,Leeds United
2609,2957,4,2021-09-12,16:30,Premier League,Matchweek 4,Sun,Home,L,0.0,3.0,Liverpool,0,9.0,4.0,44.4,0.0,0.0,15.2,0.0,0,0,1.2,1.2,0.14,-1.2,-1.2,Match Report,2022,Leeds United
2610,2958,5,2021-09-17,20:00,Premier League,Matchweek 5,Fri,Away,D,1.0,1.0,Newcastle Utd,1,22.0,9.0,40.9,0.05,0.11,20.4,0.0,0,0,1.5,1.5,0.07,-0.5,-0.5,Match Report,2022,Leeds United
2611,2960,7,2021-09-25,15:00,Premier League,Matchweek 6,Sat,Home,L,1.0,2.0,West Ham,1,15.0,5.0,33.3,0.07,0.2,19.5,0.0,0,0,1.2,1.2,0.08,-0.2,-0.2,Match Report,2022,Leeds United
2612,2961,8,2021-10-02,15:00,Premier League,Matchweek 7,Sat,Home,W,1.0,0.0,Watford,1,20.0,3.0,15.0,0.05,0.33,18.8,1.0,0,0,1.3,1.3,0.07,-0.3,-0.3,Match Report,2022,Leeds United
2613,2962,9,2021-10-16,15:00,Premier League,Matchweek 8,Sat,Away,L,0.0,1.0,Southampton,0,3.0,0.0,0.0,0.0,,21.7,0.0,0,0,0.2,0.2,0.06,-0.2,-0.2,Match Report,2022,Leeds United
2614,2963,10,2021-10-23,15:00,Premier League,Matchweek 9,Sat,Home,D,1.0,1.0,Wolves,1,17.0,3.0,17.6,0.0,0.0,19.2,0.0,1,1,1.6,0.8,0.05,-0.6,-0.8,Match Report,2022,Leeds United
2615,2965,12,2021-10-31,14:00,Premier League,Matchweek 10,Sun,Away,W,2.0,1.0,Norwich City,2,13.0,5.0,38.5,0.15,0.4,20.9,0.0,0,0,0.7,0.7,0.06,1.3,1.3,Match Report,2022,Leeds United
2616,2966,13,2021-11-07,14:00,Premier League,Matchweek 11,Sun,Home,D,1.0,1.0,Leicester City,1,18.0,5.0,27.8,0.06,0.2,17.7,1.0,0,0,1.3,1.3,0.08,-0.3,-0.3,Match Report,2022,Leeds United
2617,2967,14,2021-11-21,16:30,Premier League,Matchweek 12,Sun,Away,L,1.0,2.0,Tottenham,1,18.0,7.0,38.9,0.06,0.14,21.4,1.0,0,0,1.4,1.4,0.08,-0.4,-0.4,Match Report,2022,Leeds United
2618,2968,15,2021-11-27,17:30,Premier League,Matchweek 13,Sat,Away,D,0.0,0.0,Brighton,0,11.0,4.0,36.4,0.0,0.0,17.4,1.0,0,0,0.6,0.6,0.06,-0.6,-0.6,Match Report,2022,Leeds United
2619,2969,16,2021-11-30,20:15,Premier League,Matchweek 14,Tue,Home,W,1.0,0.0,Crystal Palace,1,14.0,2.0,14.3,0.0,0.0,20.1,0.0,1,1,1.4,0.6,0.04,-0.4,-0.6,Match Report,2022,Leeds United
2620,2970,17,2021-12-05,14:00,Premier League,Matchweek 15,Sun,Home,D,2.0,2.0,Brentford,2,13.0,6.0,46.2,0.15,0.33,17.3,0.0,0,0,1.2,1.2,0.1,0.8,0.8,Match Report,2022,Leeds United
2621,2971,18,2021-12-11,15:00,Premier League,Matchweek 16,Sat,Away,L,2.0,3.0,Chelsea,2,11.0,4.0,36.4,0.09,0.25,19.4,2.0,1,1,1.4,0.7,0.06,0.6,0.3,Match Report,2022,Leeds United
2622,2972,19,2021-12-14,20:00,Premier League,Matchweek 17,Tue,Away,L,0.0,7.0,Manchester City,0,6.0,3.0,50.0,0.0,0.0,25.3,1.0,0,0,0.3,0.3,0.05,-0.3,-0.3,Match Report,2022,Leeds United
2623,2973,20,2021-12-18,17:30,Premier League,Matchweek 18,Sat,Home,L,1.0,4.0,Arsenal,1,8.0,1.0,12.5,0.0,0.0,24.8,0.0,1,1,1.6,0.8,0.11,-0.6,-0.8,Match Report,2022,Leeds United
2624,2974,21,2022-01-02,14:00,Premier League,Matchweek 21,Sun,Home,W,3.0,1.0,Burnley,3,22.0,7.0,31.8,0.14,0.43,18.9,0.0,0,0,1.9,1.9,0.09,1.1,1.1,Match Report,2022,Leeds United
2625,2976,23,2022-01-16,14:00,Premier League,Matchweek 22,Sun,Away,W,3.0,2.0,West Ham,3,18.0,5.0,27.8,0.17,0.6,16.8,2.0,0,0,2.2,2.2,0.12,0.8,0.8,Match Report,2022,Leeds United
2626,2977,24,2022-01-22,15:00,Premier League,Matchweek 23,Sat,Home,L,0.0,1.0,Newcastle Utd,0,13.0,4.0,30.8,0.0,0.0,16.1,0.0,0,0,0.7,0.7,0.05,-0.7,-0.7,Match Report,2022,Leeds United
2627,2978,25,2022-02-09,20:00,Premier League,Matchweek 24,Wed,Away,D,3.0,3.0,Aston Villa,3,16.0,7.0,43.8,0.19,0.43,13.9,0.0,0,0,1.8,1.8,0.12,1.2,1.2,Match Report,2022,Leeds United
2628,2979,26,2022-02-12,15:00,Premier League,Matchweek 25,Sat,Away,L,0.0,3.0,Everton,0,7.0,0.0,0.0,0.0,,24.1,0.0,0,0,0.3,0.3,0.04,-0.3,-0.3,Match Report,2022,Leeds United
2629,2980,27,2022-02-20,14:00,Premier League,Matchweek 26,Sun,Home,L,2.0,4.0,Manchester Utd,2,16.0,6.0,37.5,0.13,0.33,19.3,0.0,0,0,1.8,1.8,0.11,0.2,0.2,Match Report,2022,Leeds United
2630,2981,28,2022-02-23,19:45,Premier League,Matchweek 19,Wed,Away,L,0.0,6.0,Liverpool,0,3.0,2.0,66.7,0.0,0.0,21.1,0.0,0,0,0.2,0.2,0.08,-0.2,-0.2,Match Report,2022,Leeds United
2631,2982,29,2022-02-26,12:30,Premier League,Matchweek 27,Sat,Home,L,0.0,4.0,Tottenham,0,19.0,2.0,10.5,0.0,0.0,18.0,1.0,0,0,1.5,1.5,0.08,-1.5,-1.5,Match Report,2022,Leeds United
2632,2983,30,2022-03-05,12:30,Premier League,Matchweek 28,Sat,Away,L,0.0,1.0,Leicester City,0,19.0,4.0,21.1,0.0,0.0,13.3,0.0,0,0,1.7,1.7,0.09,-1.7,-1.7,Match Report,2022,Leeds United
2633,2984,31,2022-03-10,19:45,Premier League,Matchweek 20,Thu,Home,L,0.0,3.0,Aston Villa,0,4.0,1.0,25.0,0.0,0.0,22.5,0.0,0,0,0.2,0.2,0.05,-0.2,-0.2,Match Report,2022,Leeds United
2634,2985,32,2022-03-13,14:00,Premier League,Matchweek 29,Sun,Home,W,2.0,1.0,Norwich City,2,13.0,7.0,53.8,0.15,0.29,14.4,1.0,0,0,2.5,2.5,0.22,-0.5,-0.5,Match Report,2022,Leeds United
2635,2986,33,2022-03-18,20:00,Premier League,Matchweek 30,Fri,Away,W,3.0,2.0,Wolves,3,15.0,5.0,33.3,0.2,0.6,13.8,1.0,0,0,2.0,2.0,0.15,1.0,1.0,Match Report,2022,Leeds United
2636,2987,34,2022-04-02,15:00,Premier League,Matchweek 31,Sat,Home,D,1.0,1.0,Southampton,1,12.0,3.0,25.0,0.08,0.33,17.8,0.0,0,0,1.2,1.2,0.1,-0.2,-0.2,Match Report,2022,Leeds United
2637,2988,35,2022-04-09,15:00,Premier League,Matchweek 32,Sat,Away,W,3.0,0.0,Watford,3,10.0,5.0,50.0,0.3,0.6,17.9,0.0,0,0,0.7,0.7,0.07,2.3,2.3,Match Report,2022,Leeds United
2638,2989,36,2022-04-25,20:00,Premier League,Matchweek 34,Mon,Away,D,0.0,0.0,Crystal Palace,0,9.0,2.0,22.2,0.0,0.0,17.4,0.0,0,0,0.5,0.5,0.05,-0.5,-0.5,Match Report,2022,Leeds United
2639,2990,37,2022-04-30,17:30,Premier League,Matchweek 35,Sat,Home,L,0.0,4.0,Manchester City,0,7.0,1.0,14.3,0.0,0.0,12.2,0.0,0,0,1.3,1.3,0.2,-1.3,-1.3,Match Report,2022,Leeds United
2640,2991,38,2022-05-08,14:00,Premier League,Matchweek 36,Sun,Away,L,1.0,2.0,Arsenal,1,3.0,2.0,66.7,0.33,0.5,11.0,0.0,0,0,0.3,0.3,0.1,0.7,0.7,Match Report,2022,Leeds United
2641,2992,39,2022-05-11,19:30,Premier League,Matchweek 33,Wed,Home,L,0.0,3.0,Chelsea,0,5.0,0.0,0.0,0.0,,19.3,0.0,0,0,0.4,0.4,0.08,-0.4,-0.4,Match Report,2022,Leeds United
2642,2993,40,2022-05-15,14:00,Premier League,Matchweek 37,Sun,Home,D,1.0,1.0,Brighton,1,19.0,4.0,21.1,0.05,0.25,15.1,1.0,0,0,1.6,1.6,0.09,-0.6,-0.6,Match Report,2022,Leeds United
2643,2994,41,2022-05-22,16:00,Premier League,Matchweek 38,Sun,Away,W,2.0,1.0,Brentford,2,13.0,5.0,38.5,0.08,0.2,24.7,0.0,1,1,1.3,0.5,0.04,0.7,0.5,Match Report,2022,Leeds United
2644,2996,0,2021-08-14,15:00,Premier League,Matchweek 1,Sat,Home,L,1.0,2.0,Brighton,1,14.0,3.0,21.4,0.07,0.33,16.2,1.0,0,0,1.5,1.5,0.1,-0.5,-0.5,Match Report,2022,Burnley
2645,2997,1,2021-08-21,12:30,Premier League,Matchweek 2,Sat,Away,L,0.0,2.0,Liverpool,0,9.0,3.0,33.3,0.0,0.0,15.3,0.0,0,0,0.9,0.9,0.1,-0.9,-0.9,Match Report,2022,Burnley
2646,2999,3,2021-08-29,14:00,Premier League,Matchweek 3,Sun,Home,D,1.0,1.0,Leeds United,1,12.0,3.0,25.0,0.08,0.33,16.5,0.0,0,0,1.0,1.0,0.09,0.0,0.0,Match Report,2022,Burnley
2647,3000,4,2021-09-13,20:00,Premier League,Matchweek 4,Mon,Away,L,1.0,3.0,Everton,1,11.0,6.0,54.5,0.09,0.17,16.8,0.0,0,0,1.0,1.0,0.09,0.0,0.0,Match Report,2022,Burnley
2648,3001,5,2021-09-18,15:00,Premier League,Matchweek 5,Sat,Home,L,0.0,1.0,Arsenal,0,18.0,3.0,16.7,0.0,0.0,15.4,0.0,0,0,1.0,1.0,0.06,-1.0,-1.0,Match Report,2022,Burnley
2649,3003,7,2021-09-25,15:00,Premier League,Matchweek 6,Sat,Away,D,2.0,2.0,Leicester City,1,9.0,3.0,33.3,0.11,0.33,22.7,1.0,0,0,0.5,0.5,0.05,0.5,0.5,Match Report,2022,Burnley
2650,3004,8,2021-10-02,15:00,Premier League,Matchweek 7,Sat,Home,D,0.0,0.0,Norwich City,0,14.0,4.0,28.6,0.0,0.0,16.6,1.0,0,0,1.2,1.2,0.08,-1.2,-1.2,Match Report,2022,Burnley
2651,3005,9,2021-10-16,15:00,Premier League,Matchweek 8,Sat,Away,L,0.0,2.0,Manchester City,0,7.0,2.0,28.6,0.0,0.0,14.5,0.0,0,0,0.9,0.9,0.13,-0.9,-0.9,Match Report,2022,Burnley
2652,3006,10,2021-10-23,15:00,Premier League,Matchweek 9,Sat,Away,D,2.0,2.0,Southampton,2,9.0,5.0,55.6,0.22,0.4,20.9,0.0,0,0,0.7,0.7,0.08,1.3,1.3,Match Report,2022,Burnley
2653,3008,12,2021-10-30,15:00,Premier League,Matchweek 10,Sat,Home,W,3.0,1.0,Brentford,3,15.0,5.0,33.3,0.2,0.6,16.6,1.0,0,0,2.3,2.3,0.18,0.7,0.7,Match Report,2022,Burnley
2654,3009,13,2021-11-06,15:00,Premier League,Matchweek 11,Sat,Away,D,1.0,1.0,Chelsea,1,5.0,2.0,40.0,0.2,0.5,15.9,0.0,0,0,0.7,0.7,0.13,0.3,0.3,Match Report,2022,Burnley
2655,3010,14,2021-11-20,15:00,Premier League,Matchweek 12,Sat,Home,D,3.0,3.0,Crystal Palace,3,15.0,9.0,60.0,0.2,0.33,16.1,1.0,0,0,1.5,1.5,0.1,1.5,1.5,Match Report,2022,Burnley
2656,3011,15,2021-12-01,19:30,Premier League,Matchweek 14,Wed,Away,D,0.0,0.0,Wolves,0,6.0,1.0,16.7,0.0,0.0,21.3,0.0,0,0,0.2,0.2,0.04,-0.2,-0.2,Match Report,2022,Burnley
2657,3012,16,2021-12-04,15:00,Premier League,Matchweek 15,Sat,Away,L,0.0,1.0,Newcastle Utd,0,10.0,1.0,10.0,0.0,0.0,18.8,2.0,0,0,0.6,0.6,0.06,-0.6,-0.6,Match Report,2022,Burnley
2658,3013,17,2021-12-12,14:00,Premier League,Matchweek 16,Sun,Home,D,0.0,0.0,West Ham,0,9.0,1.0,11.1,0.0,0.0,15.2,0.0,0,0,0.8,0.8,0.09,-0.8,-0.8,Match Report,2022,Burnley
2659,3014,18,2021-12-30,20:15,Premier League,Matchweek 20,Thu,Away,L,1.0,3.0,Manchester Utd,1,10.0,3.0,30.0,0.1,0.33,13.3,0.0,0,0,1.1,1.1,0.11,-0.1,-0.1,Match Report,2022,Burnley
2660,3015,19,2022-01-02,14:00,Premier League,Matchweek 21,Sun,Away,L,1.0,3.0,Leeds United,1,8.0,2.0,25.0,0.13,0.5,17.8,1.0,0,0,1.0,1.0,0.12,0.0,0.0,Match Report,2022,Burnley
2661,3017,21,2022-01-23,14:00,Premier League,Matchweek 23,Sun,Away,D,0.0,0.0,Arsenal,0,10.0,1.0,10.0,0.0,0.0,21.2,0.0,0,0,0.4,0.4,0.04,-0.4,-0.4,Match Report,2022,Burnley
2662,3018,22,2022-02-05,18:00,Premier League,Matchweek 17,Sat,Home,D,0.0,0.0,Watford,0,13.0,2.0,15.4,0.0,0.0,19.5,1.0,0,0,0.6,0.6,0.05,-0.6,-0.6,Match Report,2022,Burnley
2663,3019,23,2022-02-08,20:00,Premier League,Matchweek 24,Tue,Home,D,1.0,1.0,Manchester Utd,1,9.0,3.0,33.3,0.11,0.33,20.5,0.0,0,0,0.4,0.4,0.04,0.6,0.6,Match Report,2022,Burnley
2664,3020,24,2022-02-13,14:00,Premier League,Matchweek 25,Sun,Home,L,0.0,1.0,Liverpool,0,8.0,5.0,62.5,0.0,0.0,19.3,0.0,0,0,1.5,1.5,0.19,-1.5,-1.5,Match Report,2022,Burnley
2665,3021,25,2022-02-19,15:00,Premier League,Matchweek 26,Sat,Away,W,3.0,0.0,Brighton,3,10.0,4.0,40.0,0.3,0.75,19.7,0.0,0,0,0.7,0.7,0.07,2.3,2.3,Match Report,2022,Burnley
2666,3022,26,2022-02-23,19:30,Premier League,Matchweek 13,Wed,Home,W,1.0,0.0,Tottenham,1,15.0,4.0,26.7,0.07,0.25,17.3,0.0,0,0,0.9,0.9,0.07,0.1,0.1,Match Report,2022,Burnley
2667,3023,27,2022-02-26,15:00,Premier League,Matchweek 27,Sat,Away,D,1.0,1.0,Crystal Palace,0,5.0,1.0,20.0,0.0,0.0,19.2,0.0,0,0,0.2,0.2,0.04,-0.2,-0.2,Match Report,2022,Burnley
2668,3024,28,2022-03-01,19:45,Premier League,Matchweek 22,Tue,Home,L,0.0,2.0,Leicester City,0,9.0,2.0,22.2,0.0,0.0,16.6,0.0,0,0,0.9,0.9,0.1,-0.9,-0.9,Match Report,2022,Burnley
2669,3025,29,2022-03-05,15:00,Premier League,Matchweek 28,Sat,Home,L,0.0,4.0,Chelsea,0,6.0,0.0,0.0,0.0,,17.2,1.0,0,0,0.7,0.7,0.13,-0.7,-0.7,Match Report,2022,Burnley
2670,3026,30,2022-03-12,15:00,Premier League,Matchweek 29,Sat,Away,L,0.0,2.0,Brentford,0,7.0,1.0,14.3,0.0,0.0,21.4,1.0,0,0,0.7,0.7,0.1,-0.7,-0.7,Match Report,2022,Burnley
2671,3027,31,2022-04-02,15:00,Premier League,Matchweek 31,Sat,Home,L,0.0,2.0,Manchester City,0,3.0,1.0,33.3,0.0,0.0,18.3,0.0,0,0,0.1,0.1,0.03,-0.1,-0.1,Match Report,2022,Burnley
2672,3028,32,2022-04-06,19:30,Premier League,Matchweek 19,Wed,Home,W,3.0,2.0,Everton,3,13.0,4.0,30.8,0.23,0.75,15.6,0.0,0,0,2.0,2.0,0.16,1.0,1.0,Match Report,2022,Burnley
2673,3029,33,2022-04-10,14:00,Premier League,Matchweek 32,Sun,Away,L,0.0,2.0,Norwich City,0,18.0,3.0,16.7,0.0,0.0,17.4,1.0,0,0,1.7,1.7,0.1,-1.7,-1.7,Match Report,2022,Burnley
2674,3030,34,2022-04-17,14:15,Premier League,Matchweek 33,Sun,Away,D,1.0,1.0,West Ham,1,8.0,1.0,12.5,0.13,1.0,16.4,0.0,0,1,1.8,1.0,0.15,-0.8,0.0,Match Report,2022,Burnley
2675,3031,35,2022-04-21,19:45,Premier League,Matchweek 30,Thu,Home,W,2.0,0.0,Southampton,2,16.0,6.0,37.5,0.13,0.33,14.2,0.0,0,0,1.5,1.5,0.1,0.5,0.5,Match Report,2022,Burnley
2676,3032,36,2022-04-24,14:00,Premier League,Matchweek 34,Sun,Home,W,1.0,0.0,Wolves,1,14.0,5.0,35.7,0.07,0.2,18.8,0.0,0,0,1.4,1.4,0.1,-0.4,-0.4,Match Report,2022,Burnley
2677,3033,37,2022-04-30,15:00,Premier League,Matchweek 35,Sat,Away,W,2.0,1.0,Watford,2,17.0,6.0,35.3,0.12,0.33,15.9,1.0,0,0,1.6,1.6,0.1,0.4,0.4,Match Report,2022,Burnley
2678,3034,38,2022-05-07,15:00,Premier League,Matchweek 36,Sat,Home,L,1.0,3.0,Aston Villa,1,14.0,6.0,42.9,0.07,0.17,16.4,0.0,0,0,1.9,1.9,0.14,-0.9,-0.9,Match Report,2022,Burnley
2679,3035,39,2022-05-15,12:00,Premier League,Matchweek 37,Sun,Away,L,0.0,1.0,Tottenham,0,8.0,1.0,12.5,0.0,0.0,15.4,0.0,0,0,0.7,0.7,0.09,-0.7,-0.7,Match Report,2022,Burnley
2680,3036,40,2022-05-19,20:00,Premier League,Matchweek 18,Thu,Away,D,1.0,1.0,Aston Villa,1,9.0,3.0,33.3,0.0,0.0,17.2,0.0,1,1,1.6,0.8,0.1,-0.6,-0.8,Match Report,2022,Burnley
2681,3037,41,2022-05-22,16:00,Premier League,Matchweek 38,Sun,Home,L,1.0,2.0,Newcastle Utd,1,12.0,4.0,33.3,0.08,0.25,15.7,1.0,0,0,1.6,1.6,0.14,-0.6,-0.6,Match Report,2022,Burnley
2682,3039,0,2021-08-14,15:00,Premier League,Matchweek 1,Sat,Home,W,3.0,2.0,Aston Villa,3,13.0,7.0,53.8,0.23,0.43,17.9,0.0,0,0,1.2,1.2,0.09,1.8,1.8,Match Report,2022,Watford
2683,3040,1,2021-08-21,17:30,Premier League,Matchweek 2,Sat,Away,L,0.0,2.0,Brighton,0,10.0,1.0,10.0,0.0,0.0,19.3,0.0,0,0,0.5,0.5,0.06,-0.5,-0.5,Match Report,2022,Watford
2684,3042,3,2021-08-29,14:00,Premier League,Matchweek 3,Sun,Away,L,0.0,1.0,Tottenham,0,9.0,2.0,22.2,0.0,0.0,16.3,1.0,0,0,0.8,0.8,0.09,-0.8,-0.8,Match Report,2022,Watford
2685,3043,4,2021-09-11,15:00,Premier League,Matchweek 4,Sat,Home,L,0.0,2.0,Wolves,0,6.0,2.0,33.3,0.0,0.0,23.1,0.0,0,0,0.2,0.2,0.04,-0.2,-0.2,Match Report,2022,Watford
2686,3044,5,2021-09-18,15:00,Premier League,Matchweek 5,Sat,Away,W,3.0,1.0,Norwich City,3,12.0,8.0,66.7,0.25,0.38,13.5,0.0,0,0,2.4,2.4,0.22,0.6,0.6,Match Report,2022,Watford
2687,3046,7,2021-09-25,15:00,Premier League,Matchweek 6,Sat,Home,D,1.0,1.0,Newcastle Utd,1,15.0,4.0,26.7,0.07,0.25,21.2,1.0,0,0,0.9,0.9,0.06,0.1,0.1,Match Report,2022,Watford
2688,3047,8,2021-10-02,15:00,Premier League,Matchweek 7,Sat,Away,L,0.0,1.0,Leeds United,0,5.0,1.0,20.0,0.0,0.0,19.4,0.0,0,0,0.2,0.2,0.04,-0.2,-0.2,Match Report,2022,Watford
2689,3048,9,2021-10-16,12:30,Premier League,Matchweek 8,Sat,Home,L,0.0,5.0,Liverpool,0,6.0,2.0,33.3,0.0,0.0,18.2,0.0,0,0,0.5,0.5,0.08,-0.5,-0.5,Match Report,2022,Watford
2690,3049,10,2021-10-23,15:00,Premier League,Matchweek 9,Sat,Away,W,5.0,2.0,Everton,5,20.0,8.0,40.0,0.25,0.63,19.2,0.0,0,0,3.7,3.7,0.19,1.3,1.3,Match Report,2022,Watford
2691,3050,11,2021-10-30,15:00,Premier League,Matchweek 10,Sat,Home,L,0.0,1.0,Southampton,0,10.0,3.0,30.0,0.0,0.0,20.2,1.0,0,0,1.0,1.0,0.1,-1.0,-1.0,Match Report,2022,Watford
2692,3051,12,2021-11-07,14:00,Premier League,Matchweek 11,Sun,Away,L,0.0,1.0,Arsenal,0,7.0,1.0,14.3,0.0,0.0,19.7,0.0,0,0,0.5,0.5,0.07,-0.5,-0.5,Match Report,2022,Watford
2693,3052,13,2021-11-20,15:00,Premier League,Matchweek 12,Sat,Home,W,4.0,1.0,Manchester Utd,4,19.0,6.0,31.6,0.21,0.67,15.9,2.0,0,1,2.7,1.9,0.1,1.3,2.1,Match Report,2022,Watford
2694,3053,14,2021-11-28,14:00,Premier League,Matchweek 13,Sun,Away,L,2.0,4.0,Leicester City,2,16.0,4.0,25.0,0.06,0.25,16.4,1.0,1,1,2.8,2.0,0.13,-0.8,-1.0,Match Report,2022,Watford
2695,3054,15,2021-12-01,19:30,Premier League,Matchweek 14,Wed,Home,L,1.0,2.0,Chelsea,1,14.0,6.0,42.9,0.07,0.17,21.4,2.0,0,0,1.0,1.0,0.07,0.0,0.0,Match Report,2022,Watford
2696,3055,16,2021-12-04,17:30,Premier League,Matchweek 15,Sat,Home,L,1.0,3.0,Manchester City,1,11.0,4.0,36.4,0.09,0.25,19.6,1.0,0,0,0.8,0.8,0.07,0.2,0.2,Match Report,2022,Watford
2697,3056,17,2021-12-10,20:00,Premier League,Matchweek 16,Fri,Away,L,1.0,2.0,Brentford,1,6.0,2.0,33.3,0.17,0.5,14.9,1.0,0,0,0.5,0.5,0.08,0.5,0.5,Match Report,2022,Watford
2698,3057,18,2021-12-28,15:00,Premier League,Matchweek 20,Tue,Home,L,1.0,4.0,West Ham,1,14.0,5.0,35.7,0.07,0.2,15.2,0.0,0,0,1.6,1.6,0.12,-0.6,-0.6,Match Report,2022,Watford
2699,3058,19,2022-01-01,15:00,Premier League,Matchweek 21,Sat,Home,L,0.0,1.0,Tottenham,0,6.0,4.0,66.7,0.0,0.0,19.0,1.0,0,0,0.3,0.3,0.05,-0.3,-0.3,Match Report,2022,Watford
2700,3060,21,2022-01-15,15:00,Premier League,Matchweek 22,Sat,Away,D,1.0,1.0,Newcastle Utd,1,18.0,5.0,27.8,0.06,0.2,19.3,2.0,0,0,1.4,1.4,0.08,-0.4,-0.4,Match Report,2022,Watford
2701,3061,22,2022-01-21,20:00,Premier League,Matchweek 23,Fri,Home,L,0.0,3.0,Norwich City,0,15.0,3.0,20.0,0.0,0.0,19.1,0.0,0,0,1.2,1.2,0.08,-1.2,-1.2,Match Report,2022,Watford
2702,3062,23,2022-02-05,18:00,Premier League,Matchweek 17,Sat,Away,D,0.0,0.0,Burnley,0,11.0,5.0,45.5,0.0,0.0,16.3,0.0,0,0,0.8,0.8,0.07,-0.8,-0.8,Match Report,2022,Watford
2703,3063,24,2022-02-08,19:45,Premier League,Matchweek 24,Tue,Away,L,0.0,1.0,West Ham,0,6.0,1.0,16.7,0.0,0.0,22.6,0.0,0,0,0.3,0.3,0.06,-0.3,-0.3,Match Report,2022,Watford
2704,3064,25,2022-02-12,15:00,Premier League,Matchweek 25,Sat,Home,L,0.0,2.0,Brighton,0,9.0,1.0,11.1,0.0,0.0,17.4,1.0,0,0,0.5,0.5,0.06,-0.5,-0.5,Match Report,2022,Watford
2705,3065,26,2022-02-19,15:00,Premier League,Matchweek 26,Sat,Away,W,1.0,0.0,Aston Villa,1,8.0,4.0,50.0,0.13,0.25,18.1,0.0,0,0,1.2,1.2,0.15,-0.2,-0.2,Match Report,2022,Watford
2706,3066,27,2022-02-23,19:30,Premier League,Matchweek 18,Wed,Home,L,1.0,4.0,Crystal Palace,1,8.0,1.0,12.5,0.13,1.0,13.3,0.0,0,0,1.4,1.4,0.17,-0.4,-0.4,Match Report,2022,Watford
2707,3067,28,2022-02-26,15:00,Premier League,Matchweek 27,Sat,Away,D,0.0,0.0,Manchester Utd,0,10.0,2.0,20.0,0.0,0.0,21.7,0.0,0,0,0.6,0.6,0.06,-0.6,-0.6,Match Report,2022,Watford
2708,3068,29,2022-03-06,14:00,Premier League,Matchweek 28,Sun,Home,L,2.0,3.0,Arsenal,2,13.0,7.0,53.8,0.15,0.29,19.0,2.0,0,0,1.0,1.0,0.07,1.0,1.0,Match Report,2022,Watford
2709,3069,30,2022-03-10,19:30,Premier League,Matchweek 19,Thu,Away,L,0.0,4.0,Wolves,0,9.0,0.0,0.0,0.0,,21.8,2.0,0,0,0.6,0.6,0.07,-0.6,-0.6,Match Report,2022,Watford
2710,3070,31,2022-03-13,14:00,Premier League,Matchweek 29,Sun,Away,W,2.0,1.0,Southampton,2,9.0,5.0,55.6,0.22,0.4,16.9,0.0,0,0,1.7,1.7,0.19,0.3,0.3,Match Report,2022,Watford
2711,3071,32,2022-04-02,12:30,Premier League,Matchweek 31,Sat,Away,L,0.0,2.0,Liverpool,0,5.0,2.0,40.0,0.0,0.0,15.3,0.0,0,0,0.6,0.6,0.13,-0.6,-0.6,Match Report,2022,Watford
2712,3072,33,2022-04-09,15:00,Premier League,Matchweek 32,Sat,Home,L,0.0,3.0,Leeds United,0,8.0,1.0,12.5,0.0,0.0,26.0,1.0,0,0,1.1,1.1,0.14,-1.1,-1.1,Match Report,2022,Watford
2713,3073,34,2022-04-16,15:00,Premier League,Matchweek 33,Sat,Home,L,1.0,2.0,Brentford,1,18.0,4.0,22.2,0.06,0.25,16.3,2.0,0,0,1.7,1.7,0.11,-0.7,-0.7,Match Report,2022,Watford
2714,3074,35,2022-04-23,15:00,Premier League,Matchweek 34,Sat,Away,L,1.0,5.0,Manchester City,1,5.0,2.0,40.0,0.2,0.5,14.5,0.0,0,0,0.5,0.5,0.1,0.5,0.5,Match Report,2022,Watford
2715,3075,36,2022-04-30,15:00,Premier League,Matchweek 35,Sat,Home,L,1.0,2.0,Burnley,0,13.0,1.0,7.7,0.0,0.0,15.5,1.0,0,0,1.0,1.0,0.08,-1.0,-1.0,Match Report,2022,Watford
2716,3076,37,2022-05-07,15:00,Premier League,Matchweek 36,Sat,Away,L,0.0,1.0,Crystal Palace,0,6.0,1.0,16.7,0.0,0.0,17.7,0.0,0,0,0.4,0.4,0.07,-0.4,-0.4,Match Report,2022,Watford
2717,3077,38,2022-05-11,19:45,Premier League,Matchweek 30,Wed,Home,D,0.0,0.0,Everton,0,6.0,0.0,0.0,0.0,,20.0,1.0,0,0,0.3,0.3,0.05,-0.3,-0.3,Match Report,2022,Watford
2718,3078,39,2022-05-15,14:00,Premier League,Matchweek 37,Sun,Home,L,1.0,5.0,Leicester City,1,13.0,5.0,38.5,0.08,0.2,12.4,0.0,0,0,1.4,1.4,0.11,-0.4,-0.4,Match Report,2022,Watford
2719,3079,40,2022-05-22,16:00,Premier League,Matchweek 38,Sun,Away,L,1.0,2.0,Chelsea,1,8.0,3.0,37.5,0.13,0.33,21.9,1.0,0,0,0.6,0.6,0.08,0.4,0.4,Match Report,2022,Watford
2720,3081,0,2021-08-14,17:30,Premier League,Matchweek 1,Sat,Home,L,0.0,3.0,Liverpool,0,14.0,3.0,21.4,0.0,0.0,17.1,0.0,0,0,1.4,1.4,0.16,-1.4,-1.4,Match Report,2022,Norwich City
2721,3082,1,2021-08-21,15:00,Premier League,Matchweek 2,Sat,Away,L,0.0,5.0,Manchester City,0,1.0,0.0,0.0,0.0,,16.8,0.0,0,0,0.1,0.1,0.06,-0.1,-0.1,Match Report,2022,Norwich City
2722,3084,3,2021-08-28,15:00,Premier League,Matchweek 3,Sat,Home,L,1.0,2.0,Leicester City,1,13.0,3.0,23.1,0.0,0.0,22.6,1.0,1,1,1.5,0.7,0.06,-0.5,-0.7,Match Report,2022,Norwich City
2723,3085,4,2021-09-11,15:00,Premier League,Matchweek 4,Sat,Away,L,0.0,1.0,Arsenal,0,10.0,1.0,10.0,0.0,0.0,19.9,1.0,0,0,0.7,0.7,0.07,-0.7,-0.7,Match Report,2022,Norwich City
2724,3086,5,2021-09-18,15:00,Premier League,Matchweek 5,Sat,Home,L,1.0,3.0,Watford,1,12.0,5.0,41.7,0.08,0.2,20.7,1.0,0,0,1.0,1.0,0.08,0.0,0.0,Match Report,2022,Norwich City
2725,3088,7,2021-09-25,15:00,Premier League,Matchweek 6,Sat,Away,L,0.0,2.0,Everton,0,10.0,2.0,20.0,0.0,0.0,22.3,1.0,0,0,0.5,0.5,0.05,-0.5,-0.5,Match Report,2022,Norwich City
2726,3089,8,2021-10-02,15:00,Premier League,Matchweek 7,Sat,Away,D,0.0,0.0,Burnley,0,10.0,2.0,20.0,0.0,0.0,20.7,2.0,0,0,0.6,0.6,0.06,-0.6,-0.6,Match Report,2022,Norwich City
2727,3090,9,2021-10-16,15:00,Premier League,Matchweek 8,Sat,Home,D,0.0,0.0,Brighton,0,15.0,2.0,13.3,0.0,0.0,21.7,1.0,0,0,1.2,1.2,0.08,-1.2,-1.2,Match Report,2022,Norwich City
2728,3091,10,2021-10-23,12:30,Premier League,Matchweek 9,Sat,Away,L,0.0,7.0,Chelsea,0,3.0,1.0,33.3,0.0,0.0,20.8,0.0,0,0,0.1,0.1,0.04,-0.1,-0.1,Match Report,2022,Norwich City
2729,3092,11,2021-10-31,14:00,Premier League,Matchweek 10,Sun,Home,L,1.0,2.0,Leeds United,1,14.0,3.0,21.4,0.07,0.33,21.8,3.0,0,0,0.8,0.8,0.06,0.2,0.2,Match Report,2022,Norwich City
2730,3093,12,2021-11-06,15:00,Premier League,Matchweek 11,Sat,Away,W,2.0,1.0,Brentford,2,8.0,4.0,50.0,0.13,0.25,25.6,1.0,1,1,1.2,0.4,0.05,0.8,0.6,Match Report,2022,Norwich City
2731,3094,13,2021-11-20,15:00,Premier League,Matchweek 12,Sat,Home,W,2.0,1.0,Southampton,2,8.0,4.0,50.0,0.25,0.5,16.3,0.0,0,0,0.5,0.5,0.07,1.5,1.5,Match Report,2022,Norwich City
2732,3095,14,2021-11-27,15:00,Premier League,Matchweek 13,Sat,Home,D,0.0,0.0,Wolves,0,14.0,4.0,28.6,0.0,0.0,18.2,1.0,0,0,1.6,1.6,0.12,-1.6,-1.6,Match Report,2022,Norwich City
2733,3096,15,2021-11-30,19:30,Premier League,Matchweek 14,Tue,Away,D,1.0,1.0,Newcastle Utd,1,16.0,6.0,37.5,0.06,0.17,16.9,1.0,0,0,1.2,1.2,0.08,-0.2,-0.2,Match Report,2022,Norwich City
2734,3097,16,2021-12-05,14:00,Premier League,Matchweek 15,Sun,Away,L,0.0,3.0,Tottenham,0,10.0,1.0,10.0,0.0,0.0,16.2,0.0,0,0,1.2,1.2,0.13,-1.2,-1.2,Match Report,2022,Norwich City
2735,3098,17,2021-12-11,17:30,Premier League,Matchweek 16,Sat,Home,L,0.0,1.0,Manchester Utd,0,11.0,5.0,45.5,0.0,0.0,14.2,0.0,0,0,1.2,1.2,0.11,-1.2,-1.2,Match Report,2022,Norwich City
2736,3099,18,2021-12-14,19:45,Premier League,Matchweek 17,Tue,Home,L,0.0,2.0,Aston Villa,0,7.0,3.0,42.9,0.0,0.0,14.3,0.0,0,0,0.5,0.5,0.06,-0.5,-0.5,Match Report,2022,Norwich City
2737,3100,19,2021-12-26,15:00,Premier League,Matchweek 19,Sun,Home,L,0.0,5.0,Arsenal,0,4.0,2.0,50.0,0.0,0.0,17.9,0.0,0,0,0.1,0.1,0.03,-0.1,-0.1,Match Report,2022,Norwich City
2738,3101,20,2021-12-28,15:00,Premier League,Matchweek 20,Tue,Away,L,0.0,3.0,Crystal Palace,0,12.0,2.0,16.7,0.0,0.0,17.7,0.0,0,0,0.9,0.9,0.08,-0.9,-0.9,Match Report,2022,Norwich City
2739,3103,22,2022-01-12,19:45,Premier League,Matchweek 18,Wed,Away,L,0.0,2.0,West Ham,0,7.0,3.0,42.9,0.0,0.0,21.4,0.0,0,0,0.3,0.3,0.04,-0.3,-0.3,Match Report,2022,Norwich City
2740,3104,23,2022-01-15,15:00,Premier League,Matchweek 22,Sat,Home,W,2.0,1.0,Everton,1,14.0,3.0,21.4,0.07,0.33,21.5,0.0,0,0,1.0,1.0,0.07,0.0,0.0,Match Report,2022,Norwich City
2741,3105,24,2022-01-21,20:00,Premier League,Matchweek 23,Fri,Away,W,3.0,0.0,Watford,2,7.0,2.0,28.6,0.29,1.0,15.7,1.0,0,0,1.1,1.1,0.16,0.9,0.9,Match Report,2022,Norwich City
2742,3107,26,2022-02-09,19:45,Premier League,Matchweek 24,Wed,Home,D,1.0,1.0,Crystal Palace,1,5.0,1.0,20.0,0.2,1.0,15.7,0.0,0,0,0.4,0.4,0.08,0.6,0.6,Match Report,2022,Norwich City
2743,3108,27,2022-02-12,17:30,Premier League,Matchweek 25,Sat,Home,L,0.0,4.0,Manchester City,0,8.0,3.0,37.5,0.0,0.0,14.4,0.0,0,0,0.4,0.4,0.05,-0.4,-0.4,Match Report,2022,Norwich City
2744,3109,28,2022-02-19,15:00,Premier League,Matchweek 26,Sat,Away,L,1.0,3.0,Liverpool,1,6.0,1.0,16.7,0.17,1.0,17.8,0.0,0,0,0.6,0.6,0.1,0.4,0.4,Match Report,2022,Norwich City
2745,3110,29,2022-02-25,20:00,Premier League,Matchweek 27,Fri,Away,L,0.0,2.0,Southampton,0,8.0,1.0,12.5,0.0,0.0,18.1,0.0,0,0,0.6,0.6,0.07,-0.6,-0.6,Match Report,2022,Norwich City
2746,3112,31,2022-03-05,15:00,Premier League,Matchweek 28,Sat,Home,L,1.0,3.0,Brentford,1,15.0,7.0,46.7,0.07,0.14,18.6,0.0,0,0,1.0,1.0,0.07,0.0,0.0,Match Report,2022,Norwich City
2747,3113,32,2022-03-10,19:30,Premier League,Matchweek 30,Thu,Home,L,1.0,3.0,Chelsea,1,7.0,2.0,28.6,0.0,0.0,25.7,0.0,1,1,1.0,0.2,0.03,0.0,-0.2,Match Report,2022,Norwich City
2748,3114,33,2022-03-13,14:00,Premier League,Matchweek 29,Sun,Away,L,1.0,2.0,Leeds United,1,12.0,4.0,33.3,0.08,0.25,18.8,1.0,0,0,1.5,1.5,0.12,-0.5,-0.5,Match Report,2022,Norwich City
2749,3115,34,2022-04-02,15:00,Premier League,Matchweek 31,Sat,Away,D,0.0,0.0,Brighton,0,6.0,0.0,0.0,0.0,,17.8,0.0,0,0,0.4,0.4,0.06,-0.4,-0.4,Match Report,2022,Norwich City
2750,3116,35,2022-04-10,14:00,Premier League,Matchweek 32,Sun,Home,W,2.0,0.0,Burnley,2,17.0,6.0,35.3,0.12,0.33,19.4,0.0,0,0,1.7,1.7,0.1,0.3,0.3,Match Report,2022,Norwich City
2751,3117,36,2022-04-16,15:00,Premier League,Matchweek 33,Sat,Away,L,2.0,3.0,Manchester Utd,2,15.0,4.0,26.7,0.13,0.5,19.9,1.0,0,0,1.5,1.5,0.1,0.5,0.5,Match Report,2022,Norwich City
2752,3118,37,2022-04-23,15:00,Premier League,Matchweek 34,Sat,Home,L,0.0,3.0,Newcastle Utd,0,5.0,2.0,40.0,0.0,0.0,15.2,1.0,0,0,0.6,0.6,0.13,-0.6,-0.6,Match Report,2022,Norwich City
2753,3119,38,2022-04-30,15:00,Premier League,Matchweek 35,Sat,Away,L,0.0,2.0,Aston Villa,0,9.0,3.0,33.3,0.0,0.0,21.6,0.0,0,0,0.5,0.5,0.06,-0.5,-0.5,Match Report,2022,Norwich City
2754,3120,39,2022-05-08,14:00,Premier League,Matchweek 36,Sun,Home,L,0.0,4.0,West Ham,0,8.0,2.0,25.0,0.0,0.0,22.2,1.0,0,0,0.8,0.8,0.1,-0.8,-0.8,Match Report,2022,Norwich City
2755,3121,40,2022-05-11,19:45,Premier League,Matchweek 21,Wed,Away,L,0.0,3.0,Leicester City,0,9.0,5.0,55.6,0.0,0.0,17.0,0.0,0,0,1.1,1.1,0.12,-1.1,-1.1,Match Report,2022,Norwich City
2756,3122,41,2022-05-15,14:00,Premier League,Matchweek 37,Sun,Away,D,1.0,1.0,Wolves,1,11.0,2.0,18.2,0.09,0.5,14.4,0.0,0,0,1.1,1.1,0.1,-0.1,-0.1,Match Report,2022,Norwich City
2757,3123,42,2022-05-22,16:00,Premier League,Matchweek 38,Sun,Home,L,0.0,5.0,Tottenham,0,9.0,0.0,0.0,0.0,,18.6,0.0,0,0,0.5,0.5,0.05,-0.5,-0.5,Match Report,2022,Norwich City
