,Unnamed: 0,date,time,comp,round,day,venue,result,gf,ga,opponent,gls,sh,sot,sot%,g/sh,g/sot,dist,fk,pk,pkatt,xg,npxg,npxg/sh,g-xg,np:g-xg,match report,season,team
0,0,2024-08-19,20:00,Premier League,Matchweek 1,Mon,Away,D,1.0,1.0,Leicester City,1,15.0,6.0,40.0,0.07,0.17,13.7,0.0,0,0,1.2,1.2,0.08,-0.2,-0.2,Match Report,2025,Tottenham Hotspur
1,1,2024-08-24,15:00,Premier League,Matchweek 2,Sat,Home,W,4.0,0.0,Everton,4,13.0,7.0,53.8,0.31,0.57,14.1,1.0,0,0,2.4,2.4,0.19,1.6,1.6,Match Report,2025,Tottenham Hotspur
2,2,2024-09-01,13:30,Premier League,Matchweek 3,Sun,Away,L,1.0,2.0,Newcastle Utd,0,20.0,6.0,30.0,0.0,0.0,19.9,1.0,0,0,1.2,1.2,0.06,-1.2,-1.2,Match Report,2025,Tottenham Hotspur
3,3,2024-09-15,14:00,Premier League,Matchweek 4,Sun,Home,L,0.0,1.0,Arsenal,0,15.0,5.0,33.3,0.0,0.0,18.1,0.0,0,0,0.7,0.7,0.05,-0.7,-0.7,Match Report,2025,Tottenham Hotspur
5,5,2024-09-21,15:00,Premier League,Matchweek 5,Sat,Home,W,3.0,1.0,Brentford,3,23.0,9.0,39.1,0.13,0.33,14.4,0.0,0,0,3.5,3.5,0.17,-0.5,-0.5,Match Report,2025,Tottenham Hotspur
7,7,2024-09-29,16:30,Premier League,Matchweek 6,Sun,Away,W,3.0,0.0,Manchester Utd,3,24.0,10.0,41.7,0.13,0.3,14.6,0.0,0,0,4.4,4.4,0.2,-1.4,-1.4,Match Report,2025,Tottenham Hotspur
9,9,2024-10-06,16:30,Premier League,Matchweek 7,Sun,Away,L,2.0,3.0,Brighton,2,13.0,3.0,23.1,0.15,0.67,16.2,0.0,0,0,1.3,1.3,0.1,0.7,0.7,Match Report,2025,Tottenham Hotspur
10,10,2024-10-19,12:30,Premier League,Matchweek 8,Sat,Home,W,4.0,1.0,West Ham,3,22.0,7.0,31.8,0.14,0.43,15.8,0.0,0,0,1.9,1.9,0.09,1.1,1.1,Match Report,2025,Tottenham Hotspur
12,12,2024-10-27,14:00,Premier League,Matchweek 9,Sun,Away,L,0.0,1.0,Crystal Palace,0,11.0,3.0,27.3,0.0,0.0,12.9,0.0,0,0,0.7,0.7,0.07,-0.7,-0.7,Match Report,2025,Tottenham Hotspur
14,14,2024-11-03,14:00,Premier League,Matchweek 10,Sun,Home,W,4.0,1.0,Aston Villa,4,16.0,6.0,37.5,0.25,0.67,20.4,1.0,0,0,2.4,2.4,0.15,1.6,1.6,Match Report,2025,Tottenham Hotspur
16,16,2024-11-10,14:00,Premier League,Matchweek 11,Sun,Home,L,1.0,2.0,Ipswich Town,1,17.0,5.0,29.4,0.06,0.2,17.8,0.0,0,0,1.5,1.5,0.09,-0.5,-0.5,Match Report,2025,Tottenham Hotspur
17,17,2024-11-23,17:30,Premier League,Matchweek 12,Sat,Away,W,4.0,0.0,Manchester City,4,9.0,7.0,77.8,0.44,0.57,13.0,0.0,0,0,2.5,2.5,0.28,1.5,1.5,Match Report,2025,Tottenham Hotspur
19,19,2024-12-01,13:30,Premier League,Matchweek 13,Sun,Home,D,1.0,1.0,Fulham,1,8.0,3.0,37.5,0.13,0.33,17.5,2.0,0,0,0.8,0.8,0.1,0.2,0.2,Match Report,2025,Tottenham Hotspur
20,20,2024-12-05,20:15,Premier League,Matchweek 14,Thu,Away,L,0.0,1.0,Bournemouth,0,12.0,4.0,33.3,0.0,0.0,17.0,0.0,0,0,0.9,0.9,0.07,-0.9,-0.9,Match Report,2025,Tottenham Hotspur
21,21,2024-12-08,16:30,Premier League,Matchweek 15,Sun,Home,L,3.0,4.0,Chelsea,3,13.0,5.0,38.5,0.23,0.6,13.7,1.0,0,0,2.8,2.8,0.22,0.2,0.2,Match Report,2025,Tottenham Hotspur
23,23,2024-12-15,19:00,Premier League,Matchweek 16,Sun,Away,W,5.0,0.0,Southampton,5,18.0,9.0,50.0,0.28,0.56,13.1,0.0,0,0,2.3,2.3,0.14,2.7,2.7,Match Report,2025,Tottenham Hotspur
25,25,2024-12-22,16:30,Premier League,Matchweek 17,Sun,Home,L,3.0,6.0,Liverpool,3,9.0,5.0,55.6,0.33,0.6,17.1,0.0,0,0,1.3,1.3,0.14,1.7,1.7,Match Report,2025,Tottenham Hotspur
26,26,2024-12-26,15:00,Premier League,Matchweek 18,Thu,Away,L,0.0,1.0,Nott'ham Forest,0,13.0,4.0,30.8,0.0,0.0,20.0,1.0,0,0,0.9,0.9,0.07,-0.9,-0.9,Match Report,2025,Tottenham Hotspur
27,27,2024-12-29,15:00,Premier League,Matchweek 19,Sun,Home,D,2.0,2.0,Wolves,2,12.0,2.0,16.7,0.17,1.0,15.9,0.0,0,1,2.2,1.5,0.12,-0.2,0.5,Match Report,2025,Tottenham Hotspur
28,28,2025-01-04,12:30,Premier League,Matchweek 20,Sat,Home,L,1.0,2.0,Newcastle Utd,1,13.0,4.0,30.8,0.08,0.25,15.9,0.0,0,0,0.9,0.9,0.07,0.1,0.1,Match Report,2025,Tottenham Hotspur
31,31,2025-01-15,20:00,Premier League,Matchweek 21,Wed,Away,L,1.0,2.0,Arsenal,1,10.0,2.0,20.0,0.1,0.5,16.0,0.0,0,0,0.8,0.8,0.08,0.2,0.2,Match Report,2025,Tottenham Hotspur
32,32,2025-01-19,14:00,Premier League,Matchweek 22,Sun,Away,L,2.0,3.0,Everton,2,11.0,5.0,45.5,0.18,0.4,16.4,0.0,0,0,1.1,1.1,0.1,0.9,0.9,Match Report,2025,Tottenham Hotspur
34,34,2025-01-26,14:00,Premier League,Matchweek 23,Sun,Home,L,1.0,2.0,Leicester City,1,15.0,6.0,40.0,0.07,0.17,18.3,1.0,0,0,1.0,1.0,0.07,0.0,0.0,Match Report,2025,Tottenham Hotspur
36,36,2025-02-02,14:00,Premier League,Matchweek 24,Sun,Away,W,2.0,0.0,Brentford,1,13.0,2.0,15.4,0.08,0.5,18.8,0.0,0,0,0.8,0.8,0.07,0.2,0.2,Match Report,2025,Tottenham Hotspur
38,0,2024-08-17,17:30,Premier League,Matchweek 1,Sat,Home,L,1.0,2.0,Aston Villa,1,13.0,2.0,15.4,0.0,0.0,13.6,0.0,1,1,2.3,1.5,0.13,-1.3,-1.5,Match Report,2025,West Ham United
39,1,2024-08-24,15:00,Premier League,Matchweek 2,Sat,Away,W,2.0,0.0,Crystal Palace,2,18.0,3.0,16.7,0.11,0.67,17.2,0.0,0,0,1.4,1.4,0.08,0.6,0.6,Match Report,2025,West Ham United
41,3,2024-08-31,17:30,Premier League,Matchweek 3,Sat,Home,L,1.0,3.0,Manchester City,0,10.0,2.0,20.0,0.0,0.0,16.9,0.0,0,0,0.7,0.7,0.07,-0.7,-0.7,Match Report,2025,West Ham United
42,4,2024-09-14,15:00,Premier League,Matchweek 4,Sat,Away,D,1.0,1.0,Fulham,1,11.0,3.0,27.3,0.09,0.33,18.0,0.0,0,0,0.8,0.8,0.07,0.2,0.2,Match Report,2025,West Ham United
43,5,2024-09-21,12:30,Premier League,Matchweek 5,Sat,Home,L,0.0,3.0,Chelsea,0,15.0,7.0,46.7,0.0,0.0,18.0,1.0,0,0,0.9,0.9,0.06,-0.9,-0.9,Match Report,2025,West Ham United
45,7,2024-09-28,15:00,Premier League,Matchweek 6,Sat,Away,D,1.0,1.0,Brentford,1,19.0,3.0,15.8,0.05,0.33,18.7,0.0,0,0,1.0,1.0,0.05,0.0,0.0,Match Report,2025,West Ham United
46,8,2024-10-05,15:00,Premier League,Matchweek 7,Sat,Home,W,4.0,1.0,Ipswich Town,4,23.0,12.0,52.2,0.17,0.33,16.4,1.0,0,0,3.6,3.6,0.17,0.4,0.4,Match Report,2025,West Ham United
47,9,2024-10-19,12:30,Premier League,Matchweek 8,Sat,Away,L,1.0,4.0,Tottenham,1,11.0,3.0,27.3,0.09,0.33,16.9,0.0,0,0,0.8,0.8,0.07,0.2,0.2,Match Report,2025,West Ham United
48,10,2024-10-27,14:00,Premier League,Matchweek 9,Sun,Home,W,2.0,1.0,Manchester Utd,2,11.0,2.0,18.2,0.09,0.5,12.3,0.0,1,1,2.8,2.1,0.2,-0.8,-1.1,Match Report,2025,West Ham United
49,11,2024-11-02,15:00,Premier League,Matchweek 10,Sat,Away,L,0.0,3.0,Nott'ham Forest,0,4.0,1.0,25.0,0.0,0.0,23.2,0.0,0,0,0.1,0.1,0.03,-0.1,-0.1,Match Report,2025,West Ham United
50,12,2024-11-09,15:00,Premier League,Matchweek 11,Sat,Home,D,0.0,0.0,Everton,0,11.0,6.0,54.5,0.0,0.0,17.0,0.0,0,0,0.8,0.8,0.08,-0.8,-0.8,Match Report,2025,West Ham United
51,13,2024-11-25,20:00,Premier League,Matchweek 12,Mon,Away,W,2.0,0.0,Newcastle Utd,2,15.0,6.0,40.0,0.13,0.33,19.8,1.0,0,0,0.9,0.9,0.06,1.1,1.1,Match Report,2025,West Ham United
52,14,2024-11-30,17:30,Premier League,Matchweek 13,Sat,Home,L,2.0,5.0,Arsenal,2,12.0,5.0,41.7,0.17,0.4,18.1,2.0,0,0,1.5,1.5,0.13,0.5,0.5,Match Report,2025,West Ham United
53,15,2024-12-03,20:15,Premier League,Matchweek 14,Tue,Away,L,1.0,3.0,Leicester City,1,31.0,8.0,25.8,0.03,0.13,14.7,0.0,0,0,3.0,3.0,0.1,-2.0,-2.0,Match Report,2025,West Ham United
54,16,2024-12-09,20:00,Premier League,Matchweek 15,Mon,Home,W,2.0,1.0,Wolves,2,19.0,4.0,21.1,0.11,0.5,15.8,0.0,0,0,1.0,1.0,0.05,1.0,1.0,Match Report,2025,West Ham United
55,17,2024-12-16,20:00,Premier League,Matchweek 16,Mon,Away,D,1.0,1.0,Bournemouth,1,15.0,2.0,13.3,0.0,0.0,15.2,0.0,1,1,2.1,1.3,0.08,-1.1,-1.3,Match Report,2025,West Ham United
56,18,2024-12-21,15:00,Premier League,Matchweek 17,Sat,Home,D,1.0,1.0,Brighton,1,11.0,4.0,36.4,0.09,0.25,13.7,0.0,0,0,1.2,1.2,0.12,-0.2,-0.2,Match Report,2025,West Ham United
57,19,2024-12-26,15:00,Premier League,Matchweek 18,Thu,Away,W,1.0,0.0,Southampton,1,16.0,2.0,12.5,0.06,0.5,15.3,1.0,0,0,1.7,1.7,0.11,-0.7,-0.7,Match Report,2025,West Ham United
58,20,2024-12-29,17:15,Premier League,Matchweek 19,Sun,Home,L,0.0,5.0,Liverpool,0,7.0,0.0,0.0,0.0,,17.5,0.0,0,0,0.4,0.4,0.05,-0.4,-0.4,Match Report,2025,West Ham United
59,21,2025-01-04,15:00,Premier League,Matchweek 20,Sat,Away,L,1.0,4.0,Manchester City,1,17.0,4.0,23.5,0.06,0.25,15.3,1.0,0,0,1.4,1.4,0.08,-0.4,-0.4,Match Report,2025,West Ham United
61,23,2025-01-14,19:30,Premier League,Matchweek 21,Tue,Home,W,3.0,2.0,Fulham,3,4.0,3.0,75.0,0.75,1.0,14.6,0.0,0,0,1.0,1.0,0.24,2.0,2.0,Match Report,2025,West Ham United
62,24,2025-01-18,15:00,Premier League,Matchweek 22,Sat,Home,L,0.0,2.0,Crystal Palace,0,7.0,0.0,0.0,0.0,,19.6,0.0,0,0,0.3,0.3,0.04,-0.3,-0.3,Match Report,2025,West Ham United
63,25,2025-01-26,16:30,Premier League,Matchweek 23,Sun,Away,D,1.0,1.0,Aston Villa,1,14.0,3.0,21.4,0.07,0.33,14.6,0.0,0,0,1.3,1.3,0.09,-0.3,-0.3,Match Report,2025,West Ham United
64,26,2025-02-03,20:00,Premier League,Matchweek 24,Mon,Away,L,1.0,2.0,Chelsea,1,14.0,5.0,35.7,0.07,0.2,20.4,1.0,0,0,1.2,1.2,0.09,-0.2,-0.2,Match Report,2025,West Ham United
66,0,2024-08-17,15:00,Premier League,Matchweek 1,Sat,Home,L,0,3,Brighton,0,9.0,1.0,11.1,0.0,0.0,18.4,0.0,0,0,0.5,0.5,0.05,-0.5,-0.5,Match Report,2025,Everton
67,1,2024-08-24,15:00,Premier League,Matchweek 2,Sat,Away,L,0,4,Tottenham,0,10.0,1.0,10.0,0.0,0.0,10.0,0.0,0,0,1.0,1.0,0.1,-1.0,-1.0,Match Report,2025,Everton
69,3,2024-08-31,15:00,Premier League,Matchweek 3,Sat,Home,L,2,3,Bournemouth,2,18.0,8.0,44.4,0.11,0.25,15.7,0.0,0,0,1.8,1.8,0.11,0.2,0.2,Match Report,2025,Everton
70,4,2024-09-14,17:30,Premier League,Matchweek 4,Sat,Away,L,2,3,Aston Villa,2,6.0,2.0,33.3,0.33,1.0,12.6,0.0,0,0,0.9,0.9,0.15,1.1,1.1,Match Report,2025,Everton
72,6,2024-09-21,15:00,Premier League,Matchweek 5,Sat,Away,D,1,1,Leicester City,1,17.0,5.0,29.4,0.06,0.2,17.7,1.0,0,0,1.1,1.1,0.06,-0.1,-0.1,Match Report,2025,Everton
73,7,2024-09-28,15:00,Premier League,Matchweek 6,Sat,Home,W,2,1,Crystal Palace,2,8.0,2.0,25.0,0.25,1.0,15.3,0.0,0,0,0.9,0.9,0.11,1.1,1.1,Match Report,2025,Everton
74,8,2024-10-05,17:30,Premier League,Matchweek 7,Sat,Home,D,0,0,Newcastle Utd,0,8.0,2.0,25.0,0.0,0.0,24.3,1.0,0,0,0.7,0.7,0.09,-0.7,-0.7,Match Report,2025,Everton
75,9,2024-10-19,15:00,Premier League,Matchweek 8,Sat,Away,W,2,0,Ipswich Town,2,11.0,8.0,72.7,0.18,0.25,16.4,1.0,0,0,1.7,1.7,0.16,0.3,0.3,Match Report,2025,Everton
76,10,2024-10-26,17:30,Premier League,Matchweek 9,Sat,Home,D,1,1,Fulham,1,10.0,5.0,50.0,0.1,0.2,14.3,0.0,0,0,0.8,0.8,0.08,0.2,0.2,Match Report,2025,Everton
77,11,2024-11-02,15:00,Premier League,Matchweek 10,Sat,Away,L,0,1,Southampton,0,16.0,5.0,31.3,0.0,0.0,17.9,2.0,0,0,1.6,1.6,0.1,-1.6,-1.6,Match Report,2025,Everton
78,12,2024-11-09,15:00,Premier League,Matchweek 11,Sat,Away,D,0,0,West Ham,0,18.0,4.0,22.2,0.0,0.0,18.2,0.0,0,0,1.1,1.1,0.06,-1.1,-1.1,Match Report,2025,Everton
79,13,2024-11-23,15:00,Premier League,Matchweek 12,Sat,Home,D,0,0,Brentford,0,27.0,5.0,18.5,0.0,0.0,19.9,0.0,0,0,1.2,1.2,0.04,-1.2,-1.2,Match Report,2025,Everton
80,14,2024-12-01,13:30,Premier League,Matchweek 13,Sun,Away,L,0,4,Manchester Utd,0,8.0,2.0,25.0,0.0,0.0,21.3,2.0,0,0,0.6,0.6,0.07,-0.6,-0.6,Match Report,2025,Everton
81,15,2024-12-04,19:30,Premier League,Matchweek 14,Wed,Home,W,4,0,Wolves,2,13.0,4.0,30.8,0.15,0.5,18.7,1.0,0,0,1.0,1.0,0.08,1.0,1.0,Match Report,2025,Everton
82,16,2024-12-14,15:00,Premier League,Matchweek 16,Sat,Away,D,0,0,Arsenal,0,2.0,0.0,0.0,0.0,,19.3,0.0,0,0,0.1,0.1,0.05,-0.1,-0.1,Match Report,2025,Everton
83,17,2024-12-22,14:00,Premier League,Matchweek 17,Sun,Home,D,0,0,Chelsea,0,5.0,4.0,80.0,0.0,0.0,19.8,1.0,0,0,1.0,1.0,0.21,-1.0,-1.0,Match Report,2025,Everton
84,18,2024-12-26,12:30,Premier League,Matchweek 18,Thu,Away,D,1,1,Manchester City,1,8.0,3.0,37.5,0.13,0.33,16.8,0.0,0,0,0.7,0.7,0.08,0.3,0.3,Match Report,2025,Everton
85,19,2024-12-29,15:00,Premier League,Matchweek 19,Sun,Home,L,0,2,Nott'ham Forest,0,13.0,2.0,15.4,0.0,0.0,16.3,1.0,0,0,0.9,0.9,0.07,-0.9,-0.9,Match Report,2025,Everton
86,20,2025-01-04,15:00,Premier League,Matchweek 20,Sat,Away,L,0,1,Bournemouth,0,9.0,0.0,0.0,0.0,,20.7,0.0,0,0,0.7,0.7,0.08,-0.7,-0.7,Match Report,2025,Everton
88,22,2025-01-15,19:30,Premier League,Matchweek 21,Wed,Home,L,0,1,Aston Villa,0,10.0,2.0,20.0,0.0,0.0,16.4,0.0,0,0,1.1,1.1,0.11,-1.1,-1.1,Match Report,2025,Everton
89,23,2025-01-19,14:00,Premier League,Matchweek 22,Sun,Home,W,3,2,Tottenham,2,12.0,6.0,50.0,0.17,0.33,14.2,0.0,0,0,1.8,1.8,0.16,0.2,0.2,Match Report,2025,Everton
90,24,2025-01-25,15:00,Premier League,Matchweek 23,Sat,Away,W,1,0,Brighton,1,2.0,0.0,0.0,0.0,,24.6,0.0,1,1,0.8,0.1,0.03,0.2,-0.1,Match Report,2025,Everton
91,25,2025-02-01,15:00,Premier League,Matchweek 24,Sat,Home,W,4,0,Leicester City,4,13.0,7.0,53.8,0.31,0.57,13.5,0.0,0,0,2.5,2.5,0.19,1.5,1.5,Match Report,2025,Everton
93,0,2024-08-17,15:00,Premier League,Matchweek 1,Sat,Away,L,0.0,2.0,Arsenal,0,9.0,3.0,33.3,0.0,0.0,19.3,1.0,0,0,0.5,0.5,0.05,-0.5,-0.5,Match Report,2025,Wolverhampton Wanderers
94,1,2024-08-25,14:00,Premier League,Matchweek 2,Sun,Home,L,2.0,6.0,Chelsea,2,12.0,4.0,33.3,0.17,0.5,19.1,1.0,0,0,1.9,1.9,0.16,0.1,0.1,Match Report,2025,Wolverhampton Wanderers
96,3,2024-08-31,15:00,Premier League,Matchweek 3,Sat,Away,D,1.0,1.0,Nott'ham Forest,1,11.0,2.0,18.2,0.09,0.5,20.7,0.0,0,0,0.7,0.7,0.07,0.3,0.3,Match Report,2025,Wolverhampton Wanderers
97,4,2024-09-15,16:30,Premier League,Matchweek 4,Sun,Home,L,1.0,2.0,Newcastle Utd,1,12.0,5.0,41.7,0.08,0.2,15.2,0.0,0,0,1.2,1.2,0.1,-0.2,-0.2,Match Report,2025,Wolverhampton Wanderers
99,6,2024-09-21,15:00,Premier League,Matchweek 5,Sat,Away,L,1.0,3.0,Aston Villa,1,10.0,4.0,40.0,0.1,0.25,14.9,0.0,0,0,0.5,0.5,0.05,0.5,0.5,Match Report,2025,Wolverhampton Wanderers
100,7,2024-09-28,17:30,Premier League,Matchweek 6,Sat,Home,L,1.0,2.0,Liverpool,1,8.0,3.0,37.5,0.13,0.33,22.9,0.0,0,0,0.6,0.6,0.08,0.4,0.4,Match Report,2025,Wolverhampton Wanderers
101,8,2024-10-05,15:00,Premier League,Matchweek 7,Sat,Away,L,3.0,5.0,Brentford,3,17.0,6.0,35.3,0.18,0.5,20.9,0.0,0,0,1.0,1.0,0.06,2.0,2.0,Match Report,2025,Wolverhampton Wanderers
102,9,2024-10-20,14:00,Premier League,Matchweek 8,Sun,Home,L,1.0,2.0,Manchester City,1,3.0,2.0,66.7,0.33,0.5,17.6,0.0,0,0,0.8,0.8,0.26,0.2,0.2,Match Report,2025,Wolverhampton Wanderers
103,10,2024-10-26,15:00,Premier League,Matchweek 9,Sat,Away,D,2.0,2.0,Brighton,2,14.0,7.0,50.0,0.14,0.29,11.9,0.0,0,0,1.3,1.3,0.1,0.7,0.7,Match Report,2025,Wolverhampton Wanderers
104,11,2024-11-02,17:30,Premier League,Matchweek 10,Sat,Home,D,2.0,2.0,Crystal Palace,2,11.0,6.0,54.5,0.18,0.33,17.6,0.0,0,0,1.5,1.5,0.14,0.5,0.5,Match Report,2025,Wolverhampton Wanderers
105,12,2024-11-09,15:00,Premier League,Matchweek 11,Sat,Home,W,2.0,0.0,Southampton,2,8.0,4.0,50.0,0.25,0.5,23.1,0.0,0,0,1.3,1.3,0.16,0.7,0.7,Match Report,2025,Wolverhampton Wanderers
106,13,2024-11-23,15:00,Premier League,Matchweek 12,Sat,Away,W,4.0,1.0,Fulham,4,10.0,5.0,50.0,0.4,0.8,16.5,0.0,0,0,1.3,1.3,0.13,2.7,2.7,Match Report,2025,Wolverhampton Wanderers
107,14,2024-11-30,15:00,Premier League,Matchweek 13,Sat,Home,L,2.0,4.0,Bournemouth,2,10.0,3.0,30.0,0.2,0.67,19.9,1.0,0,0,0.5,0.5,0.05,1.5,1.5,Match Report,2025,Wolverhampton Wanderers
108,15,2024-12-04,19:30,Premier League,Matchweek 14,Wed,Away,L,0.0,4.0,Everton,0,6.0,2.0,33.3,0.0,0.0,20.7,0.0,0,0,0.8,0.8,0.13,-0.8,-0.8,Match Report,2025,Wolverhampton Wanderers
109,16,2024-12-09,20:00,Premier League,Matchweek 15,Mon,Away,L,1.0,2.0,West Ham,1,19.0,5.0,26.3,0.05,0.2,17.9,0.0,0,0,1.4,1.4,0.08,-0.4,-0.4,Match Report,2025,Wolverhampton Wanderers
110,17,2024-12-14,15:00,Premier League,Matchweek 16,Sat,Home,L,1.0,2.0,Ipswich Town,1,16.0,6.0,37.5,0.06,0.17,18.4,0.0,0,0,1.3,1.3,0.08,-0.3,-0.3,Match Report,2025,Wolverhampton Wanderers
111,18,2024-12-22,14:00,Premier League,Matchweek 17,Sun,Away,W,3.0,0.0,Leicester City,3,8.0,4.0,50.0,0.38,0.75,14.6,1.0,0,0,1.1,1.1,0.14,1.9,1.9,Match Report,2025,Wolverhampton Wanderers
112,19,2024-12-26,17:30,Premier League,Matchweek 18,Thu,Home,W,2.0,0.0,Manchester Utd,2,7.0,4.0,57.1,0.29,0.5,24.1,1.0,0,0,0.9,0.9,0.12,1.1,1.1,Match Report,2025,Wolverhampton Wanderers
113,20,2024-12-29,15:00,Premier League,Matchweek 19,Sun,Away,D,2.0,2.0,Tottenham,2,11.0,3.0,27.3,0.18,0.67,20.0,1.0,0,0,0.7,0.7,0.07,1.3,1.3,Match Report,2025,Wolverhampton Wanderers
114,21,2025-01-06,20:00,Premier League,Matchweek 20,Mon,Home,L,0.0,3.0,Nott'ham Forest,0,13.0,5.0,38.5,0.0,0.0,15.3,0.0,0,0,1.5,1.5,0.12,-1.5,-1.5,Match Report,2025,Wolverhampton Wanderers
116,23,2025-01-15,19:30,Premier League,Matchweek 21,Wed,Away,L,0.0,3.0,Newcastle Utd,0,13.0,7.0,53.8,0.0,0.0,17.4,0.0,0,0,1.6,1.6,0.12,-1.6,-1.6,Match Report,2025,Wolverhampton Wanderers
117,24,2025-01-20,20:00,Premier League,Matchweek 22,Mon,Away,L,1.0,3.0,Chelsea,1,9.0,4.0,44.4,0.11,0.25,16.7,0.0,0,0,0.8,0.8,0.09,0.2,0.2,Match Report,2025,Wolverhampton Wanderers
118,25,2025-01-25,15:00,Premier League,Matchweek 23,Sat,Home,L,0.0,1.0,Arsenal,0,9.0,4.0,44.4,0.0,0.0,22.0,0.0,0,0,0.7,0.7,0.08,-0.7,-0.7,Match Report,2025,Wolverhampton Wanderers
119,26,2025-02-01,17:30,Premier League,Matchweek 24,Sat,Home,W,2.0,0.0,Aston Villa,2,8.0,5.0,62.5,0.25,0.4,17.2,1.0,0,0,1.6,1.6,0.21,0.4,0.4,Match Report,2025,Wolverhampton Wanderers
121,0,2024-08-19,20:00,Premier League,Matchweek 1,Mon,Home,D,1,1,Tottenham,1,7.0,3.0,42.9,0.14,0.33,16.4,0.0,0,0,1.0,1.0,0.15,0.0,0.0,Match Report,2025,Leicester City
122,1,2024-08-24,15:00,Premier League,Matchweek 2,Sat,Away,L,1,2,Fulham,1,10.0,4.0,40.0,0.1,0.25,22.5,1.0,0,0,0.6,0.6,0.06,0.4,0.4,Match Report,2025,Leicester City
124,3,2024-08-31,15:00,Premier League,Matchweek 3,Sat,Home,L,1,2,Aston Villa,1,9.0,3.0,33.3,0.11,0.33,20.6,0.0,0,0,0.4,0.4,0.05,0.6,0.6,Match Report,2025,Leicester City
125,4,2024-09-14,15:00,Premier League,Matchweek 4,Sat,Away,D,2,2,Crystal Palace,2,9.0,4.0,44.4,0.22,0.5,19.2,0.0,0,0,1.2,1.2,0.14,0.8,0.8,Match Report,2025,Leicester City
126,5,2024-09-21,15:00,Premier League,Matchweek 5,Sat,Home,D,1,1,Everton,1,12.0,2.0,16.7,0.08,0.5,16.0,0.0,0,0,0.7,0.7,0.06,0.3,0.3,Match Report,2025,Leicester City
128,7,2024-09-28,15:00,Premier League,Matchweek 6,Sat,Away,L,2,4,Arsenal,2,5.0,3.0,60.0,0.4,0.67,14.5,0.0,0,0,0.3,0.3,0.06,1.7,1.7,Match Report,2025,Leicester City
129,8,2024-10-05,15:00,Premier League,Matchweek 7,Sat,Home,W,1,0,Bournemouth,1,6.0,2.0,33.3,0.17,0.5,18.8,0.0,0,0,0.8,0.8,0.13,0.2,0.2,Match Report,2025,Leicester City
130,9,2024-10-19,15:00,Premier League,Matchweek 8,Sat,Away,W,3,2,Southampton,3,17.0,3.0,17.6,0.12,0.67,16.5,0.0,1,1,3.1,2.4,0.14,-0.1,-0.4,Match Report,2025,Leicester City
131,10,2024-10-25,20:00,Premier League,Matchweek 9,Fri,Home,L,1,3,Nott'ham Forest,1,11.0,1.0,9.1,0.09,1.0,21.5,0.0,0,0,0.8,0.8,0.07,0.2,0.2,Match Report,2025,Leicester City
133,12,2024-11-02,15:00,Premier League,Matchweek 10,Sat,Away,D,1,1,Ipswich Town,1,20.0,5.0,25.0,0.05,0.2,16.7,0.0,0,0,1.5,1.5,0.08,-0.5,-0.5,Match Report,2025,Leicester City
134,13,2024-11-10,14:00,Premier League,Matchweek 11,Sun,Away,L,0,3,Manchester Utd,0,6.0,5.0,83.3,0.0,0.0,23.7,0.0,0,0,0.6,0.6,0.11,-0.6,-0.6,Match Report,2025,Leicester City
135,14,2024-11-23,12:30,Premier League,Matchweek 12,Sat,Home,L,1,2,Chelsea,1,3.0,0.0,0.0,0.0,,18.8,0.0,1,1,1.1,0.3,0.1,-0.1,-0.3,Match Report,2025,Leicester City
136,15,2024-11-30,15:00,Premier League,Matchweek 13,Sat,Away,L,1,4,Brentford,1,7.0,3.0,42.9,0.14,0.33,16.9,0.0,0,0,1.1,1.1,0.15,-0.1,-0.1,Match Report,2025,Leicester City
137,16,2024-12-03,20:15,Premier League,Matchweek 14,Tue,Home,W,3,1,West Ham,3,8.0,6.0,75.0,0.38,0.5,12.7,0.0,0,0,1.7,1.7,0.21,1.3,1.3,Match Report,2025,Leicester City
138,17,2024-12-08,14:00,Premier League,Matchweek 15,Sun,Home,D,2,2,Brighton,2,10.0,3.0,30.0,0.2,0.67,14.5,1.0,0,0,1.3,1.3,0.13,0.7,0.7,Match Report,2025,Leicester City
139,18,2024-12-14,15:00,Premier League,Matchweek 16,Sat,Away,L,0,4,Newcastle Utd,0,4.0,1.0,25.0,0.0,0.0,16.6,0.0,0,0,0.2,0.2,0.05,-0.2,-0.2,Match Report,2025,Leicester City
140,19,2024-12-22,14:00,Premier League,Matchweek 17,Sun,Home,L,0,3,Wolves,0,9.0,4.0,44.4,0.0,0.0,15.7,0.0,0,0,0.8,0.8,0.09,-0.8,-0.8,Match Report,2025,Leicester City
141,20,2024-12-26,20:00,Premier League,Matchweek 18,Thu,Away,L,1,3,Liverpool,1,4.0,1.0,25.0,0.25,1.0,16.2,0.0,0,0,0.3,0.3,0.09,0.7,0.7,Match Report,2025,Leicester City
142,21,2024-12-29,14:30,Premier League,Matchweek 19,Sun,Home,L,0,2,Manchester City,0,11.0,3.0,27.3,0.0,0.0,12.9,0.0,0,0,1.3,1.3,0.11,-1.3,-1.3,Match Report,2025,Leicester City
143,22,2025-01-04,15:00,Premier League,Matchweek 20,Sat,Away,L,1,2,Aston Villa,1,4.0,2.0,50.0,0.25,0.5,12.5,0.0,0,0,0.4,0.4,0.11,0.6,0.6,Match Report,2025,Leicester City
145,24,2025-01-15,19:30,Premier League,Matchweek 21,Wed,Home,L,0,2,Crystal Palace,0,21.0,4.0,19.0,0.0,0.0,18.4,2.0,0,0,1.7,1.7,0.08,-1.7,-1.7,Match Report,2025,Leicester City
146,25,2025-01-18,15:00,Premier League,Matchweek 22,Sat,Home,L,0,2,Fulham,0,8.0,4.0,50.0,0.0,0.0,16.3,0.0,0,0,0.6,0.6,0.08,-0.6,-0.6,Match Report,2025,Leicester City
147,26,2025-01-26,14:00,Premier League,Matchweek 23,Sun,Away,W,2,1,Tottenham,2,12.0,3.0,25.0,0.17,0.67,19.4,0.0,0,0,1.6,1.6,0.13,0.4,0.4,Match Report,2025,Leicester City
148,27,2025-02-01,15:00,Premier League,Matchweek 24,Sat,Away,L,0,4,Everton,0,9.0,1.0,11.1,0.0,0.0,18.1,1.0,0,0,0.3,0.3,0.04,-0.3,-0.3,Match Report,2025,Leicester City
150,0,2024-08-17,12:30,Premier League,Matchweek 1,Sat,Home,L,0,2,Liverpool,0,7.0,2.0,28.6,0.0,0.0,16.0,0.0,0,0,0.5,0.5,0.06,-0.5,-0.5,Match Report,2025,Ipswich Town
151,1,2024-08-24,15:00,Premier League,Matchweek 2,Sat,Away,L,1,4,Manchester City,1,1.0,1.0,100.0,1.0,1.0,21.1,0.0,0,0,0.3,0.3,0.29,0.7,0.7,Match Report,2025,Ipswich Town
153,3,2024-08-31,15:00,Premier League,Matchweek 3,Sat,Home,D,1,1,Fulham,1,11.0,4.0,36.4,0.09,0.25,18.0,1.0,0,0,0.4,0.4,0.04,0.6,0.6,Match Report,2025,Ipswich Town
154,4,2024-09-14,15:00,Premier League,Matchweek 4,Sat,Away,D,0,0,Brighton,0,6.0,1.0,16.7,0.0,0.0,16.6,0.0,0,0,0.3,0.3,0.06,-0.3,-0.3,Match Report,2025,Ipswich Town
155,5,2024-09-21,15:00,Premier League,Matchweek 5,Sat,Away,D,1,1,Southampton,1,13.0,6.0,46.2,0.08,0.17,14.1,0.0,0,0,1.6,1.6,0.13,-0.6,-0.6,Match Report,2025,Ipswich Town
156,6,2024-09-29,14:00,Premier League,Matchweek 6,Sun,Home,D,2,2,Aston Villa,2,15.0,5.0,33.3,0.13,0.4,18.4,0.0,0,0,1.2,1.2,0.08,0.8,0.8,Match Report,2025,Ipswich Town
157,7,2024-10-05,15:00,Premier League,Matchweek 7,Sat,Away,L,1,4,West Ham,1,9.0,2.0,22.2,0.11,0.5,17.2,0.0,0,0,0.6,0.6,0.07,0.4,0.4,Match Report,2025,Ipswich Town
158,8,2024-10-19,15:00,Premier League,Matchweek 8,Sat,Home,L,0,2,Everton,0,13.0,2.0,15.4,0.0,0.0,16.6,2.0,0,0,1.3,1.3,0.1,-1.3,-1.3,Match Report,2025,Ipswich Town
159,9,2024-10-26,15:00,Premier League,Matchweek 9,Sat,Away,L,3,4,Brentford,3,11.0,5.0,45.5,0.27,0.6,17.4,0.0,0,0,1.3,1.3,0.12,1.7,1.7,Match Report,2025,Ipswich Town
160,10,2024-11-02,15:00,Premier League,Matchweek 10,Sat,Home,D,1,1,Leicester City,1,14.0,2.0,14.3,0.07,0.5,16.9,1.0,0,0,1.0,1.0,0.07,0.0,0.0,Match Report,2025,Ipswich Town
161,11,2024-11-10,14:00,Premier League,Matchweek 11,Sun,Away,W,2,1,Tottenham,2,8.0,3.0,37.5,0.25,0.67,11.4,0.0,0,0,1.6,1.6,0.2,0.4,0.4,Match Report,2025,Ipswich Town
162,12,2024-11-24,16:30,Premier League,Matchweek 12,Sun,Home,D,1,1,Manchester Utd,1,11.0,6.0,54.5,0.09,0.17,19.5,1.0,0,0,1.6,1.6,0.14,-0.6,-0.6,Match Report,2025,Ipswich Town
163,13,2024-11-30,15:00,Premier League,Matchweek 13,Sat,Away,L,0,1,Nott'ham Forest,0,7.0,2.0,28.6,0.0,0.0,14.9,0.0,0,0,0.6,0.6,0.08,-0.6,-0.6,Match Report,2025,Ipswich Town
164,14,2024-12-03,19:30,Premier League,Matchweek 14,Tue,Home,L,0,1,Crystal Palace,0,9.0,2.0,22.2,0.0,0.0,17.6,0.0,0,0,0.5,0.5,0.05,-0.5,-0.5,Match Report,2025,Ipswich Town
165,15,2024-12-08,14:00,Premier League,Matchweek 15,Sun,Home,L,1,2,Bournemouth,1,18.0,5.0,27.8,0.06,0.2,18.4,0.0,0,0,1.3,1.3,0.07,-0.3,-0.3,Match Report,2025,Ipswich Town
166,16,2024-12-14,15:00,Premier League,Matchweek 16,Sat,Away,W,2,1,Wolves,1,10.0,3.0,30.0,0.1,0.33,15.7,0.0,0,0,1.1,1.1,0.12,-0.1,-0.1,Match Report,2025,Ipswich Town
167,17,2024-12-21,15:00,Premier League,Matchweek 17,Sat,Home,L,0,4,Newcastle Utd,0,10.0,2.0,20.0,0.0,0.0,17.8,0.0,0,0,0.7,0.7,0.07,-0.7,-0.7,Match Report,2025,Ipswich Town
168,18,2024-12-27,20:15,Premier League,Matchweek 18,Fri,Away,L,0,1,Arsenal,0,3.0,0.0,0.0,0.0,,28.2,0.0,0,0,0.2,0.2,0.05,-0.2,-0.2,Match Report,2025,Ipswich Town
169,19,2024-12-30,19:45,Premier League,Matchweek 19,Mon,Home,W,2,0,Chelsea,2,8.0,5.0,62.5,0.13,0.2,16.1,0.0,1,1,1.6,0.8,0.1,0.4,0.2,Match Report,2025,Ipswich Town
170,20,2025-01-05,14:00,Premier League,Matchweek 20,Sun,Away,D,2,2,Fulham,2,6.0,2.0,33.3,0.17,0.5,18.0,0.0,1,1,1.5,0.7,0.13,0.5,0.3,Match Report,2025,Ipswich Town
172,22,2025-01-16,19:30,Premier League,Matchweek 21,Thu,Home,L,0,2,Brighton,0,5.0,3.0,60.0,0.0,0.0,21.3,0.0,0,0,0.3,0.3,0.06,-0.3,-0.3,Match Report,2025,Ipswich Town
173,23,2025-01-19,16:30,Premier League,Matchweek 22,Sun,Home,L,0,6,Manchester City,0,8.0,4.0,50.0,0.0,0.0,16.7,0.0,0,0,0.5,0.5,0.06,-0.5,-0.5,Match Report,2025,Ipswich Town
174,24,2025-01-25,15:00,Premier League,Matchweek 23,Sat,Away,L,1,4,Liverpool,1,3.0,3.0,100.0,0.33,0.33,13.8,0.0,0,0,0.5,0.5,0.16,0.5,0.5,Match Report,2025,Ipswich Town
175,25,2025-02-01,15:00,Premier League,Matchweek 24,Sat,Home,L,1,2,Southampton,1,15.0,6.0,40.0,0.07,0.17,19.8,2.0,0,0,1.8,1.8,0.12,-0.8,-0.8,Match Report,2025,Ipswich Town
177,0,2024-08-17,15:00,Premier League,Matchweek 1,Sat,Away,L,0,1,Newcastle Utd,0,19.0,3.0,15.8,0.0,0.0,17.0,1.0,0,0,1.8,1.8,0.1,-1.8,-1.8,Match Report,2025,Southampton
178,1,2024-08-24,15:00,Premier League,Matchweek 2,Sat,Home,L,0,1,Nott'ham Forest,0,5.0,1.0,20.0,0.0,0.0,19.7,0.0,0,0,0.1,0.1,0.03,-0.1,-0.1,Match Report,2025,Southampton
180,3,2024-08-31,15:00,Premier League,Matchweek 3,Sat,Away,L,1,3,Brentford,1,18.0,6.0,33.3,0.06,0.17,18.1,1.0,0,0,1.5,1.5,0.09,-0.5,-0.5,Match Report,2025,Southampton
181,4,2024-09-14,12:30,Premier League,Matchweek 4,Sat,Home,L,0,3,Manchester Utd,0,5.0,2.0,40.0,0.0,0.0,17.4,0.0,0,1,1.1,0.3,0.06,-1.1,-0.3,Match Report,2025,Southampton
183,6,2024-09-21,15:00,Premier League,Matchweek 5,Sat,Home,D,1,1,Ipswich Town,1,11.0,3.0,27.3,0.09,0.33,13.7,0.0,0,0,2.4,2.4,0.23,-1.4,-1.4,Match Report,2025,Southampton
184,7,2024-09-30,20:00,Premier League,Matchweek 6,Mon,Away,L,1,3,Bournemouth,1,9.0,3.0,33.3,0.11,0.33,18.4,0.0,0,0,0.6,0.6,0.07,0.4,0.4,Match Report,2025,Southampton
185,8,2024-10-05,15:00,Premier League,Matchweek 7,Sat,Away,L,1,3,Arsenal,1,8.0,2.0,25.0,0.13,0.5,16.4,0.0,0,0,0.6,0.6,0.08,0.4,0.4,Match Report,2025,Southampton
186,9,2024-10-19,15:00,Premier League,Matchweek 8,Sat,Home,L,2,3,Leicester City,2,14.0,7.0,50.0,0.14,0.29,9.6,0.0,0,0,2.1,2.1,0.15,-0.1,-0.1,Match Report,2025,Southampton
187,10,2024-10-26,15:00,Premier League,Matchweek 9,Sat,Away,L,0,1,Manchester City,0,5.0,2.0,40.0,0.0,0.0,13.8,0.0,0,0,0.2,0.2,0.04,-0.2,-0.2,Match Report,2025,Southampton
189,12,2024-11-02,15:00,Premier League,Matchweek 10,Sat,Home,W,1,0,Everton,1,9.0,2.0,22.2,0.11,0.5,13.4,0.0,0,0,0.7,0.7,0.08,0.3,0.3,Match Report,2025,Southampton
190,13,2024-11-09,15:00,Premier League,Matchweek 11,Sat,Away,L,0,2,Wolves,0,9.0,0.0,0.0,0.0,,20.6,1.0,0,0,0.6,0.6,0.07,-0.6,-0.6,Match Report,2025,Southampton
191,14,2024-11-24,14:00,Premier League,Matchweek 12,Sun,Home,L,2,3,Liverpool,2,6.0,4.0,66.7,0.33,0.5,19.0,0.0,0,1,1.3,0.3,0.06,0.7,1.7,Match Report,2025,Southampton
192,15,2024-11-29,20:00,Premier League,Matchweek 13,Fri,Away,D,1,1,Brighton,1,10.0,2.0,20.0,0.1,0.5,16.8,0.0,0,0,1.0,1.0,0.1,0.0,0.0,Match Report,2025,Southampton
193,16,2024-12-04,19:30,Premier League,Matchweek 14,Wed,Home,L,1,5,Chelsea,1,6.0,4.0,66.7,0.17,0.25,9.7,0.0,0,0,1.6,1.6,0.26,-0.6,-0.6,Match Report,2025,Southampton
194,17,2024-12-07,15:00,Premier League,Matchweek 15,Sat,Away,L,0,1,Aston Villa,0,4.0,0.0,0.0,0.0,,14.5,0.0,0,0,0.3,0.3,0.08,-0.3,-0.3,Match Report,2025,Southampton
195,18,2024-12-15,19:00,Premier League,Matchweek 16,Sun,Home,L,0,5,Tottenham,0,9.0,3.0,33.3,0.0,0.0,18.1,0.0,0,0,0.8,0.8,0.09,-0.8,-0.8,Match Report,2025,Southampton
197,20,2024-12-22,14:00,Premier League,Matchweek 17,Sun,Away,D,0,0,Fulham,0,5.0,1.0,20.0,0.0,0.0,20.1,1.0,0,0,0.3,0.3,0.05,-0.3,-0.3,Match Report,2025,Southampton
198,21,2024-12-26,15:00,Premier League,Matchweek 18,Thu,Home,L,0,1,West Ham,0,18.0,5.0,27.8,0.0,0.0,12.8,0.0,0,0,1.4,1.4,0.08,-1.4,-1.4,Match Report,2025,Southampton
199,22,2024-12-29,15:00,Premier League,Matchweek 19,Sun,Away,L,1,2,Crystal Palace,1,7.0,3.0,42.9,0.14,0.33,10.7,0.0,0,0,0.9,0.9,0.13,0.1,0.1,Match Report,2025,Southampton
200,23,2025-01-04,15:00,Premier League,Matchweek 20,Sat,Home,L,0,5,Brentford,0,8.0,1.0,12.5,0.0,0.0,22.1,0.0,0,0,0.3,0.3,0.04,-0.3,-0.3,Match Report,2025,Southampton
202,25,2025-01-16,20:00,Premier League,Matchweek 21,Thu,Away,L,1,3,Manchester Utd,0,13.0,5.0,38.5,0.0,0.0,17.0,1.0,0,0,1.4,1.4,0.12,-1.4,-1.4,Match Report,2025,Southampton
203,26,2025-01-19,14:00,Premier League,Matchweek 22,Sun,Away,L,2,3,Nott'ham Forest,2,10.0,3.0,30.0,0.2,0.67,13.6,0.0,0,0,0.9,0.9,0.09,1.1,1.1,Match Report,2025,Southampton
204,27,2025-01-25,15:00,Premier League,Matchweek 23,Sat,Home,L,1,3,Newcastle Utd,1,12.0,5.0,41.7,0.08,0.2,18.1,0.0,0,0,0.8,0.8,0.06,0.2,0.2,Match Report,2025,Southampton
205,28,2025-02-01,15:00,Premier League,Matchweek 24,Sat,Away,W,2,1,Ipswich Town,2,9.0,4.0,44.4,0.22,0.5,14.8,0.0,0,0,0.9,0.9,0.1,1.1,1.1,Match Report,2025,Southampton
208,1,2023-08-11,20:00,Premier League,Matchweek 1,Fri,Away,W,3,0,Burnley,3,17.0,8.0,47.1,0.18,0.38,13.9,0.0,0,0,1.9,1.9,0.12,1.1,1.1,Match Report,2024,Manchester City
210,3,2023-08-19,20:00,Premier League,Matchweek 2,Sat,Home,W,1,0,Newcastle Utd,1,14.0,4.0,28.6,0.07,0.25,17.9,0.0,0,0,1.0,1.0,0.07,0.0,0.0,Match Report,2024,Manchester City
211,4,2023-08-27,14:00,Premier League,Matchweek 3,Sun,Away,W,2,1,Sheffield Utd,2,29.0,9.0,31.0,0.07,0.22,17.3,2.0,0,1,3.5,2.8,0.1,-1.5,-0.8,Match Report,2024,Manchester City
212,5,2023-09-02,15:00,Premier League,Matchweek 4,Sat,Home,W,5,1,Fulham,5,6.0,4.0,66.7,0.67,1.0,14.8,0.0,1,1,2.2,1.4,0.25,2.8,2.6,Match Report,2024,Manchester City
213,6,2023-09-16,15:00,Premier League,Matchweek 5,Sat,Away,W,3,1,West Ham,3,29.0,13.0,44.8,0.1,0.23,16.4,1.0,0,0,3.6,3.6,0.13,-0.6,-0.6,Match Report,2024,Manchester City
215,8,2023-09-23,15:00,Premier League,Matchweek 6,Sat,Home,W,2,0,Nott'ham Forest,2,7.0,4.0,57.1,0.29,0.5,17.2,2.0,0,0,1.3,1.3,0.19,0.7,0.7,Match Report,2024,Manchester City
217,10,2023-09-30,15:00,Premier League,Matchweek 7,Sat,Away,L,1,2,Wolves,1,23.0,8.0,34.8,0.04,0.13,19.3,1.0,0,0,0.9,0.9,0.04,0.1,0.1,Match Report,2024,Manchester City
219,12,2023-10-08,16:30,Premier League,Matchweek 8,Sun,Away,L,0,1,Arsenal,0,4.0,0.0,0.0,0.0,,14.9,0.0,0,0,0.5,0.5,0.12,-0.5,-0.5,Match Report,2024,Manchester City
220,13,2023-10-21,15:00,Premier League,Matchweek 9,Sat,Home,W,2,1,Brighton,2,10.0,5.0,50.0,0.2,0.4,18.8,1.0,0,0,0.8,0.8,0.08,1.2,1.2,Match Report,2024,Manchester City
222,15,2023-10-29,15:30,Premier League,Matchweek 10,Sun,Away,W,3,0,Manchester Utd,3,20.0,9.0,45.0,0.1,0.22,17.2,2.0,1,1,4.0,3.2,0.16,-1.0,-1.2,Match Report,2024,Manchester City
223,16,2023-11-04,15:00,Premier League,Matchweek 11,Sat,Home,W,6,1,Bournemouth,6,21.0,8.0,38.1,0.29,0.75,16.4,0.0,0,0,1.9,1.9,0.09,4.1,4.1,Match Report,2024,Manchester City
225,18,2023-11-12,16:30,Premier League,Matchweek 12,Sun,Away,D,4,4,Chelsea,4,14.0,9.0,64.3,0.21,0.33,16.6,1.0,1,1,2.9,2.1,0.15,1.1,0.9,Match Report,2024,Manchester City
226,19,2023-11-25,12:30,Premier League,Matchweek 13,Sat,Home,D,1,1,Liverpool,1,16.0,5.0,31.3,0.06,0.2,16.3,1.0,0,0,1.3,1.3,0.08,-0.3,-0.3,Match Report,2024,Manchester City
228,21,2023-12-03,16:30,Premier League,Matchweek 14,Sun,Home,D,3,3,Tottenham,2,17.0,4.0,23.5,0.12,0.5,13.4,0.0,0,0,2.6,2.6,0.15,-0.6,-0.6,Match Report,2024,Manchester City
229,22,2023-12-06,20:15,Premier League,Matchweek 15,Wed,Away,L,0,1,Aston Villa,0,2.0,2.0,100.0,0.0,0.0,7.4,0.0,0,0,0.6,0.6,0.37,-0.6,-0.6,Match Report,2024,Manchester City
230,23,2023-12-10,14:00,Premier League,Matchweek 16,Sun,Away,W,2,1,Luton Town,2,18.0,6.0,33.3,0.11,0.33,18.7,1.0,0,0,1.6,1.6,0.09,0.4,0.4,Match Report,2024,Manchester City
232,25,2023-12-16,15:00,Premier League,Matchweek 17,Sat,Home,D,2,2,Crystal Palace,2,19.0,9.0,47.4,0.11,0.22,18.2,0.0,0,0,1.6,1.6,0.08,0.4,0.4,Match Report,2024,Manchester City
233,26,2023-12-27,20:15,Premier League,Matchweek 19,Wed,Away,W,3,1,Everton,3,22.0,8.0,36.4,0.09,0.25,19.5,1.0,1,1,2.4,1.8,0.09,0.6,0.2,Match Report,2024,Manchester City
234,27,2023-12-30,15:00,Premier League,Matchweek 20,Sat,Home,W,2,0,Sheffield Utd,2,18.0,4.0,22.2,0.11,0.5,17.4,0.0,0,0,2.2,2.2,0.12,-0.2,-0.2,Match Report,2024,Manchester City
236,29,2024-01-13,17:30,Premier League,Matchweek 21,Sat,Away,W,3,2,Newcastle Utd,3,27.0,11.0,40.7,0.11,0.27,19.3,2.0,0,0,3.0,3.0,0.11,0.0,0.0,Match Report,2024,Manchester City
238,31,2024-01-31,19:30,Premier League,Matchweek 22,Wed,Home,W,3,1,Burnley,3,14.0,4.0,28.6,0.21,0.75,15.8,1.0,0,0,1.7,1.7,0.13,1.3,1.3,Match Report,2024,Manchester City
239,32,2024-02-05,20:00,Premier League,Matchweek 23,Mon,Away,W,3,1,Brentford,3,25.0,15.0,60.0,0.12,0.2,19.2,0.0,0,0,2.1,2.1,0.08,0.9,0.9,Match Report,2024,Manchester City
240,33,2024-02-10,12:30,Premier League,Matchweek 24,Sat,Home,W,2,0,Everton,2,19.0,3.0,15.8,0.11,0.67,17.4,0.0,0,0,1.6,1.6,0.09,0.4,0.4,Match Report,2024,Manchester City
242,35,2024-02-17,17:30,Premier League,Matchweek 25,Sat,Home,D,1,1,Chelsea,1,31.0,5.0,16.1,0.03,0.2,15.9,1.0,0,0,2.6,2.6,0.09,-1.6,-1.6,Match Report,2024,Manchester City
243,36,2024-02-20,19:30,Premier League,Matchweek 18,Tue,Home,W,1,0,Brentford,1,25.0,10.0,40.0,0.04,0.1,17.6,0.0,0,0,2.3,2.3,0.1,-1.3,-1.3,Match Report,2024,Manchester City
244,37,2024-02-24,17:30,Premier League,Matchweek 26,Sat,Away,W,1,0,Bournemouth,1,15.0,6.0,40.0,0.07,0.17,15.5,1.0,0,0,1.6,1.6,0.12,-0.6,-0.6,Match Report,2024,Manchester City
246,39,2024-03-03,15:30,Premier League,Matchweek 27,Sun,Home,W,3,1,Manchester Utd,3,27.0,8.0,29.6,0.11,0.38,17.7,1.0,0,0,3.3,3.3,0.12,-0.3,-0.3,Match Report,2024,Manchester City
248,41,2024-03-10,15:45,Premier League,Matchweek 28,Sun,Away,D,1,1,Liverpool,1,10.0,6.0,60.0,0.1,0.17,18.6,0.0,0,0,1.6,1.6,0.16,-0.6,-0.6,Match Report,2024,Manchester City
250,43,2024-03-31,16:30,Premier League,Matchweek 30,Sun,Home,D,0,0,Arsenal,0,12.0,1.0,8.3,0.0,0.0,14.2,0.0,0,0,1.0,1.0,0.09,-1.0,-1.0,Match Report,2024,Manchester City
251,44,2024-04-03,20:15,Premier League,Matchweek 31,Wed,Home,W,4,1,Aston Villa,4,25.0,11.0,44.0,0.16,0.36,15.9,2.0,0,0,3.4,3.4,0.14,0.6,0.6,Match Report,2024,Manchester City
252,45,2024-04-06,12:30,Premier League,Matchweek 32,Sat,Away,W,4,2,Crystal Palace,4,18.0,8.0,44.4,0.22,0.5,16.1,0.0,0,0,1.9,1.9,0.11,2.1,2.1,Match Report,2024,Manchester City
254,47,2024-04-13,15:00,Premier League,Matchweek 33,Sat,Home,W,5,1,Luton Town,4,36.0,12.0,33.3,0.08,0.25,16.9,0.0,1,1,4.2,3.4,0.1,-0.2,-0.4,Match Report,2024,Manchester City
257,50,2024-04-25,20:00,Premier League,Matchweek 29,Thu,Away,W,4,0,Brighton,4,14.0,6.0,42.9,0.29,0.67,17.0,1.0,0,0,1.4,1.4,0.1,2.6,2.6,Match Report,2024,Manchester City
258,51,2024-04-28,16:30,Premier League,Matchweek 35,Sun,Away,W,2,0,Nott'ham Forest,2,11.0,5.0,45.5,0.18,0.4,18.7,1.0,0,0,0.9,0.9,0.08,1.1,1.1,Match Report,2024,Manchester City
259,52,2024-05-04,17:30,Premier League,Matchweek 36,Sat,Home,W,5,1,Wolves,5,18.0,10.0,55.6,0.17,0.3,15.3,0.0,2,2,3.7,2.1,0.12,1.3,0.9,Match Report,2024,Manchester City
260,53,2024-05-11,12:30,Premier League,Matchweek 37,Sat,Away,W,4,0,Fulham,4,15.0,8.0,53.3,0.2,0.38,17.6,0.0,1,1,3.2,2.4,0.16,0.8,0.6,Match Report,2024,Manchester City
261,54,2024-05-14,20:00,Premier League,Matchweek 34,Tue,Away,W,2,0,Tottenham,2,7.0,4.0,57.1,0.14,0.25,14.5,0.0,1,1,2.4,1.6,0.23,-0.4,-0.6,Match Report,2024,Manchester City
262,55,2024-05-19,16:00,Premier League,Matchweek 38,Sun,Home,W,3,1,West Ham,3,28.0,12.0,42.9,0.11,0.25,17.9,2.0,0,0,1.9,1.9,0.07,1.1,1.1,Match Report,2024,Manchester City
266,1,2023-08-12,12:30,Premier League,Matchweek 1,Sat,Home,W,2,1,Nott'ham Forest,2,15.0,7.0,46.7,0.13,0.29,19.1,0.0,0,0,0.8,0.8,0.06,1.2,1.2,Match Report,2024,Arsenal
267,2,2023-08-21,20:00,Premier League,Matchweek 2,Mon,Away,W,1,0,Crystal Palace,1,13.0,2.0,15.4,0.0,0.0,16.4,0.0,1,1,2.0,1.2,0.09,-1.0,-1.2,Match Report,2024,Arsenal
268,3,2023-08-26,15:00,Premier League,Matchweek 3,Sat,Home,D,2,2,Fulham,2,18.0,9.0,50.0,0.06,0.11,13.8,0.0,1,1,3.2,2.4,0.14,-1.2,-1.4,Match Report,2024,Arsenal
269,4,2023-09-03,16:30,Premier League,Matchweek 4,Sun,Home,W,3,1,Manchester Utd,3,17.0,5.0,29.4,0.18,0.6,15.0,0.0,0,0,2.3,2.3,0.13,0.7,0.7,Match Report,2024,Arsenal
270,5,2023-09-17,16:30,Premier League,Matchweek 5,Sun,Away,W,1,0,Everton,1,13.0,4.0,30.8,0.08,0.25,17.4,0.0,0,0,1.0,1.0,0.08,0.0,0.0,Match Report,2024,Arsenal
272,7,2023-09-24,14:00,Premier League,Matchweek 6,Sun,Home,D,2,2,Tottenham,1,12.0,4.0,33.3,0.0,0.0,16.9,0.0,1,1,1.8,1.2,0.1,-0.8,-1.2,Match Report,2024,Arsenal
274,9,2023-09-30,15:00,Premier League,Matchweek 7,Sat,Away,W,4,0,Bournemouth,4,13.0,6.0,46.2,0.15,0.33,15.5,0.0,2,2,3.4,1.9,0.14,0.6,0.1,Match Report,2024,Arsenal
276,11,2023-10-08,16:30,Premier League,Matchweek 8,Sun,Home,W,1,0,Manchester City,1,12.0,2.0,16.7,0.08,0.5,19.2,0.0,0,0,0.4,0.4,0.03,0.6,0.6,Match Report,2024,Arsenal
277,12,2023-10-21,17:30,Premier League,Matchweek 9,Sat,Away,D,2,2,Chelsea,2,13.0,3.0,23.1,0.15,0.67,14.3,0.0,0,0,1.0,1.0,0.08,1.0,1.0,Match Report,2024,Arsenal
279,14,2023-10-28,15:00,Premier League,Matchweek 10,Sat,Home,W,5,0,Sheffield Utd,5,12.0,6.0,50.0,0.33,0.67,17.0,0.0,1,1,2.8,2.0,0.17,2.2,2.0,Match Report,2024,Arsenal
281,16,2023-11-04,17:30,Premier League,Matchweek 11,Sat,Away,L,0,1,Newcastle Utd,0,14.0,1.0,7.1,0.0,0.0,20.7,0.0,0,0,0.6,0.6,0.04,-0.6,-0.6,Match Report,2024,Arsenal
283,18,2023-11-11,15:00,Premier League,Matchweek 12,Sat,Home,W,3,1,Burnley,3,16.0,6.0,37.5,0.19,0.5,13.8,0.0,0,0,1.8,1.8,0.12,1.2,1.2,Match Report,2024,Arsenal
284,19,2023-11-25,17:30,Premier League,Matchweek 13,Sat,Away,W,1,0,Brentford,1,15.0,4.0,26.7,0.07,0.25,15.2,0.0,0,0,1.6,1.6,0.11,-0.6,-0.6,Match Report,2024,Arsenal
286,21,2023-12-02,15:00,Premier League,Matchweek 14,Sat,Home,W,2,1,Wolves,2,19.0,6.0,31.6,0.11,0.33,15.6,0.0,0,0,2.8,2.8,0.15,-0.8,-0.8,Match Report,2024,Arsenal
287,22,2023-12-05,20:15,Premier League,Matchweek 15,Tue,Away,W,4,3,Luton Town,4,23.0,9.0,39.1,0.17,0.44,15.5,0.0,0,0,2.2,2.2,0.1,1.8,1.8,Match Report,2024,Arsenal
288,23,2023-12-09,17:30,Premier League,Matchweek 16,Sat,Away,L,0,1,Aston Villa,0,12.0,3.0,25.0,0.0,0.0,14.8,1.0,0,0,1.4,1.4,0.12,-1.4,-1.4,Match Report,2024,Arsenal
290,25,2023-12-17,14:00,Premier League,Matchweek 17,Sun,Home,W,2,0,Brighton,2,26.0,8.0,30.8,0.08,0.25,14.2,0.0,0,0,2.3,2.3,0.09,-0.3,-0.3,Match Report,2024,Arsenal
291,26,2023-12-23,17:30,Premier League,Matchweek 18,Sat,Away,D,1,1,Liverpool,1,13.0,2.0,15.4,0.08,0.5,17.2,0.0,0,0,0.7,0.7,0.06,0.3,0.3,Match Report,2024,Arsenal
292,27,2023-12-28,20:15,Premier League,Matchweek 19,Thu,Home,L,0,2,West Ham,0,30.0,8.0,26.7,0.0,0.0,16.8,0.0,0,0,2.7,2.7,0.1,-2.7,-2.7,Match Report,2024,Arsenal
293,28,2023-12-31,14:00,Premier League,Matchweek 20,Sun,Away,L,1,2,Fulham,1,13.0,3.0,23.1,0.08,0.33,15.4,1.0,0,0,1.6,1.6,0.13,-0.6,-0.6,Match Report,2024,Arsenal
295,30,2024-01-20,12:30,Premier League,Matchweek 21,Sat,Home,W,5,0,Crystal Palace,5,21.0,7.0,33.3,0.24,0.71,16.7,0.0,0,0,3.3,3.3,0.16,1.7,1.7,Match Report,2024,Arsenal
296,31,2024-01-30,19:30,Premier League,Matchweek 22,Tue,Away,W,2,1,Nott'ham Forest,2,19.0,3.0,15.8,0.11,0.67,17.6,0.0,0,0,1.2,1.2,0.06,0.8,0.8,Match Report,2024,Arsenal
297,32,2024-02-04,16:30,Premier League,Matchweek 23,Sun,Home,W,3,1,Liverpool,3,15.0,7.0,46.7,0.2,0.43,14.2,0.0,0,0,3.5,3.5,0.25,-0.5,-0.5,Match Report,2024,Arsenal
298,33,2024-02-11,14:00,Premier League,Matchweek 24,Sun,Away,W,6,0,West Ham,6,24.0,11.0,45.8,0.21,0.45,16.0,0.0,1,1,3.6,2.8,0.12,2.4,2.2,Match Report,2024,Arsenal
299,34,2024-02-17,15:00,Premier League,Matchweek 25,Sat,Away,W,5,0,Burnley,5,15.0,6.0,40.0,0.27,0.67,16.8,1.0,1,1,2.3,1.5,0.1,2.7,2.5,Match Report,2024,Arsenal
301,36,2024-02-24,20:00,Premier League,Matchweek 26,Sat,Home,W,4,1,Newcastle Utd,3,18.0,7.0,38.9,0.17,0.43,13.8,0.0,0,0,2.8,2.8,0.16,0.2,0.2,Match Report,2024,Arsenal
302,37,2024-03-04,20:00,Premier League,Matchweek 27,Mon,Away,W,6,0,Sheffield Utd,5,22.0,9.0,40.9,0.23,0.56,15.6,1.0,0,0,2.3,2.3,0.11,2.7,2.7,Match Report,2024,Arsenal
303,38,2024-03-09,17:30,Premier League,Matchweek 28,Sat,Home,W,2,1,Brentford,2,17.0,5.0,29.4,0.12,0.4,16.4,0.0,0,0,1.3,1.3,0.08,0.7,0.7,Match Report,2024,Arsenal
305,40,2024-03-31,16:30,Premier League,Matchweek 30,Sun,Away,D,0,0,Manchester City,0,6.0,2.0,33.3,0.0,0.0,14.2,0.0,0,0,0.7,0.7,0.11,-0.7,-0.7,Match Report,2024,Arsenal
306,41,2024-04-03,19:30,Premier League,Matchweek 31,Wed,Home,W,2,0,Luton Town,1,13.0,4.0,30.8,0.08,0.25,17.8,0.0,0,0,0.7,0.7,0.06,0.3,0.3,Match Report,2024,Arsenal
307,42,2024-04-06,17:30,Premier League,Matchweek 32,Sat,Away,W,3,0,Brighton,3,19.0,6.0,31.6,0.11,0.33,12.4,0.0,1,1,3.4,2.6,0.14,-0.4,-0.6,Match Report,2024,Arsenal
309,44,2024-04-14,16:30,Premier League,Matchweek 33,Sun,Home,L,0,2,Aston Villa,0,18.0,4.0,22.2,0.0,0.0,17.2,1.0,0,0,1.6,1.6,0.1,-1.6,-1.6,Match Report,2024,Arsenal
311,46,2024-04-20,19:30,Premier League,Matchweek 34,Sat,Away,W,2,0,Wolves,2,24.0,9.0,37.5,0.08,0.22,17.8,0.0,0,0,1.2,1.2,0.05,0.8,0.8,Match Report,2024,Arsenal
312,47,2024-04-23,20:00,Premier League,Matchweek 29,Tue,Home,W,5,0,Chelsea,5,27.0,10.0,37.0,0.19,0.5,16.3,0.0,0,0,3.3,3.3,0.13,1.7,1.7,Match Report,2024,Arsenal
313,48,2024-04-28,14:00,Premier League,Matchweek 35,Sun,Away,W,3,2,Tottenham,2,9.0,3.0,33.3,0.22,0.67,14.3,1.0,0,0,1.0,1.0,0.11,1.0,1.0,Match Report,2024,Arsenal
314,49,2024-05-04,12:30,Premier League,Matchweek 36,Sat,Home,W,3,0,Bournemouth,3,24.0,8.0,33.3,0.08,0.25,14.0,0.0,1,1,3.3,2.5,0.11,-0.3,-0.5,Match Report,2024,Arsenal
315,50,2024-05-12,16:30,Premier League,Matchweek 37,Sun,Away,W,1,0,Manchester Utd,1,11.0,5.0,45.5,0.09,0.2,13.4,0.0,0,0,1.5,1.5,0.14,-0.5,-0.5,Match Report,2024,Arsenal
316,51,2024-05-19,16:00,Premier League,Matchweek 38,Sun,Home,W,2,1,Everton,2,26.0,5.0,19.2,0.08,0.4,14.1,0.0,0,0,2.9,2.9,0.12,-0.9,-0.9,Match Report,2024,Arsenal
318,0,2023-08-13,16:30,Premier League,Matchweek 1,Sun,Away,D,1.0,1.0,Chelsea,1,13.0,1.0,7.7,0.08,1.0,17.8,0.0,0,0,1.3,1.3,0.1,-0.3,-0.3,Match Report,2024,Liverpool
319,1,2023-08-19,15:00,Premier League,Matchweek 2,Sat,Home,W,3.0,1.0,Bournemouth,3,25.0,9.0,36.0,0.12,0.33,16.8,1.0,0,1,3.0,2.1,0.09,0.0,0.9,Match Report,2024,Liverpool
320,2,2023-08-27,16:30,Premier League,Matchweek 3,Sun,Away,W,2.0,1.0,Newcastle Utd,2,9.0,4.0,44.4,0.22,0.5,17.2,1.0,0,0,0.9,0.9,0.1,1.1,1.1,Match Report,2024,Liverpool
321,3,2023-09-03,14:00,Premier League,Matchweek 4,Sun,Home,W,3.0,0.0,Aston Villa,2,17.0,4.0,23.5,0.12,0.5,14.7,0.0,0,0,2.5,2.5,0.15,-0.5,-0.5,Match Report,2024,Liverpool
322,4,2023-09-16,12:30,Premier League,Matchweek 5,Sat,Away,W,3.0,1.0,Wolves,2,16.0,5.0,31.3,0.13,0.4,15.8,0.0,0,0,2.5,2.5,0.16,-0.5,-0.5,Match Report,2024,Liverpool
324,6,2023-09-24,14:00,Premier League,Matchweek 6,Sun,Home,W,3.0,1.0,West Ham,3,21.0,6.0,28.6,0.1,0.33,19.3,2.0,1,1,3.0,2.2,0.11,0.0,-0.2,Match Report,2024,Liverpool
326,8,2023-09-30,17:30,Premier League,Matchweek 7,Sat,Away,L,1.0,2.0,Tottenham,1,12.0,4.0,33.3,0.08,0.25,14.9,0.0,0,0,1.3,1.3,0.11,-0.3,-0.3,Match Report,2024,Liverpool
328,10,2023-10-08,14:00,Premier League,Matchweek 8,Sun,Away,D,2.0,2.0,Brighton,2,13.0,3.0,23.1,0.08,0.33,18.8,0.0,1,1,2.3,1.6,0.12,-0.3,-0.6,Match Report,2024,Liverpool
329,11,2023-10-21,12:30,Premier League,Matchweek 9,Sat,Home,W,2.0,0.0,Everton,2,25.0,5.0,20.0,0.04,0.2,22.4,1.0,1,1,2.2,1.4,0.06,-0.2,-0.4,Match Report,2024,Liverpool
331,13,2023-10-29,14:00,Premier League,Matchweek 10,Sun,Home,W,3.0,0.0,Nott'ham Forest,3,21.0,8.0,38.1,0.14,0.38,19.5,2.0,0,0,3.2,3.2,0.16,-0.2,-0.2,Match Report,2024,Liverpool
333,15,2023-11-05,16:30,Premier League,Matchweek 11,Sun,Away,D,1.0,1.0,Luton Town,1,24.0,6.0,25.0,0.04,0.17,17.5,0.0,0,0,2.6,2.6,0.12,-1.6,-1.6,Match Report,2024,Liverpool
335,17,2023-11-12,14:00,Premier League,Matchweek 12,Sun,Home,W,3.0,0.0,Brentford,3,17.0,10.0,58.8,0.18,0.3,19.0,0.0,0,0,1.7,1.7,0.1,1.3,1.3,Match Report,2024,Liverpool
336,18,2023-11-25,12:30,Premier League,Matchweek 13,Sat,Away,D,1.0,1.0,Manchester City,1,8.0,3.0,37.5,0.13,0.33,15.9,0.0,0,0,0.6,0.6,0.07,0.4,0.4,Match Report,2024,Liverpool
338,20,2023-12-03,14:00,Premier League,Matchweek 14,Sun,Home,W,4.0,3.0,Fulham,3,26.0,12.0,46.2,0.12,0.25,18.9,1.0,0,0,2.1,2.1,0.09,0.9,0.9,Match Report,2024,Liverpool
339,21,2023-12-06,19:30,Premier League,Matchweek 15,Wed,Away,W,2.0,0.0,Sheffield Utd,2,15.0,8.0,53.3,0.13,0.25,16.4,0.0,0,0,1.7,1.7,0.11,0.3,0.3,Match Report,2024,Liverpool
340,22,2023-12-09,12:30,Premier League,Matchweek 16,Sat,Away,W,2.0,1.0,Crystal Palace,2,14.0,2.0,14.3,0.14,1.0,17.4,0.0,0,0,1.2,1.2,0.09,0.8,0.8,Match Report,2024,Liverpool
342,24,2023-12-17,16:30,Premier League,Matchweek 17,Sun,Home,D,0.0,0.0,Manchester Utd,0,34.0,8.0,23.5,0.0,0.0,17.7,0.0,0,0,2.3,2.3,0.07,-2.3,-2.3,Match Report,2024,Liverpool
344,26,2023-12-23,17:30,Premier League,Matchweek 18,Sat,Home,D,1.0,1.0,Arsenal,1,13.0,3.0,23.1,0.08,0.33,20.1,1.0,0,0,1.0,1.0,0.07,0.0,0.0,Match Report,2024,Liverpool
345,27,2023-12-26,17:30,Premier League,Matchweek 19,Tue,Away,W,2.0,0.0,Burnley,2,19.0,10.0,52.6,0.11,0.2,17.4,0.0,0,0,1.8,1.8,0.1,0.2,0.2,Match Report,2024,Liverpool
346,28,2024-01-01,20:00,Premier League,Matchweek 20,Mon,Home,W,4.0,2.0,Newcastle Utd,4,32.0,12.0,37.5,0.09,0.25,16.2,0.0,1,2,7.0,5.4,0.17,-3.0,-2.4,Match Report,2024,Liverpool
349,31,2024-01-21,16:30,Premier League,Matchweek 21,Sun,Away,W,4.0,0.0,Bournemouth,4,14.0,7.0,50.0,0.29,0.57,19.2,0.0,0,0,1.5,1.5,0.11,2.5,2.5,Match Report,2024,Liverpool
352,34,2024-01-31,20:15,Premier League,Matchweek 22,Wed,Home,W,4.0,1.0,Chelsea,4,27.0,13.0,48.1,0.15,0.31,19.9,2.0,0,1,2.9,2.1,0.08,1.1,1.9,Match Report,2024,Liverpool
353,35,2024-02-04,16:30,Premier League,Matchweek 23,Sun,Away,L,1.0,3.0,Arsenal,0,10.0,1.0,10.0,0.0,0.0,19.7,0.0,0,0,0.4,0.4,0.04,-0.4,-0.4,Match Report,2024,Liverpool
354,36,2024-02-10,15:00,Premier League,Matchweek 24,Sat,Home,W,3.0,1.0,Burnley,3,25.0,10.0,40.0,0.12,0.3,15.4,0.0,0,0,2.8,2.8,0.11,0.2,0.2,Match Report,2024,Liverpool
355,37,2024-02-17,12:30,Premier League,Matchweek 25,Sat,Away,W,4.0,1.0,Brentford,4,15.0,8.0,53.3,0.27,0.5,15.9,1.0,0,0,2.8,2.8,0.19,1.2,1.2,Match Report,2024,Liverpool
356,38,2024-02-21,19:30,Premier League,Matchweek 26,Wed,Home,W,4.0,1.0,Luton Town,4,29.0,13.0,44.8,0.14,0.31,16.9,0.0,0,0,3.3,3.3,0.11,0.7,0.7,Match Report,2024,Liverpool
359,41,2024-03-02,15:00,Premier League,Matchweek 27,Sat,Away,W,1.0,0.0,Nott'ham Forest,1,22.0,1.0,4.5,0.05,1.0,14.6,0.0,0,0,2.0,2.0,0.09,-1.0,-1.0,Match Report,2024,Liverpool
361,43,2024-03-10,15:45,Premier League,Matchweek 28,Sun,Home,D,1.0,1.0,Manchester City,1,18.0,5.0,27.8,0.0,0.0,19.0,1.0,1,1,2.7,1.9,0.11,-1.7,-1.9,Match Report,2024,Liverpool
364,46,2024-03-31,14:00,Premier League,Matchweek 30,Sun,Home,W,2.0,1.0,Brighton,2,30.0,8.0,26.7,0.07,0.25,16.6,0.0,0,0,2.8,2.8,0.09,-0.8,-0.8,Match Report,2024,Liverpool
365,47,2024-04-04,19:30,Premier League,Matchweek 31,Thu,Home,W,3.0,1.0,Sheffield Utd,3,29.0,9.0,31.0,0.1,0.33,18.1,1.0,0,0,1.8,1.8,0.06,1.2,1.2,Match Report,2024,Liverpool
366,48,2024-04-07,15:30,Premier League,Matchweek 32,Sun,Away,D,2.0,2.0,Manchester Utd,2,27.0,6.0,22.2,0.04,0.17,17.5,0.0,1,1,3.6,2.9,0.11,-1.6,-1.9,Match Report,2024,Liverpool
368,50,2024-04-14,14:00,Premier League,Matchweek 33,Sun,Home,L,0.0,1.0,Crystal Palace,0,21.0,5.0,23.8,0.0,0.0,12.5,1.0,0,0,2.7,2.7,0.13,-2.7,-2.7,Match Report,2024,Liverpool
370,52,2024-04-21,16:30,Premier League,Matchweek 34,Sun,Away,W,3.0,1.0,Fulham,3,14.0,7.0,50.0,0.21,0.43,18.8,2.0,0,0,1.0,1.0,0.07,2.0,2.0,Match Report,2024,Liverpool
371,53,2024-04-24,20:00,Premier League,Matchweek 29,Wed,Away,L,0.0,2.0,Everton,0,23.0,7.0,30.4,0.0,0.0,16.8,0.0,0,0,2.1,2.1,0.09,-2.1,-2.1,Match Report,2024,Liverpool
372,54,2024-04-27,12:30,Premier League,Matchweek 35,Sat,Away,D,2.0,2.0,West Ham,1,28.0,8.0,28.6,0.04,0.13,16.6,1.0,0,0,1.7,1.7,0.06,-0.7,-0.7,Match Report,2024,Liverpool
373,55,2024-05-05,16:30,Premier League,Matchweek 36,Sun,Home,W,4.0,2.0,Tottenham,4,25.0,12.0,48.0,0.16,0.33,15.3,0.0,0,0,3.3,3.3,0.15,0.7,0.7,Match Report,2024,Liverpool
374,56,2024-05-13,20:00,Premier League,Matchweek 37,Mon,Away,D,3.0,3.0,Aston Villa,2,14.0,7.0,50.0,0.14,0.29,17.1,0.0,0,0,1.7,1.7,0.13,0.3,0.3,Match Report,2024,Liverpool
375,57,2024-05-19,16:00,Premier League,Matchweek 38,Sun,Home,W,2.0,0.0,Wolves,2,36.0,13.0,36.1,0.06,0.15,14.8,0.0,0,0,4.5,4.5,0.14,-2.5,-2.5,Match Report,2024,Liverpool
377,0,2023-08-12,17:30,Premier League,Matchweek 1,Sat,Away,L,1,5,Newcastle Utd,1,16.0,6.0,37.5,0.06,0.17,14.5,1.0,0,0,1.8,1.8,0.12,-0.8,-0.8,Match Report,2024,Aston Villa
378,1,2023-08-20,14:00,Premier League,Matchweek 2,Sun,Home,W,4,0,Everton,4,12.0,6.0,50.0,0.25,0.5,18.5,0.0,1,1,2.9,2.2,0.18,1.1,0.8,Match Report,2024,Aston Villa
380,3,2023-08-27,14:00,Premier League,Matchweek 3,Sun,Away,W,3,1,Burnley,3,16.0,6.0,37.5,0.19,0.5,13.4,0.0,0,0,2.5,2.5,0.17,0.5,0.5,Match Report,2024,Aston Villa
382,5,2023-09-03,14:00,Premier League,Matchweek 4,Sun,Away,L,0,3,Liverpool,0,9.0,3.0,33.3,0.0,0.0,12.5,0.0,0,0,0.7,0.7,0.07,-0.7,-0.7,Match Report,2024,Aston Villa
383,6,2023-09-16,15:00,Premier League,Matchweek 5,Sat,Home,W,3,1,Crystal Palace,3,15.0,4.0,26.7,0.13,0.5,16.2,0.0,1,1,3.0,2.3,0.16,0.0,-0.3,Match Report,2024,Aston Villa
385,8,2023-09-24,14:00,Premier League,Matchweek 6,Sun,Away,W,1,0,Chelsea,1,15.0,7.0,46.7,0.07,0.14,18.2,1.0,0,0,1.0,1.0,0.07,0.0,0.0,Match Report,2024,Aston Villa
387,10,2023-09-30,12:30,Premier League,Matchweek 7,Sat,Home,W,6,1,Brighton,5,19.0,9.0,47.4,0.26,0.56,17.9,1.0,0,0,1.6,1.6,0.09,3.4,3.4,Match Report,2024,Aston Villa
389,12,2023-10-08,14:00,Premier League,Matchweek 8,Sun,Away,D,1,1,Wolves,1,18.0,4.0,22.2,0.06,0.25,16.6,0.0,0,0,1.6,1.6,0.09,-0.6,-0.6,Match Report,2024,Aston Villa
390,13,2023-10-22,16:30,Premier League,Matchweek 9,Sun,Home,W,4,1,West Ham,4,14.0,6.0,42.9,0.21,0.5,19.6,0.0,1,1,1.9,1.1,0.08,2.1,1.9,Match Report,2024,Aston Villa
392,15,2023-10-29,14:00,Premier League,Matchweek 10,Sun,Home,W,3,1,Luton Town,2,17.0,6.0,35.3,0.12,0.33,14.5,0.0,0,0,2.3,2.3,0.14,-0.3,-0.3,Match Report,2024,Aston Villa
393,16,2023-11-05,14:00,Premier League,Matchweek 11,Sun,Away,L,0,2,Nott'ham Forest,0,13.0,3.0,23.1,0.0,0.0,14.0,0.0,0,0,1.2,1.2,0.09,-1.2,-1.2,Match Report,2024,Aston Villa
395,18,2023-11-12,14:00,Premier League,Matchweek 12,Sun,Home,W,3,1,Fulham,2,12.0,6.0,50.0,0.17,0.33,13.5,0.0,0,0,3.0,3.0,0.26,-1.0,-1.0,Match Report,2024,Aston Villa
396,19,2023-11-26,14:00,Premier League,Matchweek 13,Sun,Away,W,2,1,Tottenham,2,15.0,5.0,33.3,0.13,0.4,16.6,1.0,0,0,1.7,1.7,0.12,0.3,0.3,Match Report,2024,Aston Villa
398,21,2023-12-03,14:00,Premier League,Matchweek 14,Sun,Away,D,2,2,Bournemouth,2,11.0,3.0,27.3,0.18,0.67,19.2,1.0,0,0,0.7,0.7,0.06,1.3,1.3,Match Report,2024,Aston Villa
399,22,2023-12-06,20:15,Premier League,Matchweek 15,Wed,Home,W,1,0,Manchester City,1,22.0,7.0,31.8,0.05,0.14,18.9,0.0,0,0,2.3,2.3,0.11,-1.3,-1.3,Match Report,2024,Aston Villa
400,23,2023-12-09,17:30,Premier League,Matchweek 16,Sat,Home,W,1,0,Arsenal,1,10.0,3.0,30.0,0.1,0.33,20.8,1.0,0,0,0.6,0.6,0.06,0.4,0.4,Match Report,2024,Aston Villa
402,25,2023-12-17,14:00,Premier League,Matchweek 17,Sun,Away,W,2,1,Brentford,2,15.0,5.0,33.3,0.13,0.4,16.7,0.0,0,0,1.4,1.4,0.09,0.6,0.6,Match Report,2024,Aston Villa
403,26,2023-12-22,20:00,Premier League,Matchweek 18,Fri,Home,D,1,1,Sheffield Utd,1,12.0,4.0,33.3,0.08,0.25,17.5,0.0,0,0,0.9,0.9,0.07,0.1,0.1,Match Report,2024,Aston Villa
404,27,2023-12-26,20:00,Premier League,Matchweek 19,Tue,Away,L,2,3,Manchester Utd,2,10.0,3.0,30.0,0.2,0.67,14.6,1.0,0,0,1.7,1.7,0.17,0.3,0.3,Match Report,2024,Aston Villa
405,28,2023-12-30,15:00,Premier League,Matchweek 20,Sat,Home,W,3,2,Burnley,3,18.0,6.0,33.3,0.11,0.33,16.9,1.0,1,1,3.2,2.4,0.14,-0.2,-0.4,Match Report,2024,Aston Villa
407,30,2024-01-14,14:00,Premier League,Matchweek 21,Sun,Away,D,0,0,Everton,0,16.0,4.0,25.0,0.0,0.0,14.2,0.0,0,0,1.2,1.2,0.08,-1.2,-1.2,Match Report,2024,Aston Villa
409,32,2024-01-30,20:15,Premier League,Matchweek 22,Tue,Home,L,1,3,Newcastle Utd,1,12.0,5.0,41.7,0.08,0.2,14.3,0.0,0,0,1.4,1.4,0.12,-0.4,-0.4,Match Report,2024,Aston Villa
410,33,2024-02-03,17:30,Premier League,Matchweek 23,Sat,Away,W,5,0,Sheffield Utd,5,14.0,9.0,64.3,0.36,0.56,15.8,1.0,0,0,2.2,2.2,0.18,2.8,2.8,Match Report,2024,Aston Villa
412,35,2024-02-11,16:30,Premier League,Matchweek 24,Sun,Home,L,1,2,Manchester Utd,1,23.0,9.0,39.1,0.04,0.11,16.7,1.0,0,0,2.4,2.4,0.11,-1.4,-1.4,Match Report,2024,Aston Villa
413,36,2024-02-17,15:00,Premier League,Matchweek 25,Sat,Away,W,2,1,Fulham,2,12.0,3.0,25.0,0.17,0.67,16.8,1.0,0,0,1.5,1.5,0.13,0.5,0.5,Match Report,2024,Aston Villa
414,37,2024-02-24,15:00,Premier League,Matchweek 26,Sat,Home,W,4,2,Nott'ham Forest,4,16.0,6.0,37.5,0.25,0.67,14.3,2.0,0,0,3.6,3.6,0.23,0.4,0.4,Match Report,2024,Aston Villa
415,38,2024-03-02,17:30,Premier League,Matchweek 27,Sat,Away,W,3,2,Luton Town,3,12.0,8.0,66.7,0.25,0.38,12.5,0.0,0,0,1.9,1.9,0.16,1.1,1.1,Match Report,2024,Aston Villa
417,40,2024-03-10,13:00,Premier League,Matchweek 28,Sun,Home,L,0,4,Tottenham,0,10.0,1.0,10.0,0.0,0.0,14.1,0.0,0,0,0.8,0.8,0.08,-0.8,-0.8,Match Report,2024,Aston Villa
419,42,2024-03-17,14:00,Premier League,Matchweek 29,Sun,Away,D,1,1,West Ham,1,13.0,5.0,38.5,0.08,0.2,20.6,0.0,0,0,0.7,0.7,0.05,0.3,0.3,Match Report,2024,Aston Villa
420,43,2024-03-30,17:30,Premier League,Matchweek 30,Sat,Home,W,2,0,Wolves,2,11.0,5.0,45.5,0.18,0.4,14.7,0.0,0,0,1.0,1.0,0.09,1.0,1.0,Match Report,2024,Aston Villa
421,44,2024-04-03,20:15,Premier League,Matchweek 31,Wed,Away,L,1,4,Manchester City,1,8.0,3.0,37.5,0.13,0.33,12.4,0.0,0,0,0.8,0.8,0.1,0.2,0.2,Match Report,2024,Aston Villa
422,45,2024-04-06,15:00,Premier League,Matchweek 32,Sat,Home,D,3,3,Brentford,3,11.0,3.0,27.3,0.27,1.0,12.1,1.0,0,0,1.5,1.5,0.14,1.5,1.5,Match Report,2024,Aston Villa
424,47,2024-04-14,16:30,Premier League,Matchweek 33,Sun,Away,W,2,0,Arsenal,2,11.0,2.0,18.2,0.18,1.0,18.8,1.0,0,0,0.9,0.9,0.09,1.1,1.1,Match Report,2024,Aston Villa
426,49,2024-04-21,15:00,Premier League,Matchweek 34,Sun,Home,W,3,1,Bournemouth,3,15.0,5.0,33.3,0.2,0.6,14.8,0.0,0,0,2.4,2.4,0.17,0.6,0.6,Match Report,2024,Aston Villa
427,50,2024-04-27,20:00,Premier League,Matchweek 35,Sat,Home,D,2,2,Chelsea,1,9.0,4.0,44.4,0.11,0.25,15.0,0.0,0,0,1.1,1.1,0.12,-0.1,-0.1,Match Report,2024,Aston Villa
429,52,2024-05-05,14:00,Premier League,Matchweek 36,Sun,Away,L,0,1,Brighton,0,2.0,1.0,50.0,0.0,0.0,23.2,0.0,0,0,0.1,0.1,0.03,-0.1,-0.1,Match Report,2024,Aston Villa
431,54,2024-05-13,20:00,Premier League,Matchweek 37,Mon,Home,D,3,3,Liverpool,3,19.0,5.0,26.3,0.16,0.6,15.2,0.0,0,0,3.1,3.1,0.17,-0.1,-0.1,Match Report,2024,Aston Villa
432,55,2024-05-19,16:00,Premier League,Matchweek 38,Sun,Away,L,0,5,Crystal Palace,0,8.0,2.0,25.0,0.0,0.0,13.8,0.0,0,0,0.9,0.9,0.13,-0.9,-0.9,Match Report,2024,Aston Villa
434,0,2023-08-13,14:00,Premier League,Matchweek 1,Sun,Away,D,2,2,Brentford,2,18.0,6.0,33.3,0.11,0.33,19.6,0.0,0,0,1.3,1.3,0.07,0.7,0.7,Match Report,2024,Tottenham Hotspur
435,1,2023-08-19,17:30,Premier League,Matchweek 2,Sat,Home,W,2,0,Manchester Utd,1,17.0,6.0,35.3,0.06,0.17,13.8,0.0,0,0,1.7,1.7,0.1,-0.7,-0.7,Match Report,2024,Tottenham Hotspur
436,2,2023-08-26,12:30,Premier League,Matchweek 3,Sat,Away,W,2,0,Bournemouth,2,17.0,6.0,35.3,0.12,0.33,16.6,1.0,0,0,2.1,2.1,0.12,-0.1,-0.1,Match Report,2024,Tottenham Hotspur
438,4,2023-09-02,15:00,Premier League,Matchweek 4,Sat,Away,W,5,2,Burnley,5,21.0,11.0,52.4,0.24,0.45,19.3,0.0,0,0,2.2,2.2,0.11,2.8,2.8,Match Report,2024,Tottenham Hotspur
439,5,2023-09-16,15:00,Premier League,Matchweek 5,Sat,Home,W,2,1,Sheffield Utd,2,28.0,10.0,35.7,0.07,0.2,16.4,0.0,0,0,2.1,2.1,0.08,-0.1,-0.1,Match Report,2024,Tottenham Hotspur
440,6,2023-09-24,14:00,Premier League,Matchweek 6,Sun,Away,D,2,2,Arsenal,2,13.0,5.0,38.5,0.15,0.4,16.0,0.0,0,0,1.4,1.4,0.11,0.6,0.6,Match Report,2024,Tottenham Hotspur
441,7,2023-09-30,17:30,Premier League,Matchweek 7,Sat,Home,W,2,1,Liverpool,1,24.0,8.0,33.3,0.04,0.13,19.8,0.0,0,0,2.2,2.2,0.09,-1.2,-1.2,Match Report,2024,Tottenham Hotspur
442,8,2023-10-07,12:30,Premier League,Matchweek 8,Sat,Away,W,1,0,Luton Town,1,15.0,4.0,26.7,0.07,0.25,16.9,1.0,0,0,1.9,1.9,0.13,-0.9,-0.9,Match Report,2024,Tottenham Hotspur
443,9,2023-10-23,20:00,Premier League,Matchweek 9,Mon,Home,W,2,0,Fulham,2,15.0,5.0,33.3,0.13,0.4,17.2,0.0,0,0,1.5,1.5,0.1,0.5,0.5,Match Report,2024,Tottenham Hotspur
444,10,2023-10-27,20:00,Premier League,Matchweek 10,Fri,Away,W,2,1,Crystal Palace,1,10.0,1.0,10.0,0.1,1.0,19.5,1.0,0,0,1.1,1.1,0.11,-0.1,-0.1,Match Report,2024,Tottenham Hotspur
445,11,2023-11-06,20:00,Premier League,Matchweek 11,Mon,Home,L,1,4,Chelsea,1,8.0,5.0,62.5,0.13,0.2,23.5,1.0,0,0,0.9,0.9,0.11,0.1,0.1,Match Report,2024,Tottenham Hotspur
446,12,2023-11-11,12:30,Premier League,Matchweek 12,Sat,Away,L,1,2,Wolves,1,6.0,2.0,33.3,0.17,0.5,17.5,0.0,0,0,0.7,0.7,0.12,0.3,0.3,Match Report,2024,Tottenham Hotspur
447,13,2023-11-26,14:00,Premier League,Matchweek 13,Sun,Home,L,1,2,Aston Villa,1,18.0,7.0,38.9,0.06,0.14,14.0,0.0,0,0,2.3,2.3,0.14,-1.3,-1.3,Match Report,2024,Tottenham Hotspur
448,14,2023-12-03,16:30,Premier League,Matchweek 14,Sun,Away,D,3,3,Manchester City,3,8.0,4.0,50.0,0.38,0.75,20.7,0.0,0,0,0.5,0.5,0.06,2.5,2.5,Match Report,2024,Tottenham Hotspur
449,15,2023-12-07,20:15,Premier League,Matchweek 15,Thu,Home,L,1,2,West Ham,1,23.0,6.0,26.1,0.04,0.17,17.1,1.0,0,0,1.8,1.8,0.08,-0.8,-0.8,Match Report,2024,Tottenham Hotspur
450,16,2023-12-10,16:30,Premier League,Matchweek 16,Sun,Home,W,4,1,Newcastle Utd,4,22.0,10.0,45.5,0.14,0.3,15.5,0.0,1,1,3.8,3.0,0.14,0.2,0.0,Match Report,2024,Tottenham Hotspur
451,17,2023-12-15,20:00,Premier League,Matchweek 17,Fri,Away,W,2,0,Nott'ham Forest,2,12.0,6.0,50.0,0.17,0.33,12.5,0.0,0,0,1.5,1.5,0.13,0.5,0.5,Match Report,2024,Tottenham Hotspur
452,18,2023-12-23,15:00,Premier League,Matchweek 18,Sat,Home,W,2,1,Everton,2,13.0,6.0,46.2,0.15,0.33,15.1,0.0,0,0,1.5,1.5,0.11,0.5,0.5,Match Report,2024,Tottenham Hotspur
453,19,2023-12-28,19:30,Premier League,Matchweek 19,Thu,Away,L,2,4,Brighton,2,19.0,3.0,15.8,0.11,0.67,15.2,1.0,0,0,2.3,2.3,0.12,-0.3,-0.3,Match Report,2024,Tottenham Hotspur
454,20,2023-12-31,14:00,Premier League,Matchweek 20,Sun,Home,W,3,1,Bournemouth,3,12.0,6.0,50.0,0.25,0.5,14.7,0.0,0,0,2.3,2.3,0.19,0.7,0.7,Match Report,2024,Tottenham Hotspur
456,22,2024-01-14,16:30,Premier League,Matchweek 21,Sun,Away,D,2,2,Manchester Utd,2,16.0,5.0,31.3,0.13,0.4,14.4,0.0,0,0,1.2,1.2,0.08,0.8,0.8,Match Report,2024,Tottenham Hotspur
458,24,2024-01-31,19:30,Premier League,Matchweek 22,Wed,Home,W,3,2,Brentford,3,19.0,5.0,26.3,0.16,0.6,14.3,0.0,0,0,2.9,2.9,0.16,0.1,0.1,Match Report,2024,Tottenham Hotspur
459,25,2024-02-03,12:30,Premier League,Matchweek 23,Sat,Away,D,2,2,Everton,2,9.0,6.0,66.7,0.22,0.33,17.8,0.0,0,0,1.0,1.0,0.11,1.0,1.0,Match Report,2024,Tottenham Hotspur
460,26,2024-02-10,15:00,Premier League,Matchweek 24,Sat,Home,W,2,1,Brighton,2,16.0,6.0,37.5,0.13,0.33,17.1,1.0,0,0,1.6,1.6,0.1,0.4,0.4,Match Report,2024,Tottenham Hotspur
461,27,2024-02-17,15:00,Premier League,Matchweek 25,Sat,Home,L,1,2,Wolves,1,15.0,4.0,26.7,0.07,0.25,14.3,0.0,0,0,1.6,1.6,0.11,-0.6,-0.6,Match Report,2024,Tottenham Hotspur
462,28,2024-03-02,15:00,Premier League,Matchweek 27,Sat,Home,W,3,1,Crystal Palace,3,14.0,6.0,42.9,0.21,0.5,13.5,0.0,0,0,1.9,1.9,0.14,1.1,1.1,Match Report,2024,Tottenham Hotspur
463,29,2024-03-10,13:00,Premier League,Matchweek 28,Sun,Away,W,4,0,Aston Villa,4,9.0,5.0,55.6,0.44,0.8,14.9,0.0,0,0,1.5,1.5,0.17,2.5,2.5,Match Report,2024,Tottenham Hotspur
464,30,2024-03-16,17:30,Premier League,Matchweek 29,Sat,Away,L,0,3,Fulham,0,14.0,5.0,35.7,0.0,0.0,14.0,0.0,0,0,2.4,2.4,0.17,-2.4,-2.4,Match Report,2024,Tottenham Hotspur
465,31,2024-03-30,15:00,Premier League,Matchweek 30,Sat,Home,W,2,1,Luton Town,1,17.0,2.0,11.8,0.06,0.5,14.5,1.0,0,0,2.9,2.9,0.18,-1.9,-1.9,Match Report,2024,Tottenham Hotspur
466,32,2024-04-02,20:15,Premier League,Matchweek 31,Tue,Away,D,1,1,West Ham,1,13.0,4.0,30.8,0.08,0.25,17.4,0.0,0,0,1.0,1.0,0.07,0.0,0.0,Match Report,2024,Tottenham Hotspur
467,33,2024-04-07,18:00,Premier League,Matchweek 32,Sun,Home,W,3,1,Nott'ham Forest,2,17.0,7.0,41.2,0.12,0.29,20.2,1.0,0,0,1.5,1.5,0.09,0.5,0.5,Match Report,2024,Tottenham Hotspur
468,34,2024-04-13,12:30,Premier League,Matchweek 33,Sat,Away,L,0,4,Newcastle Utd,0,11.0,2.0,18.2,0.0,0.0,19.0,0.0,0,0,0.8,0.8,0.07,-0.8,-0.8,Match Report,2024,Tottenham Hotspur
469,35,2024-04-28,14:00,Premier League,Matchweek 35,Sun,Home,L,2,3,Arsenal,2,14.0,1.0,7.1,0.07,1.0,16.8,0.0,1,1,2.3,1.6,0.12,-0.3,-0.6,Match Report,2024,Tottenham Hotspur
470,36,2024-05-02,19:30,Premier League,Matchweek 26,Thu,Away,L,0,2,Chelsea,0,19.0,3.0,15.8,0.0,0.0,16.9,0.0,0,0,1.6,1.6,0.09,-1.6,-1.6,Match Report,2024,Tottenham Hotspur
471,37,2024-05-05,16:30,Premier League,Matchweek 36,Sun,Away,L,2,4,Liverpool,2,11.0,6.0,54.5,0.18,0.33,21.6,1.0,0,0,1.2,1.2,0.11,0.8,0.8,Match Report,2024,Tottenham Hotspur
472,38,2024-05-11,15:00,Premier League,Matchweek 37,Sat,Home,W,2,1,Burnley,2,21.0,9.0,42.9,0.1,0.22,16.0,0.0,0,0,2.7,2.7,0.13,-0.7,-0.7,Match Report,2024,Tottenham Hotspur
473,39,2024-05-14,20:00,Premier League,Matchweek 34,Tue,Home,L,0,2,Manchester City,0,10.0,5.0,50.0,0.0,0.0,15.0,0.0,0,0,1.7,1.7,0.17,-1.7,-1.7,Match Report,2024,Tottenham Hotspur
474,40,2024-05-19,16:00,Premier League,Matchweek 38,Sun,Away,W,3,0,Sheffield Utd,3,18.0,9.0,50.0,0.17,0.33,14.4,1.0,0,0,3.1,3.1,0.18,-0.1,-0.1,Match Report,2024,Tottenham Hotspur
476,0,2023-08-13,16:30,Premier League,Matchweek 1,Sun,Home,D,1,1,Liverpool,1,10.0,4.0,40.0,0.1,0.25,13.2,1.0,0,0,1.4,1.4,0.14,-0.4,-0.4,Match Report,2024,Chelsea
477,1,2023-08-20,16:30,Premier League,Matchweek 2,Sun,Away,L,1,3,West Ham,1,16.0,3.0,18.8,0.06,0.33,17.1,0.0,0,1,2.5,1.7,0.11,-1.5,-0.7,Match Report,2024,Chelsea
478,2,2023-08-25,20:00,Premier League,Matchweek 3,Fri,Home,W,3,0,Luton Town,3,19.0,8.0,42.1,0.16,0.38,14.2,1.0,0,0,2.2,2.2,0.12,0.8,0.8,Match Report,2024,Chelsea
480,4,2023-09-02,15:00,Premier League,Matchweek 4,Sat,Home,L,0,1,Nott'ham Forest,0,21.0,2.0,9.5,0.0,0.0,17.7,2.0,0,0,2.3,2.3,0.11,-2.3,-2.3,Match Report,2024,Chelsea
481,5,2023-09-17,14:00,Premier League,Matchweek 5,Sun,Away,D,0,0,Bournemouth,0,14.0,6.0,42.9,0.0,0.0,15.0,1.0,0,0,1.8,1.8,0.14,-1.8,-1.8,Match Report,2024,Chelsea
482,6,2023-09-24,14:00,Premier League,Matchweek 6,Sun,Home,L,0,1,Aston Villa,0,10.0,4.0,40.0,0.0,0.0,17.8,0.0,0,0,1.3,1.3,0.13,-1.3,-1.3,Match Report,2024,Chelsea
484,8,2023-10-02,20:00,Premier League,Matchweek 7,Mon,Away,W,2,0,Fulham,2,11.0,4.0,36.4,0.18,0.5,19.8,1.0,0,0,1.7,1.7,0.16,0.3,0.3,Match Report,2024,Chelsea
485,9,2023-10-07,15:00,Premier League,Matchweek 8,Sat,Away,W,4,1,Burnley,3,8.0,4.0,50.0,0.25,0.5,18.1,0.0,1,1,1.9,1.1,0.13,1.1,0.9,Match Report,2024,Chelsea
486,10,2023-10-21,17:30,Premier League,Matchweek 9,Sat,Home,D,2,2,Arsenal,2,10.0,4.0,40.0,0.1,0.25,20.4,0.0,1,1,1.3,0.6,0.06,0.7,0.4,Match Report,2024,Chelsea
487,11,2023-10-28,12:30,Premier League,Matchweek 10,Sat,Home,L,0,2,Brentford,0,17.0,2.0,11.8,0.0,0.0,16.1,1.0,0,0,1.9,1.9,0.12,-1.9,-1.9,Match Report,2024,Chelsea
489,13,2023-11-06,20:00,Premier League,Matchweek 11,Mon,Away,W,4,1,Tottenham,4,16.0,6.0,37.5,0.19,0.5,16.8,0.0,1,1,4.1,3.3,0.21,-0.1,-0.3,Match Report,2024,Chelsea
490,14,2023-11-12,16:30,Premier League,Matchweek 12,Sun,Home,D,4,4,Manchester City,4,16.0,8.0,50.0,0.19,0.38,19.1,1.0,1,1,2.9,2.2,0.14,1.1,0.8,Match Report,2024,Chelsea
491,15,2023-11-25,15:00,Premier League,Matchweek 13,Sat,Away,L,1,4,Newcastle Utd,1,7.0,4.0,57.1,0.14,0.25,18.4,2.0,0,0,0.5,0.5,0.08,0.5,0.5,Match Report,2024,Chelsea
492,16,2023-12-03,14:00,Premier League,Matchweek 14,Sun,Home,W,3,2,Brighton,3,7.0,3.0,42.9,0.29,0.67,19.6,0.0,1,1,2.1,1.3,0.19,0.9,0.7,Match Report,2024,Chelsea
493,17,2023-12-06,20:15,Premier League,Matchweek 15,Wed,Away,L,1,2,Manchester Utd,1,13.0,3.0,23.1,0.08,0.33,15.0,0.0,0,0,1.5,1.5,0.12,-0.5,-0.5,Match Report,2024,Chelsea
494,18,2023-12-10,14:00,Premier League,Matchweek 16,Sun,Away,L,0,2,Everton,0,16.0,4.0,25.0,0.0,0.0,18.5,1.0,0,0,0.9,0.9,0.06,-0.9,-0.9,Match Report,2024,Chelsea
495,19,2023-12-16,15:00,Premier League,Matchweek 17,Sat,Home,W,2,0,Sheffield Utd,2,15.0,6.0,40.0,0.13,0.33,17.2,1.0,0,0,3.1,3.1,0.2,-1.1,-1.1,Match Report,2024,Chelsea
497,21,2023-12-24,13:00,Premier League,Matchweek 18,Sun,Away,L,1,2,Wolves,1,16.0,4.0,25.0,0.06,0.25,17.4,1.0,0,0,2.0,2.0,0.13,-1.0,-1.0,Match Report,2024,Chelsea
498,22,2023-12-27,19:30,Premier League,Matchweek 19,Wed,Home,W,2,1,Crystal Palace,2,8.0,2.0,25.0,0.13,0.5,15.3,0.0,1,1,2.6,1.8,0.22,-0.6,-0.8,Match Report,2024,Chelsea
499,23,2023-12-30,12:30,Premier League,Matchweek 20,Sat,Away,W,3,2,Luton Town,3,12.0,8.0,66.7,0.25,0.38,17.5,0.0,0,0,1.5,1.5,0.12,1.5,1.5,Match Report,2024,Chelsea
502,26,2024-01-13,12:30,Premier League,Matchweek 21,Sat,Home,W,1,0,Fulham,1,16.0,2.0,12.5,0.0,0.0,17.5,0.0,1,1,2.2,1.4,0.09,-1.2,-1.4,Match Report,2024,Chelsea
505,29,2024-01-31,20:15,Premier League,Matchweek 22,Wed,Away,L,1,4,Liverpool,1,4.0,3.0,75.0,0.25,0.33,18.8,0.0,0,0,0.6,0.6,0.15,0.4,0.4,Match Report,2024,Chelsea
506,30,2024-02-04,14:00,Premier League,Matchweek 23,Sun,Home,L,2,4,Wolves,2,15.0,4.0,26.7,0.13,0.5,14.5,0.0,0,0,1.7,1.7,0.12,0.3,0.3,Match Report,2024,Chelsea
508,32,2024-02-12,20:00,Premier League,Matchweek 24,Mon,Away,W,3,1,Crystal Palace,3,14.0,5.0,35.7,0.21,0.6,15.3,0.0,0,0,1.4,1.4,0.1,1.6,1.6,Match Report,2024,Chelsea
509,33,2024-02-17,17:30,Premier League,Matchweek 25,Sat,Away,D,1,1,Manchester City,1,9.0,6.0,66.7,0.11,0.17,12.8,0.0,0,0,1.4,1.4,0.16,-0.4,-0.4,Match Report,2024,Chelsea
512,36,2024-03-02,15:00,Premier League,Matchweek 27,Sat,Away,D,2,2,Brentford,2,17.0,5.0,29.4,0.12,0.4,19.5,0.0,0,0,1.8,1.8,0.11,0.2,0.2,Match Report,2024,Chelsea
513,37,2024-03-11,20:00,Premier League,Matchweek 28,Mon,Home,W,3,2,Newcastle Utd,3,12.0,7.0,58.3,0.25,0.43,19.7,0.0,0,0,1.6,1.6,0.13,1.4,1.4,Match Report,2024,Chelsea
515,39,2024-03-30,15:00,Premier League,Matchweek 30,Sat,Home,D,2,2,Burnley,2,32.0,12.0,37.5,0.03,0.08,17.8,0.0,1,1,4.2,3.4,0.11,-2.2,-2.4,Match Report,2024,Chelsea
516,40,2024-04-04,20:15,Premier League,Matchweek 31,Thu,Home,W,4,3,Manchester Utd,4,26.0,8.0,30.8,0.08,0.25,19.0,1.0,2,2,3.0,1.4,0.06,1.0,0.6,Match Report,2024,Chelsea
517,41,2024-04-07,17:30,Premier League,Matchweek 32,Sun,Away,D,2,2,Sheffield Utd,2,6.0,3.0,50.0,0.33,0.67,18.5,0.0,0,0,0.3,0.3,0.06,1.7,1.7,Match Report,2024,Chelsea
518,42,2024-04-15,20:00,Premier League,Matchweek 33,Mon,Home,W,6,0,Everton,6,13.0,9.0,69.2,0.38,0.56,18.8,0.0,1,1,3.1,2.3,0.2,2.9,2.7,Match Report,2024,Chelsea
520,44,2024-04-23,20:00,Premier League,Matchweek 29,Tue,Away,L,0,5,Arsenal,0,7.0,1.0,14.3,0.0,0.0,13.0,1.0,0,0,1.6,1.6,0.24,-1.6,-1.6,Match Report,2024,Chelsea
521,45,2024-04-27,20:00,Premier League,Matchweek 35,Sat,Away,D,2,2,Aston Villa,2,21.0,5.0,23.8,0.1,0.4,21.7,1.0,0,0,1.6,1.6,0.07,0.4,0.4,Match Report,2024,Chelsea
522,46,2024-05-02,19:30,Premier League,Matchweek 26,Thu,Home,W,2,0,Tottenham,2,16.0,4.0,25.0,0.13,0.5,16.1,2.0,0,0,2.2,2.2,0.16,-0.2,-0.2,Match Report,2024,Chelsea
523,47,2024-05-05,14:00,Premier League,Matchweek 36,Sun,Home,W,5,0,West Ham,5,25.0,14.0,56.0,0.2,0.36,15.7,1.0,0,0,4.1,4.1,0.17,0.9,0.9,Match Report,2024,Chelsea
524,48,2024-05-11,17:30,Premier League,Matchweek 37,Sat,Away,W,3,2,Nott'ham Forest,3,12.0,5.0,41.7,0.25,0.6,12.0,1.0,0,0,1.6,1.6,0.13,1.4,1.4,Match Report,2024,Chelsea
525,49,2024-05-15,19:45,Premier League,Matchweek 34,Wed,Away,W,2,1,Brighton,2,14.0,6.0,42.9,0.14,0.33,20.3,2.0,0,0,1.5,1.5,0.11,0.5,0.5,Match Report,2024,Chelsea
526,50,2024-05-19,16:00,Premier League,Matchweek 38,Sun,Home,W,2,1,Bournemouth,2,16.0,6.0,37.5,0.13,0.33,18.2,0.0,0,0,1.1,1.1,0.07,0.9,0.9,Match Report,2024,Chelsea
528,0,2023-08-12,17:30,Premier League,Matchweek 1,Sat,Home,W,5,1,Aston Villa,5,17.0,12.0,70.6,0.29,0.42,13.2,0.0,0,0,3.3,3.3,0.2,1.7,1.7,Match Report,2024,Newcastle United
529,1,2023-08-19,20:00,Premier League,Matchweek 2,Sat,Away,L,0,1,Manchester City,0,7.0,1.0,14.3,0.0,0.0,20.3,0.0,0,0,0.3,0.3,0.04,-0.3,-0.3,Match Report,2024,Newcastle United
530,2,2023-08-27,16:30,Premier League,Matchweek 3,Sun,Home,L,1,2,Liverpool,1,23.0,8.0,34.8,0.04,0.13,18.3,1.0,0,0,2.0,2.0,0.09,-1.0,-1.0,Match Report,2024,Newcastle United
531,3,2023-09-02,17:30,Premier League,Matchweek 4,Sat,Away,L,1,3,Brighton,1,9.0,2.0,22.2,0.11,0.5,14.6,0.0,0,0,1.2,1.2,0.14,-0.2,-0.2,Match Report,2024,Newcastle United
532,4,2023-09-16,17:30,Premier League,Matchweek 5,Sat,Home,W,1,0,Brentford,1,8.0,1.0,12.5,0.0,0.0,20.2,0.0,1,1,1.4,0.6,0.08,-0.4,-0.6,Match Report,2024,Newcastle United
534,6,2023-09-24,16:30,Premier League,Matchweek 6,Sun,Away,W,8,0,Sheffield Utd,8,22.0,15.0,68.2,0.36,0.53,14.2,0.0,0,0,3.9,3.9,0.18,4.1,4.1,Match Report,2024,Newcastle United
536,8,2023-09-30,15:00,Premier League,Matchweek 7,Sat,Home,W,2,0,Burnley,2,19.0,6.0,31.6,0.05,0.17,15.8,0.0,1,1,3.1,2.4,0.13,-1.1,-1.4,Match Report,2024,Newcastle United
538,10,2023-10-08,14:00,Premier League,Matchweek 8,Sun,Away,D,2,2,West Ham,2,10.0,3.0,30.0,0.2,0.67,12.1,0.0,0,0,2.0,2.0,0.2,0.0,0.0,Match Report,2024,Newcastle United
539,11,2023-10-21,15:00,Premier League,Matchweek 9,Sat,Home,W,4,0,Crystal Palace,4,10.0,7.0,70.0,0.4,0.57,10.2,0.0,0,0,2.4,2.4,0.24,1.6,1.6,Match Report,2024,Newcastle United
541,13,2023-10-28,17:30,Premier League,Matchweek 10,Sat,Away,D,2,2,Wolves,2,12.0,3.0,25.0,0.08,0.33,14.2,0.0,1,1,2.2,1.4,0.14,-0.2,-0.4,Match Report,2024,Newcastle United
543,15,2023-11-04,17:30,Premier League,Matchweek 11,Sat,Home,W,1,0,Arsenal,1,9.0,1.0,11.1,0.11,1.0,18.6,0.0,0,0,1.0,1.0,0.14,0.0,0.0,Match Report,2024,Newcastle United
545,17,2023-11-11,17:30,Premier League,Matchweek 12,Sat,Away,L,0,2,Bournemouth,0,8.0,5.0,62.5,0.0,0.0,19.5,0.0,0,0,0.5,0.5,0.06,-0.5,-0.5,Match Report,2024,Newcastle United
546,18,2023-11-25,15:00,Premier League,Matchweek 13,Sat,Home,W,4,1,Chelsea,4,14.0,5.0,35.7,0.29,0.8,17.0,1.0,0,0,2.4,2.4,0.17,1.6,1.6,Match Report,2024,Newcastle United
548,20,2023-12-02,20:00,Premier League,Matchweek 14,Sat,Home,W,1,0,Manchester Utd,1,22.0,4.0,18.2,0.05,0.25,16.4,1.0,0,0,2.4,2.4,0.11,-1.4,-1.4,Match Report,2024,Newcastle United
549,21,2023-12-07,19:30,Premier League,Matchweek 15,Thu,Away,L,0,3,Everton,0,13.0,3.0,23.1,0.0,0.0,19.3,1.0,0,0,1.5,1.5,0.12,-1.5,-1.5,Match Report,2024,Newcastle United
550,22,2023-12-10,16:30,Premier League,Matchweek 16,Sun,Away,L,1,4,Tottenham,1,9.0,3.0,33.3,0.11,0.33,14.4,0.0,0,0,1.7,1.7,0.19,-0.7,-0.7,Match Report,2024,Newcastle United
552,24,2023-12-16,15:00,Premier League,Matchweek 17,Sat,Home,W,3,0,Fulham,3,27.0,10.0,37.0,0.11,0.3,14.4,0.0,0,0,3.5,3.5,0.14,-0.5,-0.5,Match Report,2024,Newcastle United
554,26,2023-12-23,15:00,Premier League,Matchweek 18,Sat,Away,L,0,1,Luton Town,0,15.0,2.0,13.3,0.0,0.0,12.2,0.0,0,0,1.4,1.4,0.1,-1.4,-1.4,Match Report,2024,Newcastle United
555,27,2023-12-26,12:30,Premier League,Matchweek 19,Tue,Home,L,1,3,Nott'ham Forest,1,18.0,5.0,27.8,0.0,0.0,15.1,1.0,1,1,2.4,1.6,0.1,-1.4,-1.6,Match Report,2024,Newcastle United
556,28,2024-01-01,20:00,Premier League,Matchweek 20,Mon,Away,L,2,4,Liverpool,2,5.0,3.0,60.0,0.4,0.67,16.1,0.0,0,0,0.6,0.6,0.12,1.4,1.4,Match Report,2024,Newcastle United
558,30,2024-01-13,17:30,Premier League,Matchweek 21,Sat,Home,L,2,3,Manchester City,2,12.0,5.0,41.7,0.17,0.4,14.7,0.0,0,0,1.3,1.3,0.11,0.7,0.7,Match Report,2024,Newcastle United
560,32,2024-01-30,20:15,Premier League,Matchweek 22,Tue,Away,W,3,1,Aston Villa,2,14.0,5.0,35.7,0.14,0.4,11.9,0.0,0,0,2.6,2.6,0.19,-0.6,-0.6,Match Report,2024,Newcastle United
561,33,2024-02-03,15:00,Premier League,Matchweek 23,Sat,Home,D,4,4,Luton Town,4,19.0,6.0,31.6,0.21,0.67,16.3,0.0,0,0,2.3,2.3,0.13,1.7,1.7,Match Report,2024,Newcastle United
562,34,2024-02-10,17:30,Premier League,Matchweek 24,Sat,Away,W,3,2,Nott'ham Forest,3,7.0,5.0,71.4,0.43,0.6,19.2,0.0,0,0,0.5,0.5,0.07,2.5,2.5,Match Report,2024,Newcastle United
563,35,2024-02-17,15:00,Premier League,Matchweek 25,Sat,Home,D,2,2,Bournemouth,2,16.0,4.0,25.0,0.06,0.25,19.4,0.0,1,1,2.2,1.4,0.09,-0.2,-0.4,Match Report,2024,Newcastle United
564,36,2024-02-24,20:00,Premier League,Matchweek 26,Sat,Away,L,1,4,Arsenal,1,3.0,2.0,66.7,0.33,0.5,14.5,0.0,0,0,0.2,0.2,0.05,0.8,0.8,Match Report,2024,Newcastle United
566,38,2024-03-02,15:00,Premier League,Matchweek 27,Sat,Home,W,3,0,Wolves,3,14.0,6.0,42.9,0.21,0.5,16.3,1.0,0,0,2.1,2.1,0.16,0.9,0.9,Match Report,2024,Newcastle United
567,39,2024-03-11,20:00,Premier League,Matchweek 28,Mon,Away,L,2,3,Chelsea,2,11.0,3.0,27.3,0.18,0.67,16.0,0.0,0,0,0.7,0.7,0.07,1.3,1.3,Match Report,2024,Newcastle United
569,41,2024-03-30,12:30,Premier League,Matchweek 30,Sat,Home,W,4,3,West Ham,4,22.0,7.0,31.8,0.09,0.29,17.6,0.0,2,2,4.1,2.5,0.11,-0.1,-0.5,Match Report,2024,Newcastle United
570,42,2024-04-02,19:30,Premier League,Matchweek 31,Tue,Home,D,1,1,Everton,1,18.0,5.0,27.8,0.06,0.2,15.7,0.0,0,0,2.4,2.4,0.14,-1.4,-1.4,Match Report,2024,Newcastle United
571,43,2024-04-06,15:00,Premier League,Matchweek 32,Sat,Away,W,1,0,Fulham,1,12.0,5.0,41.7,0.08,0.2,16.8,0.0,0,0,1.0,1.0,0.08,0.0,0.0,Match Report,2024,Newcastle United
572,44,2024-04-13,12:30,Premier League,Matchweek 33,Sat,Home,W,4,0,Tottenham,4,18.0,5.0,27.8,0.22,0.8,11.1,0.0,0,0,2.8,2.8,0.16,1.2,1.2,Match Report,2024,Newcastle United
573,45,2024-04-24,20:00,Premier League,Matchweek 29,Wed,Away,L,0,2,Crystal Palace,0,7.0,2.0,28.6,0.0,0.0,14.2,0.0,0,0,0.4,0.4,0.05,-0.4,-0.4,Match Report,2024,Newcastle United
574,46,2024-04-27,15:00,Premier League,Matchweek 35,Sat,Home,W,5,1,Sheffield Utd,4,19.0,6.0,31.6,0.16,0.5,16.0,0.0,1,1,3.1,2.3,0.12,0.9,0.7,Match Report,2024,Newcastle United
575,47,2024-05-04,15:00,Premier League,Matchweek 36,Sat,Away,W,4,1,Burnley,4,22.0,10.0,45.5,0.18,0.4,17.6,1.0,0,1,3.4,2.7,0.14,0.6,1.3,Match Report,2024,Newcastle United
576,48,2024-05-11,15:00,Premier League,Matchweek 37,Sat,Home,D,1,1,Brighton,1,18.0,7.0,38.9,0.06,0.14,15.8,0.0,0,0,2.2,2.2,0.12,-1.2,-1.2,Match Report,2024,Newcastle United
577,49,2024-05-15,20:00,Premier League,Matchweek 34,Wed,Away,L,2,3,Manchester Utd,2,21.0,7.0,33.3,0.1,0.29,14.6,0.0,0,0,2.2,2.2,0.1,-0.2,-0.2,Match Report,2024,Newcastle United
578,50,2024-05-19,16:00,Premier League,Matchweek 38,Sun,Away,W,4,2,Brentford,4,12.0,7.0,58.3,0.33,0.57,15.4,2.0,0,0,3.4,3.4,0.29,0.6,0.6,Match Report,2024,Newcastle United
580,0,2023-08-14,20:00,Premier League,Matchweek 1,Mon,Home,W,1,0,Wolves,1,15.0,2.0,13.3,0.07,0.5,14.7,0.0,0,0,2.2,2.2,0.15,-1.2,-1.2,Match Report,2024,Manchester United
581,1,2023-08-19,17:30,Premier League,Matchweek 2,Sat,Away,L,0,2,Tottenham,0,22.0,6.0,27.3,0.0,0.0,15.6,1.0,0,0,2.1,2.1,0.09,-2.1,-2.1,Match Report,2024,Manchester United
582,2,2023-08-26,15:00,Premier League,Matchweek 3,Sat,Home,W,3,2,Nott'ham Forest,3,17.0,8.0,47.1,0.12,0.25,20.3,0.0,1,1,2.8,2.0,0.12,0.2,0.0,Match Report,2024,Manchester United
583,3,2023-09-03,16:30,Premier League,Matchweek 4,Sun,Away,L,1,3,Arsenal,1,10.0,2.0,20.0,0.1,0.5,16.5,0.0,0,0,0.9,0.9,0.09,0.1,0.1,Match Report,2024,Manchester United
584,4,2023-09-16,15:00,Premier League,Matchweek 5,Sat,Home,L,1,3,Brighton,1,14.0,4.0,28.6,0.07,0.25,18.6,1.0,0,0,1.0,1.0,0.07,0.0,0.0,Match Report,2024,Manchester United
586,6,2023-09-23,20:00,Premier League,Matchweek 6,Sat,Away,W,1,0,Burnley,1,11.0,4.0,36.4,0.09,0.25,15.0,0.0,0,0,1.0,1.0,0.09,0.0,0.0,Match Report,2024,Manchester United
588,8,2023-09-30,15:00,Premier League,Matchweek 7,Sat,Home,L,0,1,Crystal Palace,0,19.0,3.0,15.8,0.0,0.0,15.5,0.0,0,0,1.3,1.3,0.07,-1.3,-1.3,Match Report,2024,Manchester United
590,10,2023-10-07,15:00,Premier League,Matchweek 8,Sat,Home,W,2,1,Brentford,2,21.0,8.0,38.1,0.1,0.25,18.3,1.0,0,0,1.4,1.4,0.07,0.6,0.6,Match Report,2024,Manchester United
591,11,2023-10-21,20:00,Premier League,Matchweek 9,Sat,Away,W,2,1,Sheffield Utd,2,14.0,5.0,35.7,0.14,0.4,20.6,1.0,0,0,1.1,1.1,0.08,0.9,0.9,Match Report,2024,Manchester United
593,13,2023-10-29,15:30,Premier League,Matchweek 10,Sun,Home,L,0,3,Manchester City,0,7.0,3.0,42.9,0.0,0.0,15.2,0.0,0,0,0.9,0.9,0.14,-0.9,-0.9,Match Report,2024,Manchester United
595,15,2023-11-04,12:30,Premier League,Matchweek 11,Sat,Away,W,1,0,Fulham,1,12.0,5.0,41.7,0.08,0.2,18.3,1.0,0,0,0.7,0.7,0.06,0.3,0.3,Match Report,2024,Manchester United
597,17,2023-11-11,15:00,Premier League,Matchweek 12,Sat,Home,W,1,0,Luton Town,1,15.0,4.0,26.7,0.07,0.25,14.0,1.0,0,0,2.2,2.2,0.15,-1.2,-1.2,Match Report,2024,Manchester United
598,18,2023-11-26,16:30,Premier League,Matchweek 13,Sun,Away,W,3,0,Everton,3,8.0,3.0,37.5,0.25,0.67,17.4,0.0,1,1,2.2,1.4,0.18,0.8,0.6,Match Report,2024,Manchester United
600,20,2023-12-02,20:00,Premier League,Matchweek 14,Sat,Away,L,0,1,Newcastle Utd,0,8.0,1.0,12.5,0.0,0.0,18.2,0.0,0,0,0.5,0.5,0.06,-0.5,-0.5,Match Report,2024,Manchester United
601,21,2023-12-06,20:15,Premier League,Matchweek 15,Wed,Home,W,2,1,Chelsea,2,27.0,8.0,29.6,0.07,0.25,15.4,1.0,0,1,4.1,3.3,0.13,-2.1,-1.3,Match Report,2024,Manchester United
602,22,2023-12-09,15:00,Premier League,Matchweek 16,Sat,Home,L,0,3,Bournemouth,0,20.0,3.0,15.0,0.0,0.0,15.4,0.0,0,0,1.1,1.1,0.06,-1.1,-1.1,Match Report,2024,Manchester United
604,24,2023-12-17,16:30,Premier League,Matchweek 17,Sun,Away,D,0,0,Liverpool,0,6.0,1.0,16.7,0.0,0.0,16.3,0.0,0,0,0.8,0.8,0.14,-0.8,-0.8,Match Report,2024,Manchester United
605,25,2023-12-23,12:30,Premier League,Matchweek 18,Sat,Away,L,0,2,West Ham,0,11.0,3.0,27.3,0.0,0.0,18.1,0.0,0,0,1.0,1.0,0.09,-1.0,-1.0,Match Report,2024,Manchester United
606,26,2023-12-26,20:00,Premier League,Matchweek 19,Tue,Home,W,3,2,Aston Villa,3,13.0,7.0,53.8,0.23,0.43,18.0,1.0,0,0,1.1,1.1,0.09,1.9,1.9,Match Report,2024,Manchester United
607,27,2023-12-30,17:30,Premier League,Matchweek 20,Sat,Away,L,1,2,Nott'ham Forest,1,10.0,5.0,50.0,0.1,0.2,17.5,0.0,0,0,0.8,0.8,0.08,0.2,0.2,Match Report,2024,Manchester United
609,29,2024-01-14,16:30,Premier League,Matchweek 21,Sun,Home,D,2,2,Tottenham,2,9.0,2.0,22.2,0.22,1.0,14.5,1.0,0,0,0.8,0.8,0.08,1.2,1.2,Match Report,2024,Manchester United
611,31,2024-02-01,20:15,Premier League,Matchweek 22,Thu,Away,W,4,3,Wolves,4,21.0,8.0,38.1,0.19,0.5,18.2,2.0,0,0,3.3,3.3,0.16,0.7,0.7,Match Report,2024,Manchester United
612,32,2024-02-04,14:00,Premier League,Matchweek 23,Sun,Home,W,3,0,West Ham,3,12.0,5.0,41.7,0.25,0.6,20.4,0.0,0,0,0.7,0.7,0.06,2.3,2.3,Match Report,2024,Manchester United
613,33,2024-02-11,16:30,Premier League,Matchweek 24,Sun,Away,W,2,1,Aston Villa,2,17.0,5.0,29.4,0.12,0.4,14.6,0.0,0,0,1.8,1.8,0.11,0.2,0.2,Match Report,2024,Manchester United
614,34,2024-02-18,16:30,Premier League,Matchweek 25,Sun,Away,W,2,1,Luton Town,2,21.0,8.0,38.1,0.1,0.25,19.8,2.0,0,0,2.9,2.9,0.14,-0.9,-0.9,Match Report,2024,Manchester United
615,35,2024-02-24,15:00,Premier League,Matchweek 26,Sat,Home,L,1,2,Fulham,1,21.0,8.0,38.1,0.05,0.13,17.3,0.0,0,0,1.7,1.7,0.08,-0.7,-0.7,Match Report,2024,Manchester United
617,37,2024-03-03,15:30,Premier League,Matchweek 27,Sun,Away,L,1,3,Manchester City,1,3.0,1.0,33.3,0.33,1.0,16.7,0.0,0,0,0.2,0.2,0.08,0.8,0.8,Match Report,2024,Manchester United
618,38,2024-03-09,12:30,Premier League,Matchweek 28,Sat,Home,W,2,0,Everton,2,13.0,6.0,46.2,0.0,0.0,17.6,1.0,2,2,2.7,1.1,0.09,-0.7,-1.1,Match Report,2024,Manchester United
620,40,2024-03-30,20:00,Premier League,Matchweek 30,Sat,Away,D,1,1,Brentford,1,11.0,5.0,45.5,0.09,0.2,22.5,0.0,0,0,0.6,0.6,0.05,0.4,0.4,Match Report,2024,Manchester United
621,41,2024-04-04,20:15,Premier League,Matchweek 31,Thu,Away,L,3,4,Chelsea,3,19.0,5.0,26.3,0.16,0.6,16.8,0.0,0,0,1.5,1.5,0.08,1.5,1.5,Match Report,2024,Manchester United
622,42,2024-04-07,15:30,Premier League,Matchweek 32,Sun,Home,D,2,2,Liverpool,2,9.0,5.0,55.6,0.22,0.4,18.1,0.0,0,0,0.7,0.7,0.08,1.3,1.3,Match Report,2024,Manchester United
623,43,2024-04-13,17:30,Premier League,Matchweek 33,Sat,Away,D,2,2,Bournemouth,2,7.0,1.0,14.3,0.14,1.0,20.6,0.0,1,1,1.2,0.5,0.07,0.8,0.5,Match Report,2024,Manchester United
625,45,2024-04-24,20:00,Premier League,Matchweek 29,Wed,Home,W,4,2,Sheffield Utd,4,24.0,12.0,50.0,0.13,0.25,16.9,0.0,1,1,2.9,2.1,0.09,1.1,0.9,Match Report,2024,Manchester United
626,46,2024-04-27,15:00,Premier League,Matchweek 35,Sat,Home,D,1,1,Burnley,1,27.0,10.0,37.0,0.04,0.1,18.0,0.0,0,0,2.7,2.7,0.1,-1.7,-1.7,Match Report,2024,Manchester United
627,47,2024-05-06,20:00,Premier League,Matchweek 36,Mon,Away,L,0,4,Crystal Palace,0,7.0,2.0,28.6,0.0,0.0,16.7,1.0,0,0,0.4,0.4,0.05,-0.4,-0.4,Match Report,2024,Manchester United
628,48,2024-05-12,16:30,Premier League,Matchweek 37,Sun,Home,L,0,1,Arsenal,0,14.0,2.0,14.3,0.0,0.0,22.9,0.0,0,0,0.5,0.5,0.04,-0.5,-0.5,Match Report,2024,Manchester United
629,49,2024-05-15,20:00,Premier League,Matchweek 34,Wed,Home,W,3,2,Newcastle Utd,3,17.0,8.0,47.1,0.18,0.38,15.2,0.0,0,0,1.5,1.5,0.09,1.5,1.5,Match Report,2024,Manchester United
630,50,2024-05-19,16:00,Premier League,Matchweek 38,Sun,Away,W,2,0,Brighton,2,11.0,4.0,36.4,0.18,0.5,17.0,0.0,0,0,1.3,1.3,0.12,0.7,0.7,Match Report,2024,Manchester United
633,0,2023-08-12,15:00,Premier League,Matchweek 1,Sat,Away,D,1.0,1.0,Bournemouth,1,16.0,2.0,12.5,0.06,0.5,16.1,0.0,0,0,1.1,1.1,0.07,-0.1,-0.1,Match Report,2024,West Ham United
634,1,2023-08-20,16:30,Premier League,Matchweek 2,Sun,Home,W,3.0,1.0,Chelsea,3,11.0,5.0,45.5,0.18,0.4,19.6,0.0,1,1,1.8,1.0,0.09,1.2,1.0,Match Report,2024,West Ham United
635,2,2023-08-26,17:30,Premier League,Matchweek 3,Sat,Away,W,3.0,1.0,Brighton,3,12.0,7.0,58.3,0.25,0.43,12.3,0.0,0,0,3.0,3.0,0.27,0.0,0.0,Match Report,2024,West Ham United
636,3,2023-09-01,20:00,Premier League,Matchweek 4,Fri,Away,W,2.0,1.0,Luton Town,2,9.0,3.0,33.3,0.22,0.67,16.3,0.0,0,0,1.0,1.0,0.11,1.0,1.0,Match Report,2024,West Ham United
637,4,2023-09-16,15:00,Premier League,Matchweek 5,Sat,Home,L,1.0,3.0,Manchester City,1,6.0,3.0,50.0,0.17,0.33,12.1,0.0,0,0,0.9,0.9,0.16,0.1,0.1,Match Report,2024,West Ham United
639,6,2023-09-24,14:00,Premier League,Matchweek 6,Sun,Away,L,1.0,3.0,Liverpool,1,11.0,4.0,36.4,0.09,0.25,13.5,0.0,0,0,1.1,1.1,0.1,-0.1,-0.1,Match Report,2024,West Ham United
641,8,2023-09-30,15:00,Premier League,Matchweek 7,Sat,Home,W,2.0,0.0,Sheffield Utd,2,20.0,8.0,40.0,0.1,0.25,12.6,1.0,0,0,2.1,2.1,0.11,-0.1,-0.1,Match Report,2024,West Ham United
643,10,2023-10-08,14:00,Premier League,Matchweek 8,Sun,Home,D,2.0,2.0,Newcastle Utd,2,5.0,3.0,60.0,0.4,0.67,14.9,1.0,0,0,1.2,1.2,0.23,0.8,0.8,Match Report,2024,West Ham United
644,11,2023-10-22,16:30,Premier League,Matchweek 9,Sun,Away,L,1.0,4.0,Aston Villa,1,14.0,4.0,28.6,0.07,0.25,15.2,1.0,0,0,1.1,1.1,0.08,-0.1,-0.1,Match Report,2024,West Ham United
646,13,2023-10-29,13:00,Premier League,Matchweek 10,Sun,Home,L,0.0,1.0,Everton,0,12.0,2.0,16.7,0.0,0.0,17.3,0.0,0,0,0.7,0.7,0.06,-0.7,-0.7,Match Report,2024,West Ham United
648,15,2023-11-04,15:00,Premier League,Matchweek 11,Sat,Away,L,2.0,3.0,Brentford,2,12.0,2.0,16.7,0.17,1.0,15.3,0.0,0,0,1.8,1.8,0.17,0.2,0.2,Match Report,2024,West Ham United
650,17,2023-11-12,14:00,Premier League,Matchweek 12,Sun,Home,W,3.0,2.0,Nott'ham Forest,3,16.0,6.0,37.5,0.19,0.5,18.0,1.0,0,0,1.8,1.8,0.11,1.2,1.2,Match Report,2024,West Ham United
651,18,2023-11-25,15:00,Premier League,Matchweek 13,Sat,Away,W,2.0,1.0,Burnley,1,11.0,3.0,27.3,0.09,0.33,13.2,0.0,0,0,0.9,0.9,0.08,0.1,0.1,Match Report,2024,West Ham United
653,20,2023-12-03,14:00,Premier League,Matchweek 14,Sun,Home,D,1.0,1.0,Crystal Palace,1,9.0,3.0,33.3,0.11,0.33,15.7,1.0,0,0,1.1,1.1,0.13,-0.1,-0.1,Match Report,2024,West Ham United
654,21,2023-12-07,20:15,Premier League,Matchweek 15,Thu,Away,W,2.0,1.0,Tottenham,2,11.0,5.0,45.5,0.18,0.4,15.0,0.0,0,0,2.2,2.2,0.22,-0.2,-0.2,Match Report,2024,West Ham United
655,22,2023-12-10,14:00,Premier League,Matchweek 16,Sun,Away,L,0.0,5.0,Fulham,0,9.0,5.0,55.6,0.0,0.0,19.2,1.0,0,0,1.3,1.3,0.15,-1.3,-1.3,Match Report,2024,West Ham United
657,24,2023-12-17,14:00,Premier League,Matchweek 17,Sun,Home,W,3.0,0.0,Wolves,3,13.0,4.0,30.8,0.23,0.75,19.8,2.0,0,0,1.1,1.1,0.09,1.9,1.9,Match Report,2024,West Ham United
659,26,2023-12-23,12:30,Premier League,Matchweek 18,Sat,Home,W,2.0,0.0,Manchester Utd,2,12.0,5.0,41.7,0.17,0.4,13.8,0.0,0,0,1.2,1.2,0.11,0.8,0.8,Match Report,2024,West Ham United
660,27,2023-12-28,20:15,Premier League,Matchweek 19,Thu,Away,W,2.0,0.0,Arsenal,2,5.0,2.0,40.0,0.4,1.0,17.4,0.0,0,1,1.4,0.6,0.13,0.6,1.4,Match Report,2024,West Ham United
661,28,2024-01-02,19:30,Premier League,Matchweek 20,Tue,Home,D,0.0,0.0,Brighton,0,6.0,2.0,33.3,0.0,0.0,16.0,0.0,0,0,0.7,0.7,0.11,-0.7,-0.7,Match Report,2024,West Ham United
664,31,2024-01-21,14:00,Premier League,Matchweek 21,Sun,Away,D,2.0,2.0,Sheffield Utd,2,15.0,4.0,26.7,0.07,0.25,14.9,0.0,1,1,2.3,1.5,0.1,-0.3,-0.5,Match Report,2024,West Ham United
665,32,2024-02-01,19:30,Premier League,Matchweek 22,Thu,Home,D,1.0,1.0,Bournemouth,1,8.0,2.0,25.0,0.0,0.0,17.1,0.0,1,1,1.4,0.6,0.07,-0.4,-0.6,Match Report,2024,West Ham United
666,33,2024-02-04,14:00,Premier League,Matchweek 23,Sun,Away,L,0.0,3.0,Manchester Utd,0,22.0,3.0,13.6,0.0,0.0,18.9,1.0,0,0,1.4,1.4,0.06,-1.4,-1.4,Match Report,2024,West Ham United
667,34,2024-02-11,14:00,Premier League,Matchweek 24,Sun,Home,L,0.0,6.0,Arsenal,0,5.0,1.0,20.0,0.0,0.0,19.9,0.0,0,0,0.2,0.2,0.04,-0.2,-0.2,Match Report,2024,West Ham United
668,35,2024-02-17,15:00,Premier League,Matchweek 25,Sat,Away,L,0.0,2.0,Nott'ham Forest,0,10.0,3.0,30.0,0.0,0.0,18.9,1.0,0,0,0.5,0.5,0.05,-0.5,-0.5,Match Report,2024,West Ham United
669,36,2024-02-26,20:00,Premier League,Matchweek 26,Mon,Home,W,4.0,2.0,Brentford,4,17.0,6.0,35.3,0.24,0.67,17.7,0.0,0,0,1.7,1.7,0.1,2.3,2.3,Match Report,2024,West Ham United
670,37,2024-03-02,15:00,Premier League,Matchweek 27,Sat,Away,W,3.0,1.0,Everton,3,12.0,5.0,41.7,0.25,0.6,14.2,0.0,0,0,1.9,1.9,0.16,1.1,1.1,Match Report,2024,West Ham United
672,39,2024-03-10,14:00,Premier League,Matchweek 28,Sun,Home,D,2.0,2.0,Burnley,2,22.0,4.0,18.2,0.09,0.5,14.8,0.0,0,0,2.1,2.1,0.1,-0.1,-0.1,Match Report,2024,West Ham United
674,41,2024-03-17,14:00,Premier League,Matchweek 29,Sun,Home,D,1.0,1.0,Aston Villa,1,13.0,4.0,30.8,0.08,0.25,15.9,1.0,0,0,2.0,2.0,0.16,-1.0,-1.0,Match Report,2024,West Ham United
675,42,2024-03-30,12:30,Premier League,Matchweek 30,Sat,Away,L,3.0,4.0,Newcastle Utd,3,10.0,4.0,40.0,0.3,0.75,14.1,0.0,0,0,1.4,1.4,0.14,1.6,1.6,Match Report,2024,West Ham United
676,43,2024-04-02,20:15,Premier League,Matchweek 31,Tue,Home,D,1.0,1.0,Tottenham,1,11.0,4.0,36.4,0.09,0.25,16.6,1.0,0,0,1.5,1.5,0.14,-0.5,-0.5,Match Report,2024,West Ham United
677,44,2024-04-06,15:00,Premier League,Matchweek 32,Sat,Away,W,2.0,1.0,Wolves,2,10.0,3.0,30.0,0.1,0.33,24.6,2.0,1,1,1.2,0.4,0.04,0.8,0.6,Match Report,2024,West Ham United
679,46,2024-04-14,14:00,Premier League,Matchweek 33,Sun,Home,L,0.0,2.0,Fulham,0,15.0,4.0,26.7,0.0,0.0,16.2,0.0,0,0,0.9,0.9,0.06,-0.9,-0.9,Match Report,2024,West Ham United
681,48,2024-04-21,15:00,Premier League,Matchweek 34,Sun,Away,L,2.0,5.0,Crystal Palace,1,4.0,1.0,25.0,0.25,1.0,10.8,0.0,0,0,1.3,1.3,0.32,-0.3,-0.3,Match Report,2024,West Ham United
682,49,2024-04-27,12:30,Premier League,Matchweek 35,Sat,Home,D,2.0,2.0,Liverpool,2,11.0,8.0,72.7,0.18,0.25,17.0,0.0,0,0,0.7,0.7,0.06,1.3,1.3,Match Report,2024,West Ham United
683,50,2024-05-05,14:00,Premier League,Matchweek 36,Sun,Away,L,0.0,5.0,Chelsea,0,13.0,2.0,15.4,0.0,0.0,17.6,2.0,0,0,0.9,0.9,0.07,-0.9,-0.9,Match Report,2024,West Ham United
684,51,2024-05-11,15:00,Premier League,Matchweek 37,Sat,Home,W,3.0,1.0,Luton Town,3,24.0,8.0,33.3,0.13,0.38,16.5,1.0,0,0,3.2,3.2,0.13,-0.2,-0.2,Match Report,2024,West Ham United
685,52,2024-05-19,16:00,Premier League,Matchweek 38,Sun,Away,L,1.0,3.0,Manchester City,1,3.0,2.0,66.7,0.33,0.5,10.3,0.0,0,0,0.4,0.4,0.12,0.6,0.6,Match Report,2024,West Ham United
687,0,2023-08-12,15:00,Premier League,Matchweek 1,Sat,Away,W,1.0,0.0,Sheffield Utd,1,24.0,8.0,33.3,0.04,0.13,18.5,1.0,0,0,1.9,1.9,0.08,-0.9,-0.9,Match Report,2024,Crystal Palace
688,1,2023-08-21,20:00,Premier League,Matchweek 2,Mon,Home,L,0.0,1.0,Arsenal,0,14.0,2.0,14.3,0.0,0.0,16.4,1.0,0,0,1.0,1.0,0.07,-1.0,-1.0,Match Report,2024,Crystal Palace
689,2,2023-08-26,15:00,Premier League,Matchweek 3,Sat,Away,D,1.0,1.0,Brentford,1,15.0,5.0,33.3,0.07,0.2,16.9,1.0,0,0,0.8,0.8,0.05,0.2,0.2,Match Report,2024,Crystal Palace
691,4,2023-09-03,14:00,Premier League,Matchweek 4,Sun,Home,W,3.0,2.0,Wolves,3,16.0,10.0,62.5,0.19,0.3,13.8,1.0,0,0,2.1,2.1,0.13,0.9,0.9,Match Report,2024,Crystal Palace
692,5,2023-09-16,15:00,Premier League,Matchweek 5,Sat,Away,L,1.0,3.0,Aston Villa,1,6.0,3.0,50.0,0.17,0.33,16.1,0.0,0,0,1.2,1.2,0.2,-0.2,-0.2,Match Report,2024,Crystal Palace
693,6,2023-09-23,15:00,Premier League,Matchweek 6,Sat,Home,D,0.0,0.0,Fulham,0,7.0,3.0,42.9,0.0,0.0,18.9,1.0,0,0,0.3,0.3,0.04,-0.3,-0.3,Match Report,2024,Crystal Palace
695,8,2023-09-30,15:00,Premier League,Matchweek 7,Sat,Away,W,1.0,0.0,Manchester Utd,1,8.0,2.0,25.0,0.13,0.5,13.5,0.0,0,0,0.9,0.9,0.11,0.1,0.1,Match Report,2024,Crystal Palace
696,9,2023-10-07,17:30,Premier League,Matchweek 8,Sat,Home,D,0.0,0.0,Nott'ham Forest,0,8.0,2.0,25.0,0.0,0.0,15.2,0.0,0,0,0.8,0.8,0.1,-0.8,-0.8,Match Report,2024,Crystal Palace
697,10,2023-10-21,15:00,Premier League,Matchweek 9,Sat,Away,L,0.0,4.0,Newcastle Utd,0,17.0,3.0,17.6,0.0,0.0,17.8,1.0,0,0,1.2,1.2,0.07,-1.2,-1.2,Match Report,2024,Crystal Palace
698,11,2023-10-27,20:00,Premier League,Matchweek 10,Fri,Home,L,1.0,2.0,Tottenham,1,13.0,3.0,23.1,0.08,0.33,17.2,0.0,0,0,0.6,0.6,0.05,0.4,0.4,Match Report,2024,Crystal Palace
699,12,2023-11-04,15:00,Premier League,Matchweek 11,Sat,Away,W,2.0,0.0,Burnley,2,4.0,3.0,75.0,0.5,0.67,13.9,0.0,0,0,1.3,1.3,0.33,0.7,0.7,Match Report,2024,Crystal Palace
700,13,2023-11-11,15:00,Premier League,Matchweek 12,Sat,Home,L,2.0,3.0,Everton,2,12.0,3.0,25.0,0.08,0.33,17.9,0.0,1,1,2.2,1.4,0.11,-0.2,-0.4,Match Report,2024,Crystal Palace
701,14,2023-11-25,15:00,Premier League,Matchweek 13,Sat,Away,L,1.0,2.0,Luton Town,1,16.0,8.0,50.0,0.06,0.13,16.3,1.0,0,0,1.6,1.6,0.1,-0.6,-0.6,Match Report,2024,Crystal Palace
702,15,2023-12-03,14:00,Premier League,Matchweek 14,Sun,Away,D,1.0,1.0,West Ham,1,9.0,2.0,22.2,0.11,0.5,17.4,1.0,0,0,0.9,0.9,0.1,0.1,0.1,Match Report,2024,Crystal Palace
703,16,2023-12-06,19:30,Premier League,Matchweek 15,Wed,Home,L,0.0,2.0,Bournemouth,0,16.0,3.0,18.8,0.0,0.0,18.9,1.0,0,0,1.0,1.0,0.06,-1.0,-1.0,Match Report,2024,Crystal Palace
704,17,2023-12-09,12:30,Premier League,Matchweek 16,Sat,Home,L,1.0,2.0,Liverpool,1,7.0,3.0,42.9,0.0,0.0,17.4,0.0,1,1,1.7,0.9,0.14,-0.7,-0.9,Match Report,2024,Crystal Palace
705,18,2023-12-16,15:00,Premier League,Matchweek 17,Sat,Away,D,2.0,2.0,Manchester City,2,4.0,1.0,25.0,0.25,1.0,21.1,1.0,1,1,1.8,1.0,0.26,0.2,0.0,Match Report,2024,Crystal Palace
706,19,2023-12-21,20:00,Premier League,Matchweek 18,Thu,Home,D,1.0,1.0,Brighton,1,11.0,3.0,27.3,0.09,0.33,13.4,0.0,0,0,1.3,1.3,0.12,-0.3,-0.3,Match Report,2024,Crystal Palace
707,20,2023-12-27,19:30,Premier League,Matchweek 19,Wed,Away,L,1.0,2.0,Chelsea,1,13.0,5.0,38.5,0.08,0.2,19.6,2.0,0,0,1.1,1.1,0.09,-0.1,-0.1,Match Report,2024,Crystal Palace
708,21,2023-12-30,15:00,Premier League,Matchweek 20,Sat,Home,W,3.0,1.0,Brentford,3,13.0,6.0,46.2,0.23,0.5,16.2,0.0,0,0,1.0,1.0,0.08,2.0,2.0,Match Report,2024,Crystal Palace
711,24,2024-01-20,12:30,Premier League,Matchweek 21,Sat,Away,L,0.0,5.0,Arsenal,0,12.0,5.0,41.7,0.0,0.0,24.4,2.0,0,0,0.3,0.3,0.03,-0.3,-0.3,Match Report,2024,Crystal Palace
712,25,2024-01-30,20:00,Premier League,Matchweek 22,Tue,Home,W,3.0,2.0,Sheffield Utd,3,12.0,4.0,33.3,0.25,0.75,17.1,0.0,0,0,1.1,1.1,0.1,1.9,1.9,Match Report,2024,Crystal Palace
713,26,2024-02-03,15:00,Premier League,Matchweek 23,Sat,Away,L,1.0,4.0,Brighton,1,7.0,5.0,71.4,0.14,0.2,20.6,0.0,0,0,0.3,0.3,0.04,0.7,0.7,Match Report,2024,Crystal Palace
714,27,2024-02-12,20:00,Premier League,Matchweek 24,Mon,Home,L,1.0,3.0,Chelsea,1,13.0,4.0,30.8,0.08,0.25,18.7,0.0,0,0,0.6,0.6,0.04,0.4,0.4,Match Report,2024,Crystal Palace
715,28,2024-02-19,20:00,Premier League,Matchweek 25,Mon,Away,D,1.0,1.0,Everton,1,10.0,3.0,30.0,0.1,0.33,13.0,0.0,0,0,0.7,0.7,0.07,0.3,0.3,Match Report,2024,Crystal Palace
716,29,2024-02-24,15:00,Premier League,Matchweek 26,Sat,Home,W,3.0,0.0,Burnley,3,14.0,5.0,35.7,0.14,0.4,15.3,1.0,1,1,2.4,1.6,0.12,0.6,0.4,Match Report,2024,Crystal Palace
717,30,2024-03-02,15:00,Premier League,Matchweek 27,Sat,Away,L,1.0,3.0,Tottenham,1,4.0,1.0,25.0,0.25,1.0,18.6,1.0,0,0,0.3,0.3,0.08,0.7,0.7,Match Report,2024,Crystal Palace
718,31,2024-03-09,15:00,Premier League,Matchweek 28,Sat,Home,D,1.0,1.0,Luton Town,1,21.0,4.0,19.0,0.05,0.25,16.5,0.0,0,0,2.7,2.7,0.13,-1.7,-1.7,Match Report,2024,Crystal Palace
719,32,2024-03-30,15:00,Premier League,Matchweek 30,Sat,Away,D,1.0,1.0,Nott'ham Forest,1,10.0,3.0,30.0,0.1,0.33,18.4,0.0,0,0,1.2,1.2,0.12,-0.2,-0.2,Match Report,2024,Crystal Palace
720,33,2024-04-02,19:45,Premier League,Matchweek 31,Tue,Away,L,0.0,1.0,Bournemouth,0,3.0,2.0,66.7,0.0,0.0,15.0,0.0,0,0,0.2,0.2,0.06,-0.2,-0.2,Match Report,2024,Crystal Palace
721,34,2024-04-06,12:30,Premier League,Matchweek 32,Sat,Home,L,2.0,4.0,Manchester City,2,7.0,4.0,57.1,0.29,0.5,16.8,0.0,0,0,1.1,1.1,0.15,0.9,0.9,Match Report,2024,Crystal Palace
722,35,2024-04-14,14:00,Premier League,Matchweek 33,Sun,Away,W,1.0,0.0,Liverpool,1,8.0,4.0,50.0,0.13,0.25,14.1,0.0,0,0,2.0,2.0,0.25,-1.0,-1.0,Match Report,2024,Crystal Palace
723,36,2024-04-21,15:00,Premier League,Matchweek 34,Sun,Home,W,5.0,2.0,West Ham,4,18.0,7.0,38.9,0.22,0.57,16.6,1.0,0,0,2.4,2.4,0.13,1.6,1.6,Match Report,2024,Crystal Palace
724,37,2024-04-24,20:00,Premier League,Matchweek 29,Wed,Home,W,2.0,0.0,Newcastle Utd,2,20.0,7.0,35.0,0.1,0.29,21.2,3.0,0,0,0.9,0.9,0.04,1.1,1.1,Match Report,2024,Crystal Palace
725,38,2024-04-27,15:00,Premier League,Matchweek 35,Sat,Away,D,1.0,1.0,Fulham,1,14.0,4.0,28.6,0.07,0.25,19.7,0.0,0,0,1.0,1.0,0.07,0.0,0.0,Match Report,2024,Crystal Palace
726,39,2024-05-06,20:00,Premier League,Matchweek 36,Mon,Home,W,4.0,0.0,Manchester Utd,4,18.0,10.0,55.6,0.22,0.4,16.8,0.0,0,0,1.7,1.7,0.1,2.3,2.3,Match Report,2024,Crystal Palace
727,40,2024-05-11,15:00,Premier League,Matchweek 37,Sat,Away,W,3.0,1.0,Wolves,3,13.0,3.0,23.1,0.23,1.0,13.6,0.0,0,0,2.6,2.6,0.21,0.4,0.4,Match Report,2024,Crystal Palace
728,41,2024-05-19,16:00,Premier League,Matchweek 38,Sun,Home,W,5.0,0.0,Aston Villa,5,15.0,9.0,60.0,0.33,0.56,16.8,0.0,0,0,2.5,2.5,0.17,2.5,2.5,Match Report,2024,Crystal Palace
730,0,2023-08-12,15:00,Premier League,Matchweek 1,Sat,Home,W,4.0,1.0,Luton Town,4,26.0,11.0,42.3,0.12,0.27,17.0,0.0,1,1,4.0,3.2,0.12,0.0,-0.2,Match Report,2024,Brighton and Hove Albion
731,1,2023-08-19,15:00,Premier League,Matchweek 2,Sat,Away,W,4.0,1.0,Wolves,4,16.0,8.0,50.0,0.25,0.5,15.6,0.0,0,0,2.2,2.2,0.14,1.8,1.8,Match Report,2024,Brighton and Hove Albion
732,2,2023-08-26,17:30,Premier League,Matchweek 3,Sat,Home,L,1.0,3.0,West Ham,1,25.0,10.0,40.0,0.04,0.1,19.5,1.0,0,0,1.5,1.5,0.06,-0.5,-0.5,Match Report,2024,Brighton and Hove Albion
733,3,2023-09-02,17:30,Premier League,Matchweek 4,Sat,Home,W,3.0,1.0,Newcastle Utd,3,15.0,6.0,40.0,0.2,0.5,17.3,0.0,0,0,1.3,1.3,0.09,1.7,1.7,Match Report,2024,Brighton and Hove Albion
734,4,2023-09-16,15:00,Premier League,Matchweek 5,Sat,Away,W,3.0,1.0,Manchester Utd,3,10.0,8.0,80.0,0.3,0.38,17.1,0.0,0,0,1.7,1.7,0.17,1.3,1.3,Match Report,2024,Brighton and Hove Albion
736,6,2023-09-24,14:00,Premier League,Matchweek 6,Sun,Home,W,3.0,1.0,Bournemouth,2,13.0,4.0,30.8,0.15,0.5,17.1,0.0,0,0,1.9,1.9,0.14,0.1,0.1,Match Report,2024,Brighton and Hove Albion
738,8,2023-09-30,12:30,Premier League,Matchweek 7,Sat,Away,L,1.0,6.0,Aston Villa,1,11.0,3.0,27.3,0.09,0.33,15.4,0.0,0,0,1.7,1.7,0.16,-0.7,-0.7,Match Report,2024,Brighton and Hove Albion
740,10,2023-10-08,14:00,Premier League,Matchweek 8,Sun,Home,D,2.0,2.0,Liverpool,2,14.0,3.0,21.4,0.14,0.67,16.9,2.0,0,0,2.3,2.3,0.17,-0.3,-0.3,Match Report,2024,Brighton and Hove Albion
741,11,2023-10-21,15:00,Premier League,Matchweek 9,Sat,Away,L,1.0,2.0,Manchester City,1,5.0,3.0,60.0,0.2,0.33,12.1,0.0,0,0,0.8,0.8,0.17,0.2,0.2,Match Report,2024,Brighton and Hove Albion
743,13,2023-10-29,14:00,Premier League,Matchweek 10,Sun,Home,D,1.0,1.0,Fulham,1,18.0,6.0,33.3,0.06,0.17,18.1,1.0,0,0,1.4,1.4,0.08,-0.4,-0.4,Match Report,2024,Brighton and Hove Albion
744,14,2023-11-04,15:00,Premier League,Matchweek 11,Sat,Away,D,1.0,1.0,Everton,0,7.0,2.0,28.6,0.0,0.0,15.6,1.0,0,0,0.5,0.5,0.07,-0.5,-0.5,Match Report,2024,Brighton and Hove Albion
746,16,2023-11-12,14:00,Premier League,Matchweek 12,Sun,Home,D,1.0,1.0,Sheffield Utd,1,11.0,6.0,54.5,0.09,0.17,16.5,0.0,0,0,1.5,1.5,0.14,-0.5,-0.5,Match Report,2024,Brighton and Hove Albion
747,17,2023-11-25,15:00,Premier League,Matchweek 13,Sat,Away,W,3.0,2.0,Nott'ham Forest,3,9.0,4.0,44.4,0.22,0.5,19.9,1.0,1,1,1.3,0.6,0.06,1.7,1.4,Match Report,2024,Brighton and Hove Albion
749,19,2023-12-03,14:00,Premier League,Matchweek 14,Sun,Away,L,2.0,3.0,Chelsea,2,18.0,9.0,50.0,0.11,0.22,18.6,1.0,0,0,1.1,1.1,0.06,0.9,0.9,Match Report,2024,Brighton and Hove Albion
750,20,2023-12-06,19:30,Premier League,Matchweek 15,Wed,Home,W,2.0,1.0,Brentford,2,18.0,7.0,38.9,0.11,0.29,16.1,0.0,0,0,1.5,1.5,0.09,0.5,0.5,Match Report,2024,Brighton and Hove Albion
751,21,2023-12-09,15:00,Premier League,Matchweek 16,Sat,Home,D,1.0,1.0,Burnley,1,29.0,11.0,37.9,0.03,0.09,14.2,2.0,0,0,2.6,2.6,0.1,-1.6,-1.6,Match Report,2024,Brighton and Hove Albion
753,23,2023-12-17,14:00,Premier League,Matchweek 17,Sun,Away,L,0.0,2.0,Arsenal,0,6.0,1.0,16.7,0.0,0.0,16.9,0.0,0,0,0.7,0.7,0.11,-0.7,-0.7,Match Report,2024,Brighton and Hove Albion
754,24,2023-12-21,20:00,Premier League,Matchweek 18,Thu,Away,D,1.0,1.0,Crystal Palace,1,18.0,6.0,33.3,0.06,0.17,17.6,0.0,0,0,1.2,1.2,0.07,-0.2,-0.2,Match Report,2024,Brighton and Hove Albion
755,25,2023-12-28,19:30,Premier League,Matchweek 19,Thu,Home,W,4.0,2.0,Tottenham,4,13.0,7.0,53.8,0.15,0.29,15.2,0.0,2,2,3.2,1.9,0.16,0.8,0.1,Match Report,2024,Brighton and Hove Albion
756,26,2024-01-02,19:30,Premier League,Matchweek 20,Tue,Away,D,0.0,0.0,West Ham,0,22.0,8.0,36.4,0.0,0.0,14.4,0.0,0,0,2.3,2.3,0.11,-2.3,-2.3,Match Report,2024,Brighton and Hove Albion
758,28,2024-01-22,19:45,Premier League,Matchweek 21,Mon,Home,D,0.0,0.0,Wolves,0,11.0,3.0,27.3,0.0,0.0,14.2,0.0,0,0,1.0,1.0,0.1,-1.0,-1.0,Match Report,2024,Brighton and Hove Albion
760,30,2024-01-30,19:45,Premier League,Matchweek 22,Tue,Away,L,0.0,4.0,Luton Town,0,9.0,2.0,22.2,0.0,0.0,13.9,0.0,0,0,0.9,0.9,0.11,-0.9,-0.9,Match Report,2024,Brighton and Hove Albion
761,31,2024-02-03,15:00,Premier League,Matchweek 23,Sat,Home,W,4.0,1.0,Crystal Palace,4,13.0,6.0,46.2,0.31,0.67,16.7,0.0,0,0,1.4,1.4,0.11,2.6,2.6,Match Report,2024,Brighton and Hove Albion
762,32,2024-02-10,15:00,Premier League,Matchweek 24,Sat,Away,L,1.0,2.0,Tottenham,1,5.0,2.0,40.0,0.0,0.0,17.8,0.0,1,1,1.2,0.4,0.09,-0.2,-0.4,Match Report,2024,Brighton and Hove Albion
763,33,2024-02-18,14:00,Premier League,Matchweek 25,Sun,Away,W,5.0,0.0,Sheffield Utd,4,24.0,9.0,37.5,0.17,0.44,15.1,0.0,0,0,2.9,2.9,0.13,1.1,1.1,Match Report,2024,Brighton and Hove Albion
764,34,2024-02-24,15:00,Premier League,Matchweek 26,Sat,Home,D,1.0,1.0,Everton,1,23.0,7.0,30.4,0.04,0.14,16.3,1.0,0,0,1.4,1.4,0.06,-0.4,-0.4,Match Report,2024,Brighton and Hove Albion
766,36,2024-03-02,15:00,Premier League,Matchweek 27,Sat,Away,L,0.0,3.0,Fulham,0,15.0,5.0,33.3,0.0,0.0,17.6,0.0,0,0,1.3,1.3,0.09,-1.3,-1.3,Match Report,2024,Brighton and Hove Albion
768,38,2024-03-10,14:00,Premier League,Matchweek 28,Sun,Home,W,1.0,0.0,Nott'ham Forest,0,10.0,3.0,30.0,0.0,0.0,17.5,0.0,0,0,0.4,0.4,0.04,-0.4,-0.4,Match Report,2024,Brighton and Hove Albion
770,40,2024-03-31,14:00,Premier League,Matchweek 30,Sun,Away,L,1.0,2.0,Liverpool,1,9.0,3.0,33.3,0.11,0.33,17.2,0.0,0,0,0.5,0.5,0.05,0.5,0.5,Match Report,2024,Brighton and Hove Albion
771,41,2024-04-03,19:30,Premier League,Matchweek 31,Wed,Away,D,0.0,0.0,Brentford,0,24.0,6.0,25.0,0.0,0.0,20.1,0.0,0,0,1.1,1.1,0.05,-1.1,-1.1,Match Report,2024,Brighton and Hove Albion
772,42,2024-04-06,17:30,Premier League,Matchweek 32,Sat,Home,L,0.0,3.0,Arsenal,0,10.0,2.0,20.0,0.0,0.0,19.2,0.0,0,0,0.5,0.5,0.05,-0.5,-0.5,Match Report,2024,Brighton and Hove Albion
773,43,2024-04-13,15:00,Premier League,Matchweek 33,Sat,Away,D,1.0,1.0,Burnley,0,20.0,8.0,40.0,0.0,0.0,18.4,1.0,0,0,0.9,0.9,0.04,-0.9,-0.9,Match Report,2024,Brighton and Hove Albion
774,44,2024-04-25,20:00,Premier League,Matchweek 29,Thu,Home,L,0.0,4.0,Manchester City,0,7.0,3.0,42.9,0.0,0.0,16.0,0.0,0,0,0.6,0.6,0.09,-0.6,-0.6,Match Report,2024,Brighton and Hove Albion
775,45,2024-04-28,14:00,Premier League,Matchweek 35,Sun,Away,L,0.0,3.0,Bournemouth,0,13.0,1.0,7.7,0.0,0.0,16.5,0.0,0,0,0.9,0.9,0.07,-0.9,-0.9,Match Report,2024,Brighton and Hove Albion
776,46,2024-05-05,14:00,Premier League,Matchweek 36,Sun,Home,W,1.0,0.0,Aston Villa,1,14.0,7.0,50.0,0.07,0.14,16.3,0.0,0,1,2.5,1.6,0.12,-1.5,-0.6,Match Report,2024,Brighton and Hove Albion
777,47,2024-05-11,15:00,Premier League,Matchweek 37,Sat,Away,D,1.0,1.0,Newcastle Utd,1,15.0,4.0,26.7,0.07,0.25,16.2,0.0,0,0,1.4,1.4,0.09,-0.4,-0.4,Match Report,2024,Brighton and Hove Albion
778,48,2024-05-15,19:45,Premier League,Matchweek 34,Wed,Home,L,1.0,2.0,Chelsea,1,12.0,2.0,16.7,0.08,0.5,15.3,0.0,0,0,1.3,1.3,0.11,-0.3,-0.3,Match Report,2024,Brighton and Hove Albion
779,49,2024-05-19,16:00,Premier League,Matchweek 38,Sun,Home,L,0.0,2.0,Manchester Utd,0,17.0,2.0,11.8,0.0,0.0,14.2,0.0,0,0,1.7,1.7,0.11,-1.7,-1.7,Match Report,2024,Brighton and Hove Albion
781,0,2023-08-12,15:00,Premier League,Matchweek 1,Sat,Home,D,1.0,1.0,West Ham,1,14.0,5.0,35.7,0.07,0.2,20.7,1.0,0,0,1.3,1.3,0.1,-0.3,-0.3,Match Report,2024,Bournemouth
782,1,2023-08-19,15:00,Premier League,Matchweek 2,Sat,Away,L,1.0,3.0,Liverpool,1,13.0,5.0,38.5,0.08,0.2,19.7,1.0,0,0,1.3,1.3,0.1,-0.3,-0.3,Match Report,2024,Bournemouth
783,2,2023-08-26,12:30,Premier League,Matchweek 3,Sat,Home,L,0.0,2.0,Tottenham,0,11.0,3.0,27.3,0.0,0.0,17.8,0.0,0,0,0.7,0.7,0.06,-0.7,-0.7,Match Report,2024,Bournemouth
785,4,2023-09-02,15:00,Premier League,Matchweek 4,Sat,Away,D,2.0,2.0,Brentford,2,12.0,5.0,41.7,0.17,0.4,15.1,0.0,0,0,2.1,2.1,0.17,-0.1,-0.1,Match Report,2024,Bournemouth
786,5,2023-09-17,14:00,Premier League,Matchweek 5,Sun,Home,D,0.0,0.0,Chelsea,0,13.0,4.0,30.8,0.0,0.0,16.7,1.0,0,0,1.0,1.0,0.08,-1.0,-1.0,Match Report,2024,Bournemouth
787,6,2023-09-24,14:00,Premier League,Matchweek 6,Sun,Away,L,1.0,3.0,Brighton,1,12.0,3.0,25.0,0.08,0.33,17.6,1.0,0,0,1.1,1.1,0.1,-0.1,-0.1,Match Report,2024,Bournemouth
789,8,2023-09-30,15:00,Premier League,Matchweek 7,Sat,Home,L,0.0,4.0,Arsenal,0,8.0,1.0,12.5,0.0,0.0,14.1,0.0,0,0,0.6,0.6,0.08,-0.6,-0.6,Match Report,2024,Bournemouth
790,9,2023-10-07,15:00,Premier League,Matchweek 8,Sat,Away,L,0.0,3.0,Everton,0,11.0,3.0,27.3,0.0,0.0,16.2,0.0,0,0,0.7,0.7,0.06,-0.7,-0.7,Match Report,2024,Bournemouth
791,10,2023-10-21,15:00,Premier League,Matchweek 9,Sat,Home,L,1.0,2.0,Wolves,1,7.0,4.0,57.1,0.14,0.25,17.1,0.0,0,0,0.6,0.6,0.09,0.4,0.4,Match Report,2024,Bournemouth
792,11,2023-10-28,15:00,Premier League,Matchweek 10,Sat,Home,W,2.0,1.0,Burnley,2,13.0,6.0,46.2,0.15,0.33,19.5,2.0,0,0,1.1,1.1,0.09,0.9,0.9,Match Report,2024,Bournemouth
794,13,2023-11-04,15:00,Premier League,Matchweek 11,Sat,Away,L,1.0,6.0,Manchester City,1,5.0,1.0,20.0,0.2,1.0,11.4,0.0,0,0,0.9,0.9,0.18,0.1,0.1,Match Report,2024,Bournemouth
795,14,2023-11-11,17:30,Premier League,Matchweek 12,Sat,Home,W,2.0,0.0,Newcastle Utd,2,19.0,10.0,52.6,0.11,0.2,14.9,0.0,0,0,2.4,2.4,0.13,-0.4,-0.4,Match Report,2024,Bournemouth
796,15,2023-11-25,15:00,Premier League,Matchweek 13,Sat,Away,W,3.0,1.0,Sheffield Utd,3,23.0,11.0,47.8,0.13,0.27,15.7,0.0,0,0,2.9,2.9,0.13,0.1,0.1,Match Report,2024,Bournemouth
797,16,2023-12-03,14:00,Premier League,Matchweek 14,Sun,Home,D,2.0,2.0,Aston Villa,2,15.0,7.0,46.7,0.13,0.29,13.6,0.0,0,0,2.0,2.0,0.13,0.0,0.0,Match Report,2024,Bournemouth
798,17,2023-12-06,19:30,Premier League,Matchweek 15,Wed,Away,W,2.0,0.0,Crystal Palace,2,11.0,4.0,36.4,0.18,0.5,11.5,0.0,0,0,1.8,1.8,0.17,0.2,0.2,Match Report,2024,Bournemouth
799,18,2023-12-09,15:00,Premier League,Matchweek 16,Sat,Away,W,3.0,0.0,Manchester Utd,3,10.0,4.0,40.0,0.3,0.75,12.7,0.0,0,0,1.5,1.5,0.15,1.5,1.5,Match Report,2024,Bournemouth
800,19,2023-12-23,15:00,Premier League,Matchweek 18,Sat,Away,W,3.0,2.0,Nott'ham Forest,3,18.0,6.0,33.3,0.17,0.5,15.9,1.0,0,0,1.6,1.6,0.09,1.4,1.4,Match Report,2024,Bournemouth
801,20,2023-12-26,15:00,Premier League,Matchweek 19,Tue,Home,W,3.0,0.0,Fulham,3,15.0,3.0,20.0,0.13,0.67,18.5,0.0,1,1,1.8,1.0,0.07,1.2,1.0,Match Report,2024,Bournemouth
802,21,2023-12-31,14:00,Premier League,Matchweek 20,Sun,Away,L,1.0,3.0,Tottenham,1,24.0,4.0,16.7,0.04,0.25,17.2,1.0,0,0,1.7,1.7,0.07,-0.7,-0.7,Match Report,2024,Bournemouth
804,23,2024-01-21,16:30,Premier League,Matchweek 21,Sun,Home,L,0.0,4.0,Liverpool,0,11.0,1.0,9.1,0.0,0.0,19.8,0.0,0,0,1.4,1.4,0.12,-1.4,-1.4,Match Report,2024,Bournemouth
806,25,2024-02-01,19:30,Premier League,Matchweek 22,Thu,Away,D,1.0,1.0,West Ham,1,9.0,4.0,44.4,0.11,0.25,17.2,0.0,0,0,1.2,1.2,0.13,-0.2,-0.2,Match Report,2024,Bournemouth
807,26,2024-02-04,14:00,Premier League,Matchweek 23,Sun,Home,D,1.0,1.0,Nott'ham Forest,1,9.0,1.0,11.1,0.11,1.0,16.7,1.0,0,0,1.3,1.3,0.17,-0.3,-0.3,Match Report,2024,Bournemouth
808,27,2024-02-10,15:00,Premier League,Matchweek 24,Sat,Away,L,1.0,3.0,Fulham,1,25.0,4.0,16.0,0.04,0.25,16.7,1.0,0,0,1.8,1.8,0.07,-0.8,-0.8,Match Report,2024,Bournemouth
809,28,2024-02-17,15:00,Premier League,Matchweek 25,Sat,Away,D,2.0,2.0,Newcastle Utd,2,12.0,6.0,50.0,0.17,0.33,20.3,0.0,0,0,2.2,2.2,0.18,-0.2,-0.2,Match Report,2024,Bournemouth
810,29,2024-02-24,17:30,Premier League,Matchweek 26,Sat,Home,L,0.0,1.0,Manchester City,0,13.0,4.0,30.8,0.0,0.0,17.1,0.0,0,0,0.9,0.9,0.07,-0.9,-0.9,Match Report,2024,Bournemouth
812,31,2024-03-03,13:00,Premier League,Matchweek 27,Sun,Away,W,2.0,0.0,Burnley,2,10.0,3.0,30.0,0.2,0.67,15.1,1.0,0,0,1.1,1.1,0.11,0.9,0.9,Match Report,2024,Bournemouth
813,32,2024-03-09,15:00,Premier League,Matchweek 28,Sat,Home,D,2.0,2.0,Sheffield Utd,2,31.0,11.0,35.5,0.06,0.18,16.9,0.0,0,1,3.3,2.6,0.08,-1.3,-0.6,Match Report,2024,Bournemouth
814,33,2024-03-13,19:30,Premier League,Matchweek 17,Wed,Home,W,4.0,3.0,Luton Town,4,24.0,9.0,37.5,0.17,0.44,15.5,0.0,0,0,2.3,2.3,0.1,1.7,1.7,Match Report,2024,Bournemouth
815,34,2024-03-30,15:00,Premier League,Matchweek 30,Sat,Home,W,2.0,1.0,Everton,1,11.0,4.0,36.4,0.09,0.25,15.6,1.0,0,0,1.3,1.3,0.12,-0.3,-0.3,Match Report,2024,Bournemouth
816,35,2024-04-02,19:45,Premier League,Matchweek 31,Tue,Home,W,1.0,0.0,Crystal Palace,1,11.0,6.0,54.5,0.09,0.17,18.7,2.0,0,0,1.1,1.1,0.1,-0.1,-0.1,Match Report,2024,Bournemouth
817,36,2024-04-06,15:00,Premier League,Matchweek 32,Sat,Away,L,1.0,2.0,Luton Town,1,8.0,1.0,12.5,0.13,1.0,19.1,1.0,0,0,0.4,0.4,0.05,0.6,0.6,Match Report,2024,Bournemouth
818,37,2024-04-13,17:30,Premier League,Matchweek 33,Sat,Home,D,2.0,2.0,Manchester Utd,2,20.0,5.0,25.0,0.1,0.4,16.8,1.0,0,0,1.6,1.6,0.09,0.4,0.4,Match Report,2024,Bournemouth
819,38,2024-04-21,15:00,Premier League,Matchweek 34,Sun,Away,L,1.0,3.0,Aston Villa,1,13.0,4.0,30.8,0.0,0.0,16.4,0.0,1,1,1.8,1.0,0.08,-0.8,-1.0,Match Report,2024,Bournemouth
820,39,2024-04-24,19:45,Premier League,Matchweek 29,Wed,Away,W,1.0,0.0,Wolves,1,21.0,6.0,28.6,0.05,0.17,16.7,0.0,0,0,1.9,1.9,0.09,-0.9,-0.9,Match Report,2024,Bournemouth
821,40,2024-04-28,14:00,Premier League,Matchweek 35,Sun,Home,W,3.0,0.0,Brighton,3,15.0,6.0,40.0,0.2,0.5,14.4,1.0,0,0,1.9,1.9,0.14,1.1,1.1,Match Report,2024,Bournemouth
822,41,2024-05-04,12:30,Premier League,Matchweek 36,Sat,Away,L,0.0,3.0,Arsenal,0,7.0,2.0,28.6,0.0,0.0,20.4,1.0,0,0,0.5,0.5,0.07,-0.5,-0.5,Match Report,2024,Bournemouth
823,42,2024-05-11,15:00,Premier League,Matchweek 37,Sat,Home,L,1.0,2.0,Brentford,1,13.0,4.0,30.8,0.08,0.25,17.1,0.0,0,0,0.7,0.7,0.05,0.3,0.3,Match Report,2024,Bournemouth
824,43,2024-05-19,16:00,Premier League,Matchweek 38,Sun,Away,L,1.0,2.0,Chelsea,0,22.0,5.0,22.7,0.0,0.0,16.8,0.0,0,0,2.2,2.2,0.11,-2.2,-2.2,Match Report,2024,Bournemouth
826,0,2023-08-12,15:00,Premier League,Matchweek 1,Sat,Away,W,1,0,Everton,1,9.0,2.0,22.2,0.11,0.5,13.2,0.0,0,0,1.5,1.5,0.17,-0.5,-0.5,Match Report,2024,Fulham
827,1,2023-08-19,15:00,Premier League,Matchweek 2,Sat,Home,L,0,3,Brentford,0,10.0,2.0,20.0,0.0,0.0,22.3,1.0,0,0,0.5,0.5,0.05,-0.5,-0.5,Match Report,2024,Fulham
828,2,2023-08-26,15:00,Premier League,Matchweek 3,Sat,Away,D,2,2,Arsenal,2,8.0,3.0,37.5,0.25,0.67,17.8,0.0,0,0,0.6,0.6,0.07,1.4,1.4,Match Report,2024,Fulham
830,4,2023-09-02,15:00,Premier League,Matchweek 4,Sat,Away,L,1,5,Manchester City,1,6.0,4.0,66.7,0.17,0.25,11.4,0.0,0,0,1.4,1.4,0.31,-0.4,-0.4,Match Report,2024,Fulham
831,5,2023-09-16,15:00,Premier League,Matchweek 5,Sat,Home,W,1,0,Luton Town,1,13.0,2.0,15.4,0.08,0.5,19.5,2.0,0,0,1.0,1.0,0.07,0.0,0.0,Match Report,2024,Fulham
832,6,2023-09-23,15:00,Premier League,Matchweek 6,Sat,Away,D,0,0,Crystal Palace,0,10.0,5.0,50.0,0.0,0.0,18.7,1.0,0,0,0.6,0.6,0.06,-0.6,-0.6,Match Report,2024,Fulham
834,8,2023-10-02,20:00,Premier League,Matchweek 7,Mon,Home,L,0,2,Chelsea,0,10.0,3.0,30.0,0.0,0.0,13.2,0.0,0,0,1.1,1.1,0.11,-1.1,-1.1,Match Report,2024,Fulham
835,9,2023-10-07,15:00,Premier League,Matchweek 8,Sat,Home,W,3,1,Sheffield Utd,2,20.0,6.0,30.0,0.1,0.33,20.2,0.0,0,0,2.2,2.2,0.11,-0.2,-0.2,Match Report,2024,Fulham
836,10,2023-10-23,20:00,Premier League,Matchweek 9,Mon,Away,L,0,2,Tottenham,0,10.0,3.0,30.0,0.0,0.0,17.6,0.0,0,0,1.0,1.0,0.1,-1.0,-1.0,Match Report,2024,Fulham
837,11,2023-10-29,14:00,Premier League,Matchweek 10,Sun,Away,D,1,1,Brighton,1,10.0,5.0,50.0,0.1,0.2,19.3,0.0,0,0,0.7,0.7,0.07,0.3,0.3,Match Report,2024,Fulham
839,13,2023-11-04,12:30,Premier League,Matchweek 11,Sat,Home,L,0,1,Manchester Utd,0,18.0,2.0,11.1,0.0,0.0,18.6,1.0,0,0,1.0,1.0,0.06,-1.0,-1.0,Match Report,2024,Fulham
840,14,2023-11-12,14:00,Premier League,Matchweek 12,Sun,Away,L,1,3,Aston Villa,1,9.0,5.0,55.6,0.11,0.2,19.5,0.0,0,0,0.9,0.9,0.1,0.1,0.1,Match Report,2024,Fulham
841,15,2023-11-27,20:00,Premier League,Matchweek 13,Mon,Home,W,3,2,Wolves,3,10.0,4.0,40.0,0.1,0.25,22.9,0.0,2,2,2.9,1.3,0.13,0.1,-0.3,Match Report,2024,Fulham
842,16,2023-12-03,14:00,Premier League,Matchweek 14,Sun,Away,L,3,4,Liverpool,3,9.0,5.0,55.6,0.33,0.6,13.3,0.0,0,0,1.2,1.2,0.13,1.8,1.8,Match Report,2024,Fulham
843,17,2023-12-06,19:30,Premier League,Matchweek 15,Wed,Home,W,5,0,Nott'ham Forest,5,14.0,6.0,42.9,0.36,0.83,17.3,1.0,0,0,2.5,2.5,0.18,2.5,2.5,Match Report,2024,Fulham
844,18,2023-12-10,14:00,Premier League,Matchweek 16,Sun,Home,W,5,0,West Ham,5,14.0,8.0,57.1,0.36,0.63,17.7,0.0,0,0,2.3,2.3,0.17,2.7,2.7,Match Report,2024,Fulham
845,19,2023-12-16,15:00,Premier League,Matchweek 17,Sat,Away,L,0,3,Newcastle Utd,0,6.0,4.0,66.7,0.0,0.0,23.1,0.0,0,0,0.3,0.3,0.05,-0.3,-0.3,Match Report,2024,Fulham
847,21,2023-12-23,15:00,Premier League,Matchweek 18,Sat,Home,L,0,2,Burnley,0,19.0,5.0,26.3,0.0,0.0,16.3,1.0,0,0,1.3,1.3,0.07,-1.3,-1.3,Match Report,2024,Fulham
848,22,2023-12-26,15:00,Premier League,Matchweek 19,Tue,Away,L,0,3,Bournemouth,0,8.0,3.0,37.5,0.0,0.0,21.6,1.0,0,0,0.3,0.3,0.03,-0.3,-0.3,Match Report,2024,Fulham
849,23,2023-12-31,14:00,Premier League,Matchweek 20,Sun,Home,W,2,1,Arsenal,2,15.0,4.0,26.7,0.13,0.5,18.2,1.0,0,0,1.2,1.2,0.08,0.8,0.8,Match Report,2024,Fulham
852,26,2024-01-13,12:30,Premier League,Matchweek 21,Sat,Away,L,0,1,Chelsea,0,14.0,4.0,28.6,0.0,0.0,22.0,2.0,0,0,0.8,0.8,0.06,-0.8,-0.8,Match Report,2024,Fulham
855,29,2024-01-30,19:45,Premier League,Matchweek 22,Tue,Home,D,0,0,Everton,0,25.0,5.0,20.0,0.0,0.0,17.3,0.0,0,0,1.6,1.6,0.07,-1.6,-1.6,Match Report,2024,Fulham
856,30,2024-02-03,15:00,Premier League,Matchweek 23,Sat,Away,D,2,2,Burnley,2,15.0,7.0,46.7,0.13,0.29,13.2,0.0,0,0,1.5,1.5,0.1,0.5,0.5,Match Report,2024,Fulham
857,31,2024-02-10,15:00,Premier League,Matchweek 24,Sat,Home,W,3,1,Bournemouth,3,7.0,6.0,85.7,0.43,0.5,11.4,0.0,0,0,1.6,1.6,0.22,1.4,1.4,Match Report,2024,Fulham
858,32,2024-02-17,15:00,Premier League,Matchweek 25,Sat,Home,L,1,2,Aston Villa,1,15.0,4.0,26.7,0.07,0.25,14.7,0.0,0,0,1.5,1.5,0.1,-0.5,-0.5,Match Report,2024,Fulham
859,33,2024-02-24,15:00,Premier League,Matchweek 26,Sat,Away,W,2,1,Manchester Utd,2,17.0,5.0,29.4,0.12,0.4,17.1,0.0,0,0,1.2,1.2,0.07,0.8,0.8,Match Report,2024,Fulham
860,34,2024-03-02,15:00,Premier League,Matchweek 27,Sat,Home,W,3,0,Brighton,3,12.0,5.0,41.7,0.25,0.6,14.6,0.0,0,0,1.3,1.3,0.11,1.7,1.7,Match Report,2024,Fulham
861,35,2024-03-09,15:00,Premier League,Matchweek 28,Sat,Away,L,1,2,Wolves,1,23.0,6.0,26.1,0.04,0.17,14.1,0.0,0,0,2.6,2.6,0.12,-1.6,-1.6,Match Report,2024,Fulham
862,36,2024-03-16,17:30,Premier League,Matchweek 29,Sat,Home,W,3,0,Tottenham,3,16.0,7.0,43.8,0.19,0.43,12.7,0.0,0,0,2.6,2.6,0.18,0.4,0.4,Match Report,2024,Fulham
863,37,2024-03-30,15:00,Premier League,Matchweek 30,Sat,Away,D,3,3,Sheffield Utd,3,24.0,9.0,37.5,0.13,0.33,17.6,0.0,0,0,1.3,1.3,0.06,1.7,1.7,Match Report,2024,Fulham
864,38,2024-04-02,19:30,Premier League,Matchweek 31,Tue,Away,L,1,3,Nott'ham Forest,1,18.0,3.0,16.7,0.06,0.33,12.3,0.0,0,0,1.5,1.5,0.08,-0.5,-0.5,Match Report,2024,Fulham
865,39,2024-04-06,15:00,Premier League,Matchweek 32,Sat,Home,L,0,1,Newcastle Utd,0,14.0,4.0,28.6,0.0,0.0,17.6,0.0,0,0,1.2,1.2,0.09,-1.2,-1.2,Match Report,2024,Fulham
866,40,2024-04-14,14:00,Premier League,Matchweek 33,Sun,Away,W,2,0,West Ham,2,18.0,10.0,55.6,0.11,0.2,15.1,0.0,0,0,3.2,3.2,0.18,-1.2,-1.2,Match Report,2024,Fulham
867,41,2024-04-21,16:30,Premier League,Matchweek 34,Sun,Home,L,1,3,Liverpool,1,12.0,5.0,41.7,0.08,0.2,17.1,1.0,0,0,0.8,0.8,0.07,0.2,0.2,Match Report,2024,Fulham
868,42,2024-04-27,15:00,Premier League,Matchweek 35,Sat,Home,D,1,1,Crystal Palace,1,9.0,2.0,22.2,0.11,0.5,14.9,0.0,0,0,1.1,1.1,0.13,-0.1,-0.1,Match Report,2024,Fulham
869,43,2024-05-04,15:00,Premier League,Matchweek 36,Sat,Away,D,0,0,Brentford,0,15.0,3.0,20.0,0.0,0.0,17.4,0.0,0,0,1.3,1.3,0.09,-1.3,-1.3,Match Report,2024,Fulham
870,44,2024-05-11,12:30,Premier League,Matchweek 37,Sat,Home,L,0,4,Manchester City,0,1.0,1.0,100.0,0.0,0.0,9.6,0.0,0,0,0.1,0.1,0.12,-0.1,-0.1,Match Report,2024,Fulham
871,45,2024-05-19,16:00,Premier League,Matchweek 38,Sun,Away,W,4,2,Luton Town,4,16.0,8.0,50.0,0.25,0.5,21.6,2.0,0,0,1.1,1.1,0.07,2.9,2.9,Match Report,2024,Fulham
873,0,2023-08-14,20:00,Premier League,Matchweek 1,Mon,Away,L,0.0,1.0,Manchester Utd,0,23.0,6.0,26.1,0.0,0.0,15.3,0.0,0,0,2.2,2.2,0.1,-2.2,-2.2,Match Report,2024,Wolverhampton Wanderers
874,1,2023-08-19,15:00,Premier League,Matchweek 2,Sat,Home,L,1.0,4.0,Brighton,1,16.0,5.0,31.3,0.06,0.2,16.1,0.0,0,0,2.1,2.1,0.15,-1.1,-1.1,Match Report,2024,Wolverhampton Wanderers
875,2,2023-08-26,15:00,Premier League,Matchweek 3,Sat,Away,W,1.0,0.0,Everton,1,11.0,2.0,18.2,0.09,0.5,17.8,1.0,0,0,1.1,1.1,0.1,-0.1,-0.1,Match Report,2024,Wolverhampton Wanderers
877,4,2023-09-03,14:00,Premier League,Matchweek 4,Sun,Away,L,2.0,3.0,Crystal Palace,2,12.0,4.0,33.3,0.17,0.5,16.2,0.0,0,0,1.2,1.2,0.1,0.8,0.8,Match Report,2024,Wolverhampton Wanderers
878,5,2023-09-16,12:30,Premier League,Matchweek 5,Sat,Home,L,1.0,3.0,Liverpool,1,11.0,2.0,18.2,0.09,0.5,18.7,0.0,0,0,0.6,0.6,0.06,0.4,0.4,Match Report,2024,Wolverhampton Wanderers
879,6,2023-09-23,15:00,Premier League,Matchweek 6,Sat,Away,D,1.0,1.0,Luton Town,1,3.0,3.0,100.0,0.33,0.33,7.0,0.0,0,0,0.6,0.6,0.21,0.4,0.4,Match Report,2024,Wolverhampton Wanderers
881,8,2023-09-30,15:00,Premier League,Matchweek 7,Sat,Home,W,2.0,1.0,Manchester City,1,3.0,1.0,33.3,0.33,1.0,11.4,0.0,0,0,0.4,0.4,0.16,0.6,0.6,Match Report,2024,Wolverhampton Wanderers
882,9,2023-10-08,14:00,Premier League,Matchweek 8,Sun,Home,D,1.0,1.0,Aston Villa,1,8.0,3.0,37.5,0.13,0.33,16.0,0.0,0,0,1.7,1.7,0.21,-0.7,-0.7,Match Report,2024,Wolverhampton Wanderers
883,10,2023-10-21,15:00,Premier League,Matchweek 9,Sat,Away,W,2.0,1.0,Bournemouth,2,21.0,7.0,33.3,0.1,0.29,16.2,0.0,0,0,2.4,2.4,0.12,-0.4,-0.4,Match Report,2024,Wolverhampton Wanderers
884,11,2023-10-28,17:30,Premier League,Matchweek 10,Sat,Home,D,2.0,2.0,Newcastle Utd,2,11.0,6.0,54.5,0.18,0.33,17.2,1.0,0,0,0.9,0.9,0.08,1.1,1.1,Match Report,2024,Wolverhampton Wanderers
885,12,2023-11-04,15:00,Premier League,Matchweek 11,Sat,Away,L,1.0,2.0,Sheffield Utd,1,10.0,3.0,30.0,0.1,0.33,17.5,1.0,0,0,1.2,1.2,0.13,-0.2,-0.2,Match Report,2024,Wolverhampton Wanderers
886,13,2023-11-11,12:30,Premier League,Matchweek 12,Sat,Home,W,2.0,1.0,Tottenham,2,17.0,4.0,23.5,0.12,0.5,18.5,0.0,0,0,2.1,2.1,0.13,-0.1,-0.1,Match Report,2024,Wolverhampton Wanderers
887,14,2023-11-27,20:00,Premier League,Matchweek 13,Mon,Away,L,2.0,3.0,Fulham,2,9.0,5.0,55.6,0.11,0.2,16.6,0.0,1,1,1.4,0.6,0.06,0.6,0.4,Match Report,2024,Wolverhampton Wanderers
888,15,2023-12-02,15:00,Premier League,Matchweek 14,Sat,Away,L,1.0,2.0,Arsenal,1,6.0,3.0,50.0,0.17,0.33,10.8,0.0,0,0,0.7,0.7,0.12,0.3,0.3,Match Report,2024,Wolverhampton Wanderers
889,16,2023-12-05,19:30,Premier League,Matchweek 15,Tue,Home,W,1.0,0.0,Burnley,1,7.0,4.0,57.1,0.14,0.25,15.8,1.0,0,0,0.8,0.8,0.12,0.2,0.2,Match Report,2024,Wolverhampton Wanderers
890,17,2023-12-09,15:00,Premier League,Matchweek 16,Sat,Home,D,1.0,1.0,Nott'ham Forest,1,10.0,4.0,40.0,0.1,0.25,15.2,0.0,0,0,1.2,1.2,0.12,-0.2,-0.2,Match Report,2024,Wolverhampton Wanderers
891,18,2023-12-17,14:00,Premier League,Matchweek 17,Sun,Away,L,0.0,3.0,West Ham,0,14.0,3.0,21.4,0.0,0.0,20.5,0.0,0,0,0.7,0.7,0.05,-0.7,-0.7,Match Report,2024,Wolverhampton Wanderers
892,19,2023-12-24,13:00,Premier League,Matchweek 18,Sun,Home,W,2.0,1.0,Chelsea,2,14.0,6.0,42.9,0.14,0.33,16.7,1.0,0,0,1.3,1.3,0.09,0.7,0.7,Match Report,2024,Wolverhampton Wanderers
893,20,2023-12-27,19:30,Premier League,Matchweek 19,Wed,Away,W,4.0,1.0,Brentford,4,11.0,5.0,45.5,0.36,0.8,17.8,0.0,0,0,2.4,2.4,0.22,1.6,1.6,Match Report,2024,Wolverhampton Wanderers
894,21,2023-12-30,15:00,Premier League,Matchweek 20,Sat,Home,W,3.0,0.0,Everton,3,12.0,6.0,50.0,0.25,0.5,13.4,0.0,0,0,1.9,1.9,0.17,1.1,1.1,Match Report,2024,Wolverhampton Wanderers
897,24,2024-01-22,19:45,Premier League,Matchweek 21,Mon,Away,D,0.0,0.0,Brighton,0,8.0,3.0,37.5,0.0,0.0,18.6,0.0,0,0,1.1,1.1,0.15,-1.1,-1.1,Match Report,2024,Wolverhampton Wanderers
899,26,2024-02-01,20:15,Premier League,Matchweek 22,Thu,Home,L,3.0,4.0,Manchester Utd,3,15.0,5.0,33.3,0.13,0.4,16.6,1.0,1,1,2.1,1.3,0.09,0.9,0.7,Match Report,2024,Wolverhampton Wanderers
900,27,2024-02-04,14:00,Premier League,Matchweek 23,Sun,Away,W,4.0,2.0,Chelsea,3,13.0,6.0,46.2,0.15,0.33,16.6,2.0,1,1,2.0,1.2,0.09,1.0,0.8,Match Report,2024,Wolverhampton Wanderers
901,28,2024-02-10,15:00,Premier League,Matchweek 24,Sat,Home,L,0.0,2.0,Brentford,0,17.0,5.0,29.4,0.0,0.0,17.2,1.0,0,0,1.0,1.0,0.06,-1.0,-1.0,Match Report,2024,Wolverhampton Wanderers
902,29,2024-02-17,15:00,Premier League,Matchweek 25,Sat,Away,W,2.0,1.0,Tottenham,2,12.0,7.0,58.3,0.17,0.29,15.9,0.0,0,0,1.8,1.8,0.15,0.2,0.2,Match Report,2024,Wolverhampton Wanderers
903,30,2024-02-25,13:30,Premier League,Matchweek 26,Sun,Home,W,1.0,0.0,Sheffield Utd,1,13.0,2.0,15.4,0.08,0.5,14.6,0.0,0,0,1.3,1.3,0.1,-0.3,-0.3,Match Report,2024,Wolverhampton Wanderers
905,32,2024-03-02,15:00,Premier League,Matchweek 27,Sat,Away,L,0.0,3.0,Newcastle Utd,0,12.0,3.0,25.0,0.0,0.0,15.9,0.0,0,0,0.8,0.8,0.07,-0.8,-0.8,Match Report,2024,Wolverhampton Wanderers
906,33,2024-03-09,15:00,Premier League,Matchweek 28,Sat,Home,W,2.0,1.0,Fulham,1,8.0,3.0,37.5,0.13,0.33,16.3,0.0,0,0,0.8,0.8,0.1,0.2,0.2,Match Report,2024,Wolverhampton Wanderers
908,35,2024-03-30,17:30,Premier League,Matchweek 30,Sat,Away,L,0.0,2.0,Aston Villa,0,13.0,3.0,23.1,0.0,0.0,14.6,1.0,0,0,1.5,1.5,0.11,-1.5,-1.5,Match Report,2024,Wolverhampton Wanderers
909,36,2024-04-02,19:45,Premier League,Matchweek 31,Tue,Away,D,1.0,1.0,Burnley,1,8.0,2.0,25.0,0.13,0.5,12.4,0.0,0,0,0.9,0.9,0.11,0.1,0.1,Match Report,2024,Wolverhampton Wanderers
910,37,2024-04-06,15:00,Premier League,Matchweek 32,Sat,Home,L,1.0,2.0,West Ham,1,13.0,6.0,46.2,0.0,0.0,25.4,1.0,1,1,1.5,0.7,0.05,-0.5,-0.7,Match Report,2024,Wolverhampton Wanderers
911,38,2024-04-13,15:00,Premier League,Matchweek 33,Sat,Away,D,2.0,2.0,Nott'ham Forest,2,11.0,3.0,27.3,0.18,0.67,16.1,0.0,0,0,1.0,1.0,0.11,1.0,1.0,Match Report,2024,Wolverhampton Wanderers
912,39,2024-04-20,19:30,Premier League,Matchweek 34,Sat,Home,L,0.0,2.0,Arsenal,0,5.0,3.0,60.0,0.0,0.0,20.1,0.0,0,0,0.2,0.2,0.03,-0.2,-0.2,Match Report,2024,Wolverhampton Wanderers
913,40,2024-04-24,19:45,Premier League,Matchweek 29,Wed,Home,L,0.0,1.0,Bournemouth,0,15.0,4.0,26.7,0.0,0.0,20.1,0.0,0,0,0.5,0.5,0.04,-0.5,-0.5,Match Report,2024,Wolverhampton Wanderers
914,41,2024-04-27,15:00,Premier League,Matchweek 35,Sat,Home,W,2.0,1.0,Luton Town,2,13.0,5.0,38.5,0.15,0.4,18.8,0.0,0,0,1.2,1.2,0.09,0.8,0.8,Match Report,2024,Wolverhampton Wanderers
915,42,2024-05-04,17:30,Premier League,Matchweek 36,Sat,Away,L,1.0,5.0,Manchester City,1,2.0,1.0,50.0,0.5,1.0,9.0,0.0,0,0,0.3,0.3,0.17,0.7,0.7,Match Report,2024,Wolverhampton Wanderers
916,43,2024-05-11,15:00,Premier League,Matchweek 37,Sat,Home,L,1.0,3.0,Crystal Palace,1,14.0,8.0,57.1,0.07,0.13,14.6,0.0,0,0,1.6,1.6,0.11,-0.6,-0.6,Match Report,2024,Wolverhampton Wanderers
917,44,2024-05-19,16:00,Premier League,Matchweek 38,Sun,Away,L,0.0,2.0,Liverpool,0,4.0,2.0,50.0,0.0,0.0,19.0,1.0,0,0,0.5,0.5,0.12,-0.5,-0.5,Match Report,2024,Wolverhampton Wanderers
919,0,2023-08-12,15:00,Premier League,Matchweek 1,Sat,Home,L,0,1,Fulham,0,19.0,9.0,47.4,0.0,0.0,15.8,0.0,0,0,2.7,2.7,0.14,-2.7,-2.7,Match Report,2024,Everton
920,1,2023-08-20,14:00,Premier League,Matchweek 2,Sun,Away,L,0,4,Aston Villa,0,9.0,2.0,22.2,0.0,0.0,14.7,0.0,0,0,0.6,0.6,0.07,-0.6,-0.6,Match Report,2024,Everton
921,2,2023-08-26,15:00,Premier League,Matchweek 3,Sat,Home,L,0,1,Wolves,0,15.0,7.0,46.7,0.0,0.0,13.8,0.0,0,0,1.3,1.3,0.09,-1.3,-1.3,Match Report,2024,Everton
923,4,2023-09-02,12:30,Premier League,Matchweek 4,Sat,Away,D,2,2,Sheffield Utd,2,16.0,6.0,37.5,0.13,0.33,14.8,2.0,0,0,2.5,2.5,0.21,-0.5,-0.5,Match Report,2024,Everton
924,5,2023-09-17,16:30,Premier League,Matchweek 5,Sun,Home,L,0,1,Arsenal,0,8.0,1.0,12.5,0.0,0.0,21.6,0.0,0,0,0.3,0.3,0.04,-0.3,-0.3,Match Report,2024,Everton
925,6,2023-09-23,17:30,Premier League,Matchweek 6,Sat,Away,W,3,1,Brentford,3,18.0,6.0,33.3,0.17,0.5,17.8,0.0,0,0,1.9,1.9,0.11,1.1,1.1,Match Report,2024,Everton
927,8,2023-09-30,15:00,Premier League,Matchweek 7,Sat,Home,L,1,2,Luton Town,1,23.0,4.0,17.4,0.04,0.25,14.4,0.0,0,0,2.9,2.9,0.16,-1.9,-1.9,Match Report,2024,Everton
928,9,2023-10-07,15:00,Premier League,Matchweek 8,Sat,Home,W,3,0,Bournemouth,3,25.0,8.0,32.0,0.12,0.38,15.8,0.0,0,0,2.4,2.4,0.1,0.6,0.6,Match Report,2024,Everton
929,10,2023-10-21,12:30,Premier League,Matchweek 9,Sat,Away,L,0,2,Liverpool,0,6.0,1.0,16.7,0.0,0.0,35.2,0.0,0,0,0.1,0.1,0.02,-0.1,-0.1,Match Report,2024,Everton
930,11,2023-10-29,13:00,Premier League,Matchweek 10,Sun,Away,W,1,0,West Ham,1,10.0,4.0,40.0,0.1,0.25,17.4,0.0,0,0,0.8,0.8,0.08,0.2,0.2,Match Report,2024,Everton
932,13,2023-11-04,15:00,Premier League,Matchweek 11,Sat,Home,D,1,1,Brighton,1,10.0,4.0,40.0,0.1,0.25,14.4,1.0,0,0,0.7,0.7,0.07,0.3,0.3,Match Report,2024,Everton
933,14,2023-11-11,15:00,Premier League,Matchweek 12,Sat,Away,W,3,2,Crystal Palace,3,8.0,4.0,50.0,0.38,0.75,14.5,0.0,0,0,1.5,1.5,0.19,1.5,1.5,Match Report,2024,Everton
934,15,2023-11-26,16:30,Premier League,Matchweek 13,Sun,Home,L,0,3,Manchester Utd,0,24.0,6.0,25.0,0.0,0.0,16.9,0.0,0,0,2.4,2.4,0.11,-2.4,-2.4,Match Report,2024,Everton
935,16,2023-12-02,17:30,Premier League,Matchweek 14,Sat,Away,W,1,0,Nott'ham Forest,1,12.0,2.0,16.7,0.08,0.5,20.8,1.0,0,0,0.7,0.7,0.06,0.3,0.3,Match Report,2024,Everton
936,17,2023-12-07,19:30,Premier League,Matchweek 15,Thu,Home,W,3,0,Newcastle Utd,3,21.0,6.0,28.6,0.14,0.5,13.3,0.0,0,0,3.3,3.3,0.16,-0.3,-0.3,Match Report,2024,Everton
937,18,2023-12-10,14:00,Premier League,Matchweek 16,Sun,Home,W,2,0,Chelsea,2,9.0,5.0,55.6,0.22,0.4,16.4,0.0,0,0,1.2,1.2,0.15,0.8,0.8,Match Report,2024,Everton
938,19,2023-12-16,17:30,Premier League,Matchweek 17,Sat,Away,W,2,0,Burnley,2,9.0,6.0,66.7,0.22,0.33,11.8,1.0,0,0,1.4,1.4,0.17,0.6,0.6,Match Report,2024,Everton
940,21,2023-12-23,15:00,Premier League,Matchweek 18,Sat,Away,L,1,2,Tottenham,1,18.0,8.0,44.4,0.06,0.13,15.8,0.0,0,0,1.8,1.8,0.1,-0.8,-0.8,Match Report,2024,Everton
941,22,2023-12-27,20:15,Premier League,Matchweek 19,Wed,Home,L,1,3,Manchester City,1,7.0,2.0,28.6,0.14,0.5,12.5,0.0,0,0,1.0,1.0,0.14,0.0,0.0,Match Report,2024,Everton
942,23,2023-12-30,15:00,Premier League,Matchweek 20,Sat,Away,L,0,3,Wolves,0,10.0,0.0,0.0,0.0,,20.7,0.0,0,0,0.4,0.4,0.05,-0.4,-0.4,Match Report,2024,Everton
944,25,2024-01-14,14:00,Premier League,Matchweek 21,Sun,Home,D,0,0,Aston Villa,0,10.0,2.0,20.0,0.0,0.0,17.2,1.0,0,0,1.1,1.1,0.12,-1.1,-1.1,Match Report,2024,Everton
947,28,2024-01-30,19:45,Premier League,Matchweek 22,Tue,Away,D,0,0,Fulham,0,21.0,2.0,9.5,0.0,0.0,14.4,2.0,0,0,1.9,1.9,0.11,-1.9,-1.9,Match Report,2024,Everton
948,29,2024-02-03,12:30,Premier League,Matchweek 23,Sat,Home,D,2,2,Tottenham,2,14.0,4.0,28.6,0.14,0.5,14.3,0.0,0,0,2.6,2.6,0.23,-0.6,-0.6,Match Report,2024,Everton
949,30,2024-02-10,12:30,Premier League,Matchweek 24,Sat,Away,L,0,2,Manchester City,0,5.0,1.0,20.0,0.0,0.0,22.9,0.0,0,0,0.3,0.3,0.06,-0.3,-0.3,Match Report,2024,Everton
950,31,2024-02-19,20:00,Premier League,Matchweek 25,Mon,Home,D,1,1,Crystal Palace,1,19.0,4.0,21.1,0.05,0.25,16.4,1.0,0,0,1.7,1.7,0.09,-0.7,-0.7,Match Report,2024,Everton
951,32,2024-02-24,15:00,Premier League,Matchweek 26,Sat,Away,D,1,1,Brighton,1,6.0,2.0,33.3,0.17,0.5,16.0,0.0,0,0,0.3,0.3,0.05,0.7,0.7,Match Report,2024,Everton
952,33,2024-03-02,15:00,Premier League,Matchweek 27,Sat,Home,L,1,3,West Ham,1,21.0,9.0,42.9,0.05,0.11,21.8,0.0,0,1,2.7,1.9,0.09,-1.7,-0.9,Match Report,2024,Everton
953,34,2024-03-09,12:30,Premier League,Matchweek 28,Sat,Away,L,0,2,Manchester Utd,0,23.0,6.0,26.1,0.0,0.0,16.9,1.0,0,0,1.6,1.6,0.07,-1.6,-1.6,Match Report,2024,Everton
954,35,2024-03-30,15:00,Premier League,Matchweek 30,Sat,Away,L,1,2,Bournemouth,1,7.0,3.0,42.9,0.14,0.33,16.0,0.0,0,0,1.0,1.0,0.14,0.0,0.0,Match Report,2024,Everton
955,36,2024-04-02,19:30,Premier League,Matchweek 31,Tue,Away,D,1,1,Newcastle Utd,1,9.0,2.0,22.2,0.0,0.0,17.4,0.0,1,1,1.4,0.7,0.07,-0.4,-0.7,Match Report,2024,Everton
956,37,2024-04-06,15:00,Premier League,Matchweek 32,Sat,Home,W,1,0,Burnley,1,12.0,3.0,25.0,0.08,0.33,20.0,1.0,0,0,0.9,0.9,0.08,0.1,0.1,Match Report,2024,Everton
957,38,2024-04-15,20:00,Premier League,Matchweek 33,Mon,Away,L,0,6,Chelsea,0,10.0,2.0,20.0,0.0,0.0,13.7,0.0,0,0,1.5,1.5,0.15,-1.5,-1.5,Match Report,2024,Everton
958,39,2024-04-21,13:30,Premier League,Matchweek 34,Sun,Home,W,2,0,Nott'ham Forest,2,7.0,4.0,57.1,0.29,0.5,18.7,0.0,0,0,0.3,0.3,0.05,1.7,1.7,Match Report,2024,Everton
959,40,2024-04-24,20:00,Premier League,Matchweek 29,Wed,Home,W,2,0,Liverpool,2,16.0,6.0,37.5,0.13,0.33,14.9,0.0,0,0,1.2,1.2,0.08,0.8,0.8,Match Report,2024,Everton
960,41,2024-04-27,17:30,Premier League,Matchweek 35,Sat,Home,W,1,0,Brentford,1,18.0,1.0,5.6,0.06,1.0,19.1,1.0,0,0,0.8,0.8,0.05,0.2,0.2,Match Report,2024,Everton
961,42,2024-05-03,20:00,Premier League,Matchweek 36,Fri,Away,D,1,1,Luton Town,1,9.0,2.0,22.2,0.0,0.0,18.7,0.0,1,1,1.4,0.6,0.07,-0.4,-0.6,Match Report,2024,Everton
962,43,2024-05-11,15:00,Premier League,Matchweek 37,Sat,Home,W,1,0,Sheffield Utd,1,15.0,6.0,40.0,0.07,0.17,17.1,0.0,0,0,2.3,2.3,0.16,-1.3,-1.3,Match Report,2024,Everton
963,44,2024-05-19,16:00,Premier League,Matchweek 38,Sun,Away,L,1,2,Arsenal,1,5.0,2.0,40.0,0.2,0.5,20.3,2.0,0,0,0.6,0.6,0.13,0.4,0.4,Match Report,2024,Everton
965,0,2023-08-13,14:00,Premier League,Matchweek 1,Sun,Home,D,2,2,Tottenham,2,10.0,5.0,50.0,0.1,0.2,18.0,0.0,1,1,2.2,1.4,0.14,-0.2,-0.4,Match Report,2024,Brentford
966,1,2023-08-19,15:00,Premier League,Matchweek 2,Sat,Away,W,3,0,Fulham,3,16.0,7.0,43.8,0.13,0.29,13.8,1.0,1,1,3.7,3.1,0.2,-0.7,-1.1,Match Report,2024,Brentford
967,2,2023-08-26,15:00,Premier League,Matchweek 3,Sat,Home,D,1,1,Crystal Palace,1,12.0,1.0,8.3,0.08,1.0,13.7,0.0,0,0,1.0,1.0,0.08,0.0,0.0,Match Report,2024,Brentford
969,4,2023-09-02,15:00,Premier League,Matchweek 4,Sat,Home,D,2,2,Bournemouth,2,21.0,7.0,33.3,0.1,0.29,14.7,1.0,0,0,2.9,2.9,0.14,-0.9,-0.9,Match Report,2024,Brentford
970,5,2023-09-16,17:30,Premier League,Matchweek 5,Sat,Away,L,0,1,Newcastle Utd,0,11.0,2.0,18.2,0.0,0.0,15.7,0.0,0,0,0.5,0.5,0.05,-0.5,-0.5,Match Report,2024,Brentford
971,6,2023-09-23,17:30,Premier League,Matchweek 6,Sat,Home,L,1,3,Everton,1,12.0,2.0,16.7,0.08,0.5,13.9,1.0,0,0,1.0,1.0,0.09,0.0,0.0,Match Report,2024,Brentford
973,8,2023-10-01,14:00,Premier League,Matchweek 7,Sun,Away,D,1,1,Nott'ham Forest,1,18.0,3.0,16.7,0.06,0.33,14.1,0.0,0,0,1.6,1.6,0.09,-0.6,-0.6,Match Report,2024,Brentford
974,9,2023-10-07,15:00,Premier League,Matchweek 8,Sat,Away,L,1,2,Manchester Utd,1,11.0,3.0,27.3,0.09,0.33,17.3,0.0,0,0,0.9,0.9,0.09,0.1,0.1,Match Report,2024,Brentford
975,10,2023-10-21,15:00,Premier League,Matchweek 9,Sat,Home,W,3,0,Burnley,3,23.0,9.0,39.1,0.13,0.33,15.0,1.0,0,0,3.1,3.1,0.14,-0.1,-0.1,Match Report,2024,Brentford
976,11,2023-10-28,12:30,Premier League,Matchweek 10,Sat,Away,W,2,0,Chelsea,2,7.0,5.0,71.4,0.29,0.4,12.7,0.0,0,0,2.2,2.2,0.31,-0.2,-0.2,Match Report,2024,Brentford
977,12,2023-11-04,15:00,Premier League,Matchweek 11,Sat,Home,W,3,2,West Ham,2,16.0,4.0,25.0,0.13,0.5,15.7,1.0,0,0,1.5,1.5,0.1,0.5,0.5,Match Report,2024,Brentford
978,13,2023-11-12,14:00,Premier League,Matchweek 12,Sun,Away,L,0,3,Liverpool,0,16.0,3.0,18.8,0.0,0.0,17.0,2.0,0,0,1.6,1.6,0.1,-1.6,-1.6,Match Report,2024,Brentford
979,14,2023-11-25,17:30,Premier League,Matchweek 13,Sat,Home,L,0,1,Arsenal,0,9.0,1.0,11.1,0.0,0.0,13.9,0.0,0,0,1.1,1.1,0.14,-1.1,-1.1,Match Report,2024,Brentford
980,15,2023-12-02,15:00,Premier League,Matchweek 14,Sat,Home,W,3,1,Luton Town,3,27.0,6.0,22.2,0.11,0.5,15.4,0.0,0,0,3.1,3.1,0.13,-0.1,-0.1,Match Report,2024,Brentford
981,16,2023-12-06,19:30,Premier League,Matchweek 15,Wed,Away,L,1,2,Brighton,1,7.0,0.0,0.0,0.0,,17.6,0.0,1,1,1.5,0.7,0.1,-0.5,-0.7,Match Report,2024,Brentford
982,17,2023-12-09,15:00,Premier League,Matchweek 16,Sat,Away,L,0,1,Sheffield Utd,0,10.0,4.0,40.0,0.0,0.0,16.7,0.0,0,0,0.6,0.6,0.07,-0.6,-0.6,Match Report,2024,Brentford
983,18,2023-12-17,14:00,Premier League,Matchweek 17,Sun,Home,L,1,2,Aston Villa,1,4.0,3.0,75.0,0.25,0.33,13.3,0.0,0,0,0.5,0.5,0.13,0.5,0.5,Match Report,2024,Brentford
984,19,2023-12-27,19:30,Premier League,Matchweek 19,Wed,Home,L,1,4,Wolves,1,14.0,4.0,28.6,0.07,0.25,13.8,0.0,0,0,2.2,2.2,0.16,-1.2,-1.2,Match Report,2024,Brentford
985,20,2023-12-30,15:00,Premier League,Matchweek 20,Sat,Away,L,1,3,Crystal Palace,1,9.0,4.0,44.4,0.11,0.25,16.0,0.0,0,0,1.4,1.4,0.15,-0.4,-0.4,Match Report,2024,Brentford
988,23,2024-01-20,17:30,Premier League,Matchweek 21,Sat,Home,W,3,2,Nott'ham Forest,3,11.0,5.0,45.5,0.27,0.6,14.8,1.0,0,0,1.2,1.2,0.11,1.8,1.8,Match Report,2024,Brentford
989,24,2024-01-31,19:30,Premier League,Matchweek 22,Wed,Away,L,2,3,Tottenham,2,9.0,5.0,55.6,0.22,0.4,12.9,0.0,0,0,1.6,1.6,0.18,0.4,0.4,Match Report,2024,Brentford
990,25,2024-02-05,20:00,Premier League,Matchweek 23,Mon,Home,L,1,3,Manchester City,1,9.0,2.0,22.2,0.11,0.5,15.3,0.0,0,0,1.0,1.0,0.12,0.0,0.0,Match Report,2024,Brentford
991,26,2024-02-10,15:00,Premier League,Matchweek 24,Sat,Away,W,2,0,Wolves,2,9.0,6.0,66.7,0.22,0.33,14.0,0.0,0,0,1.9,1.9,0.22,0.1,0.1,Match Report,2024,Brentford
992,27,2024-02-17,12:30,Premier League,Matchweek 25,Sat,Home,L,1,4,Liverpool,1,15.0,6.0,40.0,0.07,0.17,19.8,3.0,0,0,1.6,1.6,0.12,-0.6,-0.6,Match Report,2024,Brentford
993,28,2024-02-20,19:30,Premier League,Matchweek 18,Tue,Away,L,0,1,Manchester City,0,6.0,2.0,33.3,0.0,0.0,19.4,1.0,0,0,0.4,0.4,0.06,-0.4,-0.4,Match Report,2024,Brentford
994,29,2024-02-26,20:00,Premier League,Matchweek 26,Mon,Away,L,2,4,West Ham,2,14.0,7.0,50.0,0.14,0.29,16.7,0.0,0,0,0.9,0.9,0.07,1.1,1.1,Match Report,2024,Brentford
995,30,2024-03-02,15:00,Premier League,Matchweek 27,Sat,Home,D,2,2,Chelsea,2,14.0,5.0,35.7,0.14,0.4,14.5,0.0,0,0,1.8,1.8,0.13,0.2,0.2,Match Report,2024,Brentford
996,31,2024-03-09,17:30,Premier League,Matchweek 28,Sat,Away,L,1,2,Arsenal,1,9.0,4.0,44.4,0.11,0.25,17.1,0.0,0,0,1.0,1.0,0.11,0.0,0.0,Match Report,2024,Brentford
997,32,2024-03-16,15:00,Premier League,Matchweek 29,Sat,Away,L,1,2,Burnley,1,9.0,5.0,55.6,0.11,0.2,14.7,0.0,0,0,1.1,1.1,0.13,-0.1,-0.1,Match Report,2024,Brentford
998,33,2024-03-30,20:00,Premier League,Matchweek 30,Sat,Home,D,1,1,Manchester Utd,1,31.0,5.0,16.1,0.03,0.2,15.0,1.0,0,0,3.2,3.2,0.11,-2.2,-2.2,Match Report,2024,Brentford
999,34,2024-04-03,19:30,Premier League,Matchweek 31,Wed,Home,D,0,0,Brighton,0,5.0,2.0,40.0,0.0,0.0,17.1,1.0,0,0,0.6,0.6,0.11,-0.6,-0.6,Match Report,2024,Brentford
1000,35,2024-04-06,15:00,Premier League,Matchweek 32,Sat,Away,D,3,3,Aston Villa,3,8.0,3.0,37.5,0.38,1.0,16.5,2.0,0,0,1.5,1.5,0.2,1.5,1.5,Match Report,2024,Brentford
1001,36,2024-04-13,15:00,Premier League,Matchweek 33,Sat,Home,W,2,0,Sheffield Utd,1,9.0,5.0,55.6,0.11,0.2,18.7,0.0,0,0,1.0,1.0,0.11,0.0,0.0,Match Report,2024,Brentford
1002,37,2024-04-20,15:00,Premier League,Matchweek 34,Sat,Away,W,5,1,Luton Town,5,21.0,9.0,42.9,0.24,0.56,18.0,0.0,0,0,3.1,3.1,0.15,1.9,1.9,Match Report,2024,Brentford
1003,38,2024-04-27,17:30,Premier League,Matchweek 35,Sat,Away,L,0,1,Everton,0,10.0,4.0,40.0,0.0,0.0,16.6,0.0,0,0,0.9,0.9,0.09,-0.9,-0.9,Match Report,2024,Brentford
1004,39,2024-05-04,15:00,Premier League,Matchweek 36,Sat,Home,D,0,0,Fulham,0,7.0,2.0,28.6,0.0,0.0,12.9,0.0,0,0,0.6,0.6,0.09,-0.6,-0.6,Match Report,2024,Brentford
1005,40,2024-05-11,15:00,Premier League,Matchweek 37,Sat,Away,W,2,1,Bournemouth,2,11.0,4.0,36.4,0.18,0.5,15.7,0.0,0,0,1.1,1.1,0.1,0.9,0.9,Match Report,2024,Brentford
1006,41,2024-05-19,16:00,Premier League,Matchweek 38,Sun,Home,L,2,4,Newcastle Utd,2,10.0,5.0,50.0,0.2,0.4,15.9,1.0,0,0,1.1,1.1,0.11,0.9,0.9,Match Report,2024,Brentford
1008,0,2023-08-12,12:30,Premier League,Matchweek 1,Sat,Away,L,1,2,Arsenal,1,6.0,2.0,33.3,0.17,0.5,17.3,0.0,0,0,1.2,1.2,0.2,-0.2,-0.2,Match Report,2024,Nottingham Forest
1009,1,2023-08-18,19:45,Premier League,Matchweek 2,Fri,Home,W,2,1,Sheffield Utd,2,16.0,4.0,25.0,0.13,0.5,15.6,0.0,0,0,1.4,1.4,0.09,0.6,0.6,Match Report,2024,Nottingham Forest
1010,2,2023-08-26,15:00,Premier League,Matchweek 3,Sat,Away,L,2,3,Manchester Utd,2,9.0,4.0,44.4,0.22,0.5,14.7,0.0,0,0,1.2,1.2,0.13,0.8,0.8,Match Report,2024,Nottingham Forest
1012,4,2023-09-02,15:00,Premier League,Matchweek 4,Sat,Away,W,1,0,Chelsea,1,7.0,3.0,42.9,0.14,0.33,19.0,0.0,0,0,0.8,0.8,0.11,0.2,0.2,Match Report,2024,Nottingham Forest
1013,5,2023-09-18,19:45,Premier League,Matchweek 5,Mon,Home,D,1,1,Burnley,1,14.0,4.0,28.6,0.07,0.25,18.8,0.0,0,0,0.7,0.7,0.05,0.3,0.3,Match Report,2024,Nottingham Forest
1014,6,2023-09-23,15:00,Premier League,Matchweek 6,Sat,Away,L,0,2,Manchester City,0,10.0,3.0,30.0,0.0,0.0,17.8,1.0,0,0,1.0,1.0,0.1,-1.0,-1.0,Match Report,2024,Nottingham Forest
1015,7,2023-10-01,14:00,Premier League,Matchweek 7,Sun,Home,D,1,1,Brentford,1,6.0,1.0,16.7,0.17,1.0,15.4,0.0,0,0,0.5,0.5,0.08,0.5,0.5,Match Report,2024,Nottingham Forest
1016,8,2023-10-07,17:30,Premier League,Matchweek 8,Sat,Away,D,0,0,Crystal Palace,0,16.0,5.0,31.3,0.0,0.0,18.4,0.0,0,0,1.0,1.0,0.07,-1.0,-1.0,Match Report,2024,Nottingham Forest
1017,9,2023-10-21,15:00,Premier League,Matchweek 9,Sat,Home,D,2,2,Luton Town,2,19.0,8.0,42.1,0.11,0.25,11.1,0.0,0,0,2.9,2.9,0.16,-0.9,-0.9,Match Report,2024,Nottingham Forest
1018,10,2023-10-29,14:00,Premier League,Matchweek 10,Sun,Away,L,0,3,Liverpool,0,9.0,1.0,11.1,0.0,0.0,15.6,0.0,0,0,0.4,0.4,0.05,-0.4,-0.4,Match Report,2024,Nottingham Forest
1019,11,2023-11-05,14:00,Premier League,Matchweek 11,Sun,Home,W,2,0,Aston Villa,2,5.0,3.0,60.0,0.4,0.67,21.1,0.0,0,0,0.4,0.4,0.08,1.6,1.6,Match Report,2024,Nottingham Forest
1020,12,2023-11-12,14:00,Premier League,Matchweek 12,Sun,Away,L,2,3,West Ham,2,10.0,5.0,50.0,0.2,0.4,15.6,0.0,0,0,1.7,1.7,0.18,0.3,0.3,Match Report,2024,Nottingham Forest
1021,13,2023-11-25,15:00,Premier League,Matchweek 13,Sat,Home,L,2,3,Brighton,2,17.0,4.0,23.5,0.06,0.25,14.7,0.0,1,1,1.9,1.1,0.07,0.1,-0.1,Match Report,2024,Nottingham Forest
1022,14,2023-12-02,17:30,Premier League,Matchweek 14,Sat,Home,L,0,1,Everton,0,13.0,2.0,15.4,0.0,0.0,16.1,0.0,0,0,0.7,0.7,0.06,-0.7,-0.7,Match Report,2024,Nottingham Forest
1023,15,2023-12-06,19:30,Premier League,Matchweek 15,Wed,Away,L,0,5,Fulham,0,4.0,1.0,25.0,0.0,0.0,15.3,0.0,0,0,0.3,0.3,0.07,-0.3,-0.3,Match Report,2024,Nottingham Forest
1024,16,2023-12-09,15:00,Premier League,Matchweek 16,Sat,Away,D,1,1,Wolves,1,8.0,2.0,25.0,0.13,0.5,12.7,0.0,0,0,1.3,1.3,0.16,-0.3,-0.3,Match Report,2024,Nottingham Forest
1025,17,2023-12-15,20:00,Premier League,Matchweek 17,Fri,Home,L,0,2,Tottenham,0,15.0,1.0,6.7,0.0,0.0,16.1,0.0,0,0,1.3,1.3,0.09,-1.3,-1.3,Match Report,2024,Nottingham Forest
1026,18,2023-12-23,15:00,Premier League,Matchweek 18,Sat,Home,L,2,3,Bournemouth,2,11.0,4.0,36.4,0.18,0.5,14.5,0.0,0,0,1.0,1.0,0.09,1.0,1.0,Match Report,2024,Nottingham Forest
1027,19,2023-12-26,12:30,Premier League,Matchweek 19,Tue,Away,W,3,1,Newcastle Utd,3,15.0,6.0,40.0,0.2,0.5,15.8,0.0,0,0,3.5,3.5,0.23,-0.5,-0.5,Match Report,2024,Nottingham Forest
1028,20,2023-12-30,17:30,Premier League,Matchweek 20,Sat,Home,W,2,1,Manchester Utd,2,8.0,2.0,25.0,0.25,1.0,18.3,0.0,0,0,0.7,0.7,0.09,1.3,1.3,Match Report,2024,Nottingham Forest
1031,23,2024-01-20,17:30,Premier League,Matchweek 21,Sat,Away,L,2,3,Brentford,2,12.0,3.0,25.0,0.17,0.67,20.5,0.0,0,0,1.2,1.2,0.1,0.8,0.8,Match Report,2024,Nottingham Forest
1033,25,2024-01-30,19:30,Premier League,Matchweek 22,Tue,Home,L,1,2,Arsenal,1,9.0,3.0,33.3,0.11,0.33,18.7,0.0,0,0,0.5,0.5,0.05,0.5,0.5,Match Report,2024,Nottingham Forest
1034,26,2024-02-04,14:00,Premier League,Matchweek 23,Sun,Away,D,1,1,Bournemouth,1,8.0,6.0,75.0,0.13,0.17,19.9,0.0,0,0,0.5,0.5,0.07,0.5,0.5,Match Report,2024,Nottingham Forest
1036,28,2024-02-10,17:30,Premier League,Matchweek 24,Sat,Home,L,2,3,Newcastle Utd,2,13.0,3.0,23.1,0.15,0.67,21.8,0.0,0,0,1.5,1.5,0.12,0.5,0.5,Match Report,2024,Nottingham Forest
1037,29,2024-02-17,15:00,Premier League,Matchweek 25,Sat,Home,W,2,0,West Ham,2,19.0,8.0,42.1,0.11,0.25,16.5,0.0,0,0,2.8,2.8,0.15,-0.8,-0.8,Match Report,2024,Nottingham Forest
1038,30,2024-02-24,15:00,Premier League,Matchweek 26,Sat,Away,L,2,4,Aston Villa,2,10.0,3.0,30.0,0.2,0.67,16.4,0.0,0,0,2.6,2.6,0.26,-0.6,-0.6,Match Report,2024,Nottingham Forest
1040,32,2024-03-02,15:00,Premier League,Matchweek 27,Sat,Home,L,0,1,Liverpool,0,8.0,2.0,25.0,0.0,0.0,19.3,0.0,0,0,1.0,1.0,0.12,-1.0,-1.0,Match Report,2024,Nottingham Forest
1041,33,2024-03-10,14:00,Premier League,Matchweek 28,Sun,Away,L,0,1,Brighton,0,9.0,4.0,44.4,0.0,0.0,19.3,2.0,0,0,0.7,0.7,0.08,-0.7,-0.7,Match Report,2024,Nottingham Forest
1042,34,2024-03-16,15:00,Premier League,Matchweek 29,Sat,Away,D,1,1,Luton Town,1,16.0,3.0,18.8,0.06,0.33,22.0,2.0,0,0,2.0,2.0,0.12,-1.0,-1.0,Match Report,2024,Nottingham Forest
1043,35,2024-03-30,15:00,Premier League,Matchweek 30,Sat,Home,D,1,1,Crystal Palace,1,12.0,5.0,41.7,0.08,0.2,20.5,0.0,0,0,0.9,0.9,0.08,0.1,0.1,Match Report,2024,Nottingham Forest
1044,36,2024-04-02,19:30,Premier League,Matchweek 31,Tue,Home,W,3,1,Fulham,3,16.0,4.0,25.0,0.19,0.75,18.5,0.0,0,0,1.5,1.5,0.1,1.5,1.5,Match Report,2024,Nottingham Forest
1045,37,2024-04-07,18:00,Premier League,Matchweek 32,Sun,Away,L,1,3,Tottenham,1,13.0,6.0,46.2,0.08,0.17,22.9,1.0,0,0,1.5,1.5,0.13,-0.5,-0.5,Match Report,2024,Nottingham Forest
1046,38,2024-04-13,15:00,Premier League,Matchweek 33,Sat,Home,D,2,2,Wolves,2,18.0,9.0,50.0,0.11,0.22,17.0,0.0,0,0,1.9,1.9,0.11,0.1,0.1,Match Report,2024,Nottingham Forest
1047,39,2024-04-21,13:30,Premier League,Matchweek 34,Sun,Away,L,0,2,Everton,0,8.0,3.0,37.5,0.0,0.0,13.7,0.0,0,0,0.9,0.9,0.12,-0.9,-0.9,Match Report,2024,Nottingham Forest
1048,40,2024-04-28,16:30,Premier League,Matchweek 35,Sun,Home,L,0,2,Manchester City,0,14.0,2.0,14.3,0.0,0.0,15.0,1.0,0,0,1.9,1.9,0.14,-1.9,-1.9,Match Report,2024,Nottingham Forest
1049,41,2024-05-04,15:00,Premier League,Matchweek 36,Sat,Away,W,3,1,Sheffield Utd,3,15.0,4.0,26.7,0.2,0.75,17.2,0.0,0,0,1.4,1.4,0.1,1.6,1.6,Match Report,2024,Nottingham Forest
1050,42,2024-05-11,17:30,Premier League,Matchweek 37,Sat,Home,L,2,3,Chelsea,2,20.0,4.0,20.0,0.1,0.5,17.2,0.0,0,0,1.5,1.5,0.08,0.5,0.5,Match Report,2024,Nottingham Forest
1051,43,2024-05-19,16:00,Premier League,Matchweek 38,Sun,Away,W,2,1,Burnley,2,12.0,6.0,50.0,0.17,0.33,17.2,0.0,0,0,1.7,1.7,0.15,0.3,0.3,Match Report,2024,Nottingham Forest
1053,0,2023-08-12,15:00,Premier League,Matchweek 1,Sat,Away,L,1.0,4.0,Brighton,1,8.0,2.0,25.0,0.0,0.0,16.6,0.0,1,1,1.5,0.7,0.09,-0.5,-0.7,Match Report,2024,Luton Town
1054,1,2023-08-25,20:00,Premier League,Matchweek 3,Fri,Away,L,0.0,3.0,Chelsea,0,11.0,1.0,9.1,0.0,0.0,19.0,1.0,0,0,0.4,0.4,0.04,-0.4,-0.4,Match Report,2024,Luton Town
1056,3,2023-09-01,20:00,Premier League,Matchweek 4,Fri,Home,L,1.0,2.0,West Ham,1,16.0,1.0,6.3,0.06,1.0,11.9,0.0,0,0,1.4,1.4,0.09,-0.4,-0.4,Match Report,2024,Luton Town
1057,4,2023-09-16,15:00,Premier League,Matchweek 5,Sat,Away,L,0.0,1.0,Fulham,0,7.0,2.0,28.6,0.0,0.0,10.0,0.0,0,0,1.1,1.1,0.16,-1.1,-1.1,Match Report,2024,Luton Town
1058,5,2023-09-23,15:00,Premier League,Matchweek 6,Sat,Home,D,1.0,1.0,Wolves,1,19.0,3.0,15.8,0.0,0.0,17.3,0.0,1,1,2.1,1.4,0.07,-1.1,-1.4,Match Report,2024,Luton Town
1060,7,2023-09-30,15:00,Premier League,Matchweek 7,Sat,Away,W,2.0,1.0,Everton,2,9.0,2.0,22.2,0.22,1.0,13.4,0.0,0,0,0.9,0.9,0.1,1.1,1.1,Match Report,2024,Luton Town
1061,8,2023-10-03,19:30,Premier League,Matchweek 2,Tue,Home,L,1.0,2.0,Burnley,1,18.0,2.0,11.1,0.06,0.5,13.1,0.0,0,0,1.3,1.3,0.07,-0.3,-0.3,Match Report,2024,Luton Town
1062,9,2023-10-07,12:30,Premier League,Matchweek 8,Sat,Home,L,0.0,1.0,Tottenham,0,12.0,2.0,16.7,0.0,0.0,16.3,0.0,0,0,0.8,0.8,0.06,-0.8,-0.8,Match Report,2024,Luton Town
1063,10,2023-10-21,15:00,Premier League,Matchweek 9,Sat,Away,D,2.0,2.0,Nott'ham Forest,2,13.0,4.0,30.8,0.15,0.5,17.6,0.0,0,0,1.7,1.7,0.13,0.3,0.3,Match Report,2024,Luton Town
1064,11,2023-10-29,14:00,Premier League,Matchweek 10,Sun,Away,L,1.0,3.0,Aston Villa,0,7.0,1.0,14.3,0.0,0.0,17.3,0.0,0,0,0.5,0.5,0.07,-0.5,-0.5,Match Report,2024,Luton Town
1065,12,2023-11-05,16:30,Premier League,Matchweek 11,Sun,Home,D,1.0,1.0,Liverpool,1,8.0,5.0,62.5,0.13,0.2,17.9,0.0,0,0,0.8,0.8,0.1,0.2,0.2,Match Report,2024,Luton Town
1066,13,2023-11-11,15:00,Premier League,Matchweek 12,Sat,Away,L,0.0,1.0,Manchester Utd,0,10.0,4.0,40.0,0.0,0.0,21.9,1.0,0,0,0.4,0.4,0.04,-0.4,-0.4,Match Report,2024,Luton Town
1067,14,2023-11-25,15:00,Premier League,Matchweek 13,Sat,Home,W,2.0,1.0,Crystal Palace,2,8.0,3.0,37.5,0.25,0.67,14.2,0.0,0,0,0.9,0.9,0.12,1.1,1.1,Match Report,2024,Luton Town
1068,15,2023-12-02,15:00,Premier League,Matchweek 14,Sat,Away,L,1.0,3.0,Brentford,1,7.0,1.0,14.3,0.14,1.0,23.8,0.0,0,0,0.2,0.2,0.03,0.8,0.8,Match Report,2024,Luton Town
1069,16,2023-12-05,20:15,Premier League,Matchweek 15,Tue,Home,L,3.0,4.0,Arsenal,3,6.0,4.0,66.7,0.5,0.75,18.8,0.0,0,0,0.5,0.5,0.08,2.5,2.5,Match Report,2024,Luton Town
1070,17,2023-12-10,14:00,Premier League,Matchweek 16,Sun,Home,L,1.0,2.0,Manchester City,1,4.0,2.0,50.0,0.25,0.5,19.2,0.0,0,0,0.3,0.3,0.08,0.7,0.7,Match Report,2024,Luton Town
1071,18,2023-12-23,15:00,Premier League,Matchweek 18,Sat,Home,W,1.0,0.0,Newcastle Utd,1,16.0,5.0,31.3,0.06,0.2,19.4,0.0,0,0,1.4,1.4,0.09,-0.4,-0.4,Match Report,2024,Luton Town
1072,19,2023-12-26,15:00,Premier League,Matchweek 19,Tue,Away,W,3.0,2.0,Sheffield Utd,1,12.0,4.0,33.3,0.08,0.25,17.9,1.0,0,0,0.6,0.6,0.05,0.4,0.4,Match Report,2024,Luton Town
1073,20,2023-12-30,12:30,Premier League,Matchweek 20,Sat,Home,L,2.0,3.0,Chelsea,2,15.0,6.0,40.0,0.13,0.33,11.6,1.0,0,0,2.3,2.3,0.17,-0.3,-0.3,Match Report,2024,Luton Town
1075,22,2024-01-12,19:45,Premier League,Matchweek 21,Fri,Away,D,1.0,1.0,Burnley,1,14.0,5.0,35.7,0.07,0.2,18.2,0.0,0,0,0.9,0.9,0.07,0.1,0.1,Match Report,2024,Luton Town
1078,25,2024-01-30,19:45,Premier League,Matchweek 22,Tue,Home,W,4.0,0.0,Brighton,4,18.0,8.0,44.4,0.22,0.5,13.8,1.0,0,0,3.1,3.1,0.18,0.9,0.9,Match Report,2024,Luton Town
1079,26,2024-02-03,15:00,Premier League,Matchweek 23,Sat,Away,D,4.0,4.0,Newcastle Utd,4,10.0,7.0,70.0,0.3,0.43,14.0,0.0,1,1,2.4,1.6,0.16,1.6,1.4,Match Report,2024,Luton Town
1080,27,2024-02-10,15:00,Premier League,Matchweek 24,Sat,Home,L,1.0,3.0,Sheffield Utd,1,19.0,4.0,21.1,0.0,0.0,17.3,0.0,1,1,1.8,1.1,0.06,-0.8,-1.1,Match Report,2024,Luton Town
1081,28,2024-02-18,16:30,Premier League,Matchweek 25,Sun,Home,L,1.0,2.0,Manchester Utd,1,22.0,4.0,18.2,0.05,0.25,18.6,1.0,0,0,1.8,1.8,0.08,-0.8,-0.8,Match Report,2024,Luton Town
1082,29,2024-02-21,19:30,Premier League,Matchweek 26,Wed,Away,L,1.0,4.0,Liverpool,1,12.0,3.0,25.0,0.08,0.33,19.0,1.0,0,0,0.9,0.9,0.08,0.1,0.1,Match Report,2024,Luton Town
1084,31,2024-03-02,17:30,Premier League,Matchweek 27,Sat,Home,L,2.0,3.0,Aston Villa,2,14.0,4.0,28.6,0.14,0.5,11.4,1.0,0,0,1.8,1.8,0.16,0.2,0.2,Match Report,2024,Luton Town
1085,32,2024-03-09,15:00,Premier League,Matchweek 28,Sat,Away,D,1.0,1.0,Crystal Palace,1,8.0,2.0,25.0,0.13,0.5,11.9,0.0,0,0,0.8,0.8,0.11,0.2,0.2,Match Report,2024,Luton Town
1086,33,2024-03-13,19:30,Premier League,Matchweek 17,Wed,Away,L,3.0,4.0,Bournemouth,3,8.0,4.0,50.0,0.38,0.75,8.4,0.0,0,0,2.0,2.0,0.26,1.0,1.0,Match Report,2024,Luton Town
1087,34,2024-03-16,15:00,Premier League,Matchweek 29,Sat,Home,D,1.0,1.0,Nott'ham Forest,1,10.0,4.0,40.0,0.1,0.25,18.5,0.0,0,0,0.6,0.6,0.06,0.4,0.4,Match Report,2024,Luton Town
1088,35,2024-03-30,15:00,Premier League,Matchweek 30,Sat,Away,L,1.0,2.0,Tottenham,1,7.0,3.0,42.9,0.14,0.33,17.7,0.0,0,0,0.5,0.5,0.07,0.5,0.5,Match Report,2024,Luton Town
1089,36,2024-04-03,19:30,Premier League,Matchweek 31,Wed,Away,L,0.0,2.0,Arsenal,0,5.0,1.0,20.0,0.0,0.0,15.9,1.0,0,0,0.3,0.3,0.07,-0.3,-0.3,Match Report,2024,Luton Town
1090,37,2024-04-06,15:00,Premier League,Matchweek 32,Sat,Home,W,2.0,1.0,Bournemouth,2,19.0,9.0,47.4,0.11,0.22,18.2,0.0,0,0,1.5,1.5,0.08,0.5,0.5,Match Report,2024,Luton Town
1091,38,2024-04-13,15:00,Premier League,Matchweek 33,Sat,Away,L,1.0,5.0,Manchester City,1,4.0,2.0,50.0,0.25,0.5,9.3,0.0,0,0,0.5,0.5,0.13,0.5,0.5,Match Report,2024,Luton Town
1092,39,2024-04-20,15:00,Premier League,Matchweek 34,Sat,Home,L,1.0,5.0,Brentford,1,6.0,3.0,50.0,0.17,0.33,17.0,0.0,0,0,0.6,0.6,0.1,0.4,0.4,Match Report,2024,Luton Town
1093,40,2024-04-27,15:00,Premier League,Matchweek 35,Sat,Away,L,1.0,2.0,Wolves,1,9.0,6.0,66.7,0.11,0.17,17.4,0.0,0,0,0.6,0.6,0.07,0.4,0.4,Match Report,2024,Luton Town
1094,41,2024-05-03,20:00,Premier League,Matchweek 36,Fri,Home,D,1.0,1.0,Everton,1,18.0,5.0,27.8,0.06,0.2,18.4,0.0,0,0,0.8,0.8,0.04,0.2,0.2,Match Report,2024,Luton Town
1095,42,2024-05-11,15:00,Premier League,Matchweek 37,Sat,Away,L,1.0,3.0,West Ham,1,4.0,1.0,25.0,0.25,1.0,12.5,0.0,0,0,0.3,0.3,0.08,0.7,0.7,Match Report,2024,Luton Town
1096,43,2024-05-19,16:00,Premier League,Matchweek 38,Sun,Home,L,2.0,4.0,Fulham,2,14.0,5.0,35.7,0.07,0.2,19.3,2.0,1,1,2.0,1.3,0.09,0.0,-0.3,Match Report,2024,Luton Town
1098,0,2023-08-11,20:00,Premier League,Matchweek 1,Fri,Home,L,0.0,3.0,Manchester City,0,6.0,1.0,16.7,0.0,0.0,14.9,0.0,0,0,0.3,0.3,0.05,-0.3,-0.3,Match Report,2024,Burnley
1099,1,2023-08-27,14:00,Premier League,Matchweek 3,Sun,Home,L,1.0,3.0,Aston Villa,1,9.0,2.0,22.2,0.11,0.5,17.7,0.0,0,0,0.7,0.7,0.08,0.3,0.3,Match Report,2024,Burnley
1101,3,2023-09-02,15:00,Premier League,Matchweek 4,Sat,Home,L,2.0,5.0,Tottenham,2,16.0,4.0,25.0,0.13,0.5,17.9,1.0,0,0,1.3,1.3,0.08,0.7,0.7,Match Report,2024,Burnley
1102,4,2023-09-18,19:45,Premier League,Matchweek 5,Mon,Away,D,1.0,1.0,Nott'ham Forest,1,10.0,3.0,30.0,0.1,0.33,18.9,0.0,0,0,0.5,0.5,0.06,0.5,0.5,Match Report,2024,Burnley
1103,5,2023-09-23,20:00,Premier League,Matchweek 6,Sat,Home,L,0.0,1.0,Manchester Utd,0,12.0,4.0,33.3,0.0,0.0,15.6,0.0,0,0,1.1,1.1,0.09,-1.1,-1.1,Match Report,2024,Burnley
1105,7,2023-09-30,15:00,Premier League,Matchweek 7,Sat,Away,L,0.0,2.0,Newcastle Utd,0,8.0,2.0,25.0,0.0,0.0,16.3,0.0,0,0,0.6,0.6,0.08,-0.6,-0.6,Match Report,2024,Burnley
1106,8,2023-10-03,19:30,Premier League,Matchweek 2,Tue,Away,W,2.0,1.0,Luton Town,2,14.0,4.0,28.6,0.14,0.5,20.2,0.0,0,0,1.1,1.1,0.08,0.9,0.9,Match Report,2024,Burnley
1107,9,2023-10-07,15:00,Premier League,Matchweek 8,Sat,Home,L,1.0,4.0,Chelsea,1,10.0,3.0,30.0,0.1,0.33,18.2,1.0,0,0,0.7,0.7,0.08,0.3,0.3,Match Report,2024,Burnley
1108,10,2023-10-21,15:00,Premier League,Matchweek 9,Sat,Away,L,0.0,3.0,Brentford,0,6.0,1.0,16.7,0.0,0.0,20.2,0.0,0,0,1.1,1.1,0.19,-1.1,-1.1,Match Report,2024,Burnley
1109,11,2023-10-28,15:00,Premier League,Matchweek 10,Sat,Away,L,1.0,2.0,Bournemouth,1,6.0,3.0,50.0,0.17,0.33,18.0,0.0,0,0,0.8,0.8,0.14,0.2,0.2,Match Report,2024,Burnley
1111,13,2023-11-04,15:00,Premier League,Matchweek 11,Sat,Home,L,0.0,2.0,Crystal Palace,0,17.0,5.0,29.4,0.0,0.0,13.3,0.0,0,0,1.1,1.1,0.07,-1.1,-1.1,Match Report,2024,Burnley
1112,14,2023-11-11,15:00,Premier League,Matchweek 12,Sat,Away,L,1.0,3.0,Arsenal,1,8.0,5.0,62.5,0.13,0.2,19.3,0.0,0,0,0.3,0.3,0.04,0.7,0.7,Match Report,2024,Burnley
1113,15,2023-11-25,15:00,Premier League,Matchweek 13,Sat,Home,L,1.0,2.0,West Ham,1,10.0,4.0,40.0,0.0,0.0,17.2,0.0,1,1,1.3,0.5,0.05,-0.3,-0.5,Match Report,2024,Burnley
1114,16,2023-12-02,15:00,Premier League,Matchweek 14,Sat,Home,W,5.0,0.0,Sheffield Utd,5,19.0,7.0,36.8,0.26,0.71,15.9,0.0,0,0,1.8,1.8,0.1,3.2,3.2,Match Report,2024,Burnley
1115,17,2023-12-05,19:30,Premier League,Matchweek 15,Tue,Away,L,0.0,1.0,Wolves,0,12.0,3.0,25.0,0.0,0.0,21.9,2.0,0,0,0.9,0.9,0.07,-0.9,-0.9,Match Report,2024,Burnley
1116,18,2023-12-09,15:00,Premier League,Matchweek 16,Sat,Away,D,1.0,1.0,Brighton,1,6.0,3.0,50.0,0.17,0.33,12.9,0.0,0,0,0.6,0.6,0.1,0.4,0.4,Match Report,2024,Burnley
1117,19,2023-12-16,17:30,Premier League,Matchweek 17,Sat,Home,L,0.0,2.0,Everton,0,14.0,2.0,14.3,0.0,0.0,18.8,1.0,0,0,0.7,0.7,0.05,-0.7,-0.7,Match Report,2024,Burnley
1118,20,2023-12-23,15:00,Premier League,Matchweek 18,Sat,Away,W,2.0,0.0,Fulham,2,7.0,2.0,28.6,0.29,1.0,19.5,0.0,0,0,0.4,0.4,0.05,1.6,1.6,Match Report,2024,Burnley
1119,21,2023-12-26,17:30,Premier League,Matchweek 19,Tue,Home,L,0.0,2.0,Liverpool,0,9.0,0.0,0.0,0.0,,16.7,0.0,0,0,0.8,0.8,0.09,-0.8,-0.8,Match Report,2024,Burnley
1120,22,2023-12-30,15:00,Premier League,Matchweek 20,Sat,Away,L,2.0,3.0,Aston Villa,2,9.0,5.0,55.6,0.22,0.4,15.4,0.0,0,0,1.2,1.2,0.13,0.8,0.8,Match Report,2024,Burnley
1122,24,2024-01-12,19:45,Premier League,Matchweek 21,Fri,Home,D,1.0,1.0,Luton Town,1,13.0,7.0,53.8,0.08,0.14,18.8,1.0,0,0,1.1,1.1,0.08,-0.1,-0.1,Match Report,2024,Burnley
1123,25,2024-01-31,19:30,Premier League,Matchweek 22,Wed,Away,L,1.0,3.0,Manchester City,1,8.0,3.0,37.5,0.13,0.33,14.7,0.0,0,0,1.4,1.4,0.18,-0.4,-0.4,Match Report,2024,Burnley
1124,26,2024-02-03,15:00,Premier League,Matchweek 23,Sat,Home,D,2.0,2.0,Fulham,2,12.0,4.0,33.3,0.17,0.5,15.4,0.0,0,0,1.8,1.8,0.15,0.2,0.2,Match Report,2024,Burnley
1125,27,2024-02-10,15:00,Premier League,Matchweek 24,Sat,Away,L,1.0,3.0,Liverpool,1,9.0,4.0,44.4,0.11,0.25,17.6,0.0,0,0,1.3,1.3,0.16,-0.3,-0.3,Match Report,2024,Burnley
1126,28,2024-02-17,15:00,Premier League,Matchweek 25,Sat,Home,L,0.0,5.0,Arsenal,0,8.0,0.0,0.0,0.0,,18.6,0.0,0,0,0.3,0.3,0.04,-0.3,-0.3,Match Report,2024,Burnley
1127,29,2024-02-24,15:00,Premier League,Matchweek 26,Sat,Away,L,0.0,3.0,Crystal Palace,0,2.0,0.0,0.0,0.0,,12.0,0.0,0,0,0.1,0.1,0.04,-0.1,-0.1,Match Report,2024,Burnley
1128,30,2024-03-03,13:00,Premier League,Matchweek 27,Sun,Home,L,0.0,2.0,Bournemouth,0,20.0,5.0,25.0,0.0,0.0,18.9,1.0,0,0,1.5,1.5,0.08,-1.5,-1.5,Match Report,2024,Burnley
1129,31,2024-03-10,14:00,Premier League,Matchweek 28,Sun,Away,D,2.0,2.0,West Ham,1,11.0,4.0,36.4,0.09,0.25,24.8,1.0,0,0,0.7,0.7,0.06,0.3,0.3,Match Report,2024,Burnley
1130,32,2024-03-16,15:00,Premier League,Matchweek 29,Sat,Home,W,2.0,1.0,Brentford,2,16.0,5.0,31.3,0.06,0.2,19.2,0.0,1,1,2.8,2.0,0.12,-0.8,-1.0,Match Report,2024,Burnley
1131,33,2024-03-30,15:00,Premier League,Matchweek 30,Sat,Away,D,2.0,2.0,Chelsea,2,18.0,6.0,33.3,0.11,0.33,14.4,2.0,0,0,1.6,1.6,0.1,0.4,0.4,Match Report,2024,Burnley
1132,34,2024-04-02,19:45,Premier League,Matchweek 31,Tue,Home,D,1.0,1.0,Wolves,1,13.0,6.0,46.2,0.08,0.17,18.4,0.0,0,0,1.3,1.3,0.1,-0.3,-0.3,Match Report,2024,Burnley
1133,35,2024-04-06,15:00,Premier League,Matchweek 32,Sat,Away,L,0.0,1.0,Everton,0,6.0,1.0,16.7,0.0,0.0,16.5,1.0,0,0,0.5,0.5,0.08,-0.5,-0.5,Match Report,2024,Burnley
1134,36,2024-04-13,15:00,Premier League,Matchweek 33,Sat,Home,D,1.0,1.0,Brighton,1,11.0,3.0,27.3,0.09,0.33,17.1,0.0,0,0,1.7,1.7,0.16,-0.7,-0.7,Match Report,2024,Burnley
1135,37,2024-04-20,15:00,Premier League,Matchweek 34,Sat,Away,W,4.0,1.0,Sheffield Utd,4,16.0,9.0,56.3,0.25,0.44,16.0,0.0,0,0,2.2,2.2,0.14,1.8,1.8,Match Report,2024,Burnley
1136,38,2024-04-27,15:00,Premier League,Matchweek 35,Sat,Away,D,1.0,1.0,Manchester Utd,1,15.0,6.0,40.0,0.0,0.0,19.3,1.0,1,1,2.1,1.3,0.08,-1.1,-1.3,Match Report,2024,Burnley
1137,39,2024-05-04,15:00,Premier League,Matchweek 36,Sat,Home,L,1.0,4.0,Newcastle Utd,1,17.0,5.0,29.4,0.06,0.2,18.2,0.0,0,0,1.0,1.0,0.06,0.0,0.0,Match Report,2024,Burnley
1138,40,2024-05-11,15:00,Premier League,Matchweek 37,Sat,Away,L,1.0,2.0,Tottenham,1,7.0,3.0,42.9,0.14,0.33,11.8,0.0,0,0,0.7,0.7,0.1,0.3,0.3,Match Report,2024,Burnley
1139,41,2024-05-19,16:00,Premier League,Matchweek 38,Sun,Home,L,1.0,2.0,Nott'ham Forest,1,20.0,3.0,15.0,0.05,0.33,22.4,1.0,0,0,1.2,1.2,0.06,-0.2,-0.2,Match Report,2024,Burnley
1141,0,2023-08-12,15:00,Premier League,Matchweek 1,Sat,Home,L,0,1,Crystal Palace,0,8.0,1.0,12.5,0.0,0.0,19.4,0.0,0,0,0.5,0.5,0.06,-0.5,-0.5,Match Report,2024,Sheffield United
1142,1,2023-08-18,19:45,Premier League,Matchweek 2,Fri,Away,L,1,2,Nott'ham Forest,1,7.0,3.0,42.9,0.14,0.33,18.8,0.0,0,0,0.5,0.5,0.07,0.5,0.5,Match Report,2024,Sheffield United
1143,2,2023-08-27,14:00,Premier League,Matchweek 3,Sun,Home,L,1,2,Manchester City,1,6.0,1.0,16.7,0.17,1.0,16.1,0.0,0,0,0.7,0.7,0.11,0.3,0.3,Match Report,2024,Sheffield United
1145,4,2023-09-02,12:30,Premier League,Matchweek 4,Sat,Home,D,2,2,Everton,1,13.0,7.0,53.8,0.08,0.14,14.1,0.0,0,0,1.2,1.2,0.1,-0.2,-0.2,Match Report,2024,Sheffield United
1146,5,2023-09-16,15:00,Premier League,Matchweek 5,Sat,Away,L,1,2,Tottenham,1,7.0,5.0,71.4,0.14,0.2,17.6,0.0,0,0,0.7,0.7,0.09,0.3,0.3,Match Report,2024,Sheffield United
1147,6,2023-09-24,16:30,Premier League,Matchweek 6,Sun,Home,L,0,8,Newcastle Utd,0,9.0,1.0,11.1,0.0,0.0,13.7,0.0,0,0,0.9,0.9,0.1,-0.9,-0.9,Match Report,2024,Sheffield United
1148,7,2023-09-30,15:00,Premier League,Matchweek 7,Sat,Away,L,0,2,West Ham,0,16.0,2.0,12.5,0.0,0.0,15.7,0.0,0,0,1.1,1.1,0.07,-1.1,-1.1,Match Report,2024,Sheffield United
1149,8,2023-10-07,15:00,Premier League,Matchweek 8,Sat,Away,L,1,3,Fulham,0,5.0,2.0,40.0,0.0,0.0,16.6,0.0,0,0,0.6,0.6,0.11,-0.6,-0.6,Match Report,2024,Sheffield United
1150,9,2023-10-21,20:00,Premier League,Matchweek 9,Sat,Home,L,1,2,Manchester Utd,1,11.0,5.0,45.5,0.0,0.0,25.8,0.0,1,1,1.4,0.6,0.06,-0.4,-0.6,Match Report,2024,Sheffield United
1151,10,2023-10-28,15:00,Premier League,Matchweek 10,Sat,Away,L,0,5,Arsenal,0,2.0,0.0,0.0,0.0,,39.9,0.0,0,0,0.0,0.0,0.02,0.0,0.0,Match Report,2024,Sheffield United
1152,11,2023-11-04,15:00,Premier League,Matchweek 11,Sat,Home,W,2,1,Wolves,2,10.0,1.0,10.0,0.1,1.0,27.6,1.0,1,1,1.0,0.3,0.03,1.0,0.7,Match Report,2024,Sheffield United
1153,12,2023-11-12,14:00,Premier League,Matchweek 12,Sun,Away,D,1,1,Brighton,0,9.0,1.0,11.1,0.0,0.0,19.3,0.0,0,0,1.1,1.1,0.12,-1.1,-1.1,Match Report,2024,Sheffield United
1154,13,2023-11-25,15:00,Premier League,Matchweek 13,Sat,Home,L,1,3,Bournemouth,1,10.0,2.0,20.0,0.1,0.5,14.9,0.0,0,0,0.8,0.8,0.08,0.2,0.2,Match Report,2024,Sheffield United
1155,14,2023-12-02,15:00,Premier League,Matchweek 14,Sat,Away,L,0,5,Burnley,0,6.0,3.0,50.0,0.0,0.0,18.9,0.0,0,0,0.4,0.4,0.07,-0.4,-0.4,Match Report,2024,Sheffield United
1156,15,2023-12-06,19:30,Premier League,Matchweek 15,Wed,Home,L,0,2,Liverpool,0,6.0,1.0,16.7,0.0,0.0,14.6,1.0,0,0,1.0,1.0,0.16,-1.0,-1.0,Match Report,2024,Sheffield United
1157,16,2023-12-09,15:00,Premier League,Matchweek 16,Sat,Home,W,1,0,Brentford,1,9.0,4.0,44.4,0.11,0.25,21.7,0.0,0,0,0.8,0.8,0.09,0.2,0.2,Match Report,2024,Sheffield United
1158,17,2023-12-16,15:00,Premier League,Matchweek 17,Sat,Away,L,0,2,Chelsea,0,6.0,1.0,16.7,0.0,0.0,19.7,1.0,0,0,0.4,0.4,0.06,-0.4,-0.4,Match Report,2024,Sheffield United
1159,18,2023-12-22,20:00,Premier League,Matchweek 18,Fri,Away,D,1,1,Aston Villa,1,5.0,2.0,40.0,0.2,0.5,19.7,0.0,0,0,0.6,0.6,0.12,0.4,0.4,Match Report,2024,Sheffield United
1160,19,2023-12-26,15:00,Premier League,Matchweek 19,Tue,Home,L,2,3,Luton Town,2,21.0,4.0,19.0,0.1,0.5,16.3,1.0,0,0,2.4,2.4,0.14,-0.4,-0.4,Match Report,2024,Sheffield United
1161,20,2023-12-30,15:00,Premier League,Matchweek 20,Sat,Away,L,0,2,Manchester City,0,4.0,2.0,50.0,0.0,0.0,14.9,0.0,0,0,0.3,0.3,0.08,-0.3,-0.3,Match Report,2024,Sheffield United
1163,22,2024-01-21,14:00,Premier League,Matchweek 21,Sun,Home,D,2,2,West Ham,2,20.0,5.0,25.0,0.05,0.2,18.5,1.0,1,1,2.5,1.7,0.09,-0.5,-0.7,Match Report,2024,Sheffield United
1165,24,2024-01-30,20:00,Premier League,Matchweek 22,Tue,Away,L,2,3,Crystal Palace,2,9.0,5.0,55.6,0.22,0.4,16.5,0.0,0,0,0.8,0.8,0.08,1.2,1.2,Match Report,2024,Sheffield United
1166,25,2024-02-03,17:30,Premier League,Matchweek 23,Sat,Home,L,0,5,Aston Villa,0,10.0,4.0,40.0,0.0,0.0,10.0,0.0,0,0,1.4,1.4,0.17,-1.4,-1.4,Match Report,2024,Sheffield United
1167,26,2024-02-10,15:00,Premier League,Matchweek 24,Sat,Away,W,3,1,Luton Town,3,6.0,2.0,33.3,0.33,1.0,22.4,0.0,1,1,1.7,1.0,0.17,1.3,1.0,Match Report,2024,Sheffield United
1168,27,2024-02-18,14:00,Premier League,Matchweek 25,Sun,Home,L,0,5,Brighton,0,6.0,1.0,16.7,0.0,0.0,18.7,0.0,0,0,0.6,0.6,0.1,-0.6,-0.6,Match Report,2024,Sheffield United
1169,28,2024-02-25,13:30,Premier League,Matchweek 26,Sun,Away,L,0,1,Wolves,0,12.0,4.0,33.3,0.0,0.0,16.3,0.0,0,0,0.6,0.6,0.05,-0.6,-0.6,Match Report,2024,Sheffield United
1170,29,2024-03-04,20:00,Premier League,Matchweek 27,Mon,Home,L,0,6,Arsenal,0,4.0,0.0,0.0,0.0,,21.8,0.0,0,0,0.2,0.2,0.06,-0.2,-0.2,Match Report,2024,Sheffield United
1171,30,2024-03-09,15:00,Premier League,Matchweek 28,Sat,Away,D,2,2,Bournemouth,2,13.0,9.0,69.2,0.15,0.22,14.3,0.0,0,0,1.2,1.2,0.1,0.8,0.8,Match Report,2024,Sheffield United
1172,31,2024-03-30,15:00,Premier League,Matchweek 30,Sat,Home,D,3,3,Fulham,3,8.0,4.0,50.0,0.38,0.75,15.7,0.0,0,0,1.9,1.9,0.24,1.1,1.1,Match Report,2024,Sheffield United
1173,32,2024-04-04,19:30,Premier League,Matchweek 31,Thu,Away,L,1,3,Liverpool,0,5.0,3.0,60.0,0.0,0.0,13.6,1.0,0,0,0.6,0.6,0.12,-0.6,-0.6,Match Report,2024,Sheffield United
1174,33,2024-04-07,17:30,Premier League,Matchweek 32,Sun,Home,D,2,2,Chelsea,2,11.0,5.0,45.5,0.18,0.4,15.2,0.0,0,0,1.4,1.4,0.13,0.6,0.6,Match Report,2024,Sheffield United
1175,34,2024-04-13,15:00,Premier League,Matchweek 33,Sat,Away,L,0,2,Brentford,0,8.0,2.0,25.0,0.0,0.0,15.1,0.0,0,0,0.8,0.8,0.1,-0.8,-0.8,Match Report,2024,Sheffield United
1176,35,2024-04-20,15:00,Premier League,Matchweek 34,Sat,Home,L,1,4,Burnley,1,18.0,11.0,61.1,0.06,0.09,14.9,0.0,0,0,2.4,2.4,0.14,-1.4,-1.4,Match Report,2024,Sheffield United
1177,36,2024-04-24,20:00,Premier League,Matchweek 29,Wed,Away,L,2,4,Manchester Utd,2,10.0,4.0,40.0,0.2,0.5,17.8,1.0,0,0,0.8,0.8,0.08,1.2,1.2,Match Report,2024,Sheffield United
1178,37,2024-04-27,15:00,Premier League,Matchweek 35,Sat,Away,L,1,5,Newcastle Utd,1,15.0,4.0,26.7,0.07,0.25,13.5,0.0,0,0,1.5,1.5,0.1,-0.5,-0.5,Match Report,2024,Sheffield United
1179,38,2024-05-04,15:00,Premier League,Matchweek 36,Sat,Home,L,1,3,Nott'ham Forest,1,16.0,4.0,25.0,0.0,0.0,18.1,0.0,1,1,2.2,1.4,0.1,-1.2,-1.4,Match Report,2024,Sheffield United
1180,39,2024-05-11,15:00,Premier League,Matchweek 37,Sat,Away,L,0,1,Everton,0,13.0,1.0,7.7,0.0,0.0,21.0,0.0,0,0,0.6,0.6,0.05,-0.6,-0.6,Match Report,2024,Sheffield United
1181,40,2024-05-19,16:00,Premier League,Matchweek 38,Sun,Home,L,0,3,Tottenham,0,6.0,1.0,16.7,0.0,0.0,18.0,1.0,0,0,1.0,1.0,0.16,-1.0,-1.0,Match Report,2024,Sheffield United
1184,1,2022-08-07,16:30,Premier League,Matchweek 1,Sun,Away,W,2.0,0.0,West Ham,2,13.0,1.0,7.7,0.08,1.0,18.7,1.0,1,1,2.2,1.4,0.11,-0.2,-0.4,Match Report,2023,Manchester City
1185,2,2022-08-13,15:00,Premier League,Matchweek 2,Sat,Home,W,4.0,0.0,Bournemouth,3,19.0,7.0,36.8,0.16,0.43,17.5,0.0,0,0,1.7,1.7,0.09,1.3,1.3,Match Report,2023,Manchester City
1186,3,2022-08-21,16:30,Premier League,Matchweek 3,Sun,Away,D,3.0,3.0,Newcastle Utd,3,21.0,10.0,47.6,0.14,0.3,16.2,1.0,0,0,2.1,2.1,0.1,0.9,0.9,Match Report,2023,Manchester City
1187,4,2022-08-27,15:00,Premier League,Matchweek 4,Sat,Home,W,4.0,2.0,Crystal Palace,4,18.0,5.0,27.8,0.22,0.8,14.1,0.0,0,0,2.2,2.2,0.13,1.8,1.8,Match Report,2023,Manchester City
1188,5,2022-08-31,19:30,Premier League,Matchweek 5,Wed,Home,W,6.0,0.0,Nott'ham Forest,6,17.0,9.0,52.9,0.35,0.67,14.8,0.0,0,0,3.3,3.3,0.2,2.7,2.7,Match Report,2023,Manchester City
1189,6,2022-09-03,17:30,Premier League,Matchweek 6,Sat,Away,D,1.0,1.0,Aston Villa,1,13.0,4.0,30.8,0.08,0.25,16.8,1.0,0,0,2.1,2.1,0.16,-1.1,-1.1,Match Report,2023,Manchester City
1192,9,2022-09-17,12:30,Premier League,Matchweek 8,Sat,Away,W,3.0,0.0,Wolves,3,16.0,7.0,43.8,0.19,0.43,19.4,0.0,0,0,1.1,1.1,0.07,1.9,1.9,Match Report,2023,Manchester City
1193,10,2022-10-02,14:00,Premier League,Matchweek 9,Sun,Home,W,6.0,3.0,Manchester Utd,6,22.0,9.0,40.9,0.27,0.67,14.2,1.0,0,0,3.2,3.2,0.15,2.8,2.8,Match Report,2023,Manchester City
1195,12,2022-10-08,15:00,Premier League,Matchweek 10,Sat,Home,W,4.0,0.0,Southampton,4,21.0,8.0,38.1,0.19,0.5,13.9,0.0,0,0,2.4,2.4,0.12,1.6,1.6,Match Report,2023,Manchester City
1197,14,2022-10-16,16:30,Premier League,Matchweek 11,Sun,Away,L,0.0,1.0,Liverpool,0,16.0,6.0,37.5,0.0,0.0,18.4,0.0,0,0,1.0,1.0,0.06,-1.0,-1.0,Match Report,2023,Manchester City
1198,15,2022-10-22,15:00,Premier League,Matchweek 13,Sat,Home,W,3.0,1.0,Brighton,3,9.0,3.0,33.3,0.22,0.67,15.0,0.0,1,1,1.6,0.8,0.09,1.4,1.2,Match Report,2023,Manchester City
1200,17,2022-10-29,12:30,Premier League,Matchweek 14,Sat,Away,W,1.0,0.0,Leicester City,1,15.0,5.0,33.3,0.07,0.2,20.8,1.0,0,0,1.0,1.0,0.07,0.0,0.0,Match Report,2023,Manchester City
1202,19,2022-11-05,15:00,Premier League,Matchweek 15,Sat,Home,W,2.0,1.0,Fulham,2,15.0,4.0,26.7,0.07,0.25,18.1,1.0,1,1,2.1,1.3,0.09,-0.1,-0.3,Match Report,2023,Manchester City
1204,21,2022-11-12,12:30,Premier League,Matchweek 16,Sat,Home,L,1.0,2.0,Brentford,1,29.0,6.0,20.7,0.03,0.17,20.9,0.0,0,0,1.6,1.6,0.06,-0.6,-0.6,Match Report,2023,Manchester City
1206,23,2022-12-28,20:00,Premier League,Matchweek 17,Wed,Away,W,3.0,1.0,Leeds United,3,26.0,9.0,34.6,0.12,0.33,16.0,0.0,0,0,4.3,4.3,0.17,-1.3,-1.3,Match Report,2023,Manchester City
1207,24,2022-12-31,15:00,Premier League,Matchweek 18,Sat,Home,D,1.0,1.0,Everton,1,16.0,3.0,18.8,0.06,0.33,15.4,0.0,0,0,1.7,1.7,0.11,-0.7,-0.7,Match Report,2023,Manchester City
1208,25,2023-01-05,20:00,Premier League,Matchweek 19,Thu,Away,W,1.0,0.0,Chelsea,1,12.0,3.0,25.0,0.08,0.33,16.0,0.0,0,0,2.0,2.0,0.17,-1.0,-1.0,Match Report,2023,Manchester City
1211,28,2023-01-14,12:30,Premier League,Matchweek 20,Sat,Away,L,1.0,2.0,Manchester Utd,1,5.0,1.0,20.0,0.2,1.0,19.2,0.0,0,0,0.6,0.6,0.13,0.4,0.4,Match Report,2023,Manchester City
1212,29,2023-01-19,20:00,Premier League,Matchweek 7,Thu,Home,W,4.0,2.0,Tottenham,4,16.0,6.0,37.5,0.25,0.67,16.3,1.0,0,0,2.3,2.3,0.15,1.7,1.7,Match Report,2023,Manchester City
1213,30,2023-01-22,14:00,Premier League,Matchweek 21,Sun,Home,W,3.0,0.0,Wolves,3,12.0,5.0,41.7,0.17,0.4,14.8,0.0,1,1,2.8,2.0,0.17,0.2,0.0,Match Report,2023,Manchester City
1215,32,2023-02-05,16:30,Premier League,Matchweek 22,Sun,Away,L,0.0,1.0,Tottenham,0,15.0,5.0,33.3,0.0,0.0,17.7,1.0,0,0,1.3,1.3,0.09,-1.3,-1.3,Match Report,2023,Manchester City
1216,33,2023-02-12,16:30,Premier League,Matchweek 23,Sun,Home,W,3.0,1.0,Aston Villa,3,16.0,7.0,43.8,0.13,0.29,15.4,1.0,1,1,3.3,2.6,0.16,-0.3,-0.6,Match Report,2023,Manchester City
1217,34,2023-02-15,19:30,Premier League,Matchweek 12,Wed,Away,W,3.0,1.0,Arsenal,3,9.0,5.0,55.6,0.33,0.6,12.1,0.0,0,0,1.8,1.8,0.21,1.2,1.2,Match Report,2023,Manchester City
1218,35,2023-02-18,15:00,Premier League,Matchweek 24,Sat,Away,D,1.0,1.0,Nott'ham Forest,1,23.0,6.0,26.1,0.04,0.17,18.0,2.0,0,0,2.4,2.4,0.12,-1.4,-1.4,Match Report,2023,Manchester City
1220,37,2023-02-25,17:30,Premier League,Matchweek 25,Sat,Away,W,4.0,1.0,Bournemouth,3,20.0,5.0,25.0,0.15,0.6,15.3,1.0,0,0,2.4,2.4,0.13,0.6,0.6,Match Report,2023,Manchester City
1222,39,2023-03-04,12:30,Premier League,Matchweek 26,Sat,Home,W,2.0,0.0,Newcastle Utd,2,11.0,3.0,27.3,0.18,0.67,15.8,2.0,0,0,1.3,1.3,0.12,0.7,0.7,Match Report,2023,Manchester City
1223,40,2023-03-11,17:30,Premier League,Matchweek 27,Sat,Away,W,1.0,0.0,Crystal Palace,1,13.0,3.0,23.1,0.0,0.0,19.0,1.0,1,1,2.1,1.3,0.1,-1.1,-1.3,Match Report,2023,Manchester City
1226,43,2023-04-01,12:30,Premier League,Matchweek 29,Sat,Home,W,4.0,1.0,Liverpool,4,17.0,8.0,47.1,0.24,0.5,14.5,1.0,0,0,2.9,2.9,0.17,1.1,1.1,Match Report,2023,Manchester City
1227,44,2023-04-08,17:30,Premier League,Matchweek 30,Sat,Away,W,4.0,1.0,Southampton,4,12.0,7.0,58.3,0.25,0.43,13.2,0.0,1,1,2.9,2.1,0.18,1.1,0.9,Match Report,2023,Manchester City
1229,46,2023-04-15,17:30,Premier League,Matchweek 31,Sat,Home,W,3.0,1.0,Leicester City,3,11.0,3.0,27.3,0.18,0.67,17.8,0.0,1,1,1.6,1.2,0.12,1.4,0.8,Match Report,2023,Manchester City
1232,49,2023-04-26,20:00,Premier League,Matchweek 33,Wed,Home,W,4.0,1.0,Arsenal,4,14.0,9.0,64.3,0.29,0.44,15.9,0.0,0,0,2.5,2.5,0.18,1.5,1.5,Match Report,2023,Manchester City
1233,50,2023-04-30,14:00,Premier League,Matchweek 34,Sun,Away,W,2.0,1.0,Fulham,2,11.0,8.0,72.7,0.09,0.13,14.1,0.0,1,1,2.5,1.7,0.16,-0.5,-0.7,Match Report,2023,Manchester City
1234,51,2023-05-03,20:00,Premier League,Matchweek 28,Wed,Home,W,3.0,0.0,West Ham,3,16.0,7.0,43.8,0.19,0.43,16.3,0.0,0,0,2.3,2.3,0.14,0.7,0.7,Match Report,2023,Manchester City
1235,52,2023-05-06,15:00,Premier League,Matchweek 35,Sat,Home,W,2.0,1.0,Leeds United,2,17.0,6.0,35.3,0.12,0.33,18.7,2.0,0,1,2.6,1.8,0.1,-0.6,0.2,Match Report,2023,Manchester City
1237,54,2023-05-14,14:00,Premier League,Matchweek 36,Sun,Away,W,3.0,0.0,Everton,3,9.0,4.0,44.4,0.33,0.75,19.3,2.0,0,0,0.8,0.8,0.08,2.2,2.2,Match Report,2023,Manchester City
1239,56,2023-05-21,16:00,Premier League,Matchweek 37,Sun,Home,W,1.0,0.0,Chelsea,1,15.0,2.0,13.3,0.07,0.5,18.8,0.0,0,0,1.2,1.2,0.08,-0.2,-0.2,Match Report,2023,Manchester City
1240,57,2023-05-24,20:00,Premier League,Matchweek 32,Wed,Away,D,1.0,1.0,Brighton,1,13.0,4.0,30.8,0.08,0.25,13.9,0.0,0,0,1.8,1.8,0.14,-0.8,-0.8,Match Report,2023,Manchester City
1241,58,2023-05-28,16:30,Premier League,Matchweek 38,Sun,Away,L,0.0,1.0,Brentford,0,17.0,2.0,11.8,0.0,0.0,16.8,0.0,0,0,1.6,1.6,0.11,-1.6,-1.6,Match Report,2023,Manchester City
1245,0,2022-08-05,20:00,Premier League,Matchweek 1,Fri,Away,W,2,0,Crystal Palace,1,10.0,2.0,20.0,0.1,0.5,14.6,1.0,0,0,1.0,1.0,0.1,0.0,0.0,Match Report,2023,Arsenal
1246,1,2022-08-13,15:00,Premier League,Matchweek 2,Sat,Home,W,4,2,Leicester City,4,19.0,7.0,36.8,0.21,0.57,13.0,0.0,0,0,2.7,2.7,0.16,1.3,1.3,Match Report,2023,Arsenal
1247,2,2022-08-20,17:30,Premier League,Matchweek 3,Sat,Away,W,3,0,Bournemouth,3,14.0,6.0,42.9,0.21,0.5,14.8,0.0,0,0,1.3,1.3,0.1,1.7,1.7,Match Report,2023,Arsenal
1248,3,2022-08-27,17:30,Premier League,Matchweek 4,Sat,Home,W,2,1,Fulham,2,22.0,8.0,36.4,0.09,0.25,15.5,1.0,0,0,2.6,2.6,0.12,-0.6,-0.6,Match Report,2023,Arsenal
1249,4,2022-08-31,19:30,Premier League,Matchweek 5,Wed,Home,W,2,1,Aston Villa,2,22.0,8.0,36.4,0.09,0.25,16.3,1.0,0,0,2.4,2.4,0.12,-0.4,-0.4,Match Report,2023,Arsenal
1250,5,2022-09-04,16:30,Premier League,Matchweek 6,Sun,Away,L,1,3,Manchester Utd,1,16.0,3.0,18.8,0.06,0.33,18.6,1.0,0,0,1.3,1.3,0.08,-0.3,-0.3,Match Report,2023,Arsenal
1252,7,2022-09-18,12:00,Premier League,Matchweek 8,Sun,Away,W,3,0,Brentford,3,13.0,7.0,53.8,0.23,0.43,18.2,0.0,0,0,1.5,1.5,0.12,1.5,1.5,Match Report,2023,Arsenal
1253,8,2022-10-01,12:30,Premier League,Matchweek 9,Sat,Home,W,3,1,Tottenham,3,22.0,9.0,40.9,0.14,0.33,18.6,1.0,0,0,2.4,2.4,0.11,0.6,0.6,Match Report,2023,Arsenal
1255,10,2022-10-09,16:30,Premier League,Matchweek 10,Sun,Home,W,3,2,Liverpool,3,10.0,6.0,60.0,0.2,0.33,14.3,0.0,1,1,2.7,2.3,0.24,0.3,-0.3,Match Report,2023,Arsenal
1257,12,2022-10-16,14:00,Premier League,Matchweek 11,Sun,Away,W,1,0,Leeds United,1,9.0,4.0,44.4,0.11,0.25,16.6,1.0,0,0,0.5,0.5,0.06,0.5,0.5,Match Report,2023,Arsenal
1259,14,2022-10-23,14:00,Premier League,Matchweek 13,Sun,Away,D,1,1,Southampton,1,12.0,3.0,25.0,0.08,0.33,17.2,0.0,0,0,1.0,1.0,0.08,0.0,0.0,Match Report,2023,Arsenal
1261,16,2022-10-30,14:00,Premier League,Matchweek 14,Sun,Home,W,5,0,Nott'ham Forest,5,24.0,9.0,37.5,0.21,0.56,16.0,1.0,0,0,2.3,2.3,0.1,2.7,2.7,Match Report,2023,Arsenal
1263,18,2022-11-06,12:00,Premier League,Matchweek 15,Sun,Away,W,1,0,Chelsea,1,14.0,2.0,14.3,0.07,0.5,14.5,0.0,0,0,2.1,2.1,0.16,-1.1,-1.1,Match Report,2023,Arsenal
1265,20,2022-11-12,19:45,Premier League,Matchweek 16,Sat,Away,W,2,0,Wolves,2,14.0,3.0,21.4,0.14,0.67,13.7,0.0,0,0,2.1,2.1,0.15,-0.1,-0.1,Match Report,2023,Arsenal
1266,21,2022-12-26,20:00,Premier League,Matchweek 17,Mon,Home,W,3,1,West Ham,3,16.0,5.0,31.3,0.19,0.6,18.2,1.0,0,0,2.1,2.1,0.14,0.9,0.9,Match Report,2023,Arsenal
1267,22,2022-12-31,17:30,Premier League,Matchweek 18,Sat,Away,W,4,2,Brighton,4,14.0,7.0,50.0,0.29,0.57,11.2,0.0,0,0,2.9,2.9,0.22,1.1,1.1,Match Report,2023,Arsenal
1268,23,2023-01-03,19:45,Premier League,Matchweek 19,Tue,Home,D,0,0,Newcastle Utd,0,17.0,4.0,23.5,0.0,0.0,17.0,0.0,0,0,1.1,1.1,0.07,-1.1,-1.1,Match Report,2023,Arsenal
1270,25,2023-01-15,16:30,Premier League,Matchweek 20,Sun,Away,W,2,0,Tottenham,1,14.0,5.0,35.7,0.07,0.2,17.9,2.0,0,0,1.8,1.8,0.13,-0.8,-0.8,Match Report,2023,Arsenal
1271,26,2023-01-22,16:30,Premier League,Matchweek 21,Sun,Home,W,3,2,Manchester Utd,3,25.0,5.0,20.0,0.12,0.6,14.2,0.0,0,0,3.1,3.1,0.13,-0.1,-0.1,Match Report,2023,Arsenal
1273,28,2023-02-04,12:30,Premier League,Matchweek 22,Sat,Away,L,0,1,Everton,0,15.0,2.0,13.3,0.0,0.0,17.6,0.0,0,0,0.9,0.9,0.06,-0.9,-0.9,Match Report,2023,Arsenal
1274,29,2023-02-11,15:00,Premier League,Matchweek 23,Sat,Home,D,1,1,Brentford,1,23.0,7.0,30.4,0.04,0.14,19.6,0.0,0,0,1.6,1.6,0.07,-0.6,-0.6,Match Report,2023,Arsenal
1275,30,2023-02-15,19:30,Premier League,Matchweek 12,Wed,Home,L,1,3,Manchester City,1,9.0,0.0,0.0,0.0,,19.2,0.0,1,1,1.6,0.9,0.09,-0.6,-0.9,Match Report,2023,Arsenal
1276,31,2023-02-18,12:30,Premier League,Matchweek 24,Sat,Away,W,4,2,Aston Villa,3,20.0,5.0,25.0,0.15,0.6,15.7,0.0,0,0,3.2,3.2,0.16,-0.2,-0.2,Match Report,2023,Arsenal
1277,32,2023-02-25,15:00,Premier League,Matchweek 25,Sat,Away,W,1,0,Leicester City,1,10.0,2.0,20.0,0.1,0.5,19.4,1.0,0,0,0.7,0.7,0.07,0.3,0.3,Match Report,2023,Arsenal
1278,33,2023-03-01,19:45,Premier League,Matchweek 7,Wed,Home,W,4,0,Everton,4,15.0,5.0,33.3,0.27,0.8,12.9,0.0,0,0,2.4,2.4,0.16,1.6,1.6,Match Report,2023,Arsenal
1279,34,2023-03-04,15:00,Premier League,Matchweek 26,Sat,Home,W,3,2,Bournemouth,3,31.0,9.0,29.0,0.1,0.33,18.1,2.0,0,0,2.1,2.1,0.07,0.9,0.9,Match Report,2023,Arsenal
1281,36,2023-03-12,14:00,Premier League,Matchweek 27,Sun,Away,W,3,0,Fulham,3,15.0,7.0,46.7,0.2,0.43,15.2,1.0,0,0,2.3,2.3,0.16,0.7,0.7,Match Report,2023,Arsenal
1283,38,2023-03-19,14:00,Premier League,Matchweek 28,Sun,Home,W,4,1,Crystal Palace,4,15.0,5.0,33.3,0.27,0.8,16.4,0.0,0,0,1.6,1.6,0.1,2.4,2.4,Match Report,2023,Arsenal
1284,39,2023-04-01,15:00,Premier League,Matchweek 29,Sat,Home,W,4,1,Leeds United,4,12.0,4.0,33.3,0.25,0.75,13.9,0.0,1,1,3.8,3.0,0.25,0.2,0.0,Match Report,2023,Arsenal
1285,40,2023-04-09,16:30,Premier League,Matchweek 30,Sun,Away,D,2,2,Liverpool,2,9.0,5.0,55.6,0.22,0.4,15.7,0.0,0,0,1.4,1.4,0.16,0.6,0.6,Match Report,2023,Arsenal
1286,41,2023-04-16,14:00,Premier League,Matchweek 31,Sun,Away,D,2,2,West Ham,2,10.0,5.0,50.0,0.2,0.4,13.9,0.0,0,1,2.7,2.0,0.2,-0.7,0.0,Match Report,2023,Arsenal
1287,42,2023-04-21,20:00,Premier League,Matchweek 32,Fri,Home,D,3,3,Southampton,3,25.0,5.0,20.0,0.12,0.6,15.3,0.0,0,0,2.4,2.4,0.1,0.6,0.6,Match Report,2023,Arsenal
1288,43,2023-04-26,20:00,Premier League,Matchweek 33,Wed,Away,L,1,4,Manchester City,1,8.0,2.0,25.0,0.13,0.5,18.0,1.0,0,0,0.5,0.5,0.06,0.5,0.5,Match Report,2023,Arsenal
1289,44,2023-05-02,20:00,Premier League,Matchweek 34,Tue,Home,W,3,1,Chelsea,3,16.0,9.0,56.3,0.19,0.33,13.0,0.0,0,0,1.7,1.7,0.11,1.3,1.3,Match Report,2023,Arsenal
1290,45,2023-05-07,16:30,Premier League,Matchweek 35,Sun,Away,W,2,0,Newcastle Utd,1,10.0,6.0,60.0,0.1,0.17,16.6,0.0,0,0,1.3,1.3,0.13,-0.3,-0.3,Match Report,2023,Arsenal
1291,46,2023-05-14,16:30,Premier League,Matchweek 36,Sun,Home,L,0,3,Brighton,0,14.0,2.0,14.3,0.0,0.0,16.4,0.0,0,0,0.9,0.9,0.07,-0.9,-0.9,Match Report,2023,Arsenal
1292,47,2023-05-20,17:30,Premier League,Matchweek 37,Sat,Away,L,0,1,Nott'ham Forest,0,11.0,3.0,27.3,0.0,0.0,16.4,0.0,0,0,0.6,0.6,0.06,-0.6,-0.6,Match Report,2023,Arsenal
1293,48,2023-05-28,16:30,Premier League,Matchweek 38,Sun,Home,W,5,0,Wolves,5,14.0,8.0,57.1,0.36,0.63,13.7,1.0,0,0,2.8,2.8,0.2,2.2,2.2,Match Report,2023,Arsenal
1295,0,2022-08-07,14:00,Premier League,Matchweek 1,Sun,Home,L,1,2,Brighton,0,17.0,5.0,29.4,0.0,0.0,15.5,0.0,0,0,1.4,1.4,0.08,-1.4,-1.4,Match Report,2023,Manchester United
1296,1,2022-08-13,17:30,Premier League,Matchweek 2,Sat,Away,L,0,4,Brentford,0,15.0,4.0,26.7,0.0,0.0,19.6,0.0,0,0,0.9,0.9,0.06,-0.9,-0.9,Match Report,2023,Manchester United
1297,2,2022-08-22,20:00,Premier League,Matchweek 3,Mon,Home,W,2,1,Liverpool,2,13.0,5.0,38.5,0.15,0.4,19.5,2.0,0,0,1.8,1.8,0.14,0.2,0.2,Match Report,2023,Manchester United
1298,3,2022-08-27,12:30,Premier League,Matchweek 4,Sat,Away,W,1,0,Southampton,1,11.0,4.0,36.4,0.09,0.25,15.5,1.0,0,0,1.1,1.1,0.15,-0.1,-0.1,Match Report,2023,Manchester United
1299,4,2022-09-01,20:00,Premier League,Matchweek 5,Thu,Away,W,1,0,Leicester City,1,9.0,2.0,22.2,0.11,0.5,16.8,0.0,0,0,1.5,1.5,0.17,-0.5,-0.5,Match Report,2023,Manchester United
1300,5,2022-09-04,16:30,Premier League,Matchweek 6,Sun,Home,W,3,1,Arsenal,3,10.0,6.0,60.0,0.3,0.5,15.5,0.0,0,0,1.5,1.5,0.16,1.5,1.5,Match Report,2023,Manchester United
1303,8,2022-10-02,14:00,Premier League,Matchweek 9,Sun,Away,L,3,6,Manchester City,3,11.0,7.0,63.6,0.18,0.29,22.2,0.0,1,1,1.7,0.9,0.08,1.3,1.1,Match Report,2023,Manchester United
1305,10,2022-10-09,19:00,Premier League,Matchweek 10,Sun,Away,W,2,1,Everton,2,12.0,4.0,33.3,0.17,0.5,18.8,0.0,0,0,1.4,1.4,0.12,0.6,0.6,Match Report,2023,Manchester United
1307,12,2022-10-16,14:00,Premier League,Matchweek 11,Sun,Home,D,0,0,Newcastle Utd,0,15.0,2.0,13.3,0.0,0.0,19.4,1.0,0,0,0.8,0.8,0.05,-0.8,-0.8,Match Report,2023,Manchester United
1308,13,2022-10-19,20:15,Premier League,Matchweek 12,Wed,Home,W,2,0,Tottenham,2,28.0,10.0,35.7,0.07,0.2,21.4,1.0,0,0,1.5,1.5,0.06,0.5,0.5,Match Report,2023,Manchester United
1309,14,2022-10-22,17:30,Premier League,Matchweek 13,Sat,Away,D,1,1,Chelsea,1,13.0,6.0,46.2,0.08,0.17,22.1,1.0,0,0,0.8,0.8,0.06,0.2,0.2,Match Report,2023,Manchester United
1311,16,2022-10-30,16:15,Premier League,Matchweek 14,Sun,Home,W,1,0,West Ham,1,16.0,3.0,18.8,0.06,0.33,18.1,0.0,0,0,1.2,1.2,0.08,-0.2,-0.2,Match Report,2023,Manchester United
1313,18,2022-11-06,14:00,Premier League,Matchweek 15,Sun,Away,L,1,3,Aston Villa,0,8.0,3.0,37.5,0.0,0.0,19.7,1.0,0,0,0.5,0.5,0.06,-0.5,-0.5,Match Report,2023,Manchester United
1315,20,2022-11-13,16:30,Premier League,Matchweek 16,Sun,Away,W,2,1,Fulham,2,14.0,9.0,64.3,0.14,0.22,17.7,0.0,0,0,2.5,2.5,0.19,-0.5,-0.5,Match Report,2023,Manchester United
1317,22,2022-12-27,20:00,Premier League,Matchweek 17,Tue,Home,W,3,0,Nott'ham Forest,3,17.0,8.0,47.1,0.18,0.38,15.9,0.0,0,0,2.4,2.4,0.15,0.6,0.6,Match Report,2023,Manchester United
1318,23,2022-12-31,12:30,Premier League,Matchweek 18,Sat,Away,W,1,0,Wolves,1,16.0,6.0,37.5,0.06,0.17,14.9,1.0,0,0,2.0,2.0,0.12,-1.0,-1.0,Match Report,2023,Manchester United
1319,24,2023-01-03,20:00,Premier League,Matchweek 19,Tue,Home,W,3,0,Bournemouth,3,18.0,6.0,33.3,0.17,0.5,16.7,2.0,0,0,2.2,2.2,0.13,0.8,0.8,Match Report,2023,Manchester United
1322,27,2023-01-14,12:30,Premier League,Matchweek 20,Sat,Home,W,2,1,Manchester City,2,8.0,3.0,37.5,0.25,0.67,14.8,0.0,0,0,1.7,1.7,0.21,0.3,0.3,Match Report,2023,Manchester United
1323,28,2023-01-18,20:00,Premier League,Matchweek 7,Wed,Away,D,1,1,Crystal Palace,1,15.0,4.0,26.7,0.07,0.25,19.5,1.0,0,0,2.1,2.1,0.14,-1.1,-1.1,Match Report,2023,Manchester United
1324,29,2023-01-22,16:30,Premier League,Matchweek 21,Sun,Away,L,2,3,Arsenal,2,6.0,4.0,66.7,0.33,0.5,18.2,0.0,0,0,0.4,0.4,0.06,1.6,1.6,Match Report,2023,Manchester United
1328,33,2023-02-04,15:00,Premier League,Matchweek 22,Sat,Home,W,2,1,Crystal Palace,2,13.0,4.0,30.8,0.08,0.25,16.4,0.0,1,1,2.0,1.2,0.1,0.0,-0.2,Match Report,2023,Manchester United
1329,34,2023-02-08,20:00,Premier League,Matchweek 8,Wed,Home,D,2,2,Leeds United,2,24.0,6.0,25.0,0.08,0.33,16.7,0.0,0,0,2.0,2.0,0.09,0.0,0.0,Match Report,2023,Manchester United
1330,35,2023-02-12,14:00,Premier League,Matchweek 23,Sun,Away,W,2,0,Leeds United,2,11.0,5.0,45.5,0.18,0.4,16.4,0.0,0,0,1.1,1.1,0.1,0.9,0.9,Match Report,2023,Manchester United
1332,37,2023-02-19,14:00,Premier League,Matchweek 24,Sun,Home,W,3,0,Leicester City,3,26.0,8.0,30.8,0.12,0.38,15.5,1.0,0,0,4.4,4.4,0.17,-1.4,-1.4,Match Report,2023,Manchester United
1336,41,2023-03-05,16:30,Premier League,Matchweek 26,Sun,Away,L,0,7,Liverpool,0,8.0,4.0,50.0,0.0,0.0,15.4,0.0,0,0,0.8,0.8,0.1,-0.8,-0.8,Match Report,2023,Manchester United
1338,43,2023-03-12,14:00,Premier League,Matchweek 27,Sun,Home,D,0,0,Southampton,0,10.0,4.0,40.0,0.0,0.0,15.4,0.0,0,0,0.8,0.8,0.09,-0.8,-0.8,Match Report,2023,Manchester United
1341,46,2023-04-02,16:30,Premier League,Matchweek 29,Sun,Away,L,0,2,Newcastle Utd,0,6.0,1.0,16.7,0.0,0.0,14.2,0.0,0,0,0.4,0.4,0.07,-0.4,-0.4,Match Report,2023,Manchester United
1342,47,2023-04-05,20:00,Premier League,Matchweek 25,Wed,Home,W,1,0,Brentford,1,18.0,3.0,16.7,0.06,0.33,19.9,1.0,0,0,1.2,1.2,0.07,-0.2,-0.2,Match Report,2023,Manchester United
1343,48,2023-04-08,12:30,Premier League,Matchweek 30,Sat,Home,W,2,0,Everton,2,29.0,11.0,37.9,0.07,0.18,16.5,0.0,0,0,3.4,3.4,0.12,-1.4,-1.4,Match Report,2023,Manchester United
1345,50,2023-04-16,16:30,Premier League,Matchweek 31,Sun,Away,W,2,0,Nott'ham Forest,2,22.0,7.0,31.8,0.09,0.29,15.4,1.0,0,0,3.5,3.5,0.18,-1.5,-1.5,Match Report,2023,Manchester United
1348,53,2023-04-27,20:15,Premier League,Matchweek 33,Thu,Away,D,2,2,Tottenham,2,17.0,7.0,41.2,0.12,0.29,17.9,2.0,0,0,2.0,2.0,0.12,0.0,0.0,Match Report,2023,Manchester United
1349,54,2023-04-30,14:00,Premier League,Matchweek 34,Sun,Home,W,1,0,Aston Villa,1,14.0,6.0,42.9,0.07,0.17,19.0,0.0,0,0,1.2,1.2,0.09,-0.2,-0.2,Match Report,2023,Manchester United
1350,55,2023-05-04,20:00,Premier League,Matchweek 28,Thu,Away,L,0,1,Brighton,0,16.0,5.0,31.3,0.0,0.0,18.5,1.0,0,0,1.4,1.4,0.09,-1.4,-1.4,Match Report,2023,Manchester United
1351,56,2023-05-07,19:00,Premier League,Matchweek 35,Sun,Away,L,0,1,West Ham,0,19.0,4.0,21.1,0.0,0.0,18.2,0.0,0,0,1.2,1.2,0.06,-1.2,-1.2,Match Report,2023,Manchester United
1352,57,2023-05-13,15:00,Premier League,Matchweek 36,Sat,Home,W,2,0,Wolves,2,27.0,9.0,33.3,0.07,0.22,19.3,2.0,0,0,3.2,3.2,0.12,-1.2,-1.2,Match Report,2023,Manchester United
1353,58,2023-05-20,15:00,Premier League,Matchweek 37,Sat,Away,W,1,0,Bournemouth,1,20.0,5.0,25.0,0.05,0.2,18.7,0.0,0,0,1.4,1.4,0.07,-0.4,-0.4,Match Report,2023,Manchester United
1354,59,2023-05-25,20:00,Premier League,Matchweek 32,Thu,Home,W,4,1,Chelsea,4,17.0,8.0,47.1,0.18,0.38,15.3,0.0,1,1,5.2,4.4,0.29,-1.2,-1.4,Match Report,2023,Manchester United
1355,60,2023-05-28,16:30,Premier League,Matchweek 38,Sun,Home,W,2,1,Fulham,2,21.0,8.0,38.1,0.1,0.25,20.7,1.0,0,0,2.9,2.9,0.14,-0.9,-0.9,Match Report,2023,Manchester United
1358,0,2022-08-06,15:00,Premier League,Matchweek 1,Sat,Home,W,2,0,Nott'ham Forest,2,23.0,9.0,39.1,0.09,0.22,16.0,1.0,0,0,1.7,1.7,0.08,0.3,0.3,Match Report,2023,Newcastle United
1359,1,2022-08-13,15:00,Premier League,Matchweek 2,Sat,Away,D,0,0,Brighton,0,4.0,1.0,25.0,0.0,0.0,17.8,0.0,0,0,0.2,0.2,0.06,-0.2,-0.2,Match Report,2023,Newcastle United
1360,2,2022-08-21,16:30,Premier League,Matchweek 3,Sun,Home,D,3,3,Manchester City,3,12.0,5.0,41.7,0.25,0.6,14.8,1.0,0,0,1.8,1.8,0.15,1.2,1.2,Match Report,2023,Newcastle United
1362,4,2022-08-28,14:00,Premier League,Matchweek 4,Sun,Away,D,1,1,Wolves,1,21.0,6.0,28.6,0.05,0.17,18.1,1.0,0,0,1.7,1.7,0.08,-0.7,-0.7,Match Report,2023,Newcastle United
1363,5,2022-08-31,20:00,Premier League,Matchweek 5,Wed,Away,L,1,2,Liverpool,1,5.0,2.0,40.0,0.2,0.5,18.2,1.0,0,0,0.7,0.7,0.14,0.3,0.3,Match Report,2023,Newcastle United
1364,6,2022-09-03,15:00,Premier League,Matchweek 6,Sat,Home,D,0,0,Crystal Palace,0,23.0,5.0,21.7,0.0,0.0,12.8,1.0,0,0,2.8,2.8,0.13,-2.8,-2.8,Match Report,2023,Newcastle United
1365,7,2022-09-17,15:00,Premier League,Matchweek 8,Sat,Home,D,1,1,Bournemouth,1,19.0,6.0,31.6,0.0,0.0,20.0,1.0,1,1,1.9,1.1,0.06,-0.9,-1.1,Match Report,2023,Newcastle United
1366,8,2022-10-01,15:00,Premier League,Matchweek 9,Sat,Away,W,4,1,Fulham,4,19.0,10.0,52.6,0.21,0.4,12.9,0.0,0,0,3.3,3.3,0.19,0.7,0.7,Match Report,2023,Newcastle United
1367,9,2022-10-08,15:00,Premier League,Matchweek 10,Sat,Home,W,5,1,Brentford,4,16.0,6.0,37.5,0.25,0.67,18.6,0.0,0,0,1.5,1.5,0.1,2.5,2.5,Match Report,2023,Newcastle United
1368,10,2022-10-16,14:00,Premier League,Matchweek 11,Sun,Away,D,0,0,Manchester Utd,0,9.0,2.0,22.2,0.0,0.0,14.7,1.0,0,0,0.8,0.8,0.1,-0.8,-0.8,Match Report,2023,Newcastle United
1369,11,2022-10-19,19:30,Premier League,Matchweek 12,Wed,Home,W,1,0,Everton,1,16.0,4.0,25.0,0.06,0.25,14.2,0.0,0,0,1.5,1.5,0.09,-0.5,-0.5,Match Report,2023,Newcastle United
1370,12,2022-10-23,16:30,Premier League,Matchweek 13,Sun,Away,W,2,1,Tottenham,2,13.0,5.0,38.5,0.15,0.4,18.4,0.0,0,0,1.2,1.2,0.09,0.8,0.8,Match Report,2023,Newcastle United
1371,13,2022-10-29,15:00,Premier League,Matchweek 14,Sat,Home,W,4,0,Aston Villa,4,19.0,6.0,31.6,0.16,0.5,16.3,0.0,1,1,3.4,2.6,0.14,0.6,0.4,Match Report,2023,Newcastle United
1372,14,2022-11-06,14:00,Premier League,Matchweek 15,Sun,Away,W,4,1,Southampton,4,7.0,4.0,57.1,0.57,1.0,15.4,0.0,0,0,0.9,0.9,0.12,3.1,3.1,Match Report,2023,Newcastle United
1374,16,2022-11-12,17:30,Premier League,Matchweek 16,Sat,Home,W,1,0,Chelsea,1,10.0,3.0,30.0,0.1,0.33,15.4,0.0,0,0,1.0,1.0,0.11,0.0,0.0,Match Report,2023,Newcastle United
1376,18,2022-12-26,15:00,Premier League,Matchweek 17,Mon,Away,W,3,0,Leicester City,3,11.0,4.0,36.4,0.18,0.5,16.8,0.0,1,1,1.9,1.1,0.1,1.1,0.9,Match Report,2023,Newcastle United
1377,19,2022-12-31,15:00,Premier League,Matchweek 18,Sat,Home,D,0,0,Leeds United,0,16.0,5.0,31.3,0.0,0.0,15.4,1.0,0,0,2.2,2.2,0.14,-2.2,-2.2,Match Report,2023,Newcastle United
1378,20,2023-01-03,19:45,Premier League,Matchweek 19,Tue,Away,D,0,0,Arsenal,0,8.0,1.0,12.5,0.0,0.0,13.4,0.0,0,0,1.0,1.0,0.13,-1.0,-1.0,Match Report,2023,Newcastle United
1381,23,2023-01-15,14:00,Premier League,Matchweek 20,Sun,Home,W,1,0,Fulham,1,20.0,5.0,25.0,0.05,0.2,16.7,2.0,0,0,2.2,2.2,0.12,-1.2,-1.2,Match Report,2023,Newcastle United
1382,24,2023-01-21,17:30,Premier League,Matchweek 21,Sat,Away,D,0,0,Crystal Palace,0,16.0,7.0,43.8,0.0,0.0,13.1,0.0,0,0,1.2,1.2,0.08,-1.2,-1.2,Match Report,2023,Newcastle United
1385,27,2023-02-04,17:30,Premier League,Matchweek 22,Sat,Home,D,1,1,West Ham,1,8.0,2.0,25.0,0.13,0.5,13.5,0.0,0,0,1.0,1.0,0.13,0.0,0.0,Match Report,2023,Newcastle United
1386,28,2023-02-11,17:30,Premier League,Matchweek 23,Sat,Away,D,1,1,Bournemouth,1,15.0,7.0,46.7,0.07,0.14,16.9,0.0,0,0,1.3,1.3,0.1,-0.3,-0.3,Match Report,2023,Newcastle United
1387,29,2023-02-18,17:30,Premier League,Matchweek 24,Sat,Home,L,0,2,Liverpool,0,14.0,4.0,28.6,0.0,0.0,12.9,0.0,0,0,2.0,2.0,0.15,-2.0,-2.0,Match Report,2023,Newcastle United
1389,31,2023-03-04,12:30,Premier League,Matchweek 26,Sat,Away,L,0,2,Manchester City,0,5.0,2.0,40.0,0.0,0.0,15.0,1.0,0,0,0.4,0.4,0.09,-0.4,-0.4,Match Report,2023,Newcastle United
1390,32,2023-03-12,16:30,Premier League,Matchweek 27,Sun,Home,W,2,1,Wolves,2,19.0,8.0,42.1,0.11,0.25,15.9,2.0,0,0,1.8,1.8,0.1,0.2,0.2,Match Report,2023,Newcastle United
1391,33,2023-03-17,20:00,Premier League,Matchweek 28,Fri,Away,W,2,1,Nott'ham Forest,2,14.0,3.0,21.4,0.07,0.33,15.2,0.0,1,1,2.4,1.7,0.12,-0.4,-0.7,Match Report,2023,Newcastle United
1392,34,2023-04-02,16:30,Premier League,Matchweek 29,Sun,Home,W,2,0,Manchester Utd,2,22.0,6.0,27.3,0.09,0.33,13.2,0.0,0,0,3.7,3.7,0.17,-1.7,-1.7,Match Report,2023,Newcastle United
1393,35,2023-04-05,20:00,Premier League,Matchweek 7,Wed,Away,W,5,1,West Ham,5,15.0,7.0,46.7,0.33,0.71,20.4,0.0,0,0,3.3,3.3,0.22,1.7,1.7,Match Report,2023,Newcastle United
1394,36,2023-04-08,15:00,Premier League,Matchweek 30,Sat,Away,W,2,1,Brentford,1,10.0,4.0,40.0,0.1,0.25,14.8,0.0,0,0,1.3,1.3,0.13,-0.3,-0.3,Match Report,2023,Newcastle United
1395,37,2023-04-15,12:30,Premier League,Matchweek 31,Sat,Away,L,0,3,Aston Villa,0,8.0,2.0,25.0,0.0,0.0,16.8,0.0,0,0,0.5,0.5,0.06,-0.5,-0.5,Match Report,2023,Newcastle United
1396,38,2023-04-23,14:00,Premier League,Matchweek 32,Sun,Home,W,6,1,Tottenham,6,25.0,8.0,32.0,0.24,0.75,14.3,0.0,0,0,3.7,3.7,0.16,2.3,2.3,Match Report,2023,Newcastle United
1397,39,2023-04-27,19:45,Premier League,Matchweek 33,Thu,Away,W,4,1,Everton,4,15.0,7.0,46.7,0.27,0.57,14.3,0.0,0,0,2.4,2.4,0.16,1.6,1.6,Match Report,2023,Newcastle United
1398,40,2023-04-30,14:00,Premier League,Matchweek 34,Sun,Home,W,3,1,Southampton,2,22.0,5.0,22.7,0.09,0.4,13.3,0.0,0,0,4.3,4.3,0.22,-2.3,-2.3,Match Report,2023,Newcastle United
1399,41,2023-05-07,16:30,Premier League,Matchweek 35,Sun,Home,L,0,2,Arsenal,0,12.0,5.0,41.7,0.0,0.0,14.8,0.0,0,0,1.3,1.3,0.11,-1.3,-1.3,Match Report,2023,Newcastle United
1400,42,2023-05-13,12:30,Premier League,Matchweek 36,Sat,Away,D,2,2,Leeds United,2,16.0,3.0,18.8,0.0,0.0,19.1,1.0,2,2,2.3,0.7,0.04,-0.3,-0.7,Match Report,2023,Newcastle United
1401,43,2023-05-18,19:30,Premier League,Matchweek 25,Thu,Home,W,4,1,Brighton,3,22.0,8.0,36.4,0.14,0.38,13.3,1.0,0,0,3.6,3.6,0.17,-0.6,-0.6,Match Report,2023,Newcastle United
1402,44,2023-05-22,20:00,Premier League,Matchweek 37,Mon,Home,D,0,0,Leicester City,0,23.0,3.0,13.0,0.0,0.0,15.9,0.0,0,0,2.1,2.1,0.1,-2.1,-2.1,Match Report,2023,Newcastle United
1403,45,2023-05-28,16:30,Premier League,Matchweek 38,Sun,Away,D,1,1,Chelsea,1,13.0,4.0,30.8,0.08,0.25,17.1,0.0,0,0,1.7,1.7,0.13,-0.7,-0.7,Match Report,2023,Newcastle United
1406,1,2022-08-06,12:30,Premier League,Matchweek 1,Sat,Away,D,2,2,Fulham,2,11.0,3.0,27.3,0.18,0.67,12.4,0.0,0,0,1.2,1.2,0.11,0.8,0.8,Match Report,2023,Liverpool
1407,2,2022-08-15,20:00,Premier League,Matchweek 2,Mon,Home,D,1,1,Crystal Palace,1,24.0,4.0,16.7,0.04,0.25,17.4,0.0,0,0,2.0,2.0,0.09,-1.0,-1.0,Match Report,2023,Liverpool
1408,3,2022-08-22,20:00,Premier League,Matchweek 3,Mon,Away,L,1,2,Manchester Utd,1,17.0,5.0,29.4,0.06,0.2,14.4,0.0,0,0,1.3,1.3,0.08,-0.3,-0.3,Match Report,2023,Liverpool
1409,4,2022-08-27,15:00,Premier League,Matchweek 4,Sat,Home,W,9,0,Bournemouth,8,19.0,12.0,63.2,0.42,0.67,11.6,0.0,0,0,3.3,3.3,0.18,4.7,4.7,Match Report,2023,Liverpool
1410,5,2022-08-31,20:00,Premier League,Matchweek 5,Wed,Home,W,2,1,Newcastle Utd,2,23.0,6.0,26.1,0.09,0.33,17.8,0.0,0,0,1.5,1.5,0.07,0.5,0.5,Match Report,2023,Liverpool
1411,6,2022-09-03,12:30,Premier League,Matchweek 6,Sat,Away,D,0,0,Everton,0,23.0,8.0,34.8,0.0,0.0,13.1,0.0,0,0,2.1,2.1,0.1,-2.1,-2.1,Match Report,2023,Liverpool
1414,9,2022-10-01,15:00,Premier League,Matchweek 9,Sat,Home,D,3,3,Brighton,2,15.0,7.0,46.7,0.13,0.29,16.8,1.0,0,0,1.5,1.5,0.1,0.5,0.5,Match Report,2023,Liverpool
1416,11,2022-10-09,16:30,Premier League,Matchweek 10,Sun,Away,L,2,3,Arsenal,2,8.0,3.0,37.5,0.25,0.67,18.0,0.0,0,0,1.1,1.1,0.14,0.9,0.9,Match Report,2023,Liverpool
1418,13,2022-10-16,16:30,Premier League,Matchweek 11,Sun,Home,W,1,0,Manchester City,1,13.0,2.0,15.4,0.08,0.5,17.5,0.0,0,0,2.1,2.1,0.16,-1.1,-1.1,Match Report,2023,Liverpool
1419,14,2022-10-19,19:30,Premier League,Matchweek 12,Wed,Home,W,1,0,West Ham,1,22.0,7.0,31.8,0.05,0.14,17.5,0.0,0,0,1.7,1.7,0.08,-0.7,-0.7,Match Report,2023,Liverpool
1420,15,2022-10-22,12:30,Premier League,Matchweek 13,Sat,Away,L,0,1,Nott'ham Forest,0,15.0,7.0,46.7,0.0,0.0,10.4,0.0,0,0,1.6,1.6,0.11,-1.6,-1.6,Match Report,2023,Liverpool
1422,17,2022-10-29,19:45,Premier League,Matchweek 14,Sat,Home,L,1,2,Leeds United,1,22.0,10.0,45.5,0.05,0.1,16.4,0.0,0,0,1.7,1.7,0.08,-0.7,-0.7,Match Report,2023,Liverpool
1424,19,2022-11-06,16:30,Premier League,Matchweek 15,Sun,Away,W,2,1,Tottenham,2,13.0,6.0,46.2,0.15,0.33,21.2,0.0,0,0,1.2,1.2,0.09,0.8,0.8,Match Report,2023,Liverpool
1426,21,2022-11-12,15:00,Premier League,Matchweek 16,Sat,Home,W,3,1,Southampton,3,15.0,7.0,46.7,0.2,0.43,12.4,0.0,0,0,1.9,1.9,0.13,1.1,1.1,Match Report,2023,Liverpool
1428,23,2022-12-26,17:30,Premier League,Matchweek 17,Mon,Away,W,3,1,Aston Villa,3,16.0,9.0,56.3,0.19,0.33,17.0,0.0,0,0,2.7,2.7,0.17,0.3,0.3,Match Report,2023,Liverpool
1429,24,2022-12-30,20:00,Premier League,Matchweek 18,Fri,Home,W,2,1,Leicester City,0,21.0,5.0,23.8,0.0,0.0,18.4,1.0,0,0,2.2,2.2,0.11,-2.2,-2.2,Match Report,2023,Liverpool
1430,25,2023-01-02,17:30,Premier League,Matchweek 19,Mon,Away,L,1,3,Brentford,1,16.0,5.0,31.3,0.06,0.2,15.3,0.0,0,0,0.9,0.9,0.06,0.1,0.1,Match Report,2023,Liverpool
1432,27,2023-01-14,15:00,Premier League,Matchweek 20,Sat,Away,L,0,3,Brighton,0,6.0,2.0,33.3,0.0,0.0,12.8,0.0,0,0,1.0,1.0,0.17,-1.0,-1.0,Match Report,2023,Liverpool
1434,29,2023-01-21,12:30,Premier League,Matchweek 21,Sat,Home,D,0,0,Chelsea,0,15.0,3.0,20.0,0.0,0.0,15.5,0.0,0,0,1.4,1.4,0.09,-1.4,-1.4,Match Report,2023,Liverpool
1436,31,2023-02-04,15:00,Premier League,Matchweek 22,Sat,Away,L,0,3,Wolves,0,22.0,2.0,9.1,0.0,0.0,19.5,1.0,0,0,1.8,1.8,0.09,-1.8,-1.8,Match Report,2023,Liverpool
1437,32,2023-02-13,20:00,Premier League,Matchweek 23,Mon,Home,W,2,0,Everton,2,15.0,6.0,40.0,0.13,0.33,16.7,1.0,0,0,2.3,2.3,0.16,-0.3,-0.3,Match Report,2023,Liverpool
1438,33,2023-02-18,17:30,Premier League,Matchweek 24,Sat,Away,W,2,0,Newcastle Utd,2,13.0,7.0,53.8,0.15,0.29,16.4,1.0,0,0,1.9,1.9,0.14,0.1,0.1,Match Report,2023,Liverpool
1440,35,2023-02-25,19:45,Premier League,Matchweek 25,Sat,Away,D,0,0,Crystal Palace,0,12.0,4.0,33.3,0.0,0.0,16.0,1.0,0,0,0.9,0.9,0.07,-0.9,-0.9,Match Report,2023,Liverpool
1441,36,2023-03-01,20:00,Premier League,Matchweek 7,Wed,Home,W,2,0,Wolves,2,15.0,6.0,40.0,0.13,0.33,13.6,0.0,0,0,2.6,2.6,0.18,-0.6,-0.6,Match Report,2023,Liverpool
1442,37,2023-03-05,16:30,Premier League,Matchweek 26,Sun,Home,W,7,0,Manchester Utd,7,18.0,8.0,44.4,0.39,0.88,12.7,0.0,0,0,2.8,2.8,0.15,4.2,4.2,Match Report,2023,Liverpool
1443,38,2023-03-11,12:30,Premier League,Matchweek 27,Sat,Away,L,0,1,Bournemouth,0,14.0,5.0,35.7,0.0,0.0,18.5,0.0,0,1,1.7,1.0,0.07,-1.7,-1.0,Match Report,2023,Liverpool
1445,40,2023-04-01,12:30,Premier League,Matchweek 29,Sat,Away,L,1,4,Manchester City,1,4.0,1.0,25.0,0.25,1.0,15.9,0.0,0,0,0.3,0.3,0.08,0.7,0.7,Match Report,2023,Liverpool
1446,41,2023-04-04,20:00,Premier League,Matchweek 8,Tue,Away,D,0,0,Chelsea,0,7.0,3.0,42.9,0.0,0.0,25.4,0.0,0,0,0.3,0.3,0.05,-0.3,-0.3,Match Report,2023,Liverpool
1447,42,2023-04-09,16:30,Premier League,Matchweek 30,Sun,Home,D,2,2,Arsenal,2,20.0,6.0,30.0,0.1,0.33,14.0,0.0,0,1,3.9,3.1,0.16,-1.9,-1.1,Match Report,2023,Liverpool
1448,43,2023-04-17,20:00,Premier League,Matchweek 31,Mon,Away,W,6,1,Leeds United,6,13.0,7.0,53.8,0.46,0.86,12.9,0.0,0,0,2.7,2.7,0.21,3.3,3.3,Match Report,2023,Liverpool
1449,44,2023-04-22,15:00,Premier League,Matchweek 32,Sat,Home,W,3,2,Nott'ham Forest,3,18.0,5.0,27.8,0.17,0.6,12.5,0.0,0,0,2.8,2.8,0.16,0.2,0.2,Match Report,2023,Liverpool
1450,45,2023-04-26,19:45,Premier League,Matchweek 33,Wed,Away,W,2,1,West Ham,2,20.0,4.0,20.0,0.1,0.5,16.8,0.0,0,0,1.9,1.9,0.11,0.1,0.1,Match Report,2023,Liverpool
1451,46,2023-04-30,16:30,Premier League,Matchweek 34,Sun,Home,W,4,3,Tottenham,4,11.0,3.0,27.3,0.27,1.0,16.1,0.0,1,1,2.2,1.4,0.13,1.8,1.6,Match Report,2023,Liverpool
1452,47,2023-05-03,20:00,Premier League,Matchweek 28,Wed,Home,W,1,0,Fulham,1,14.0,2.0,14.3,0.0,0.0,22.6,0.0,1,1,1.8,1.0,0.07,-0.8,-1.0,Match Report,2023,Liverpool
1453,48,2023-05-06,17:30,Premier League,Matchweek 35,Sat,Home,W,1,0,Brentford,1,15.0,5.0,33.3,0.07,0.2,18.8,0.0,0,0,2.2,2.2,0.15,-1.2,-1.2,Match Report,2023,Liverpool
1454,49,2023-05-15,20:00,Premier League,Matchweek 36,Mon,Away,W,3,0,Leicester City,3,16.0,5.0,31.3,0.19,0.6,17.5,1.0,0,0,2.2,2.2,0.13,0.8,0.8,Match Report,2023,Liverpool
1455,50,2023-05-20,15:00,Premier League,Matchweek 37,Sat,Home,D,1,1,Aston Villa,1,10.0,5.0,50.0,0.1,0.2,18.2,0.0,0,0,0.7,0.7,0.07,0.3,0.3,Match Report,2023,Liverpool
1456,51,2023-05-28,16:30,Premier League,Matchweek 38,Sun,Away,D,4,4,Southampton,4,30.0,8.0,26.7,0.13,0.5,18.5,0.0,0,0,4.0,4.0,0.14,0.0,0.0,Match Report,2023,Liverpool
1458,0,2022-08-07,14:00,Premier League,Matchweek 1,Sun,Away,W,2,1,Manchester Utd,2,15.0,4.0,26.7,0.13,0.5,17.4,0.0,0,0,1.5,1.5,0.1,0.5,0.5,Match Report,2023,Brighton and Hove Albion
1459,1,2022-08-13,15:00,Premier League,Matchweek 2,Sat,Home,D,0,0,Newcastle Utd,0,13.0,5.0,38.5,0.0,0.0,17.3,0.0,0,0,1.5,1.5,0.12,-1.5,-1.5,Match Report,2023,Brighton and Hove Albion
1460,2,2022-08-21,14:00,Premier League,Matchweek 3,Sun,Away,W,2,0,West Ham,2,10.0,1.0,10.0,0.1,1.0,18.8,0.0,1,1,1.7,0.9,0.09,0.3,0.1,Match Report,2023,Brighton and Hove Albion
1462,4,2022-08-27,15:00,Premier League,Matchweek 4,Sat,Home,W,1,0,Leeds United,1,13.0,4.0,30.8,0.08,0.25,13.6,0.0,0,0,2.0,2.0,0.16,-1.0,-1.0,Match Report,2023,Brighton and Hove Albion
1463,5,2022-08-30,19:30,Premier League,Matchweek 5,Tue,Away,L,1,2,Fulham,1,6.0,2.0,33.3,0.0,0.0,15.3,0.0,1,1,1.4,0.6,0.11,-0.4,-0.6,Match Report,2023,Brighton and Hove Albion
1464,6,2022-09-04,14:00,Premier League,Matchweek 6,Sun,Home,W,5,2,Leicester City,4,22.0,10.0,45.5,0.14,0.3,19.6,2.0,1,1,2.6,2.0,0.09,1.4,1.0,Match Report,2023,Brighton and Hove Albion
1465,7,2022-10-01,15:00,Premier League,Matchweek 9,Sat,Away,D,3,3,Liverpool,3,6.0,6.0,100.0,0.5,0.5,10.0,0.0,0,0,1.4,1.4,0.23,1.6,1.6,Match Report,2023,Brighton and Hove Albion
1466,8,2022-10-08,17:30,Premier League,Matchweek 10,Sat,Home,L,0,1,Tottenham,0,14.0,4.0,28.6,0.0,0.0,18.5,0.0,0,0,0.7,0.7,0.05,-0.7,-0.7,Match Report,2023,Brighton and Hove Albion
1467,9,2022-10-14,20:00,Premier League,Matchweek 11,Fri,Away,L,0,2,Brentford,0,21.0,7.0,33.3,0.0,0.0,17.2,0.0,0,0,1.9,1.9,0.09,-1.9,-1.9,Match Report,2023,Brighton and Hove Albion
1468,10,2022-10-18,19:30,Premier League,Matchweek 12,Tue,Home,D,0,0,Nott'ham Forest,0,19.0,7.0,36.8,0.0,0.0,15.7,0.0,0,0,1.7,1.7,0.09,-1.7,-1.7,Match Report,2023,Brighton and Hove Albion
1469,11,2022-10-22,15:00,Premier League,Matchweek 13,Sat,Away,L,1,3,Manchester City,1,8.0,2.0,25.0,0.13,0.5,19.8,0.0,0,0,0.5,0.5,0.06,0.5,0.5,Match Report,2023,Brighton and Hove Albion
1470,12,2022-10-29,15:00,Premier League,Matchweek 14,Sat,Home,W,4,1,Chelsea,2,19.0,7.0,36.8,0.11,0.29,15.9,0.0,0,0,2.4,2.4,0.13,-0.4,-0.4,Match Report,2023,Brighton and Hove Albion
1471,13,2022-11-05,15:00,Premier League,Matchweek 15,Sat,Away,W,3,2,Wolves,3,19.0,8.0,42.1,0.16,0.38,17.2,3.0,0,0,1.5,1.5,0.08,1.5,1.5,Match Report,2023,Brighton and Hove Albion
1473,15,2022-11-13,14:00,Premier League,Matchweek 16,Sun,Home,L,1,2,Aston Villa,1,7.0,2.0,28.6,0.14,0.5,18.2,0.0,0,0,0.6,0.6,0.09,0.4,0.4,Match Report,2023,Brighton and Hove Albion
1475,17,2022-12-26,15:00,Premier League,Matchweek 17,Mon,Away,W,3,1,Southampton,2,7.0,4.0,57.1,0.29,0.5,13.7,0.0,0,0,0.6,0.6,0.09,1.4,1.4,Match Report,2023,Brighton and Hove Albion
1476,18,2022-12-31,17:30,Premier League,Matchweek 18,Sat,Home,L,2,4,Arsenal,2,9.0,5.0,55.6,0.22,0.4,13.5,0.0,0,0,1.2,1.2,0.13,0.8,0.8,Match Report,2023,Brighton and Hove Albion
1477,19,2023-01-03,19:45,Premier League,Matchweek 19,Tue,Away,W,4,1,Everton,4,19.0,8.0,42.1,0.21,0.5,18.9,1.0,0,0,2.2,2.2,0.11,1.8,1.8,Match Report,2023,Brighton and Hove Albion
1479,21,2023-01-14,15:00,Premier League,Matchweek 20,Sat,Home,W,3,0,Liverpool,3,16.0,8.0,50.0,0.19,0.38,16.3,0.0,0,0,1.9,1.9,0.12,1.1,1.1,Match Report,2023,Brighton and Hove Albion
1480,22,2023-01-21,15:00,Premier League,Matchweek 21,Sat,Away,D,2,2,Leicester City,2,13.0,4.0,30.8,0.15,0.5,17.0,0.0,0,0,1.7,1.7,0.16,0.3,0.3,Match Report,2023,Brighton and Hove Albion
1482,24,2023-02-04,15:00,Premier League,Matchweek 22,Sat,Home,W,1,0,Bournemouth,1,20.0,6.0,30.0,0.05,0.17,16.3,0.0,0,0,2.2,2.2,0.13,-1.2,-1.2,Match Report,2023,Brighton and Hove Albion
1483,25,2023-02-11,15:00,Premier League,Matchweek 23,Sat,Away,D,1,1,Crystal Palace,1,17.0,7.0,41.2,0.06,0.14,13.6,1.0,0,0,2.5,2.5,0.15,-1.5,-1.5,Match Report,2023,Brighton and Hove Albion
1484,26,2023-02-18,15:00,Premier League,Matchweek 24,Sat,Home,L,0,1,Fulham,0,21.0,7.0,33.3,0.0,0.0,15.6,1.0,0,0,2.2,2.2,0.11,-2.2,-2.2,Match Report,2023,Brighton and Hove Albion
1486,28,2023-03-04,15:00,Premier League,Matchweek 26,Sat,Home,W,4,0,West Ham,4,19.0,8.0,42.1,0.16,0.38,16.3,0.0,1,1,3.5,2.7,0.15,0.5,0.3,Match Report,2023,Brighton and Hove Albion
1487,29,2023-03-11,15:00,Premier League,Matchweek 27,Sat,Away,D,2,2,Leeds United,2,15.0,3.0,20.0,0.13,0.67,16.0,0.0,0,0,2.7,2.7,0.19,-0.7,-0.7,Match Report,2023,Brighton and Hove Albion
1488,30,2023-03-15,19:30,Premier League,Matchweek 8,Wed,Home,W,1,0,Crystal Palace,1,11.0,5.0,45.5,0.09,0.2,20.5,1.0,0,0,0.6,0.6,0.05,0.4,0.4,Match Report,2023,Brighton and Hove Albion
1490,32,2023-04-01,15:00,Premier League,Matchweek 29,Sat,Home,D,3,3,Brentford,3,32.0,13.0,40.6,0.06,0.15,16.7,1.0,1,1,4.2,3.6,0.12,-1.2,-1.6,Match Report,2023,Brighton and Hove Albion
1491,33,2023-04-04,19:45,Premier League,Matchweek 7,Tue,Away,W,2,0,Bournemouth,2,16.0,6.0,37.5,0.13,0.33,16.9,0.0,0,0,2.7,2.7,0.17,-0.7,-0.7,Match Report,2023,Brighton and Hove Albion
1492,34,2023-04-08,15:00,Premier League,Matchweek 30,Sat,Away,L,1,2,Tottenham,1,17.0,4.0,23.5,0.06,0.25,16.4,0.0,0,0,1.4,1.4,0.08,-0.4,-0.4,Match Report,2023,Brighton and Hove Albion
1493,35,2023-04-15,15:00,Premier League,Matchweek 31,Sat,Away,W,2,1,Chelsea,2,26.0,10.0,38.5,0.08,0.2,17.2,0.0,0,0,2.9,2.9,0.12,-0.9,-0.9,Match Report,2023,Brighton and Hove Albion
1495,37,2023-04-26,19:30,Premier League,Matchweek 33,Wed,Away,L,1,3,Nott'ham Forest,1,17.0,7.0,41.2,0.06,0.14,17.2,0.0,0,0,2.3,2.3,0.14,-1.3,-1.3,Match Report,2023,Brighton and Hove Albion
1496,38,2023-04-29,15:00,Premier League,Matchweek 34,Sat,Home,W,6,0,Wolves,6,22.0,8.0,36.4,0.27,0.75,16.5,0.0,0,0,3.3,3.3,0.15,2.7,2.7,Match Report,2023,Brighton and Hove Albion
1497,39,2023-05-04,20:00,Premier League,Matchweek 28,Thu,Home,W,1,0,Manchester Utd,1,21.0,5.0,23.8,0.0,0.0,19.3,0.0,1,1,2.3,1.5,0.07,-1.3,-1.5,Match Report,2023,Brighton and Hove Albion
1498,40,2023-05-08,17:30,Premier League,Matchweek 35,Mon,Home,L,1,5,Everton,1,23.0,5.0,21.7,0.04,0.2,13.3,0.0,0,0,3.2,3.2,0.15,-2.2,-2.2,Match Report,2023,Brighton and Hove Albion
1499,41,2023-05-14,16:30,Premier League,Matchweek 36,Sun,Away,W,3,0,Arsenal,3,12.0,6.0,50.0,0.25,0.5,18.3,0.0,0,0,1.7,1.7,0.14,1.3,1.3,Match Report,2023,Brighton and Hove Albion
1500,42,2023-05-18,19:30,Premier League,Matchweek 25,Thu,Away,L,1,4,Newcastle Utd,1,8.0,2.0,25.0,0.13,0.5,17.2,0.0,0,0,0.5,0.5,0.06,0.5,0.5,Match Report,2023,Brighton and Hove Albion
1501,43,2023-05-21,14:00,Premier League,Matchweek 37,Sun,Home,W,3,1,Southampton,3,26.0,8.0,30.8,0.12,0.38,17.4,0.0,0,0,2.5,2.5,0.1,0.5,0.5,Match Report,2023,Brighton and Hove Albion
1502,44,2023-05-24,20:00,Premier League,Matchweek 32,Wed,Home,D,1,1,Manchester City,1,20.0,7.0,35.0,0.05,0.14,17.4,2.0,0,0,2.2,2.2,0.12,-1.2,-1.2,Match Report,2023,Brighton and Hove Albion
1503,45,2023-05-28,16:30,Premier League,Matchweek 38,Sun,Away,L,1,2,Aston Villa,1,8.0,4.0,50.0,0.13,0.25,18.2,0.0,0,0,1.4,1.4,0.17,-0.4,-0.4,Match Report,2023,Brighton and Hove Albion
1505,0,2022-08-06,15:00,Premier League,Matchweek 1,Sat,Away,L,0.0,2.0,Bournemouth,0,15.0,2.0,13.3,0.0,0.0,24.6,0.0,0,0,0.7,0.7,0.04,-0.7,-0.7,Match Report,2023,Aston Villa
1506,1,2022-08-13,12:30,Premier League,Matchweek 2,Sat,Home,W,2.0,1.0,Everton,2,12.0,3.0,25.0,0.17,0.67,13.3,0.0,0,0,2.3,2.3,0.19,-0.3,-0.3,Match Report,2023,Aston Villa
1507,2,2022-08-20,15:00,Premier League,Matchweek 3,Sat,Away,L,1.0,3.0,Crystal Palace,1,13.0,5.0,38.5,0.08,0.2,17.8,0.0,0,0,0.9,0.9,0.07,0.1,0.1,Match Report,2023,Aston Villa
1509,4,2022-08-28,14:00,Premier League,Matchweek 4,Sun,Home,L,0.0,1.0,West Ham,0,9.0,3.0,33.3,0.0,0.0,20.5,0.0,0,0,0.5,0.5,0.05,-0.5,-0.5,Match Report,2023,Aston Villa
1510,5,2022-08-31,19:30,Premier League,Matchweek 5,Wed,Away,L,1.0,2.0,Arsenal,1,4.0,3.0,75.0,0.25,0.33,19.2,0.0,0,0,0.4,0.4,0.11,0.6,0.6,Match Report,2023,Aston Villa
1511,6,2022-09-03,17:30,Premier League,Matchweek 6,Sat,Home,D,1.0,1.0,Manchester City,1,3.0,1.0,33.3,0.33,1.0,16.8,0.0,0,0,0.3,0.3,0.11,0.7,0.7,Match Report,2023,Aston Villa
1512,7,2022-09-16,20:00,Premier League,Matchweek 8,Fri,Home,W,1.0,0.0,Southampton,1,11.0,3.0,27.3,0.09,0.33,20.7,1.0,0,0,1.5,1.5,0.14,-0.5,-0.5,Match Report,2023,Aston Villa
1513,8,2022-10-02,16:30,Premier League,Matchweek 9,Sun,Away,D,0.0,0.0,Leeds United,0,19.0,6.0,31.6,0.0,0.0,17.8,0.0,0,0,2.2,2.2,0.12,-2.2,-2.2,Match Report,2023,Aston Villa
1514,9,2022-10-10,20:00,Premier League,Matchweek 10,Mon,Away,D,1.0,1.0,Nott'ham Forest,1,12.0,2.0,16.7,0.08,0.5,20.2,3.0,0,0,0.7,0.7,0.06,0.3,0.3,Match Report,2023,Aston Villa
1515,10,2022-10-16,14:00,Premier League,Matchweek 11,Sun,Home,L,0.0,2.0,Chelsea,0,18.0,7.0,38.9,0.0,0.0,15.3,1.0,0,0,1.8,1.8,0.1,-1.8,-1.8,Match Report,2023,Aston Villa
1516,11,2022-10-20,19:30,Premier League,Matchweek 12,Thu,Away,L,0.0,3.0,Fulham,0,12.0,6.0,50.0,0.0,0.0,15.0,0.0,0,0,1.2,1.2,0.1,-1.2,-1.2,Match Report,2023,Aston Villa
1517,12,2022-10-23,14:00,Premier League,Matchweek 13,Sun,Home,W,4.0,0.0,Brentford,4,18.0,10.0,55.6,0.17,0.3,18.7,0.0,1,1,2.8,2.1,0.13,1.2,0.9,Match Report,2023,Aston Villa
1518,13,2022-10-29,15:00,Premier League,Matchweek 14,Sat,Away,L,0.0,4.0,Newcastle Utd,0,3.0,0.0,0.0,0.0,,13.9,0.0,0,0,0.4,0.4,0.12,-0.4,-0.4,Match Report,2023,Aston Villa
1519,14,2022-11-06,14:00,Premier League,Matchweek 15,Sun,Home,W,3.0,1.0,Manchester Utd,3,6.0,4.0,66.7,0.5,0.75,22.7,1.0,0,0,0.6,0.6,0.11,2.4,2.4,Match Report,2023,Aston Villa
1521,16,2022-11-13,14:00,Premier League,Matchweek 16,Sun,Away,W,2.0,1.0,Brighton,2,7.0,1.0,14.3,0.14,1.0,25.1,0.0,1,1,1.5,0.7,0.1,0.5,0.3,Match Report,2023,Aston Villa
1522,17,2022-12-26,17:30,Premier League,Matchweek 17,Mon,Home,L,1.0,3.0,Liverpool,1,12.0,6.0,50.0,0.08,0.17,15.3,0.0,0,0,1.4,1.4,0.12,-0.4,-0.4,Match Report,2023,Aston Villa
1523,18,2023-01-01,14:00,Premier League,Matchweek 18,Sun,Away,W,2.0,0.0,Tottenham,2,13.0,4.0,30.8,0.15,0.5,20.8,1.0,0,0,1.0,1.0,0.08,1.0,1.0,Match Report,2023,Aston Villa
1524,19,2023-01-04,20:00,Premier League,Matchweek 19,Wed,Home,D,1.0,1.0,Wolves,1,13.0,3.0,23.1,0.08,0.33,19.2,1.0,0,0,1.8,1.8,0.14,-0.8,-0.8,Match Report,2023,Aston Villa
1526,21,2023-01-13,20:00,Premier League,Matchweek 20,Fri,Home,W,2.0,1.0,Leeds United,2,11.0,5.0,45.5,0.18,0.4,16.9,0.0,0,0,1.2,1.2,0.11,0.8,0.8,Match Report,2023,Aston Villa
1527,22,2023-01-21,15:00,Premier League,Matchweek 21,Sat,Away,W,1.0,0.0,Southampton,1,16.0,5.0,31.3,0.06,0.2,17.0,1.0,0,0,1.4,1.4,0.09,-0.4,-0.4,Match Report,2023,Aston Villa
1528,23,2023-02-04,15:00,Premier League,Matchweek 22,Sat,Home,L,2.0,4.0,Leicester City,1,19.0,4.0,21.1,0.05,0.25,17.5,0.0,0,0,1.7,1.7,0.09,-0.7,-0.7,Match Report,2023,Aston Villa
1529,24,2023-02-12,16:30,Premier League,Matchweek 23,Sun,Away,L,1.0,3.0,Manchester City,1,6.0,2.0,33.3,0.17,0.5,22.8,0.0,0,0,0.3,0.3,0.05,0.7,0.7,Match Report,2023,Aston Villa
1530,25,2023-02-18,12:30,Premier League,Matchweek 24,Sat,Home,L,2.0,4.0,Arsenal,2,7.0,5.0,71.4,0.29,0.4,23.3,1.0,0,0,0.5,0.5,0.07,1.5,1.5,Match Report,2023,Aston Villa
1531,26,2023-02-25,15:00,Premier League,Matchweek 25,Sat,Away,W,2.0,0.0,Everton,2,8.0,4.0,50.0,0.13,0.25,22.1,1.0,1,1,1.9,1.1,0.14,0.1,-0.1,Match Report,2023,Aston Villa
1532,27,2023-03-04,15:00,Premier League,Matchweek 26,Sat,Home,W,1.0,0.0,Crystal Palace,0,8.0,1.0,12.5,0.0,0.0,14.8,0.0,0,0,1.2,1.2,0.15,-1.2,-1.2,Match Report,2023,Aston Villa
1533,28,2023-03-12,14:00,Premier League,Matchweek 27,Sun,Away,D,1.0,1.0,West Ham,1,12.0,4.0,33.3,0.08,0.25,13.3,0.0,0,0,1.5,1.5,0.13,-0.5,-0.5,Match Report,2023,Aston Villa
1534,29,2023-03-18,15:00,Premier League,Matchweek 28,Sat,Home,W,3.0,0.0,Bournemouth,3,20.0,9.0,45.0,0.15,0.33,13.9,0.0,0,0,3.5,3.5,0.18,-0.5,-0.5,Match Report,2023,Aston Villa
1535,30,2023-04-01,17:30,Premier League,Matchweek 29,Sat,Away,W,2.0,0.0,Chelsea,2,5.0,2.0,40.0,0.4,1.0,22.5,0.0,0,0,0.9,0.9,0.18,1.1,1.1,Match Report,2023,Aston Villa
1536,31,2023-04-04,19:45,Premier League,Matchweek 7,Tue,Away,W,2.0,1.0,Leicester City,2,15.0,5.0,33.3,0.13,0.4,20.3,1.0,0,0,1.0,1.0,0.07,1.0,1.0,Match Report,2023,Aston Villa
1537,32,2023-04-08,15:00,Premier League,Matchweek 30,Sat,Home,W,2.0,0.0,Nott'ham Forest,2,8.0,3.0,37.5,0.25,0.67,12.4,0.0,0,0,1.3,1.3,0.16,0.7,0.7,Match Report,2023,Aston Villa
1538,33,2023-04-15,12:30,Premier League,Matchweek 31,Sat,Home,W,3.0,0.0,Newcastle Utd,3,16.0,6.0,37.5,0.19,0.5,18.3,0.0,0,0,1.9,1.9,0.12,1.1,1.1,Match Report,2023,Aston Villa
1539,34,2023-04-22,15:00,Premier League,Matchweek 32,Sat,Away,D,1.0,1.0,Brentford,1,14.0,2.0,14.3,0.07,0.5,18.6,0.0,0,0,1.5,1.5,0.12,-0.5,-0.5,Match Report,2023,Aston Villa
1540,35,2023-04-25,19:45,Premier League,Matchweek 33,Tue,Home,W,1.0,0.0,Fulham,1,14.0,3.0,21.4,0.07,0.33,16.4,0.0,0,0,1.0,1.0,0.07,0.0,0.0,Match Report,2023,Aston Villa
1541,36,2023-04-30,14:00,Premier League,Matchweek 34,Sun,Away,L,0.0,1.0,Manchester Utd,0,7.0,1.0,14.3,0.0,0.0,17.7,0.0,0,0,0.6,0.6,0.08,-0.6,-0.6,Match Report,2023,Aston Villa
1542,37,2023-05-06,15:00,Premier League,Matchweek 35,Sat,Away,L,0.0,1.0,Wolves,0,16.0,3.0,18.8,0.0,0.0,16.0,1.0,0,0,1.5,1.5,0.09,-1.5,-1.5,Match Report,2023,Aston Villa
1543,38,2023-05-13,15:00,Premier League,Matchweek 36,Sat,Home,W,2.0,1.0,Tottenham,2,8.0,4.0,50.0,0.25,0.5,15.4,1.0,0,0,1.2,1.2,0.15,0.8,0.8,Match Report,2023,Aston Villa
1544,39,2023-05-20,15:00,Premier League,Matchweek 37,Sat,Away,D,1.0,1.0,Liverpool,1,5.0,3.0,60.0,0.2,0.33,19.5,0.0,0,1,1.3,0.6,0.11,-0.3,0.4,Match Report,2023,Aston Villa
1545,40,2023-05-28,16:30,Premier League,Matchweek 38,Sun,Home,W,2.0,1.0,Brighton,2,12.0,5.0,41.7,0.17,0.4,18.2,4.0,0,0,2.8,2.8,0.24,-0.8,-0.8,Match Report,2023,Aston Villa
1547,0,2022-08-06,15:00,Premier League,Matchweek 1,Sat,Home,W,4.0,1.0,Southampton,3,18.0,8.0,44.4,0.17,0.38,16.5,0.0,0,0,1.5,1.5,0.09,1.5,1.5,Match Report,2023,Tottenham Hotspur
1548,1,2022-08-14,16:30,Premier League,Matchweek 2,Sun,Away,D,2.0,2.0,Chelsea,2,10.0,5.0,50.0,0.2,0.4,13.4,0.0,0,0,1.0,1.0,0.1,1.0,1.0,Match Report,2023,Tottenham Hotspur
1549,2,2022-08-20,12:30,Premier League,Matchweek 3,Sat,Home,W,1.0,0.0,Wolves,1,11.0,4.0,36.4,0.09,0.25,11.7,0.0,0,0,1.7,1.7,0.15,-0.7,-0.7,Match Report,2023,Tottenham Hotspur
1550,3,2022-08-28,16:30,Premier League,Matchweek 4,Sun,Away,W,2.0,0.0,Nott'ham Forest,2,17.0,5.0,29.4,0.12,0.4,19.7,0.0,0,1,2.4,1.6,0.1,-0.4,0.4,Match Report,2023,Tottenham Hotspur
1551,4,2022-08-31,19:45,Premier League,Matchweek 5,Wed,Away,D,1.0,1.0,West Ham,0,12.0,3.0,25.0,0.0,0.0,16.8,0.0,0,0,0.6,0.6,0.05,-0.6,-0.6,Match Report,2023,Tottenham Hotspur
1552,5,2022-09-03,15:00,Premier League,Matchweek 6,Sat,Home,W,2.0,1.0,Fulham,2,23.0,10.0,43.5,0.09,0.2,15.5,1.0,0,0,2.9,2.9,0.14,-0.9,-0.9,Match Report,2023,Tottenham Hotspur
1555,8,2022-09-17,17:30,Premier League,Matchweek 8,Sat,Home,W,6.0,2.0,Leicester City,6,16.0,11.0,68.8,0.38,0.55,16.5,0.0,0,0,2.2,2.2,0.14,3.8,3.8,Match Report,2023,Tottenham Hotspur
1556,9,2022-10-01,12:30,Premier League,Matchweek 9,Sat,Away,L,1.0,3.0,Arsenal,1,6.0,2.0,33.3,0.0,0.0,19.9,0.0,1,1,1.6,0.8,0.13,-0.6,-0.8,Match Report,2023,Tottenham Hotspur
1558,11,2022-10-08,17:30,Premier League,Matchweek 10,Sat,Away,W,1.0,0.0,Brighton,1,8.0,3.0,37.5,0.13,0.33,18.7,1.0,0,0,0.8,0.8,0.1,0.2,0.2,Match Report,2023,Tottenham Hotspur
1560,13,2022-10-15,17:30,Premier League,Matchweek 11,Sat,Home,W,2.0,0.0,Everton,2,20.0,6.0,30.0,0.05,0.17,17.2,1.0,1,1,2.2,1.5,0.07,-0.2,-0.5,Match Report,2023,Tottenham Hotspur
1561,14,2022-10-19,20:15,Premier League,Matchweek 12,Wed,Away,L,0.0,2.0,Manchester Utd,0,9.0,2.0,22.2,0.0,0.0,14.9,0.0,0,0,0.6,0.6,0.07,-0.6,-0.6,Match Report,2023,Tottenham Hotspur
1562,15,2022-10-23,16:30,Premier League,Matchweek 13,Sun,Home,L,1.0,2.0,Newcastle Utd,1,17.0,4.0,23.5,0.06,0.25,16.9,0.0,0,0,1.6,1.6,0.1,-0.6,-0.6,Match Report,2023,Tottenham Hotspur
1564,17,2022-10-29,15:00,Premier League,Matchweek 14,Sat,Away,W,3.0,2.0,Bournemouth,3,23.0,7.0,30.4,0.13,0.43,15.1,1.0,0,0,2.0,2.0,0.09,1.0,1.0,Match Report,2023,Tottenham Hotspur
1566,19,2022-11-06,16:30,Premier League,Matchweek 15,Sun,Home,L,1.0,2.0,Liverpool,1,14.0,5.0,35.7,0.07,0.2,14.4,0.0,0,0,1.2,1.2,0.09,-0.2,-0.2,Match Report,2023,Tottenham Hotspur
1568,21,2022-11-12,15:00,Premier League,Matchweek 16,Sat,Home,W,4.0,3.0,Leeds United,4,14.0,7.0,50.0,0.29,0.57,14.5,0.0,0,0,1.8,1.8,0.13,2.2,2.2,Match Report,2023,Tottenham Hotspur
1569,22,2022-12-26,12:30,Premier League,Matchweek 17,Mon,Away,D,2.0,2.0,Brentford,2,15.0,8.0,53.3,0.13,0.25,19.7,1.0,0,0,1.1,1.1,0.07,0.9,0.9,Match Report,2023,Tottenham Hotspur
1570,23,2023-01-01,14:00,Premier League,Matchweek 18,Sun,Home,L,0.0,2.0,Aston Villa,0,6.0,1.0,16.7,0.0,0.0,15.2,1.0,0,0,0.7,0.7,0.11,-0.7,-0.7,Match Report,2023,Tottenham Hotspur
1571,24,2023-01-04,20:00,Premier League,Matchweek 19,Wed,Away,W,4.0,0.0,Crystal Palace,4,14.0,6.0,42.9,0.29,0.67,16.2,0.0,0,0,1.4,1.4,0.1,2.6,2.6,Match Report,2023,Tottenham Hotspur
1573,26,2023-01-15,16:30,Premier League,Matchweek 20,Sun,Home,L,0.0,2.0,Arsenal,0,17.0,7.0,41.2,0.0,0.0,16.3,1.0,0,0,1.6,1.6,0.09,-1.6,-1.6,Match Report,2023,Tottenham Hotspur
1574,27,2023-01-19,20:00,Premier League,Matchweek 7,Thu,Away,L,2.0,4.0,Manchester City,2,9.0,3.0,33.3,0.22,0.67,16.5,0.0,0,0,0.8,0.8,0.09,1.2,1.2,Match Report,2023,Tottenham Hotspur
1575,28,2023-01-23,20:00,Premier League,Matchweek 21,Mon,Away,W,1.0,0.0,Fulham,1,10.0,3.0,30.0,0.1,0.33,17.0,1.0,0,0,0.9,0.9,0.09,0.1,0.1,Match Report,2023,Tottenham Hotspur
1577,30,2023-02-05,16:30,Premier League,Matchweek 22,Sun,Home,W,1.0,0.0,Manchester City,1,12.0,3.0,25.0,0.08,0.33,14.7,0.0,0,0,1.4,1.4,0.12,-0.4,-0.4,Match Report,2023,Tottenham Hotspur
1578,31,2023-02-11,15:00,Premier League,Matchweek 23,Sat,Away,L,1.0,4.0,Leicester City,1,11.0,4.0,36.4,0.09,0.25,16.8,2.0,0,0,1.3,1.3,0.12,-0.3,-0.3,Match Report,2023,Tottenham Hotspur
1580,33,2023-02-19,16:30,Premier League,Matchweek 24,Sun,Home,W,2.0,0.0,West Ham,2,16.0,6.0,37.5,0.13,0.33,21.5,0.0,0,0,1.5,1.5,0.1,0.5,0.5,Match Report,2023,Tottenham Hotspur
1581,34,2023-02-26,13:30,Premier League,Matchweek 25,Sun,Home,W,2.0,0.0,Chelsea,2,8.0,3.0,37.5,0.25,0.67,16.5,0.0,0,0,0.8,0.8,0.1,1.2,1.2,Match Report,2023,Tottenham Hotspur
1583,36,2023-03-04,15:00,Premier League,Matchweek 26,Sat,Away,L,0.0,1.0,Wolves,0,21.0,6.0,28.6,0.0,0.0,20.6,2.0,0,0,1.2,1.2,0.06,-1.2,-1.2,Match Report,2023,Tottenham Hotspur
1585,38,2023-03-11,15:00,Premier League,Matchweek 27,Sat,Home,W,3.0,1.0,Nott'ham Forest,3,14.0,6.0,42.9,0.14,0.33,14.8,0.0,1,1,2.0,1.2,0.09,1.0,0.8,Match Report,2023,Tottenham Hotspur
1586,39,2023-03-18,15:00,Premier League,Matchweek 28,Sat,Away,D,3.0,3.0,Southampton,3,17.0,3.0,17.6,0.18,1.0,15.8,0.0,0,0,2.3,2.3,0.13,0.7,0.7,Match Report,2023,Tottenham Hotspur
1587,40,2023-04-03,20:00,Premier League,Matchweek 29,Mon,Away,D,1.0,1.0,Everton,1,7.0,0.0,0.0,0.0,,19.6,0.0,1,1,1.4,0.6,0.09,-0.4,-0.6,Match Report,2023,Tottenham Hotspur
1588,41,2023-04-08,15:00,Premier League,Matchweek 30,Sat,Home,W,2.0,1.0,Brighton,2,9.0,3.0,33.3,0.22,0.67,15.2,0.0,0,0,0.8,0.8,0.09,1.2,1.2,Match Report,2023,Tottenham Hotspur
1589,42,2023-04-15,15:00,Premier League,Matchweek 31,Sat,Home,L,2.0,3.0,Bournemouth,2,24.0,8.0,33.3,0.08,0.25,17.9,1.0,0,0,2.2,2.2,0.09,-0.2,-0.2,Match Report,2023,Tottenham Hotspur
1590,43,2023-04-23,14:00,Premier League,Matchweek 32,Sun,Away,L,1.0,6.0,Newcastle Utd,1,11.0,3.0,27.3,0.09,0.33,17.2,0.0,0,0,1.0,1.0,0.09,0.0,0.0,Match Report,2023,Tottenham Hotspur
1591,44,2023-04-27,20:15,Premier League,Matchweek 33,Thu,Home,D,2.0,2.0,Manchester Utd,2,18.0,7.0,38.9,0.11,0.29,16.5,0.0,0,0,2.5,2.5,0.14,-0.5,-0.5,Match Report,2023,Tottenham Hotspur
1592,45,2023-04-30,16:30,Premier League,Matchweek 34,Sun,Away,L,3.0,4.0,Liverpool,3,10.0,6.0,60.0,0.3,0.5,20.1,0.0,0,0,2.0,2.0,0.2,1.0,1.0,Match Report,2023,Tottenham Hotspur
1593,46,2023-05-06,15:00,Premier League,Matchweek 35,Sat,Home,W,1.0,0.0,Crystal Palace,1,8.0,3.0,37.5,0.13,0.33,12.7,0.0,0,0,0.9,0.9,0.11,0.1,0.1,Match Report,2023,Tottenham Hotspur
1594,47,2023-05-13,15:00,Premier League,Matchweek 36,Sat,Away,L,1.0,2.0,Aston Villa,1,4.0,1.0,25.0,0.0,0.0,20.3,0.0,1,1,1.4,0.6,0.14,-0.4,-0.6,Match Report,2023,Tottenham Hotspur
1595,48,2023-05-20,12:30,Premier League,Matchweek 37,Sat,Home,L,1.0,3.0,Brentford,1,22.0,7.0,31.8,0.05,0.14,15.4,1.0,0,0,1.7,1.7,0.08,-0.7,-0.7,Match Report,2023,Tottenham Hotspur
1596,49,2023-05-28,16:30,Premier League,Matchweek 38,Sun,Away,W,4.0,1.0,Leeds United,4,11.0,7.0,63.6,0.36,0.57,14.5,0.0,0,0,2.2,2.2,0.2,1.8,1.8,Match Report,2023,Tottenham Hotspur
1598,0,2022-08-07,14:00,Premier League,Matchweek 1,Sun,Away,D,2,2,Leicester City,2,8.0,3.0,37.5,0.25,0.67,17.0,0.0,0,0,0.8,0.8,0.1,1.2,1.2,Match Report,2023,Brentford
1599,1,2022-08-13,17:30,Premier League,Matchweek 2,Sat,Home,W,4,0,Manchester Utd,4,13.0,7.0,53.8,0.31,0.57,18.6,1.0,0,0,1.6,1.6,0.12,2.4,2.4,Match Report,2023,Brentford
1600,2,2022-08-20,15:00,Premier League,Matchweek 3,Sat,Away,L,2,3,Fulham,2,13.0,5.0,38.5,0.15,0.4,14.1,0.0,0,0,1.8,1.8,0.14,0.2,0.2,Match Report,2023,Brentford
1602,4,2022-08-27,15:00,Premier League,Matchweek 4,Sat,Home,D,1,1,Everton,1,20.0,5.0,25.0,0.05,0.2,14.8,0.0,0,0,2.1,2.1,0.11,-1.1,-1.1,Match Report,2023,Brentford
1603,5,2022-08-30,19:30,Premier League,Matchweek 5,Tue,Away,D,1,1,Crystal Palace,1,9.0,3.0,33.3,0.11,0.33,10.7,0.0,0,0,1.4,1.4,0.16,-0.4,-0.4,Match Report,2023,Brentford
1604,6,2022-09-03,15:00,Premier League,Matchweek 6,Sat,Home,W,5,2,Leeds United,5,13.0,7.0,53.8,0.31,0.57,18.8,2.0,1,1,2.3,1.6,0.13,2.7,2.4,Match Report,2023,Brentford
1605,7,2022-09-18,12:00,Premier League,Matchweek 8,Sun,Home,L,0,3,Arsenal,0,5.0,2.0,40.0,0.0,0.0,13.9,1.0,0,0,0.5,0.5,0.11,-0.5,-0.5,Match Report,2023,Brentford
1606,8,2022-10-01,15:00,Premier League,Matchweek 9,Sat,Away,D,0,0,Bournemouth,0,13.0,4.0,30.8,0.0,0.0,15.2,1.0,0,0,0.9,0.9,0.07,-0.9,-0.9,Match Report,2023,Brentford
1607,9,2022-10-08,15:00,Premier League,Matchweek 10,Sat,Away,L,1,5,Newcastle Utd,1,5.0,2.0,40.0,0.0,0.0,18.2,0.0,1,1,1.2,0.4,0.08,-0.2,-0.4,Match Report,2023,Brentford
1608,10,2022-10-14,20:00,Premier League,Matchweek 11,Fri,Home,W,2,0,Brighton,2,6.0,1.0,16.7,0.17,1.0,16.3,0.0,1,1,1.5,0.7,0.11,0.5,0.3,Match Report,2023,Brentford
1609,11,2022-10-19,19:30,Premier League,Matchweek 12,Wed,Home,D,0,0,Chelsea,0,8.0,5.0,62.5,0.0,0.0,14.5,0.0,0,0,1.3,1.3,0.16,-1.3,-1.3,Match Report,2023,Brentford
1610,12,2022-10-23,14:00,Premier League,Matchweek 13,Sun,Away,L,0,4,Aston Villa,0,12.0,3.0,25.0,0.0,0.0,16.8,0.0,0,0,0.9,0.9,0.08,-0.9,-0.9,Match Report,2023,Brentford
1611,13,2022-10-29,15:00,Premier League,Matchweek 14,Sat,Home,D,1,1,Wolves,1,12.0,3.0,25.0,0.08,0.33,15.4,0.0,0,0,1.4,1.4,0.12,-0.4,-0.4,Match Report,2023,Brentford
1612,14,2022-11-05,15:00,Premier League,Matchweek 15,Sat,Away,D,2,2,Nott'ham Forest,2,5.0,1.0,20.0,0.2,1.0,20.3,0.0,1,1,1.5,0.7,0.13,0.5,0.3,Match Report,2023,Brentford
1614,16,2022-11-12,12:30,Premier League,Matchweek 16,Sat,Away,W,2,1,Manchester City,2,10.0,7.0,70.0,0.2,0.29,15.2,0.0,0,0,1.3,1.3,0.13,0.7,0.7,Match Report,2023,Brentford
1615,17,2022-12-26,12:30,Premier League,Matchweek 17,Mon,Home,D,2,2,Tottenham,2,9.0,4.0,44.4,0.22,0.5,10.2,0.0,0,0,2.0,2.0,0.24,0.0,0.0,Match Report,2023,Brentford
1616,18,2022-12-30,19:45,Premier League,Matchweek 18,Fri,Away,W,2,0,West Ham,2,9.0,6.0,66.7,0.22,0.33,13.4,1.0,0,0,1.6,1.6,0.2,0.4,0.4,Match Report,2023,Brentford
1617,19,2023-01-02,17:30,Premier League,Matchweek 19,Mon,Home,W,3,1,Liverpool,2,10.0,7.0,70.0,0.2,0.29,10.5,0.0,0,0,1.6,1.6,0.18,0.4,0.4,Match Report,2023,Brentford
1619,21,2023-01-14,17:30,Premier League,Matchweek 20,Sat,Home,W,2,0,Bournemouth,2,11.0,3.0,27.3,0.09,0.33,23.3,0.0,1,1,1.4,0.6,0.06,0.6,0.4,Match Report,2023,Brentford
1620,22,2023-01-22,14:00,Premier League,Matchweek 21,Sun,Away,D,0,0,Leeds United,0,6.0,0.0,0.0,0.0,,24.2,1.0,0,0,0.4,0.4,0.07,-0.4,-0.4,Match Report,2023,Brentford
1621,23,2023-02-04,15:00,Premier League,Matchweek 22,Sat,Home,W,3,0,Southampton,3,14.0,3.0,21.4,0.21,1.0,12.1,0.0,0,0,2.0,2.0,0.14,1.0,1.0,Match Report,2023,Brentford
1622,24,2023-02-11,15:00,Premier League,Matchweek 23,Sat,Away,D,1,1,Arsenal,1,9.0,2.0,22.2,0.11,0.5,12.9,0.0,0,0,2.0,2.0,0.22,-1.0,-1.0,Match Report,2023,Brentford
1623,25,2023-02-18,15:00,Premier League,Matchweek 24,Sat,Home,D,1,1,Crystal Palace,1,12.0,5.0,41.7,0.08,0.2,19.0,0.0,0,0,0.9,0.9,0.07,0.1,0.1,Match Report,2023,Brentford
1624,26,2023-03-06,20:00,Premier League,Matchweek 26,Mon,Home,W,3,2,Fulham,3,13.0,5.0,38.5,0.15,0.4,19.8,2.0,1,1,2.1,1.3,0.1,0.9,0.7,Match Report,2023,Brentford
1625,27,2023-03-11,15:00,Premier League,Matchweek 27,Sat,Away,L,0,1,Everton,0,12.0,3.0,25.0,0.0,0.0,13.0,1.0,0,0,2.0,2.0,0.18,-2.0,-2.0,Match Report,2023,Brentford
1626,28,2023-03-15,19:30,Premier League,Matchweek 7,Wed,Away,W,2,0,Southampton,2,11.0,4.0,36.4,0.18,0.5,18.3,0.0,0,0,1.9,1.9,0.18,0.1,0.1,Match Report,2023,Brentford
1627,29,2023-03-18,15:00,Premier League,Matchweek 28,Sat,Home,D,1,1,Leicester City,1,11.0,2.0,18.2,0.09,0.5,17.5,0.0,0,0,0.6,0.6,0.06,0.4,0.4,Match Report,2023,Brentford
1628,30,2023-04-01,15:00,Premier League,Matchweek 29,Sat,Away,D,3,3,Brighton,3,7.0,5.0,71.4,0.43,0.6,15.6,1.0,0,0,1.6,1.6,0.23,1.4,1.4,Match Report,2023,Brentford
1629,31,2023-04-05,20:00,Premier League,Matchweek 25,Wed,Away,L,0,1,Manchester Utd,0,6.0,1.0,16.7,0.0,0.0,16.5,0.0,0,0,0.7,0.7,0.12,-0.7,-0.7,Match Report,2023,Brentford
1630,32,2023-04-08,15:00,Premier League,Matchweek 30,Sat,Home,L,1,2,Newcastle Utd,1,10.0,4.0,40.0,0.0,0.0,15.5,0.0,1,2,2.6,1.0,0.1,-1.6,-1.0,Match Report,2023,Brentford
1631,33,2023-04-15,15:00,Premier League,Matchweek 31,Sat,Away,L,0,2,Wolves,0,10.0,3.0,30.0,0.0,0.0,15.6,0.0,0,0,1.1,1.1,0.12,-1.1,-1.1,Match Report,2023,Brentford
1632,34,2023-04-22,15:00,Premier League,Matchweek 32,Sat,Home,D,1,1,Aston Villa,1,16.0,5.0,31.3,0.06,0.2,16.0,1.0,0,0,2.7,2.7,0.17,-1.7,-1.7,Match Report,2023,Brentford
1633,35,2023-04-26,19:45,Premier League,Matchweek 33,Wed,Away,W,2,0,Chelsea,1,7.0,1.0,14.3,0.14,1.0,11.5,0.0,0,0,1.1,1.1,0.16,-0.1,-0.1,Match Report,2023,Brentford
1634,36,2023-04-29,15:00,Premier League,Matchweek 34,Sat,Home,W,2,1,Nott'ham Forest,2,14.0,8.0,57.1,0.14,0.25,16.8,1.0,0,0,1.6,1.6,0.12,0.4,0.4,Match Report,2023,Brentford
1635,37,2023-05-06,17:30,Premier League,Matchweek 35,Sat,Away,L,0,1,Liverpool,0,5.0,1.0,20.0,0.0,0.0,19.5,1.0,0,0,0.2,0.2,0.04,-0.2,-0.2,Match Report,2023,Brentford
1636,38,2023-05-14,14:00,Premier League,Matchweek 36,Sun,Home,W,2,0,West Ham,2,24.0,9.0,37.5,0.08,0.22,12.8,0.0,0,0,3.4,3.4,0.16,-1.4,-1.4,Match Report,2023,Brentford
1637,39,2023-05-20,12:30,Premier League,Matchweek 37,Sat,Away,W,3,1,Tottenham,3,11.0,4.0,36.4,0.27,0.75,18.1,0.0,0,0,1.2,1.2,0.11,1.8,1.8,Match Report,2023,Brentford
1638,40,2023-05-28,16:30,Premier League,Matchweek 38,Sun,Home,W,1,0,Manchester City,1,11.0,4.0,36.4,0.09,0.25,14.0,0.0,0,0,1.3,1.3,0.12,-0.3,-0.3,Match Report,2023,Brentford
1640,0,2022-08-06,12:30,Premier League,Matchweek 1,Sat,Home,D,2.0,2.0,Liverpool,2,8.0,2.0,25.0,0.13,0.5,18.4,0.0,1,1,1.2,0.5,0.06,0.8,0.5,Match Report,2023,Fulham
1641,1,2022-08-13,15:00,Premier League,Matchweek 2,Sat,Away,D,0.0,0.0,Wolves,0,8.0,2.0,25.0,0.0,0.0,15.7,0.0,0,1,1.5,0.7,0.09,-1.5,-0.7,Match Report,2023,Fulham
1642,2,2022-08-20,15:00,Premier League,Matchweek 3,Sat,Home,W,3.0,2.0,Brentford,3,18.0,9.0,50.0,0.17,0.33,15.5,1.0,0,0,2.4,2.4,0.14,0.6,0.6,Match Report,2023,Fulham
1644,4,2022-08-27,17:30,Premier League,Matchweek 4,Sat,Away,L,1.0,2.0,Arsenal,1,11.0,3.0,27.3,0.09,0.33,13.7,0.0,0,0,0.8,0.8,0.08,0.2,0.2,Match Report,2023,Fulham
1645,5,2022-08-30,19:30,Premier League,Matchweek 5,Tue,Home,W,2.0,1.0,Brighton,1,10.0,3.0,30.0,0.1,0.33,15.3,1.0,0,0,0.7,0.7,0.07,0.3,0.3,Match Report,2023,Fulham
1646,6,2022-09-03,15:00,Premier League,Matchweek 6,Sat,Away,L,1.0,2.0,Tottenham,1,9.0,3.0,33.3,0.11,0.33,17.1,0.0,0,0,0.7,0.7,0.08,0.3,0.3,Match Report,2023,Fulham
1647,7,2022-09-16,20:00,Premier League,Matchweek 8,Fri,Away,W,3.0,2.0,Nott'ham Forest,3,15.0,7.0,46.7,0.2,0.43,17.3,2.0,0,0,0.9,0.9,0.06,2.1,2.1,Match Report,2023,Fulham
1648,8,2022-10-01,15:00,Premier League,Matchweek 9,Sat,Home,L,1.0,4.0,Newcastle Utd,1,3.0,1.0,33.3,0.33,1.0,16.2,0.0,0,0,0.5,0.5,0.16,0.5,0.5,Match Report,2023,Fulham
1649,9,2022-10-09,14:00,Premier League,Matchweek 10,Sun,Away,L,1.0,3.0,West Ham,1,8.0,2.0,25.0,0.13,0.5,16.6,1.0,0,0,0.7,0.7,0.09,0.3,0.3,Match Report,2023,Fulham
1650,10,2022-10-15,15:00,Premier League,Matchweek 11,Sat,Home,D,2.0,2.0,Bournemouth,2,18.0,3.0,16.7,0.06,0.33,18.9,0.0,1,1,2.1,1.3,0.07,-0.1,-0.3,Match Report,2023,Fulham
1651,11,2022-10-20,19:30,Premier League,Matchweek 12,Thu,Home,W,3.0,0.0,Aston Villa,2,17.0,6.0,35.3,0.06,0.17,16.7,1.0,1,1,2.1,1.3,0.08,-0.1,-0.3,Match Report,2023,Fulham
1652,12,2022-10-23,14:00,Premier League,Matchweek 13,Sun,Away,W,3.0,2.0,Leeds United,3,11.0,4.0,36.4,0.27,0.75,11.9,0.0,0,0,1.8,1.8,0.17,1.2,1.2,Match Report,2023,Fulham
1653,13,2022-10-29,17:30,Premier League,Matchweek 14,Sat,Home,D,0.0,0.0,Everton,0,24.0,6.0,25.0,0.0,0.0,16.4,0.0,0,0,1.9,1.9,0.08,-1.9,-1.9,Match Report,2023,Fulham
1654,14,2022-11-05,15:00,Premier League,Matchweek 15,Sat,Away,L,1.0,2.0,Manchester City,1,3.0,1.0,33.3,0.0,0.0,26.2,0.0,1,1,1.0,0.2,0.05,0.0,-0.2,Match Report,2023,Fulham
1655,15,2022-11-13,16:30,Premier League,Matchweek 16,Sun,Home,L,1.0,2.0,Manchester Utd,1,14.0,7.0,50.0,0.07,0.14,14.0,0.0,0,0,1.4,1.4,0.1,-0.4,-0.4,Match Report,2023,Fulham
1656,16,2022-12-26,15:00,Premier League,Matchweek 17,Mon,Away,W,3.0,0.0,Crystal Palace,3,23.0,10.0,43.5,0.13,0.3,13.4,1.0,0,0,2.5,2.5,0.12,0.5,0.5,Match Report,2023,Fulham
1657,17,2022-12-31,15:00,Premier League,Matchweek 18,Sat,Home,W,2.0,1.0,Southampton,1,7.0,1.0,14.3,0.14,1.0,18.8,0.0,0,1,1.5,0.7,0.1,-0.5,0.3,Match Report,2023,Fulham
1658,18,2023-01-03,19:45,Premier League,Matchweek 19,Tue,Away,W,1.0,0.0,Leicester City,1,11.0,2.0,18.2,0.09,0.5,19.4,0.0,0,0,1.7,1.7,0.15,-0.7,-0.7,Match Report,2023,Fulham
1660,20,2023-01-12,20:00,Premier League,Matchweek 7,Thu,Home,W,2.0,1.0,Chelsea,2,8.0,3.0,37.5,0.25,0.67,15.3,0.0,0,0,1.0,1.0,0.12,1.0,1.0,Match Report,2023,Fulham
1661,21,2023-01-15,14:00,Premier League,Matchweek 20,Sun,Away,L,0.0,1.0,Newcastle Utd,0,4.0,0.0,0.0,0.0,,18.9,0.0,0,1,1.1,0.3,0.08,-1.1,-0.3,Match Report,2023,Fulham
1662,22,2023-01-23,20:00,Premier League,Matchweek 21,Mon,Home,L,0.0,1.0,Tottenham,0,10.0,5.0,50.0,0.0,0.0,17.3,1.0,0,0,1.0,1.0,0.1,-1.0,-1.0,Match Report,2023,Fulham
1664,24,2023-02-03,20:00,Premier League,Matchweek 22,Fri,Away,D,0.0,0.0,Chelsea,0,10.0,4.0,40.0,0.0,0.0,23.0,0.0,0,0,0.6,0.6,0.06,-0.6,-0.6,Match Report,2023,Fulham
1666,26,2023-02-11,15:00,Premier League,Matchweek 23,Sat,Home,W,2.0,0.0,Nott'ham Forest,2,16.0,3.0,18.8,0.13,0.67,15.0,1.0,0,0,1.5,1.5,0.1,0.5,0.5,Match Report,2023,Fulham
1667,27,2023-02-18,15:00,Premier League,Matchweek 24,Sat,Away,W,1.0,0.0,Brighton,1,5.0,2.0,40.0,0.2,0.5,16.0,0.0,0,0,0.3,0.3,0.07,0.7,0.7,Match Report,2023,Fulham
1668,28,2023-02-24,20:00,Premier League,Matchweek 25,Fri,Home,D,1.0,1.0,Wolves,1,10.0,5.0,50.0,0.1,0.2,24.2,1.0,0,0,0.5,0.5,0.05,0.5,0.5,Match Report,2023,Fulham
1670,30,2023-03-06,20:00,Premier League,Matchweek 26,Mon,Away,L,2.0,3.0,Brentford,2,9.0,5.0,55.6,0.22,0.4,17.4,1.0,0,0,1.4,1.4,0.18,0.6,0.6,Match Report,2023,Fulham
1671,31,2023-03-12,14:00,Premier League,Matchweek 27,Sun,Home,L,0.0,3.0,Arsenal,0,12.0,2.0,16.7,0.0,0.0,17.4,0.0,0,0,0.8,0.8,0.07,-0.8,-0.8,Match Report,2023,Fulham
1673,33,2023-04-01,15:00,Premier League,Matchweek 29,Sat,Away,L,1.0,2.0,Bournemouth,1,10.0,2.0,20.0,0.1,0.5,16.5,0.0,0,0,0.8,0.8,0.08,0.2,0.2,Match Report,2023,Fulham
1674,34,2023-04-08,15:00,Premier League,Matchweek 30,Sat,Home,L,0.0,1.0,West Ham,0,16.0,3.0,18.8,0.0,0.0,20.5,0.0,0,0,0.7,0.7,0.04,-0.7,-0.7,Match Report,2023,Fulham
1675,35,2023-04-15,15:00,Premier League,Matchweek 31,Sat,Away,W,3.0,1.0,Everton,3,21.0,7.0,33.3,0.14,0.43,17.9,0.0,0,0,1.8,1.8,0.09,1.2,1.2,Match Report,2023,Fulham
1676,36,2023-04-22,12:30,Premier League,Matchweek 32,Sat,Home,W,2.0,1.0,Leeds United,2,12.0,5.0,41.7,0.17,0.4,24.4,3.0,0,0,1.7,1.7,0.14,0.3,0.3,Match Report,2023,Fulham
1677,37,2023-04-25,19:45,Premier League,Matchweek 33,Tue,Away,L,0.0,1.0,Aston Villa,0,1.0,0.0,0.0,0.0,,14.7,0.0,0,0,0.1,0.1,0.1,-0.1,-0.1,Match Report,2023,Fulham
1678,38,2023-04-30,14:00,Premier League,Matchweek 34,Sun,Home,L,1.0,2.0,Manchester City,1,4.0,1.0,25.0,0.25,1.0,22.4,0.0,0,0,0.2,0.2,0.05,0.8,0.8,Match Report,2023,Fulham
1679,39,2023-05-03,20:00,Premier League,Matchweek 28,Wed,Away,L,0.0,1.0,Liverpool,0,9.0,3.0,33.3,0.0,0.0,16.8,0.0,0,0,0.9,0.9,0.1,-0.9,-0.9,Match Report,2023,Fulham
1680,40,2023-05-08,15:00,Premier League,Matchweek 35,Mon,Home,W,5.0,3.0,Leicester City,5,17.0,7.0,41.2,0.29,0.71,17.5,1.0,0,0,1.6,1.6,0.1,3.4,3.4,Match Report,2023,Fulham
1681,41,2023-05-13,15:00,Premier League,Matchweek 36,Sat,Away,W,2.0,0.0,Southampton,2,9.0,3.0,33.3,0.22,0.67,17.5,0.0,0,0,1.4,1.4,0.16,0.6,0.6,Match Report,2023,Fulham
1682,42,2023-05-20,15:00,Premier League,Matchweek 37,Sat,Home,D,2.0,2.0,Crystal Palace,2,10.0,3.0,30.0,0.1,0.33,19.0,1.0,1,1,1.7,0.9,0.09,0.3,0.1,Match Report,2023,Fulham
1683,43,2023-05-28,16:30,Premier League,Matchweek 38,Sun,Away,L,1.0,2.0,Manchester Utd,1,9.0,2.0,22.2,0.11,0.5,17.6,1.0,0,1,1.8,1.0,0.11,-0.8,0.0,Match Report,2023,Fulham
1685,0,2022-08-05,20:00,Premier League,Matchweek 1,Fri,Home,L,0,2,Arsenal,0,10.0,2.0,20.0,0.0,0.0,14.2,0.0,0,0,1.2,1.2,0.12,-1.2,-1.2,Match Report,2023,Crystal Palace
1686,1,2022-08-15,20:00,Premier League,Matchweek 2,Mon,Away,D,1,1,Liverpool,1,7.0,3.0,42.9,0.14,0.33,14.7,0.0,0,0,1.0,1.0,0.15,0.0,0.0,Match Report,2023,Crystal Palace
1687,2,2022-08-20,15:00,Premier League,Matchweek 3,Sat,Home,W,3,1,Aston Villa,3,16.0,8.0,50.0,0.19,0.38,15.6,1.0,0,1,2.6,1.8,0.11,0.4,1.2,Match Report,2023,Crystal Palace
1689,4,2022-08-27,15:00,Premier League,Matchweek 4,Sat,Away,L,2,4,Manchester City,1,2.0,2.0,100.0,0.5,0.5,20.6,0.0,0,0,0.1,0.1,0.06,0.9,0.9,Match Report,2023,Crystal Palace
1690,5,2022-08-30,19:30,Premier League,Matchweek 5,Tue,Home,D,1,1,Brentford,1,13.0,4.0,30.8,0.08,0.25,19.2,0.0,0,0,1.0,1.0,0.08,0.0,0.0,Match Report,2023,Crystal Palace
1691,6,2022-09-03,15:00,Premier League,Matchweek 6,Sat,Away,D,0,0,Newcastle Utd,0,19.0,9.0,47.4,0.0,0.0,20.0,0.0,0,0,1.0,1.0,0.05,-1.0,-1.0,Match Report,2023,Crystal Palace
1692,7,2022-10-01,15:00,Premier League,Matchweek 9,Sat,Home,L,1,2,Chelsea,1,7.0,3.0,42.9,0.14,0.33,20.1,0.0,0,0,0.4,0.4,0.06,0.6,0.6,Match Report,2023,Crystal Palace
1693,8,2022-10-09,14:00,Premier League,Matchweek 10,Sun,Home,W,2,1,Leeds United,2,13.0,5.0,38.5,0.15,0.4,17.7,2.0,0,0,1.1,1.1,0.08,0.9,0.9,Match Report,2023,Crystal Palace
1694,9,2022-10-15,12:30,Premier League,Matchweek 11,Sat,Away,D,0,0,Leicester City,0,8.0,1.0,12.5,0.0,0.0,21.2,0.0,0,0,0.4,0.4,0.05,-0.4,-0.4,Match Report,2023,Crystal Palace
1695,10,2022-10-18,20:15,Premier League,Matchweek 12,Tue,Home,W,2,1,Wolves,2,14.0,4.0,28.6,0.14,0.5,17.3,1.0,0,0,1.2,1.2,0.09,0.8,0.8,Match Report,2023,Crystal Palace
1696,11,2022-10-22,15:00,Premier League,Matchweek 13,Sat,Away,L,0,3,Everton,0,9.0,2.0,22.2,0.0,0.0,17.1,2.0,0,0,0.9,0.9,0.11,-0.9,-0.9,Match Report,2023,Crystal Palace
1697,12,2022-10-29,15:00,Premier League,Matchweek 14,Sat,Home,W,1,0,Southampton,1,12.0,3.0,25.0,0.08,0.33,20.0,1.0,0,0,0.9,0.9,0.07,0.1,0.1,Match Report,2023,Crystal Palace
1698,13,2022-11-06,14:00,Premier League,Matchweek 15,Sun,Away,W,2,1,West Ham,2,15.0,6.0,40.0,0.13,0.33,20.5,2.0,0,0,1.0,1.0,0.07,1.0,1.0,Match Report,2023,Crystal Palace
1700,15,2022-11-12,15:00,Premier League,Matchweek 16,Sat,Away,L,0,1,Nott'ham Forest,0,7.0,0.0,0.0,0.0,,16.9,0.0,0,1,1.2,0.4,0.06,-1.2,-0.4,Match Report,2023,Crystal Palace
1701,16,2022-12-26,15:00,Premier League,Matchweek 17,Mon,Home,L,0,3,Fulham,0,4.0,0.0,0.0,0.0,,13.0,0.0,0,0,0.4,0.4,0.1,-0.4,-0.4,Match Report,2023,Crystal Palace
1702,17,2022-12-31,15:00,Premier League,Matchweek 18,Sat,Away,W,2,0,Bournemouth,2,15.0,6.0,40.0,0.13,0.33,18.9,1.0,0,0,1.6,1.6,0.11,0.4,0.4,Match Report,2023,Crystal Palace
1703,18,2023-01-04,20:00,Premier League,Matchweek 19,Wed,Home,L,0,4,Tottenham,0,19.0,4.0,21.1,0.0,0.0,20.1,0.0,0,0,0.8,0.8,0.04,-0.8,-0.8,Match Report,2023,Crystal Palace
1705,20,2023-01-15,14:00,Premier League,Matchweek 20,Sun,Away,L,0,1,Chelsea,0,10.0,5.0,50.0,0.0,0.0,17.9,0.0,0,0,0.7,0.7,0.07,-0.7,-0.7,Match Report,2023,Crystal Palace
1706,21,2023-01-18,20:00,Premier League,Matchweek 7,Wed,Home,D,1,1,Manchester Utd,1,10.0,5.0,50.0,0.1,0.2,18.2,2.0,0,0,0.5,0.5,0.05,0.5,0.5,Match Report,2023,Crystal Palace
1707,22,2023-01-21,17:30,Premier League,Matchweek 21,Sat,Home,D,0,0,Newcastle Utd,0,6.0,1.0,16.7,0.0,0.0,19.9,0.0,0,0,0.3,0.3,0.05,-0.3,-0.3,Match Report,2023,Crystal Palace
1708,23,2023-02-04,15:00,Premier League,Matchweek 22,Sat,Away,L,1,2,Manchester Utd,1,10.0,3.0,30.0,0.1,0.33,12.8,0.0,0,0,1.3,1.3,0.14,-0.3,-0.3,Match Report,2023,Crystal Palace
1709,24,2023-02-11,15:00,Premier League,Matchweek 23,Sat,Home,D,1,1,Brighton,1,6.0,1.0,16.7,0.17,1.0,12.4,0.0,0,0,1.1,1.1,0.18,-0.1,-0.1,Match Report,2023,Crystal Palace
1710,25,2023-02-18,15:00,Premier League,Matchweek 24,Sat,Away,D,1,1,Brentford,1,10.0,4.0,40.0,0.1,0.25,14.4,0.0,0,0,1.1,1.1,0.11,-0.1,-0.1,Match Report,2023,Crystal Palace
1711,26,2023-02-25,19:45,Premier League,Matchweek 25,Sat,Home,D,0,0,Liverpool,0,6.0,0.0,0.0,0.0,,15.0,0.0,0,0,0.7,0.7,0.12,-0.7,-0.7,Match Report,2023,Crystal Palace
1712,27,2023-03-04,15:00,Premier League,Matchweek 26,Sat,Away,L,0,1,Aston Villa,0,3.0,0.0,0.0,0.0,,16.9,0.0,0,0,0.2,0.2,0.06,-0.2,-0.2,Match Report,2023,Crystal Palace
1713,28,2023-03-11,17:30,Premier League,Matchweek 27,Sat,Home,L,0,1,Manchester City,0,4.0,0.0,0.0,0.0,,17.5,0.0,0,0,0.2,0.2,0.05,-0.2,-0.2,Match Report,2023,Crystal Palace
1714,29,2023-03-15,19:30,Premier League,Matchweek 8,Wed,Away,L,0,1,Brighton,0,11.0,3.0,27.3,0.0,0.0,17.3,1.0,0,0,1.1,1.1,0.11,-1.1,-1.1,Match Report,2023,Crystal Palace
1715,30,2023-03-19,14:00,Premier League,Matchweek 28,Sun,Away,L,1,4,Arsenal,1,9.0,5.0,55.6,0.11,0.2,14.6,1.0,0,0,0.8,0.8,0.09,0.2,0.2,Match Report,2023,Crystal Palace
1716,31,2023-04-01,15:00,Premier League,Matchweek 29,Sat,Home,W,2,1,Leicester City,1,31.0,9.0,29.0,0.03,0.11,19.0,2.0,0,0,2.3,2.3,0.08,-1.3,-1.3,Match Report,2023,Crystal Palace
1717,32,2023-04-09,14:00,Premier League,Matchweek 30,Sun,Away,W,5,1,Leeds United,5,16.0,7.0,43.8,0.31,0.71,12.3,1.0,0,0,3.0,3.0,0.2,2.0,2.0,Match Report,2023,Crystal Palace
1718,33,2023-04-15,15:00,Premier League,Matchweek 31,Sat,Away,W,2,0,Southampton,2,10.0,2.0,20.0,0.2,1.0,23.7,2.0,0,0,0.9,0.9,0.09,1.1,1.1,Match Report,2023,Crystal Palace
1719,34,2023-04-22,15:00,Premier League,Matchweek 32,Sat,Home,D,0,0,Everton,0,12.0,2.0,16.7,0.0,0.0,19.8,0.0,0,0,0.5,0.5,0.04,-0.5,-0.5,Match Report,2023,Crystal Palace
1720,35,2023-04-25,19:30,Premier League,Matchweek 33,Tue,Away,L,0,2,Wolves,0,14.0,4.0,28.6,0.0,0.0,18.3,0.0,0,0,0.8,0.8,0.06,-0.8,-0.8,Match Report,2023,Crystal Palace
1721,36,2023-04-29,12:30,Premier League,Matchweek 34,Sat,Home,W,4,3,West Ham,4,15.0,5.0,33.3,0.2,0.6,18.1,1.0,1,1,2.1,1.3,0.09,1.9,1.7,Match Report,2023,Crystal Palace
1722,37,2023-05-06,15:00,Premier League,Matchweek 35,Sat,Away,L,0,1,Tottenham,0,7.0,2.0,28.6,0.0,0.0,17.6,1.0,0,0,0.4,0.4,0.05,-0.4,-0.4,Match Report,2023,Crystal Palace
1723,38,2023-05-13,15:00,Premier League,Matchweek 36,Sat,Home,W,2,0,Bournemouth,2,17.0,5.0,29.4,0.12,0.4,15.2,0.0,0,0,1.5,1.5,0.09,0.5,0.5,Match Report,2023,Crystal Palace
1724,39,2023-05-20,15:00,Premier League,Matchweek 37,Sat,Away,D,2,2,Fulham,2,11.0,5.0,45.5,0.18,0.4,16.9,1.0,0,0,1.6,1.6,0.18,0.4,0.4,Match Report,2023,Crystal Palace
1725,40,2023-05-28,16:30,Premier League,Matchweek 38,Sun,Home,D,1,1,Nott'ham Forest,1,15.0,3.0,20.0,0.07,0.33,17.3,1.0,0,0,1.4,1.4,0.1,-0.4,-0.4,Match Report,2023,Crystal Palace
1727,0,2022-08-06,17:30,Premier League,Matchweek 1,Sat,Away,W,1.0,0.0,Everton,1,14.0,5.0,35.7,0.0,0.0,16.1,1.0,1,1,1.5,0.8,0.06,-0.5,-0.8,Match Report,2023,Chelsea
1728,1,2022-08-14,16:30,Premier League,Matchweek 2,Sun,Home,D,2.0,2.0,Tottenham,2,16.0,3.0,18.8,0.13,0.67,17.2,0.0,0,0,1.6,1.6,0.1,0.4,0.4,Match Report,2023,Chelsea
1729,2,2022-08-21,14:00,Premier League,Matchweek 3,Sun,Away,L,0.0,3.0,Leeds United,0,14.0,3.0,21.4,0.0,0.0,19.8,0.0,0,0,0.9,0.9,0.06,-0.9,-0.9,Match Report,2023,Chelsea
1730,3,2022-08-27,15:00,Premier League,Matchweek 4,Sat,Home,W,2.0,1.0,Leicester City,2,7.0,4.0,57.1,0.29,0.5,14.6,0.0,0,0,1.8,1.8,0.25,0.2,0.2,Match Report,2023,Chelsea
1731,4,2022-08-30,19:45,Premier League,Matchweek 5,Tue,Away,L,1.0,2.0,Southampton,1,10.0,4.0,40.0,0.1,0.25,14.5,0.0,0,0,1.1,1.1,0.11,-0.1,-0.1,Match Report,2023,Chelsea
1732,5,2022-09-03,15:00,Premier League,Matchweek 6,Sat,Home,W,2.0,1.0,West Ham,2,8.0,3.0,37.5,0.25,0.67,17.2,0.0,0,0,0.9,0.9,0.11,1.1,1.1,Match Report,2023,Chelsea
1735,8,2022-10-01,15:00,Premier League,Matchweek 9,Sat,Away,W,2.0,1.0,Crystal Palace,2,13.0,3.0,23.1,0.15,0.67,14.8,0.0,0,0,1.1,1.1,0.09,0.9,0.9,Match Report,2023,Chelsea
1737,10,2022-10-08,15:00,Premier League,Matchweek 10,Sat,Home,W,3.0,0.0,Wolves,3,20.0,7.0,35.0,0.15,0.43,14.7,0.0,0,0,1.9,1.9,0.1,1.1,1.1,Match Report,2023,Chelsea
1739,12,2022-10-16,14:00,Premier League,Matchweek 11,Sun,Away,W,2.0,0.0,Aston Villa,2,8.0,4.0,50.0,0.25,0.5,18.0,1.0,0,0,0.9,0.9,0.11,1.1,1.1,Match Report,2023,Chelsea
1740,13,2022-10-19,19:30,Premier League,Matchweek 12,Wed,Away,D,0.0,0.0,Brentford,0,14.0,5.0,35.7,0.0,0.0,21.4,0.0,0,0,0.9,0.9,0.06,-0.9,-0.9,Match Report,2023,Chelsea
1741,14,2022-10-22,17:30,Premier League,Matchweek 13,Sat,Home,D,1.0,1.0,Manchester Utd,1,5.0,1.0,20.0,0.0,0.0,19.7,0.0,1,1,1.1,0.3,0.06,-0.1,-0.3,Match Report,2023,Chelsea
1743,16,2022-10-29,15:00,Premier League,Matchweek 14,Sat,Away,L,1.0,4.0,Brighton,1,15.0,7.0,46.7,0.07,0.14,18.3,0.0,0,0,1.4,1.4,0.09,-0.4,-0.4,Match Report,2023,Chelsea
1745,18,2022-11-06,12:00,Premier League,Matchweek 15,Sun,Home,L,0.0,1.0,Arsenal,0,5.0,1.0,20.0,0.0,0.0,16.0,0.0,0,0,0.3,0.3,0.06,-0.3,-0.3,Match Report,2023,Chelsea
1747,20,2022-11-12,17:30,Premier League,Matchweek 16,Sat,Away,L,0.0,1.0,Newcastle Utd,0,5.0,2.0,40.0,0.0,0.0,14.0,0.0,0,0,0.3,0.3,0.06,-0.3,-0.3,Match Report,2023,Chelsea
1748,21,2022-12-27,17:30,Premier League,Matchweek 17,Tue,Home,W,2.0,0.0,Bournemouth,2,15.0,5.0,33.3,0.13,0.4,15.7,0.0,0,0,1.8,1.8,0.12,0.2,0.2,Match Report,2023,Chelsea
1749,22,2023-01-01,16:30,Premier League,Matchweek 18,Sun,Away,D,1.0,1.0,Nott'ham Forest,1,7.0,2.0,28.6,0.14,0.5,11.6,0.0,0,0,0.9,0.9,0.13,0.1,0.1,Match Report,2023,Chelsea
1750,23,2023-01-05,20:00,Premier League,Matchweek 19,Thu,Home,L,0.0,1.0,Manchester City,0,8.0,2.0,25.0,0.0,0.0,17.2,0.0,0,0,0.4,0.4,0.05,-0.4,-0.4,Match Report,2023,Chelsea
1752,25,2023-01-12,20:00,Premier League,Matchweek 7,Thu,Away,L,1.0,2.0,Fulham,1,20.0,10.0,50.0,0.05,0.1,16.6,1.0,0,0,2.1,2.1,0.11,-1.1,-1.1,Match Report,2023,Chelsea
1753,26,2023-01-15,14:00,Premier League,Matchweek 20,Sun,Home,W,1.0,0.0,Crystal Palace,1,15.0,5.0,33.3,0.07,0.2,14.8,0.0,0,0,1.5,1.5,0.1,-0.5,-0.5,Match Report,2023,Chelsea
1754,27,2023-01-21,12:30,Premier League,Matchweek 21,Sat,Away,D,0.0,0.0,Liverpool,0,11.0,2.0,18.2,0.0,0.0,13.8,0.0,0,0,1.6,1.6,0.15,-1.6,-1.6,Match Report,2023,Chelsea
1755,28,2023-02-03,20:00,Premier League,Matchweek 22,Fri,Home,D,0.0,0.0,Fulham,0,12.0,2.0,16.7,0.0,0.0,17.0,0.0,0,0,1.3,1.3,0.11,-1.3,-1.3,Match Report,2023,Chelsea
1756,29,2023-02-11,12:30,Premier League,Matchweek 23,Sat,Away,D,1.0,1.0,West Ham,1,12.0,4.0,33.3,0.08,0.25,18.0,2.0,0,0,1.1,1.1,0.1,-0.1,-0.1,Match Report,2023,Chelsea
1758,31,2023-02-18,15:00,Premier League,Matchweek 24,Sat,Home,L,0.0,1.0,Southampton,0,17.0,4.0,23.5,0.0,0.0,17.0,1.0,0,0,1.6,1.6,0.1,-1.6,-1.6,Match Report,2023,Chelsea
1759,32,2023-02-26,13:30,Premier League,Matchweek 25,Sun,Away,L,0.0,2.0,Tottenham,0,10.0,2.0,20.0,0.0,0.0,23.8,0.0,0,0,0.4,0.4,0.04,-0.4,-0.4,Match Report,2023,Chelsea
1760,33,2023-03-04,15:00,Premier League,Matchweek 26,Sat,Home,W,1.0,0.0,Leeds United,1,13.0,3.0,23.1,0.08,0.33,15.8,1.0,0,0,1.5,1.5,0.11,-0.5,-0.5,Match Report,2023,Chelsea
1762,35,2023-03-11,15:00,Premier League,Matchweek 27,Sat,Away,W,3.0,1.0,Leicester City,3,12.0,6.0,50.0,0.25,0.5,15.1,0.0,0,0,1.6,1.6,0.13,1.4,1.4,Match Report,2023,Chelsea
1763,36,2023-03-18,17:30,Premier League,Matchweek 28,Sat,Home,D,2.0,2.0,Everton,2,19.0,6.0,31.6,0.05,0.17,17.1,0.0,1,1,2.3,1.5,0.08,-0.3,-0.5,Match Report,2023,Chelsea
1764,37,2023-04-01,17:30,Premier League,Matchweek 29,Sat,Home,L,0.0,2.0,Aston Villa,0,27.0,7.0,25.9,0.0,0.0,16.3,0.0,0,0,2.1,2.1,0.08,-2.1,-2.1,Match Report,2023,Chelsea
1765,38,2023-04-04,20:00,Premier League,Matchweek 8,Tue,Home,D,0.0,0.0,Liverpool,0,12.0,2.0,16.7,0.0,0.0,16.1,0.0,0,0,2.2,2.2,0.18,-2.2,-2.2,Match Report,2023,Chelsea
1766,39,2023-04-08,15:00,Premier League,Matchweek 30,Sat,Away,L,0.0,1.0,Wolves,0,13.0,1.0,7.7,0.0,0.0,16.7,0.0,0,0,1.1,1.1,0.09,-1.1,-1.1,Match Report,2023,Chelsea
1768,41,2023-04-15,15:00,Premier League,Matchweek 31,Sat,Home,L,1.0,2.0,Brighton,1,8.0,2.0,25.0,0.13,0.5,18.9,0.0,0,0,0.5,0.5,0.07,0.5,0.5,Match Report,2023,Chelsea
1770,43,2023-04-26,19:45,Premier League,Matchweek 33,Wed,Home,L,0.0,2.0,Brentford,0,15.0,4.0,26.7,0.0,0.0,16.5,0.0,0,0,1.3,1.3,0.08,-1.3,-1.3,Match Report,2023,Chelsea
1771,44,2023-05-02,20:00,Premier League,Matchweek 34,Tue,Away,L,1.0,3.0,Arsenal,1,7.0,4.0,57.1,0.14,0.25,17.2,0.0,0,0,0.8,0.8,0.11,0.2,0.2,Match Report,2023,Chelsea
1772,45,2023-05-06,15:00,Premier League,Matchweek 35,Sat,Away,W,3.0,1.0,Bournemouth,3,11.0,5.0,45.5,0.27,0.6,16.9,0.0,0,0,1.3,1.3,0.12,1.7,1.7,Match Report,2023,Chelsea
1773,46,2023-05-13,15:00,Premier League,Matchweek 36,Sat,Home,D,2.0,2.0,Nott'ham Forest,2,14.0,6.0,42.9,0.14,0.33,17.4,1.0,0,0,1.2,1.2,0.08,0.8,0.8,Match Report,2023,Chelsea
1774,47,2023-05-21,16:00,Premier League,Matchweek 37,Sun,Away,L,0.0,1.0,Manchester City,0,13.0,6.0,46.2,0.0,0.0,15.7,1.0,0,0,1.2,1.2,0.1,-1.2,-1.2,Match Report,2023,Chelsea
1775,48,2023-05-25,20:00,Premier League,Matchweek 32,Thu,Away,L,1.0,4.0,Manchester Utd,1,14.0,5.0,35.7,0.07,0.2,19.2,0.0,0,0,1.9,1.9,0.14,-0.9,-0.9,Match Report,2023,Chelsea
1776,49,2023-05-28,16:30,Premier League,Matchweek 38,Sun,Home,D,1.0,1.0,Newcastle Utd,0,22.0,4.0,18.2,0.0,0.0,17.8,1.0,0,0,2.2,2.2,0.1,-2.2,-2.2,Match Report,2023,Chelsea
1778,0,2022-08-06,15:00,Premier League,Matchweek 1,Sat,Away,L,1,2,Leeds United,1,15.0,6.0,40.0,0.07,0.17,18.9,0.0,0,0,1.3,1.3,0.09,-0.3,-0.3,Match Report,2023,Wolverhampton Wanderers
1779,1,2022-08-13,15:00,Premier League,Matchweek 2,Sat,Home,D,0,0,Fulham,0,7.0,1.0,14.3,0.0,0.0,18.7,1.0,0,0,0.9,0.9,0.13,-0.9,-0.9,Match Report,2023,Wolverhampton Wanderers
1780,2,2022-08-20,12:30,Premier League,Matchweek 3,Sat,Away,L,0,1,Tottenham,0,20.0,3.0,15.0,0.0,0.0,21.9,1.0,0,0,0.7,0.7,0.04,-0.7,-0.7,Match Report,2023,Wolverhampton Wanderers
1782,4,2022-08-28,14:00,Premier League,Matchweek 4,Sun,Home,D,1,1,Newcastle Utd,1,10.0,4.0,40.0,0.1,0.25,20.7,1.0,0,0,0.7,0.7,0.07,0.3,0.3,Match Report,2023,Wolverhampton Wanderers
1783,5,2022-08-31,19:30,Premier League,Matchweek 5,Wed,Away,D,0,0,Bournemouth,0,17.0,3.0,17.6,0.0,0.0,17.7,1.0,0,0,1.5,1.5,0.09,-1.5,-1.5,Match Report,2023,Wolverhampton Wanderers
1784,6,2022-09-03,15:00,Premier League,Matchweek 6,Sat,Home,W,1,0,Southampton,1,7.0,2.0,28.6,0.14,0.5,12.9,0.0,0,0,0.8,0.8,0.11,0.2,0.2,Match Report,2023,Wolverhampton Wanderers
1785,7,2022-09-17,12:30,Premier League,Matchweek 8,Sat,Home,L,0,3,Manchester City,0,6.0,1.0,16.7,0.0,0.0,19.6,2.0,0,0,0.4,0.4,0.07,-0.4,-0.4,Match Report,2023,Wolverhampton Wanderers
1786,8,2022-10-01,17:30,Premier League,Matchweek 9,Sat,Away,L,0,2,West Ham,0,15.0,4.0,26.7,0.0,0.0,21.6,0.0,0,0,0.7,0.7,0.05,-0.7,-0.7,Match Report,2023,Wolverhampton Wanderers
1787,9,2022-10-08,15:00,Premier League,Matchweek 10,Sat,Away,L,0,3,Chelsea,0,8.0,2.0,25.0,0.0,0.0,14.5,1.0,0,0,1.1,1.1,0.14,-1.1,-1.1,Match Report,2023,Wolverhampton Wanderers
1788,10,2022-10-15,15:00,Premier League,Matchweek 11,Sat,Home,W,1,0,Nott'ham Forest,1,8.0,1.0,12.5,0.0,0.0,16.8,0.0,1,1,1.3,0.5,0.07,-0.3,-0.5,Match Report,2023,Wolverhampton Wanderers
1789,11,2022-10-18,20:15,Premier League,Matchweek 12,Tue,Away,L,1,2,Crystal Palace,1,10.0,4.0,40.0,0.1,0.25,16.3,1.0,0,0,0.8,0.8,0.08,0.2,0.2,Match Report,2023,Wolverhampton Wanderers
1790,12,2022-10-23,14:00,Premier League,Matchweek 13,Sun,Home,L,0,4,Leicester City,0,21.0,5.0,23.8,0.0,0.0,15.7,1.0,0,0,2.1,2.1,0.1,-2.1,-2.1,Match Report,2023,Wolverhampton Wanderers
1791,13,2022-10-29,15:00,Premier League,Matchweek 14,Sat,Away,D,1,1,Brentford,1,13.0,4.0,30.8,0.08,0.25,20.4,0.0,0,0,0.6,0.6,0.05,0.4,0.4,Match Report,2023,Wolverhampton Wanderers
1792,14,2022-11-05,15:00,Premier League,Matchweek 15,Sat,Home,L,2,3,Brighton,2,7.0,4.0,57.1,0.14,0.25,18.3,0.0,1,1,1.2,0.4,0.06,0.8,0.6,Match Report,2023,Wolverhampton Wanderers
1794,16,2022-11-12,19:45,Premier League,Matchweek 16,Sat,Home,L,0,2,Arsenal,0,11.0,2.0,18.2,0.0,0.0,20.0,1.0,0,0,0.7,0.7,0.06,-0.7,-0.7,Match Report,2023,Wolverhampton Wanderers
1796,18,2022-12-26,15:00,Premier League,Matchweek 17,Mon,Away,W,2,1,Everton,2,7.0,4.0,57.1,0.29,0.5,18.6,0.0,0,0,0.8,0.8,0.11,1.2,1.2,Match Report,2023,Wolverhampton Wanderers
1797,19,2022-12-31,12:30,Premier League,Matchweek 18,Sat,Home,L,0,1,Manchester Utd,0,10.0,3.0,30.0,0.0,0.0,17.3,2.0,0,0,0.7,0.7,0.07,-0.7,-0.7,Match Report,2023,Wolverhampton Wanderers
1798,20,2023-01-04,20:00,Premier League,Matchweek 19,Wed,Away,D,1,1,Aston Villa,1,10.0,3.0,30.0,0.1,0.33,14.2,0.0,0,0,0.9,0.9,0.1,0.1,0.1,Match Report,2023,Wolverhampton Wanderers
1801,23,2023-01-14,15:00,Premier League,Matchweek 20,Sat,Home,W,1,0,West Ham,1,17.0,4.0,23.5,0.06,0.25,20.0,0.0,0,0,0.9,0.9,0.05,0.1,0.1,Match Report,2023,Wolverhampton Wanderers
1803,25,2023-01-22,14:00,Premier League,Matchweek 21,Sun,Away,L,0,3,Manchester City,0,10.0,1.0,10.0,0.0,0.0,16.4,0.0,0,0,0.8,0.8,0.08,-0.8,-0.8,Match Report,2023,Wolverhampton Wanderers
1804,26,2023-02-04,15:00,Premier League,Matchweek 22,Sat,Home,W,3,0,Liverpool,2,12.0,5.0,41.7,0.17,0.4,18.3,0.0,0,0,2.0,2.0,0.17,0.0,0.0,Match Report,2023,Wolverhampton Wanderers
1805,27,2023-02-11,15:00,Premier League,Matchweek 23,Sat,Away,W,2,1,Southampton,1,11.0,1.0,9.1,0.09,1.0,18.7,0.0,0,0,0.8,0.8,0.08,0.2,0.2,Match Report,2023,Wolverhampton Wanderers
1806,28,2023-02-18,15:00,Premier League,Matchweek 24,Sat,Home,L,0,1,Bournemouth,0,15.0,4.0,26.7,0.0,0.0,13.3,0.0,0,0,1.3,1.3,0.09,-1.3,-1.3,Match Report,2023,Wolverhampton Wanderers
1807,29,2023-02-24,20:00,Premier League,Matchweek 25,Fri,Away,D,1,1,Fulham,1,8.0,2.0,25.0,0.13,0.5,18.1,0.0,0,0,0.8,0.8,0.1,0.2,0.2,Match Report,2023,Wolverhampton Wanderers
1808,30,2023-03-01,20:00,Premier League,Matchweek 7,Wed,Away,L,0,2,Liverpool,0,4.0,1.0,25.0,0.0,0.0,11.0,0.0,0,0,0.8,0.8,0.23,-0.8,-0.8,Match Report,2023,Wolverhampton Wanderers
1809,31,2023-03-04,15:00,Premier League,Matchweek 26,Sat,Home,W,1,0,Tottenham,1,8.0,5.0,62.5,0.13,0.2,21.0,0.0,0,0,0.5,0.5,0.07,0.5,0.5,Match Report,2023,Wolverhampton Wanderers
1810,32,2023-03-12,16:30,Premier League,Matchweek 27,Sun,Away,L,1,2,Newcastle Utd,1,7.0,4.0,57.1,0.14,0.25,19.5,1.0,0,0,1.1,1.1,0.16,-0.1,-0.1,Match Report,2023,Wolverhampton Wanderers
1811,33,2023-03-18,15:00,Premier League,Matchweek 28,Sat,Home,L,2,4,Leeds United,2,23.0,8.0,34.8,0.09,0.25,16.1,1.0,0,0,2.7,2.7,0.12,-0.7,-0.7,Match Report,2023,Wolverhampton Wanderers
1812,34,2023-04-01,15:00,Premier League,Matchweek 29,Sat,Away,D,1,1,Nott'ham Forest,1,8.0,1.0,12.5,0.13,1.0,17.2,0.0,0,0,0.5,0.5,0.06,0.5,0.5,Match Report,2023,Wolverhampton Wanderers
1813,35,2023-04-08,15:00,Premier League,Matchweek 30,Sat,Home,W,1,0,Chelsea,1,9.0,4.0,44.4,0.11,0.25,24.2,0.0,0,0,0.6,0.6,0.06,0.4,0.4,Match Report,2023,Wolverhampton Wanderers
1814,36,2023-04-15,15:00,Premier League,Matchweek 31,Sat,Home,W,2,0,Brentford,2,11.0,9.0,81.8,0.18,0.22,18.4,0.0,0,0,0.8,0.8,0.07,1.2,1.2,Match Report,2023,Wolverhampton Wanderers
1815,37,2023-04-22,15:00,Premier League,Matchweek 32,Sat,Away,L,1,2,Leicester City,1,16.0,3.0,18.8,0.06,0.33,20.7,2.0,0,0,0.9,0.9,0.06,0.1,0.1,Match Report,2023,Wolverhampton Wanderers
1816,38,2023-04-25,19:30,Premier League,Matchweek 33,Tue,Home,W,2,0,Crystal Palace,1,8.0,2.0,25.0,0.0,0.0,17.0,0.0,1,1,1.4,0.6,0.07,-0.4,-0.6,Match Report,2023,Wolverhampton Wanderers
1817,39,2023-04-29,15:00,Premier League,Matchweek 34,Sat,Away,L,0,6,Brighton,0,10.0,2.0,20.0,0.0,0.0,18.7,0.0,0,0,0.8,0.8,0.08,-0.8,-0.8,Match Report,2023,Wolverhampton Wanderers
1818,40,2023-05-06,15:00,Premier League,Matchweek 35,Sat,Home,W,1,0,Aston Villa,1,6.0,2.0,33.3,0.17,0.5,17.6,0.0,0,0,0.8,0.8,0.13,0.2,0.2,Match Report,2023,Wolverhampton Wanderers
1819,41,2023-05-13,15:00,Premier League,Matchweek 36,Sat,Away,L,0,2,Manchester Utd,0,5.0,0.0,0.0,0.0,,10.5,0.0,0,0,0.3,0.3,0.07,-0.3,-0.3,Match Report,2023,Wolverhampton Wanderers
1820,42,2023-05-20,15:00,Premier League,Matchweek 37,Sat,Home,D,1,1,Everton,1,13.0,5.0,38.5,0.08,0.2,17.9,1.0,0,0,1.6,1.6,0.13,-0.6,-0.6,Match Report,2023,Wolverhampton Wanderers
1821,43,2023-05-28,16:30,Premier League,Matchweek 38,Sun,Away,L,0,5,Arsenal,0,6.0,0.0,0.0,0.0,,14.7,1.0,0,0,0.5,0.5,0.08,-0.5,-0.5,Match Report,2023,Wolverhampton Wanderers
1823,0,2022-08-07,16:30,Premier League,Matchweek 1,Sun,Home,L,0,2,Manchester City,0,6.0,1.0,16.7,0.0,0.0,16.3,0.0,0,0,0.5,0.5,0.08,-0.5,-0.5,Match Report,2023,West Ham United
1824,1,2022-08-14,14:00,Premier League,Matchweek 2,Sun,Away,L,0,1,Nott'ham Forest,0,18.0,3.0,16.7,0.0,0.0,19.3,2.0,0,1,2.1,1.5,0.08,-2.1,-1.5,Match Report,2023,West Ham United
1826,3,2022-08-21,14:00,Premier League,Matchweek 3,Sun,Home,L,0,2,Brighton,0,13.0,3.0,23.1,0.0,0.0,16.5,0.0,0,0,0.8,0.8,0.07,-0.8,-0.8,Match Report,2023,West Ham United
1828,5,2022-08-28,14:00,Premier League,Matchweek 4,Sun,Away,W,1,0,Aston Villa,1,7.0,2.0,28.6,0.14,0.5,24.8,1.0,0,0,0.6,0.6,0.08,0.4,0.4,Match Report,2023,West Ham United
1829,6,2022-08-31,19:45,Premier League,Matchweek 5,Wed,Home,D,1,1,Tottenham,1,14.0,4.0,28.6,0.07,0.25,16.3,0.0,0,0,1.2,1.2,0.09,-0.2,-0.2,Match Report,2023,West Ham United
1830,7,2022-09-03,15:00,Premier League,Matchweek 6,Sat,Away,L,1,2,Chelsea,1,6.0,3.0,50.0,0.17,0.33,15.9,0.0,0,0,1.1,1.1,0.21,-0.1,-0.1,Match Report,2023,West Ham United
1833,10,2022-09-18,14:15,Premier League,Matchweek 8,Sun,Away,L,0,1,Everton,0,14.0,4.0,28.6,0.0,0.0,15.2,0.0,0,0,1.0,1.0,0.07,-1.0,-1.0,Match Report,2023,West Ham United
1834,11,2022-10-01,17:30,Premier League,Matchweek 9,Sat,Home,W,2,0,Wolves,2,18.0,5.0,27.8,0.11,0.4,20.3,1.0,0,0,0.9,0.9,0.05,1.1,1.1,Match Report,2023,West Ham United
1836,13,2022-10-09,14:00,Premier League,Matchweek 10,Sun,Home,W,3,1,Fulham,3,16.0,7.0,43.8,0.13,0.29,16.4,0.0,1,1,2.4,2.2,0.14,0.6,-0.2,Match Report,2023,West Ham United
1838,15,2022-10-16,14:00,Premier League,Matchweek 11,Sun,Away,D,1,1,Southampton,1,25.0,4.0,16.0,0.04,0.25,18.8,0.0,0,0,1.7,1.7,0.07,-0.7,-0.7,Match Report,2023,West Ham United
1839,16,2022-10-19,19:30,Premier League,Matchweek 12,Wed,Away,L,0,1,Liverpool,0,7.0,2.0,28.6,0.0,0.0,15.2,0.0,0,1,1.7,1.0,0.15,-1.7,-1.0,Match Report,2023,West Ham United
1840,17,2022-10-24,20:00,Premier League,Matchweek 13,Mon,Home,W,2,0,Bournemouth,2,19.0,3.0,15.8,0.05,0.33,21.1,1.0,1,1,1.9,1.1,0.06,0.1,-0.1,Match Report,2023,West Ham United
1842,19,2022-10-30,16:15,Premier League,Matchweek 14,Sun,Away,L,0,1,Manchester Utd,0,13.0,4.0,30.8,0.0,0.0,22.3,0.0,0,0,1.1,1.1,0.08,-1.1,-1.1,Match Report,2023,West Ham United
1844,21,2022-11-06,14:00,Premier League,Matchweek 15,Sun,Home,L,1,2,Crystal Palace,1,5.0,2.0,40.0,0.2,0.5,16.7,0.0,0,0,0.3,0.3,0.05,0.7,0.7,Match Report,2023,West Ham United
1846,23,2022-11-12,15:00,Premier League,Matchweek 16,Sat,Home,L,0,2,Leicester City,0,18.0,6.0,33.3,0.0,0.0,16.4,0.0,0,0,1.4,1.4,0.08,-1.4,-1.4,Match Report,2023,West Ham United
1847,24,2022-12-26,20:00,Premier League,Matchweek 17,Mon,Away,L,1,3,Arsenal,1,7.0,3.0,42.9,0.0,0.0,24.2,0.0,1,1,1.0,0.2,0.04,0.0,-0.2,Match Report,2023,West Ham United
1848,25,2022-12-30,19:45,Premier League,Matchweek 18,Fri,Home,L,0,2,Brentford,0,20.0,5.0,25.0,0.0,0.0,18.2,2.0,0,0,1.3,1.3,0.06,-1.3,-1.3,Match Report,2023,West Ham United
1849,26,2023-01-04,19:45,Premier League,Matchweek 19,Wed,Away,D,2,2,Leeds United,2,14.0,1.0,7.1,0.07,1.0,22.5,0.0,1,1,1.4,0.6,0.05,0.6,0.4,Match Report,2023,West Ham United
1851,28,2023-01-14,15:00,Premier League,Matchweek 20,Sat,Away,L,0,1,Wolves,0,16.0,3.0,18.8,0.0,0.0,18.4,0.0,0,0,1.1,1.1,0.07,-1.1,-1.1,Match Report,2023,West Ham United
1852,29,2023-01-21,15:00,Premier League,Matchweek 21,Sat,Home,W,2,0,Everton,2,11.0,4.0,36.4,0.18,0.5,11.9,0.0,0,0,2.2,2.2,0.21,-0.2,-0.2,Match Report,2023,West Ham United
1854,31,2023-02-04,17:30,Premier League,Matchweek 22,Sat,Away,D,1,1,Newcastle Utd,1,10.0,1.0,10.0,0.1,1.0,16.2,0.0,0,0,1.0,1.0,0.1,0.0,0.0,Match Report,2023,West Ham United
1855,32,2023-02-11,12:30,Premier League,Matchweek 23,Sat,Home,D,1,1,Chelsea,1,10.0,2.0,20.0,0.1,0.5,13.8,1.0,0,0,1.3,1.3,0.14,-0.3,-0.3,Match Report,2023,West Ham United
1856,33,2023-02-19,16:30,Premier League,Matchweek 24,Sun,Away,L,0,2,Tottenham,0,6.0,1.0,16.7,0.0,0.0,16.0,1.0,0,0,0.5,0.5,0.08,-0.5,-0.5,Match Report,2023,West Ham United
1857,34,2023-02-25,15:00,Premier League,Matchweek 25,Sat,Home,W,4,0,Nott'ham Forest,4,18.0,5.0,27.8,0.22,0.8,14.9,0.0,0,0,2.7,2.7,0.15,1.3,1.3,Match Report,2023,West Ham United
1859,36,2023-03-04,15:00,Premier League,Matchweek 26,Sat,Away,L,0,4,Brighton,0,3.0,2.0,66.7,0.0,0.0,12.1,0.0,0,0,0.3,0.3,0.11,-0.3,-0.3,Match Report,2023,West Ham United
1861,38,2023-03-12,14:00,Premier League,Matchweek 27,Sun,Home,D,1,1,Aston Villa,1,16.0,4.0,25.0,0.0,0.0,16.7,0.0,1,1,2.1,1.4,0.09,-1.1,-1.4,Match Report,2023,West Ham United
1863,40,2023-04-02,14:00,Premier League,Matchweek 29,Sun,Home,W,1,0,Southampton,1,12.0,2.0,16.7,0.08,0.5,14.2,1.0,0,0,1.4,1.4,0.12,-0.4,-0.4,Match Report,2023,West Ham United
1864,41,2023-04-05,20:00,Premier League,Matchweek 7,Wed,Home,L,1,5,Newcastle Utd,1,7.0,2.0,28.6,0.14,0.5,19.0,1.0,0,0,1.0,1.0,0.14,0.0,0.0,Match Report,2023,West Ham United
1865,42,2023-04-08,15:00,Premier League,Matchweek 30,Sat,Away,W,1,0,Fulham,0,9.0,5.0,55.6,0.0,0.0,14.1,0.0,0,0,1.1,1.1,0.12,-1.1,-1.1,Match Report,2023,West Ham United
1867,44,2023-04-16,14:00,Premier League,Matchweek 31,Sun,Home,D,2,2,Arsenal,2,15.0,2.0,13.3,0.07,0.5,14.8,1.0,1,1,1.8,1.0,0.07,0.2,0.0,Match Report,2023,West Ham United
1869,46,2023-04-23,14:00,Premier League,Matchweek 32,Sun,Away,W,4,0,Bournemouth,4,18.0,10.0,55.6,0.22,0.4,16.2,1.0,0,0,2.4,2.4,0.13,1.6,1.6,Match Report,2023,West Ham United
1870,47,2023-04-26,19:45,Premier League,Matchweek 33,Wed,Home,L,1,2,Liverpool,1,7.0,2.0,28.6,0.14,0.5,15.5,0.0,0,0,0.8,0.8,0.11,0.2,0.2,Match Report,2023,West Ham United
1871,48,2023-04-29,12:30,Premier League,Matchweek 34,Sat,Away,L,3,4,Crystal Palace,3,8.0,4.0,50.0,0.38,0.75,16.1,0.0,0,0,1.7,1.7,0.23,1.3,1.3,Match Report,2023,West Ham United
1872,49,2023-05-03,20:00,Premier League,Matchweek 28,Wed,Away,L,0,3,Manchester City,0,6.0,2.0,33.3,0.0,0.0,24.2,0.0,0,0,0.4,0.4,0.07,-0.4,-0.4,Match Report,2023,West Ham United
1873,50,2023-05-07,19:00,Premier League,Matchweek 35,Sun,Home,W,1,0,Manchester Utd,1,15.0,4.0,26.7,0.07,0.25,15.5,0.0,0,0,1.3,1.3,0.09,-0.3,-0.3,Match Report,2023,West Ham United
1875,52,2023-05-14,14:00,Premier League,Matchweek 36,Sun,Away,L,0,2,Brentford,0,4.0,4.0,100.0,0.0,0.0,19.0,0.0,0,0,0.2,0.2,0.06,-0.2,-0.2,Match Report,2023,West Ham United
1877,54,2023-05-21,13:30,Premier League,Matchweek 37,Sun,Home,W,3,1,Leeds United,3,19.0,9.0,47.4,0.16,0.33,14.6,0.0,0,0,2.1,2.1,0.11,0.9,0.9,Match Report,2023,West Ham United
1878,55,2023-05-28,16:30,Premier League,Matchweek 38,Sun,Away,L,1,2,Leicester City,1,16.0,3.0,18.8,0.06,0.33,16.7,0.0,0,0,1.4,1.4,0.09,-0.4,-0.4,Match Report,2023,West Ham United
1881,0,2022-08-06,15:00,Premier League,Matchweek 1,Sat,Home,W,2,0,Aston Villa,2,7.0,3.0,42.9,0.29,0.67,15.7,0.0,0,0,0.6,0.6,0.09,1.4,1.4,Match Report,2023,Bournemouth
1882,1,2022-08-13,15:00,Premier League,Matchweek 2,Sat,Away,L,0,4,Manchester City,0,3.0,1.0,33.3,0.0,0.0,20.6,0.0,0,0,0.1,0.1,0.04,-0.1,-0.1,Match Report,2023,Bournemouth
1883,2,2022-08-20,17:30,Premier League,Matchweek 3,Sat,Home,L,0,3,Arsenal,0,6.0,1.0,16.7,0.0,0.0,18.5,1.0,0,0,0.3,0.3,0.05,-0.3,-0.3,Match Report,2023,Bournemouth
1885,4,2022-08-27,15:00,Premier League,Matchweek 4,Sat,Away,L,0,9,Liverpool,0,5.0,2.0,40.0,0.0,0.0,18.2,0.0,0,0,0.3,0.3,0.07,-0.3,-0.3,Match Report,2023,Bournemouth
1886,5,2022-08-31,19:30,Premier League,Matchweek 5,Wed,Home,D,0,0,Wolves,0,5.0,2.0,40.0,0.0,0.0,16.1,0.0,0,0,0.4,0.4,0.08,-0.4,-0.4,Match Report,2023,Bournemouth
1887,6,2022-09-03,15:00,Premier League,Matchweek 6,Sat,Away,W,3,2,Nott'ham Forest,3,8.0,3.0,37.5,0.38,1.0,17.5,0.0,0,0,0.8,0.8,0.1,2.2,2.2,Match Report,2023,Bournemouth
1888,7,2022-09-17,15:00,Premier League,Matchweek 8,Sat,Away,D,1,1,Newcastle Utd,1,10.0,3.0,30.0,0.1,0.33,18.1,0.0,0,0,0.7,0.7,0.07,0.3,0.3,Match Report,2023,Bournemouth
1889,8,2022-10-01,15:00,Premier League,Matchweek 9,Sat,Home,D,0,0,Brentford,0,7.0,0.0,0.0,0.0,,15.5,1.0,0,0,0.4,0.4,0.05,-0.4,-0.4,Match Report,2023,Bournemouth
1890,9,2022-10-08,15:00,Premier League,Matchweek 10,Sat,Home,W,2,1,Leicester City,2,10.0,4.0,40.0,0.2,0.5,15.0,1.0,0,0,1.1,1.1,0.11,0.9,0.9,Match Report,2023,Bournemouth
1891,10,2022-10-15,15:00,Premier League,Matchweek 11,Sat,Away,D,2,2,Fulham,2,10.0,6.0,60.0,0.2,0.33,13.0,0.0,0,0,1.0,1.0,0.11,1.0,1.0,Match Report,2023,Bournemouth
1892,11,2022-10-19,19:30,Premier League,Matchweek 12,Wed,Home,L,0,1,Southampton,0,15.0,3.0,20.0,0.0,0.0,17.6,1.0,0,0,1.0,1.0,0.07,-1.0,-1.0,Match Report,2023,Bournemouth
1893,12,2022-10-24,20:00,Premier League,Matchweek 13,Mon,Away,L,0,2,West Ham,0,5.0,3.0,60.0,0.0,0.0,13.6,0.0,0,0,0.4,0.4,0.08,-0.4,-0.4,Match Report,2023,Bournemouth
1894,13,2022-10-29,15:00,Premier League,Matchweek 14,Sat,Home,L,2,3,Tottenham,2,6.0,4.0,66.7,0.33,0.5,14.0,0.0,0,0,0.5,0.5,0.09,1.5,1.5,Match Report,2023,Bournemouth
1895,14,2022-11-05,15:00,Premier League,Matchweek 15,Sat,Away,L,3,4,Leeds United,3,9.0,5.0,55.6,0.33,0.6,12.4,0.0,0,0,1.5,1.5,0.16,1.5,1.5,Match Report,2023,Bournemouth
1897,16,2022-11-12,15:00,Premier League,Matchweek 16,Sat,Home,W,3,0,Everton,3,16.0,8.0,50.0,0.19,0.38,13.6,0.0,0,0,2.4,2.4,0.16,0.6,0.6,Match Report,2023,Bournemouth
1899,18,2022-12-27,17:30,Premier League,Matchweek 17,Tue,Away,L,0,2,Chelsea,0,9.0,4.0,44.4,0.0,0.0,21.0,2.0,0,0,0.5,0.5,0.06,-0.5,-0.5,Match Report,2023,Bournemouth
1900,19,2022-12-31,15:00,Premier League,Matchweek 18,Sat,Home,L,0,2,Crystal Palace,0,6.0,2.0,33.3,0.0,0.0,14.8,0.0,0,0,0.6,0.6,0.1,-0.6,-0.6,Match Report,2023,Bournemouth
1901,20,2023-01-03,20:00,Premier League,Matchweek 19,Tue,Away,L,0,3,Manchester Utd,0,7.0,4.0,57.1,0.0,0.0,15.7,1.0,0,0,0.6,0.6,0.08,-0.6,-0.6,Match Report,2023,Bournemouth
1903,22,2023-01-14,17:30,Premier League,Matchweek 20,Sat,Away,L,0,2,Brentford,0,7.0,2.0,28.6,0.0,0.0,18.1,0.0,0,0,0.6,0.6,0.09,-0.6,-0.6,Match Report,2023,Bournemouth
1904,23,2023-01-21,15:00,Premier League,Matchweek 21,Sat,Home,D,1,1,Nott'ham Forest,1,16.0,3.0,18.8,0.06,0.33,15.4,2.0,0,0,1.4,1.4,0.09,-0.4,-0.4,Match Report,2023,Bournemouth
1905,24,2023-02-04,15:00,Premier League,Matchweek 22,Sat,Away,L,0,1,Brighton,0,12.0,2.0,16.7,0.0,0.0,15.3,0.0,0,0,1.1,1.1,0.1,-1.1,-1.1,Match Report,2023,Bournemouth
1906,25,2023-02-11,17:30,Premier League,Matchweek 23,Sat,Home,D,1,1,Newcastle Utd,1,11.0,4.0,36.4,0.09,0.25,16.5,1.0,0,0,1.5,1.5,0.14,-0.5,-0.5,Match Report,2023,Bournemouth
1907,26,2023-02-18,15:00,Premier League,Matchweek 24,Sat,Away,W,1,0,Wolves,1,5.0,1.0,20.0,0.2,1.0,14.0,0.0,0,0,1.1,1.1,0.21,-0.1,-0.1,Match Report,2023,Bournemouth
1908,27,2023-02-25,17:30,Premier League,Matchweek 25,Sat,Home,L,1,4,Manchester City,1,13.0,2.0,15.4,0.08,0.5,14.2,0.0,0,0,1.0,1.0,0.08,0.0,0.0,Match Report,2023,Bournemouth
1909,28,2023-03-04,15:00,Premier League,Matchweek 26,Sat,Away,L,2,3,Arsenal,2,4.0,4.0,100.0,0.5,0.5,8.1,0.0,0,0,1.3,1.3,0.33,0.7,0.7,Match Report,2023,Bournemouth
1910,29,2023-03-11,12:30,Premier League,Matchweek 27,Sat,Home,W,1,0,Liverpool,1,5.0,2.0,40.0,0.2,0.5,12.3,0.0,0,0,0.9,0.9,0.17,0.1,0.1,Match Report,2023,Bournemouth
1911,30,2023-03-18,15:00,Premier League,Matchweek 28,Sat,Away,L,0,3,Aston Villa,0,10.0,3.0,30.0,0.0,0.0,12.6,1.0,0,0,1.3,1.3,0.14,-1.3,-1.3,Match Report,2023,Bournemouth
1912,31,2023-04-01,15:00,Premier League,Matchweek 29,Sat,Home,W,2,1,Fulham,2,12.0,6.0,50.0,0.17,0.33,12.5,0.0,0,0,2.6,2.6,0.24,-0.6,-0.6,Match Report,2023,Bournemouth
1913,32,2023-04-04,19:45,Premier League,Matchweek 7,Tue,Home,L,0,2,Brighton,0,14.0,3.0,21.4,0.0,0.0,15.8,0.0,0,0,1.7,1.7,0.13,-1.7,-1.7,Match Report,2023,Bournemouth
1914,33,2023-04-08,15:00,Premier League,Matchweek 30,Sat,Away,W,1,0,Leicester City,1,19.0,7.0,36.8,0.05,0.14,14.7,1.0,0,0,1.9,1.9,0.11,-0.9,-0.9,Match Report,2023,Bournemouth
1915,34,2023-04-15,15:00,Premier League,Matchweek 31,Sat,Away,W,3,2,Tottenham,3,9.0,6.0,66.7,0.33,0.5,17.9,0.0,0,0,1.3,1.3,0.15,1.7,1.7,Match Report,2023,Bournemouth
1916,35,2023-04-23,14:00,Premier League,Matchweek 32,Sun,Home,L,0,4,West Ham,0,17.0,5.0,29.4,0.0,0.0,17.4,0.0,0,0,1.5,1.5,0.09,-1.5,-1.5,Match Report,2023,Bournemouth
1917,36,2023-04-27,19:45,Premier League,Matchweek 33,Thu,Away,W,1,0,Southampton,1,16.0,2.0,12.5,0.06,0.5,17.6,0.0,0,0,0.9,0.9,0.06,0.1,0.1,Match Report,2023,Bournemouth
1918,37,2023-04-30,14:00,Premier League,Matchweek 34,Sun,Home,W,4,1,Leeds United,4,12.0,7.0,58.3,0.33,0.57,12.5,0.0,0,0,1.9,1.9,0.16,2.1,2.1,Match Report,2023,Bournemouth
1919,38,2023-05-06,15:00,Premier League,Matchweek 35,Sat,Home,L,1,3,Chelsea,1,10.0,4.0,40.0,0.1,0.25,14.5,0.0,0,0,1.2,1.2,0.13,-0.2,-0.2,Match Report,2023,Bournemouth
1920,39,2023-05-13,15:00,Premier League,Matchweek 36,Sat,Away,L,0,2,Crystal Palace,0,5.0,0.0,0.0,0.0,,19.4,1.0,0,0,0.3,0.3,0.06,-0.3,-0.3,Match Report,2023,Bournemouth
1921,40,2023-05-20,15:00,Premier League,Matchweek 37,Sat,Home,L,0,1,Manchester Utd,0,10.0,4.0,40.0,0.0,0.0,16.2,1.0,0,0,1.0,1.0,0.1,-1.0,-1.0,Match Report,2023,Bournemouth
1922,41,2023-05-28,16:30,Premier League,Matchweek 38,Sun,Away,L,0,1,Everton,0,7.0,1.0,14.3,0.0,0.0,14.5,0.0,0,0,0.5,0.5,0.07,-0.5,-0.5,Match Report,2023,Bournemouth
1924,0,2022-08-06,15:00,Premier League,Matchweek 1,Sat,Away,L,0,2,Newcastle Utd,0,5.0,0.0,0.0,0.0,,16.0,0.0,0,0,0.3,0.3,0.06,-0.3,-0.3,Match Report,2023,Nottingham Forest
1925,1,2022-08-14,14:00,Premier League,Matchweek 2,Sun,Home,W,1,0,West Ham,1,13.0,6.0,46.2,0.08,0.17,14.1,1.0,0,0,1.3,1.3,0.1,-0.3,-0.3,Match Report,2023,Nottingham Forest
1926,2,2022-08-20,15:00,Premier League,Matchweek 3,Sat,Away,D,1,1,Everton,1,14.0,5.0,35.7,0.07,0.2,19.3,1.0,0,0,1.0,1.0,0.07,0.0,0.0,Match Report,2023,Nottingham Forest
1928,4,2022-08-28,16:30,Premier League,Matchweek 4,Sun,Home,L,0,2,Tottenham,0,17.0,1.0,5.9,0.0,0.0,20.0,1.0,0,0,0.9,0.9,0.06,-0.9,-0.9,Match Report,2023,Nottingham Forest
1929,5,2022-08-31,19:30,Premier League,Matchweek 5,Wed,Away,L,0,6,Manchester City,0,8.0,1.0,12.5,0.0,0.0,18.4,1.0,0,0,0.7,0.7,0.08,-0.7,-0.7,Match Report,2023,Nottingham Forest
1930,6,2022-09-03,15:00,Premier League,Matchweek 6,Sat,Home,L,2,3,Bournemouth,2,10.0,2.0,20.0,0.1,0.5,17.5,0.0,1,1,1.9,1.1,0.11,0.1,-0.1,Match Report,2023,Nottingham Forest
1931,7,2022-09-16,20:00,Premier League,Matchweek 8,Fri,Home,L,2,3,Fulham,2,11.0,3.0,27.3,0.18,0.67,16.4,1.0,0,0,1.4,1.4,0.13,0.6,0.6,Match Report,2023,Nottingham Forest
1932,8,2022-10-03,20:00,Premier League,Matchweek 9,Mon,Away,L,0,4,Leicester City,0,10.0,3.0,30.0,0.0,0.0,15.7,0.0,0,0,1.1,1.1,0.12,-1.1,-1.1,Match Report,2023,Nottingham Forest
1933,9,2022-10-10,20:00,Premier League,Matchweek 10,Mon,Home,D,1,1,Aston Villa,1,6.0,3.0,50.0,0.17,0.33,18.7,0.0,0,0,0.3,0.3,0.05,0.7,0.7,Match Report,2023,Nottingham Forest
1934,10,2022-10-15,15:00,Premier League,Matchweek 11,Sat,Away,L,0,1,Wolves,0,9.0,1.0,11.1,0.0,0.0,19.9,1.0,0,1,1.5,0.7,0.08,-1.5,-0.7,Match Report,2023,Nottingham Forest
1935,11,2022-10-18,19:30,Premier League,Matchweek 12,Tue,Away,D,0,0,Brighton,0,3.0,0.0,0.0,0.0,,11.5,0.0,0,0,0.1,0.1,0.04,-0.1,-0.1,Match Report,2023,Nottingham Forest
1936,12,2022-10-22,12:30,Premier League,Matchweek 13,Sat,Home,W,1,0,Liverpool,1,10.0,7.0,70.0,0.1,0.14,15.9,0.0,0,0,1.9,1.9,0.2,-0.9,-0.9,Match Report,2023,Nottingham Forest
1937,13,2022-10-30,14:00,Premier League,Matchweek 14,Sun,Away,L,0,5,Arsenal,0,5.0,2.0,40.0,0.0,0.0,20.4,0.0,0,0,0.4,0.4,0.09,-0.4,-0.4,Match Report,2023,Nottingham Forest
1938,14,2022-11-05,15:00,Premier League,Matchweek 15,Sat,Home,D,2,2,Brentford,1,15.0,6.0,40.0,0.07,0.17,17.8,0.0,0,0,1.5,1.5,0.1,-0.5,-0.5,Match Report,2023,Nottingham Forest
1940,16,2022-11-12,15:00,Premier League,Matchweek 16,Sat,Home,W,1,0,Crystal Palace,1,9.0,2.0,22.2,0.11,0.5,15.2,1.0,0,0,1.1,1.1,0.13,-0.1,-0.1,Match Report,2023,Nottingham Forest
1942,18,2022-12-27,20:00,Premier League,Matchweek 17,Tue,Away,L,0,3,Manchester Utd,0,8.0,3.0,37.5,0.0,0.0,15.2,0.0,0,0,0.7,0.7,0.09,-0.7,-0.7,Match Report,2023,Nottingham Forest
1943,19,2023-01-01,16:30,Premier League,Matchweek 18,Sun,Home,D,1,1,Chelsea,1,12.0,5.0,41.7,0.08,0.2,15.5,0.0,0,0,1.4,1.4,0.12,-0.4,-0.4,Match Report,2023,Nottingham Forest
1944,20,2023-01-04,19:30,Premier League,Matchweek 19,Wed,Away,W,1,0,Southampton,1,11.0,1.0,9.1,0.09,1.0,22.3,0.0,0,0,1.4,1.4,0.13,-0.4,-0.4,Match Report,2023,Nottingham Forest
1947,23,2023-01-14,15:00,Premier League,Matchweek 20,Sat,Home,W,2,0,Leicester City,2,15.0,5.0,33.3,0.13,0.4,19.3,2.0,0,0,2.4,2.4,0.16,-0.4,-0.4,Match Report,2023,Nottingham Forest
1948,24,2023-01-21,15:00,Premier League,Matchweek 21,Sat,Away,D,1,1,Bournemouth,1,20.0,5.0,25.0,0.05,0.2,17.9,0.0,0,0,1.9,1.9,0.1,-0.9,-0.9,Match Report,2023,Nottingham Forest
1951,27,2023-02-05,14:00,Premier League,Matchweek 22,Sun,Home,W,1,0,Leeds United,1,6.0,2.0,33.3,0.17,0.5,18.9,0.0,0,0,0.4,0.4,0.07,0.6,0.6,Match Report,2023,Nottingham Forest
1952,28,2023-02-11,15:00,Premier League,Matchweek 23,Sat,Away,L,0,2,Fulham,0,10.0,1.0,10.0,0.0,0.0,15.0,0.0,0,0,0.7,0.7,0.07,-0.7,-0.7,Match Report,2023,Nottingham Forest
1953,29,2023-02-18,15:00,Premier League,Matchweek 24,Sat,Home,D,1,1,Manchester City,1,4.0,1.0,25.0,0.25,1.0,14.7,0.0,0,0,0.9,0.9,0.24,0.1,0.1,Match Report,2023,Nottingham Forest
1954,30,2023-02-25,15:00,Premier League,Matchweek 25,Sat,Away,L,0,4,West Ham,0,8.0,3.0,37.5,0.0,0.0,18.9,0.0,0,0,0.4,0.4,0.05,-0.4,-0.4,Match Report,2023,Nottingham Forest
1955,31,2023-03-05,14:00,Premier League,Matchweek 26,Sun,Home,D,2,2,Everton,2,10.0,4.0,40.0,0.2,0.5,18.4,0.0,0,0,0.8,0.8,0.09,1.2,1.2,Match Report,2023,Nottingham Forest
1956,32,2023-03-11,15:00,Premier League,Matchweek 27,Sat,Away,L,1,3,Tottenham,1,8.0,4.0,50.0,0.13,0.25,15.2,0.0,0,1,1.5,0.7,0.09,-0.5,0.3,Match Report,2023,Nottingham Forest
1957,33,2023-03-17,20:00,Premier League,Matchweek 28,Fri,Home,L,1,2,Newcastle Utd,1,5.0,3.0,60.0,0.2,0.33,18.4,0.0,0,0,0.4,0.4,0.07,0.6,0.6,Match Report,2023,Nottingham Forest
1958,34,2023-04-01,15:00,Premier League,Matchweek 29,Sat,Home,D,1,1,Wolves,1,17.0,7.0,41.2,0.06,0.14,16.7,0.0,0,0,1.3,1.3,0.08,-0.3,-0.3,Match Report,2023,Nottingham Forest
1959,35,2023-04-04,19:45,Premier League,Matchweek 7,Tue,Away,L,1,2,Leeds United,1,13.0,1.0,7.7,0.08,1.0,16.5,0.0,0,0,0.8,0.8,0.06,0.2,0.2,Match Report,2023,Nottingham Forest
1960,36,2023-04-08,15:00,Premier League,Matchweek 30,Sat,Away,L,0,2,Aston Villa,0,6.0,2.0,33.3,0.0,0.0,22.0,0.0,0,0,0.2,0.2,0.04,-0.2,-0.2,Match Report,2023,Nottingham Forest
1961,37,2023-04-16,16:30,Premier League,Matchweek 31,Sun,Home,L,0,2,Manchester Utd,0,6.0,0.0,0.0,0.0,,16.0,0.0,0,0,0.7,0.7,0.12,-0.7,-0.7,Match Report,2023,Nottingham Forest
1962,38,2023-04-22,15:00,Premier League,Matchweek 32,Sat,Away,L,2,3,Liverpool,2,11.0,5.0,45.5,0.18,0.4,17.4,0.0,0,0,0.9,0.9,0.08,1.1,1.1,Match Report,2023,Nottingham Forest
1963,39,2023-04-26,19:30,Premier League,Matchweek 33,Wed,Home,W,3,1,Brighton,2,10.0,3.0,30.0,0.1,0.33,18.4,0.0,1,2,2.4,0.8,0.09,-0.4,0.2,Match Report,2023,Nottingham Forest
1964,40,2023-04-29,15:00,Premier League,Matchweek 34,Sat,Away,L,1,2,Brentford,1,5.0,3.0,60.0,0.2,0.33,16.6,0.0,0,0,0.7,0.7,0.14,0.3,0.3,Match Report,2023,Nottingham Forest
1965,41,2023-05-08,20:00,Premier League,Matchweek 35,Mon,Home,W,4,3,Southampton,4,8.0,3.0,37.5,0.38,1.0,16.0,0.0,1,1,1.8,1.0,0.13,2.2,2.0,Match Report,2023,Nottingham Forest
1966,42,2023-05-13,15:00,Premier League,Matchweek 36,Sat,Away,D,2,2,Chelsea,2,11.0,2.0,18.2,0.18,1.0,11.2,0.0,0,0,1.3,1.3,0.12,0.7,0.7,Match Report,2023,Nottingham Forest
1967,43,2023-05-20,17:30,Premier League,Matchweek 37,Sat,Home,W,1,0,Arsenal,1,6.0,2.0,33.3,0.17,0.5,13.5,0.0,0,0,0.6,0.6,0.09,0.4,0.4,Match Report,2023,Nottingham Forest
1968,44,2023-05-28,16:30,Premier League,Matchweek 38,Sun,Away,D,1,1,Crystal Palace,1,7.0,4.0,57.1,0.14,0.25,17.0,0.0,0,0,0.5,0.5,0.07,0.5,0.5,Match Report,2023,Nottingham Forest
1970,0,2022-08-06,17:30,Premier League,Matchweek 1,Sat,Home,L,0.0,1.0,Chelsea,0,8.0,3.0,37.5,0.0,0.0,13.5,0.0,0,0,0.7,0.7,0.09,-0.7,-0.7,Match Report,2023,Everton
1971,1,2022-08-13,12:30,Premier League,Matchweek 2,Sat,Away,L,1.0,2.0,Aston Villa,0,15.0,4.0,26.7,0.0,0.0,14.8,0.0,0,0,1.6,1.6,0.11,-1.6,-1.6,Match Report,2023,Everton
1972,2,2022-08-20,15:00,Premier League,Matchweek 3,Sat,Home,D,1.0,1.0,Nott'ham Forest,1,19.0,8.0,42.1,0.05,0.13,20.8,1.0,0,0,1.5,1.5,0.08,-0.5,-0.5,Match Report,2023,Everton
1974,4,2022-08-27,15:00,Premier League,Matchweek 4,Sat,Away,D,1.0,1.0,Brentford,1,14.0,7.0,50.0,0.07,0.14,16.7,0.0,0,0,1.1,1.1,0.08,-0.1,-0.1,Match Report,2023,Everton
1975,5,2022-08-30,20:00,Premier League,Matchweek 5,Tue,Away,D,1.0,1.0,Leeds United,1,7.0,2.0,28.6,0.14,0.5,19.1,1.0,0,0,1.0,1.0,0.14,0.0,0.0,Match Report,2023,Everton
1976,6,2022-09-03,12:30,Premier League,Matchweek 6,Sat,Home,D,0.0,0.0,Liverpool,0,14.0,3.0,21.4,0.0,0.0,15.5,0.0,0,0,1.7,1.7,0.12,-1.7,-1.7,Match Report,2023,Everton
1977,7,2022-09-18,14:15,Premier League,Matchweek 8,Sun,Home,W,1.0,0.0,West Ham,1,7.0,2.0,28.6,0.14,0.5,21.4,0.0,0,0,0.4,0.4,0.05,0.6,0.6,Match Report,2023,Everton
1978,8,2022-10-01,15:00,Premier League,Matchweek 9,Sat,Away,W,2.0,1.0,Southampton,2,12.0,5.0,41.7,0.17,0.4,17.4,1.0,0,0,2.0,2.0,0.17,0.0,0.0,Match Report,2023,Everton
1979,9,2022-10-09,19:00,Premier League,Matchweek 10,Sun,Home,L,1.0,2.0,Manchester Utd,1,11.0,2.0,18.2,0.09,0.5,17.4,0.0,0,0,0.6,0.6,0.06,0.4,0.4,Match Report,2023,Everton
1980,10,2022-10-15,17:30,Premier League,Matchweek 11,Sat,Away,L,0.0,2.0,Tottenham,0,4.0,0.0,0.0,0.0,,13.5,0.0,0,0,0.4,0.4,0.11,-0.4,-0.4,Match Report,2023,Everton
1981,11,2022-10-19,19:30,Premier League,Matchweek 12,Wed,Away,L,0.0,1.0,Newcastle Utd,0,1.0,0.0,0.0,0.0,,7.5,0.0,0,0,0.2,0.2,0.17,-0.2,-0.2,Match Report,2023,Everton
1982,12,2022-10-22,15:00,Premier League,Matchweek 13,Sat,Home,W,3.0,0.0,Crystal Palace,3,9.0,6.0,66.7,0.33,0.5,16.8,0.0,0,0,1.4,1.4,0.17,1.6,1.6,Match Report,2023,Everton
1983,13,2022-10-29,17:30,Premier League,Matchweek 14,Sat,Away,D,0.0,0.0,Fulham,0,9.0,4.0,44.4,0.0,0.0,12.2,0.0,0,0,0.9,0.9,0.1,-0.9,-0.9,Match Report,2023,Everton
1984,14,2022-11-05,17:30,Premier League,Matchweek 15,Sat,Home,L,0.0,2.0,Leicester City,0,12.0,2.0,16.7,0.0,0.0,12.9,0.0,0,0,1.2,1.2,0.1,-1.2,-1.2,Match Report,2023,Everton
1986,16,2022-11-12,15:00,Premier League,Matchweek 16,Sat,Away,L,0.0,3.0,Bournemouth,0,15.0,3.0,20.0,0.0,0.0,18.0,0.0,0,0,0.8,0.8,0.06,-0.8,-0.8,Match Report,2023,Everton
1987,17,2022-12-26,15:00,Premier League,Matchweek 17,Mon,Home,L,1.0,2.0,Wolves,1,12.0,5.0,41.7,0.08,0.2,19.2,2.0,0,0,1.7,1.7,0.14,-0.7,-0.7,Match Report,2023,Everton
1988,18,2022-12-31,15:00,Premier League,Matchweek 18,Sat,Away,D,1.0,1.0,Manchester City,1,2.0,1.0,50.0,0.5,1.0,25.1,0.0,0,0,0.1,0.1,0.05,0.9,0.9,Match Report,2023,Everton
1989,19,2023-01-03,19:45,Premier League,Matchweek 19,Tue,Home,L,1.0,4.0,Brighton,1,9.0,3.0,33.3,0.0,0.0,19.0,0.0,1,1,1.3,0.5,0.06,-0.3,-0.5,Match Report,2023,Everton
1991,21,2023-01-14,15:00,Premier League,Matchweek 20,Sat,Home,L,1.0,2.0,Southampton,1,12.0,4.0,33.3,0.08,0.25,16.0,0.0,0,0,1.4,1.4,0.11,-0.4,-0.4,Match Report,2023,Everton
1992,22,2023-01-21,15:00,Premier League,Matchweek 21,Sat,Away,L,0.0,2.0,West Ham,0,5.0,2.0,40.0,0.0,0.0,14.7,0.0,0,0,0.5,0.5,0.11,-0.5,-0.5,Match Report,2023,Everton
1993,23,2023-02-04,12:30,Premier League,Matchweek 22,Sat,Home,W,1.0,0.0,Arsenal,1,12.0,4.0,33.3,0.08,0.25,16.4,0.0,0,0,1.7,1.7,0.14,-0.7,-0.7,Match Report,2023,Everton
1994,24,2023-02-13,20:00,Premier League,Matchweek 23,Mon,Away,L,0.0,2.0,Liverpool,0,6.0,1.0,16.7,0.0,0.0,15.3,0.0,0,0,0.4,0.4,0.06,-0.4,-0.4,Match Report,2023,Everton
1995,25,2023-02-18,15:00,Premier League,Matchweek 24,Sat,Home,W,1.0,0.0,Leeds United,1,15.0,4.0,26.7,0.07,0.25,15.7,0.0,0,0,1.4,1.4,0.1,-0.4,-0.4,Match Report,2023,Everton
1996,26,2023-02-25,15:00,Premier League,Matchweek 25,Sat,Home,L,0.0,2.0,Aston Villa,0,15.0,4.0,26.7,0.0,0.0,12.6,2.0,0,0,1.6,1.6,0.11,-1.6,-1.6,Match Report,2023,Everton
1997,27,2023-03-01,19:45,Premier League,Matchweek 7,Wed,Away,L,0.0,4.0,Arsenal,0,8.0,5.0,62.5,0.0,0.0,14.9,0.0,0,0,1.2,1.2,0.15,-1.2,-1.2,Match Report,2023,Everton
1998,28,2023-03-05,14:00,Premier League,Matchweek 26,Sun,Away,D,2.0,2.0,Nott'ham Forest,2,9.0,2.0,22.2,0.11,0.5,17.0,0.0,1,1,1.7,0.9,0.1,0.3,0.1,Match Report,2023,Everton
1999,29,2023-03-11,15:00,Premier League,Matchweek 27,Sat,Home,W,1.0,0.0,Brentford,1,13.0,6.0,46.2,0.08,0.17,17.0,1.0,0,0,1.0,1.0,0.08,0.0,0.0,Match Report,2023,Everton
2000,30,2023-03-18,17:30,Premier League,Matchweek 28,Sat,Away,D,2.0,2.0,Chelsea,2,12.0,3.0,25.0,0.17,0.67,18.9,1.0,0,0,1.2,1.2,0.11,0.8,0.8,Match Report,2023,Everton
2001,31,2023-04-03,20:00,Premier League,Matchweek 29,Mon,Home,D,1.0,1.0,Tottenham,1,15.0,6.0,40.0,0.07,0.17,19.3,0.0,0,0,0.9,0.9,0.06,0.1,0.1,Match Report,2023,Everton
2002,32,2023-04-08,12:30,Premier League,Matchweek 30,Sat,Away,L,0.0,2.0,Manchester Utd,0,15.0,1.0,6.7,0.0,0.0,18.0,0.0,0,0,1.0,1.0,0.07,-1.0,-1.0,Match Report,2023,Everton
2003,33,2023-04-15,15:00,Premier League,Matchweek 31,Sat,Home,L,1.0,3.0,Fulham,1,15.0,7.0,46.7,0.07,0.14,17.1,0.0,0,0,1.4,1.4,0.1,-0.4,-0.4,Match Report,2023,Everton
2004,34,2023-04-22,15:00,Premier League,Matchweek 32,Sat,Away,D,0.0,0.0,Crystal Palace,0,10.0,5.0,50.0,0.0,0.0,22.4,0.0,0,0,0.4,0.4,0.04,-0.4,-0.4,Match Report,2023,Everton
2005,35,2023-04-27,19:45,Premier League,Matchweek 33,Thu,Home,L,1.0,4.0,Newcastle Utd,1,13.0,5.0,38.5,0.08,0.2,22.3,1.0,0,0,0.9,0.9,0.07,0.1,0.1,Match Report,2023,Everton
2006,36,2023-05-01,20:00,Premier League,Matchweek 34,Mon,Away,D,2.0,2.0,Leicester City,2,22.0,7.0,31.8,0.05,0.14,14.9,0.0,1,1,3.1,2.3,0.11,-1.1,-1.3,Match Report,2023,Everton
2007,37,2023-05-08,17:30,Premier League,Matchweek 35,Mon,Away,W,5.0,1.0,Brighton,4,10.0,5.0,50.0,0.4,0.8,12.8,0.0,0,0,2.3,2.3,0.23,1.7,1.7,Match Report,2023,Everton
2008,38,2023-05-14,14:00,Premier League,Matchweek 36,Sun,Home,L,0.0,3.0,Manchester City,0,7.0,2.0,28.6,0.0,0.0,7.6,0.0,0,0,1.6,1.6,0.27,-1.6,-1.6,Match Report,2023,Everton
2009,39,2023-05-20,15:00,Premier League,Matchweek 37,Sat,Away,D,1.0,1.0,Wolves,1,19.0,4.0,21.1,0.05,0.25,17.1,2.0,0,0,2.0,2.0,0.1,-1.0,-1.0,Match Report,2023,Everton
2010,40,2023-05-28,16:30,Premier League,Matchweek 38,Sun,Home,W,1.0,0.0,Bournemouth,1,13.0,6.0,46.2,0.08,0.17,17.2,0.0,0,0,1.0,1.0,0.08,0.0,0.0,Match Report,2023,Everton
2012,0,2022-08-07,14:00,Premier League,Matchweek 1,Sun,Home,D,2,2,Brentford,2,14.0,5.0,35.7,0.14,0.4,23.1,0.0,0,0,0.6,0.6,0.04,1.4,1.4,Match Report,2023,Leicester City
2013,1,2022-08-13,15:00,Premier League,Matchweek 2,Sat,Away,L,2,4,Arsenal,1,6.0,2.0,33.3,0.17,0.5,14.6,0.0,0,0,0.5,0.5,0.08,0.5,0.5,Match Report,2023,Leicester City
2014,2,2022-08-20,15:00,Premier League,Matchweek 3,Sat,Home,L,1,2,Southampton,1,6.0,1.0,16.7,0.17,1.0,17.8,1.0,0,0,0.3,0.3,0.05,0.7,0.7,Match Report,2023,Leicester City
2016,4,2022-08-27,15:00,Premier League,Matchweek 4,Sat,Away,L,1,2,Chelsea,1,17.0,5.0,29.4,0.06,0.2,17.9,0.0,0,0,2.5,2.5,0.15,-1.5,-1.5,Match Report,2023,Leicester City
2017,5,2022-09-01,20:00,Premier League,Matchweek 5,Thu,Home,L,0,1,Manchester Utd,0,10.0,2.0,20.0,0.0,0.0,23.5,2.0,0,0,0.7,0.7,0.07,-0.7,-0.7,Match Report,2023,Leicester City
2018,6,2022-09-04,14:00,Premier League,Matchweek 6,Sun,Away,L,2,5,Brighton,2,6.0,4.0,66.7,0.33,0.5,14.8,0.0,0,0,1.4,1.4,0.24,0.6,0.6,Match Report,2023,Leicester City
2019,7,2022-09-17,17:30,Premier League,Matchweek 8,Sat,Away,L,2,6,Tottenham,2,18.0,6.0,33.3,0.06,0.17,22.7,0.0,1,1,1.8,1.0,0.05,0.2,0.0,Match Report,2023,Leicester City
2020,8,2022-10-03,20:00,Premier League,Matchweek 9,Mon,Home,W,4,0,Nott'ham Forest,4,17.0,7.0,41.2,0.24,0.57,17.7,1.0,0,0,1.3,1.3,0.08,2.7,2.7,Match Report,2023,Leicester City
2021,9,2022-10-08,15:00,Premier League,Matchweek 10,Sat,Away,L,1,2,Bournemouth,1,9.0,5.0,55.6,0.11,0.2,13.2,1.0,0,0,1.0,1.0,0.12,0.0,0.0,Match Report,2023,Leicester City
2022,10,2022-10-15,12:30,Premier League,Matchweek 11,Sat,Home,D,0,0,Crystal Palace,0,14.0,5.0,35.7,0.0,0.0,19.4,1.0,0,0,1.0,1.0,0.07,-1.0,-1.0,Match Report,2023,Leicester City
2023,11,2022-10-20,20:15,Premier League,Matchweek 12,Thu,Home,W,2,0,Leeds United,1,5.0,1.0,20.0,0.2,1.0,17.7,0.0,0,0,0.8,0.8,0.16,0.2,0.2,Match Report,2023,Leicester City
2024,12,2022-10-23,14:00,Premier League,Matchweek 13,Sun,Away,W,4,0,Wolves,4,5.0,4.0,80.0,0.8,1.0,14.7,0.0,0,0,0.9,0.9,0.18,3.1,3.1,Match Report,2023,Leicester City
2025,13,2022-10-29,12:30,Premier League,Matchweek 14,Sat,Home,L,0,1,Manchester City,0,10.0,5.0,50.0,0.0,0.0,16.4,0.0,0,0,0.7,0.7,0.07,-0.7,-0.7,Match Report,2023,Leicester City
2026,14,2022-11-05,17:30,Premier League,Matchweek 15,Sat,Away,W,2,0,Everton,2,22.0,8.0,36.4,0.09,0.25,17.5,0.0,0,0,2.3,2.3,0.11,-0.3,-0.3,Match Report,2023,Leicester City
2028,16,2022-11-12,15:00,Premier League,Matchweek 16,Sat,Away,W,2,0,West Ham,2,8.0,5.0,62.5,0.25,0.4,21.3,0.0,0,1,1.8,1.0,0.12,0.2,1.0,Match Report,2023,Leicester City
2030,18,2022-12-26,15:00,Premier League,Matchweek 17,Mon,Home,L,0,3,Newcastle Utd,0,8.0,2.0,25.0,0.0,0.0,20.1,0.0,0,0,0.5,0.5,0.06,-0.5,-0.5,Match Report,2023,Leicester City
2031,19,2022-12-30,20:00,Premier League,Matchweek 18,Fri,Away,L,1,2,Liverpool,1,7.0,2.0,28.6,0.14,0.5,12.1,0.0,0,0,1.0,1.0,0.14,0.0,0.0,Match Report,2023,Leicester City
2032,20,2023-01-03,19:45,Premier League,Matchweek 19,Tue,Home,L,0,1,Fulham,0,15.0,6.0,40.0,0.0,0.0,18.9,1.0,0,0,1.7,1.7,0.11,-1.7,-1.7,Match Report,2023,Leicester City
2035,23,2023-01-14,15:00,Premier League,Matchweek 20,Sat,Away,L,0,2,Nott'ham Forest,0,6.0,1.0,16.7,0.0,0.0,18.0,0.0,0,0,1.0,1.0,0.17,-1.0,-1.0,Match Report,2023,Leicester City
2036,24,2023-01-21,15:00,Premier League,Matchweek 21,Sat,Home,D,2,2,Brighton,2,9.0,2.0,22.2,0.22,1.0,12.1,1.0,0,0,0.9,0.9,0.11,1.1,1.1,Match Report,2023,Leicester City
2038,26,2023-02-04,15:00,Premier League,Matchweek 22,Sat,Away,W,4,2,Aston Villa,4,9.0,5.0,55.6,0.44,0.8,15.3,0.0,0,0,2.6,2.6,0.29,1.4,1.4,Match Report,2023,Leicester City
2039,27,2023-02-11,15:00,Premier League,Matchweek 23,Sat,Home,W,4,1,Tottenham,4,15.0,6.0,40.0,0.27,0.67,15.6,0.0,0,0,1.7,1.7,0.11,2.3,2.3,Match Report,2023,Leicester City
2040,28,2023-02-19,14:00,Premier League,Matchweek 24,Sun,Away,L,0,3,Manchester Utd,0,19.0,3.0,15.8,0.0,0.0,19.0,1.0,0,0,1.6,1.6,0.09,-1.6,-1.6,Match Report,2023,Leicester City
2041,29,2023-02-25,15:00,Premier League,Matchweek 25,Sat,Home,L,0,1,Arsenal,0,1.0,0.0,0.0,0.0,,29.4,0.0,0,0,0.0,0.0,0.02,0.0,0.0,Match Report,2023,Leicester City
2043,31,2023-03-04,17:30,Premier League,Matchweek 26,Sat,Away,L,0,1,Southampton,0,11.0,0.0,0.0,0.0,,15.8,0.0,0,0,1.9,1.9,0.18,-1.9,-1.9,Match Report,2023,Leicester City
2044,32,2023-03-11,15:00,Premier League,Matchweek 27,Sat,Home,L,1,3,Chelsea,1,17.0,6.0,35.3,0.06,0.17,18.3,1.0,0,0,2.4,2.4,0.15,-1.4,-1.4,Match Report,2023,Leicester City
2045,33,2023-03-18,15:00,Premier League,Matchweek 28,Sat,Away,D,1,1,Brentford,1,14.0,1.0,7.1,0.07,1.0,16.8,0.0,0,0,1.3,1.3,0.1,-0.3,-0.3,Match Report,2023,Leicester City
2046,34,2023-04-01,15:00,Premier League,Matchweek 29,Sat,Away,L,1,2,Crystal Palace,1,3.0,2.0,66.7,0.33,0.5,13.8,0.0,0,0,0.2,0.2,0.07,0.8,0.8,Match Report,2023,Leicester City
2047,35,2023-04-04,19:45,Premier League,Matchweek 7,Tue,Home,L,1,2,Aston Villa,1,9.0,4.0,44.4,0.11,0.25,16.7,1.0,0,0,0.5,0.5,0.05,0.5,0.5,Match Report,2023,Leicester City
2048,36,2023-04-08,15:00,Premier League,Matchweek 30,Sat,Home,L,0,1,Bournemouth,0,14.0,4.0,28.6,0.0,0.0,16.9,0.0,0,0,0.6,0.6,0.04,-0.6,-0.6,Match Report,2023,Leicester City
2049,37,2023-04-15,17:30,Premier League,Matchweek 31,Sat,Away,L,1,3,Manchester City,1,11.0,4.0,36.4,0.09,0.25,14.3,0.0,0,0,2.3,2.3,0.22,-1.3,-1.3,Match Report,2023,Leicester City
2050,38,2023-04-22,15:00,Premier League,Matchweek 32,Sat,Home,W,2,1,Wolves,2,14.0,6.0,42.9,0.07,0.17,19.0,0.0,1,1,2.4,1.6,0.12,-0.4,-0.6,Match Report,2023,Leicester City
2051,39,2023-04-25,20:00,Premier League,Matchweek 33,Tue,Away,D,1,1,Leeds United,1,15.0,3.0,20.0,0.07,0.33,13.4,1.0,0,0,2.1,2.1,0.15,-1.1,-1.1,Match Report,2023,Leicester City
2052,40,2023-05-01,20:00,Premier League,Matchweek 34,Mon,Home,D,2,2,Everton,2,14.0,4.0,28.6,0.14,0.5,18.9,0.0,0,1,3.4,2.6,0.19,-1.4,-0.6,Match Report,2023,Leicester City
2053,41,2023-05-08,15:00,Premier League,Matchweek 35,Mon,Away,L,3,5,Fulham,3,16.0,7.0,43.8,0.13,0.29,20.9,2.0,1,2,2.8,1.2,0.07,0.2,0.8,Match Report,2023,Leicester City
2054,42,2023-05-15,20:00,Premier League,Matchweek 36,Mon,Home,L,0,3,Liverpool,0,4.0,4.0,100.0,0.0,0.0,13.4,0.0,0,0,0.4,0.4,0.1,-0.4,-0.4,Match Report,2023,Leicester City
2055,43,2023-05-22,20:00,Premier League,Matchweek 37,Mon,Away,D,0,0,Newcastle Utd,0,1.0,1.0,100.0,0.0,0.0,11.0,0.0,0,0,0.1,0.1,0.09,-0.1,-0.1,Match Report,2023,Leicester City
2056,44,2023-05-28,16:30,Premier League,Matchweek 38,Sun,Home,W,2,1,West Ham,2,13.0,4.0,30.8,0.15,0.5,17.5,0.0,0,0,1.4,1.4,0.11,0.6,0.6,Match Report,2023,Leicester City
2058,0,2022-08-06,15:00,Premier League,Matchweek 1,Sat,Home,W,2.0,1.0,Wolves,1,12.0,4.0,33.3,0.08,0.25,18.6,1.0,0,0,0.8,0.8,0.07,0.2,0.2,Match Report,2023,Leeds United
2059,1,2022-08-13,15:00,Premier League,Matchweek 2,Sat,Away,D,2.0,2.0,Southampton,2,13.0,5.0,38.5,0.15,0.4,12.0,0.0,0,0,1.8,1.8,0.15,0.2,0.2,Match Report,2023,Leeds United
2060,2,2022-08-21,14:00,Premier League,Matchweek 3,Sun,Home,W,3.0,0.0,Chelsea,3,12.0,6.0,50.0,0.25,0.5,16.3,0.0,0,0,2.1,2.1,0.18,0.9,0.9,Match Report,2023,Leeds United
2062,4,2022-08-27,15:00,Premier League,Matchweek 4,Sat,Away,L,0.0,1.0,Brighton,0,10.0,2.0,20.0,0.0,0.0,18.0,1.0,0,0,1.8,1.8,0.18,-1.8,-1.8,Match Report,2023,Leeds United
2063,5,2022-08-30,20:00,Premier League,Matchweek 5,Tue,Home,D,1.0,1.0,Everton,1,14.0,5.0,35.7,0.07,0.2,16.9,0.0,0,0,1.0,1.0,0.07,0.0,0.0,Match Report,2023,Leeds United
2064,6,2022-09-03,15:00,Premier League,Matchweek 6,Sat,Away,L,2.0,5.0,Brentford,2,17.0,6.0,35.3,0.12,0.33,21.9,1.0,0,0,1.7,1.7,0.11,0.3,0.3,Match Report,2023,Leeds United
2065,7,2022-10-02,16:30,Premier League,Matchweek 9,Sun,Home,D,0.0,0.0,Aston Villa,0,6.0,1.0,16.7,0.0,0.0,16.8,0.0,0,0,0.4,0.4,0.06,-0.4,-0.4,Match Report,2023,Leeds United
2066,8,2022-10-09,14:00,Premier League,Matchweek 10,Sun,Away,L,1.0,2.0,Crystal Palace,1,10.0,4.0,40.0,0.1,0.25,18.1,0.0,0,0,1.0,1.0,0.1,0.0,0.0,Match Report,2023,Leeds United
2067,9,2022-10-16,14:00,Premier League,Matchweek 11,Sun,Home,L,0.0,1.0,Arsenal,0,15.0,4.0,26.7,0.0,0.0,18.1,0.0,0,1,1.8,1.1,0.07,-1.8,-1.1,Match Report,2023,Leeds United
2068,10,2022-10-20,20:15,Premier League,Matchweek 12,Thu,Away,L,0.0,2.0,Leicester City,0,14.0,2.0,14.3,0.0,0.0,18.3,0.0,0,0,1.3,1.3,0.1,-1.3,-1.3,Match Report,2023,Leeds United
2069,11,2022-10-23,14:00,Premier League,Matchweek 13,Sun,Home,L,2.0,3.0,Fulham,2,14.0,5.0,35.7,0.14,0.4,16.3,0.0,0,0,1.6,1.6,0.12,0.4,0.4,Match Report,2023,Leeds United
2070,12,2022-10-29,19:45,Premier League,Matchweek 14,Sat,Away,W,2.0,1.0,Liverpool,2,14.0,6.0,42.9,0.14,0.33,19.4,3.0,0,0,1.8,1.8,0.13,0.2,0.2,Match Report,2023,Leeds United
2071,13,2022-11-05,15:00,Premier League,Matchweek 15,Sat,Home,W,4.0,3.0,Bournemouth,4,17.0,3.0,17.6,0.18,1.0,15.9,0.0,1,1,2.2,1.4,0.08,1.8,1.6,Match Report,2023,Leeds United
2073,15,2022-11-12,15:00,Premier League,Matchweek 16,Sat,Away,L,3.0,4.0,Tottenham,3,12.0,5.0,41.7,0.25,0.6,16.2,2.0,0,0,1.1,1.1,0.09,1.9,1.9,Match Report,2023,Leeds United
2074,16,2022-12-28,20:00,Premier League,Matchweek 17,Wed,Home,L,1.0,3.0,Manchester City,1,9.0,1.0,11.1,0.11,1.0,19.3,2.0,0,0,0.6,0.6,0.06,0.4,0.4,Match Report,2023,Leeds United
2075,17,2022-12-31,15:00,Premier League,Matchweek 18,Sat,Away,D,0.0,0.0,Newcastle Utd,0,8.0,1.0,12.5,0.0,0.0,17.9,1.0,0,0,0.4,0.4,0.05,-0.4,-0.4,Match Report,2023,Leeds United
2076,18,2023-01-04,19:45,Premier League,Matchweek 19,Wed,Home,D,2.0,2.0,West Ham,2,14.0,5.0,35.7,0.14,0.4,14.0,0.0,0,0,1.6,1.6,0.12,0.4,0.4,Match Report,2023,Leeds United
2078,20,2023-01-13,20:00,Premier League,Matchweek 20,Fri,Away,L,1.0,2.0,Aston Villa,1,16.0,3.0,18.8,0.06,0.33,12.7,0.0,0,0,2.4,2.4,0.16,-1.4,-1.4,Match Report,2023,Leeds United
2080,22,2023-01-22,14:00,Premier League,Matchweek 21,Sun,Home,D,0.0,0.0,Brentford,0,9.0,5.0,55.6,0.0,0.0,23.2,1.0,0,0,0.5,0.5,0.05,-0.5,-0.5,Match Report,2023,Leeds United
2082,24,2023-02-05,14:00,Premier League,Matchweek 22,Sun,Away,L,0.0,1.0,Nott'ham Forest,0,10.0,4.0,40.0,0.0,0.0,17.1,0.0,0,0,0.9,0.9,0.09,-0.9,-0.9,Match Report,2023,Leeds United
2083,25,2023-02-08,20:00,Premier League,Matchweek 8,Wed,Away,D,2.0,2.0,Manchester Utd,1,8.0,2.0,25.0,0.13,0.5,18.4,1.0,0,0,0.6,0.6,0.08,0.4,0.4,Match Report,2023,Leeds United
2084,26,2023-02-12,14:00,Premier League,Matchweek 23,Sun,Home,L,0.0,2.0,Manchester Utd,0,16.0,6.0,37.5,0.0,0.0,11.6,0.0,0,0,1.8,1.8,0.11,-1.8,-1.8,Match Report,2023,Leeds United
2085,27,2023-02-18,15:00,Premier League,Matchweek 24,Sat,Away,L,0.0,1.0,Everton,0,8.0,0.0,0.0,0.0,,18.4,0.0,0,0,0.5,0.5,0.07,-0.5,-0.5,Match Report,2023,Leeds United
2086,28,2023-02-25,15:00,Premier League,Matchweek 25,Sat,Home,W,1.0,0.0,Southampton,1,14.0,4.0,28.6,0.07,0.25,16.2,0.0,0,0,0.9,0.9,0.06,0.1,0.1,Match Report,2023,Leeds United
2088,30,2023-03-04,15:00,Premier League,Matchweek 26,Sat,Away,L,0.0,1.0,Chelsea,0,11.0,2.0,18.2,0.0,0.0,13.7,1.0,0,0,1.0,1.0,0.1,-1.0,-1.0,Match Report,2023,Leeds United
2089,31,2023-03-11,15:00,Premier League,Matchweek 27,Sat,Home,D,2.0,2.0,Brighton,2,12.0,4.0,33.3,0.17,0.5,19.7,0.0,0,0,0.9,0.9,0.07,1.1,1.1,Match Report,2023,Leeds United
2090,32,2023-03-18,15:00,Premier League,Matchweek 28,Sat,Away,W,4.0,2.0,Wolves,4,11.0,4.0,36.4,0.36,1.0,17.7,2.0,0,0,1.6,1.6,0.15,2.4,2.4,Match Report,2023,Leeds United
2091,33,2023-04-01,15:00,Premier League,Matchweek 29,Sat,Away,L,1.0,4.0,Arsenal,1,7.0,5.0,71.4,0.14,0.2,14.3,0.0,0,0,0.7,0.7,0.1,0.3,0.3,Match Report,2023,Leeds United
2092,34,2023-04-04,19:45,Premier League,Matchweek 7,Tue,Home,W,2.0,1.0,Nott'ham Forest,2,21.0,6.0,28.6,0.1,0.33,17.3,0.0,0,0,1.8,1.8,0.09,0.2,0.2,Match Report,2023,Leeds United
2093,35,2023-04-09,14:00,Premier League,Matchweek 30,Sun,Home,L,1.0,5.0,Crystal Palace,1,11.0,7.0,63.6,0.09,0.14,16.7,1.0,0,0,0.9,0.9,0.08,0.1,0.1,Match Report,2023,Leeds United
2094,36,2023-04-17,20:00,Premier League,Matchweek 31,Mon,Home,L,1.0,6.0,Liverpool,1,13.0,3.0,23.1,0.08,0.33,17.6,0.0,0,0,1.4,1.4,0.11,-0.4,-0.4,Match Report,2023,Leeds United
2095,37,2023-04-22,12:30,Premier League,Matchweek 32,Sat,Away,L,1.0,2.0,Fulham,0,10.0,2.0,20.0,0.0,0.0,16.6,1.0,0,0,0.8,0.8,0.09,-0.8,-0.8,Match Report,2023,Leeds United
2096,38,2023-04-25,20:00,Premier League,Matchweek 33,Tue,Home,D,1.0,1.0,Leicester City,1,13.0,3.0,23.1,0.08,0.33,14.9,0.0,0,0,1.5,1.5,0.13,-0.5,-0.5,Match Report,2023,Leeds United
2097,39,2023-04-30,14:00,Premier League,Matchweek 34,Sun,Away,L,1.0,4.0,Bournemouth,1,15.0,6.0,40.0,0.07,0.17,14.8,1.0,0,0,1.6,1.6,0.11,-0.6,-0.6,Match Report,2023,Leeds United
2098,40,2023-05-06,15:00,Premier League,Matchweek 35,Sat,Away,L,1.0,2.0,Manchester City,1,4.0,2.0,50.0,0.25,0.5,12.1,0.0,0,0,0.2,0.2,0.06,0.8,0.8,Match Report,2023,Leeds United
2099,41,2023-05-13,12:30,Premier League,Matchweek 36,Sat,Home,D,2.0,2.0,Newcastle Utd,2,8.0,3.0,37.5,0.25,0.67,14.9,0.0,0,1,2.0,1.2,0.17,0.0,0.8,Match Report,2023,Leeds United
2100,42,2023-05-21,13:30,Premier League,Matchweek 37,Sun,Away,L,1.0,3.0,West Ham,1,12.0,3.0,25.0,0.08,0.33,15.6,0.0,0,0,0.9,0.9,0.07,0.1,0.1,Match Report,2023,Leeds United
2101,43,2023-05-28,16:30,Premier League,Matchweek 38,Sun,Home,L,1.0,4.0,Tottenham,1,19.0,2.0,10.5,0.05,0.5,15.8,0.0,0,0,1.5,1.5,0.08,-0.5,-0.5,Match Report,2023,Leeds United
2103,0,2022-08-06,15:00,Premier League,Matchweek 1,Sat,Away,L,1,4,Tottenham,1,10.0,2.0,20.0,0.1,0.5,17.1,0.0,0,0,0.5,0.5,0.05,0.5,0.5,Match Report,2023,Southampton
2104,1,2022-08-13,15:00,Premier League,Matchweek 2,Sat,Home,D,2,2,Leeds United,2,14.0,4.0,28.6,0.14,0.5,18.1,1.0,0,0,1.2,1.2,0.09,0.8,0.8,Match Report,2023,Southampton
2105,2,2022-08-20,15:00,Premier League,Matchweek 3,Sat,Away,W,2,1,Leicester City,2,9.0,3.0,33.3,0.22,0.67,15.0,0.0,0,0,0.9,0.9,0.1,1.1,1.1,Match Report,2023,Southampton
2107,4,2022-08-27,12:30,Premier League,Matchweek 4,Sat,Home,L,0,1,Manchester Utd,0,17.0,4.0,23.5,0.0,0.0,13.8,0.0,0,0,1.4,1.4,0.09,-1.4,-1.4,Match Report,2023,Southampton
2108,5,2022-08-30,19:45,Premier League,Matchweek 5,Tue,Home,W,2,1,Chelsea,2,9.0,5.0,55.6,0.22,0.4,17.8,0.0,0,0,1.1,1.1,0.13,0.9,0.9,Match Report,2023,Southampton
2109,6,2022-09-03,15:00,Premier League,Matchweek 6,Sat,Away,L,0,1,Wolves,0,12.0,1.0,8.3,0.0,0.0,16.4,1.0,0,0,1.2,1.2,0.1,-1.2,-1.2,Match Report,2023,Southampton
2110,7,2022-09-16,20:00,Premier League,Matchweek 8,Fri,Away,L,0,1,Aston Villa,0,7.0,1.0,14.3,0.0,0.0,20.2,0.0,0,0,0.3,0.3,0.05,-0.3,-0.3,Match Report,2023,Southampton
2111,8,2022-10-01,15:00,Premier League,Matchweek 9,Sat,Home,L,1,2,Everton,1,22.0,6.0,27.3,0.05,0.17,16.4,1.0,0,0,1.7,1.7,0.08,-0.7,-0.7,Match Report,2023,Southampton
2112,9,2022-10-08,15:00,Premier League,Matchweek 10,Sat,Away,L,0,4,Manchester City,0,5.0,0.0,0.0,0.0,,28.1,0.0,0,0,0.2,0.2,0.03,-0.2,-0.2,Match Report,2023,Southampton
2113,10,2022-10-16,14:00,Premier League,Matchweek 11,Sun,Home,D,1,1,West Ham,1,10.0,8.0,80.0,0.1,0.13,19.6,0.0,0,0,0.5,0.5,0.05,0.5,0.5,Match Report,2023,Southampton
2114,11,2022-10-19,19:30,Premier League,Matchweek 12,Wed,Away,W,1,0,Bournemouth,1,9.0,3.0,33.3,0.11,0.33,13.0,0.0,0,0,1.0,1.0,0.11,0.0,0.0,Match Report,2023,Southampton
2115,12,2022-10-23,14:00,Premier League,Matchweek 13,Sun,Home,D,1,1,Arsenal,1,10.0,3.0,30.0,0.1,0.33,19.4,0.0,0,0,0.7,0.7,0.07,0.3,0.3,Match Report,2023,Southampton
2116,13,2022-10-29,15:00,Premier League,Matchweek 14,Sat,Away,L,0,1,Crystal Palace,0,14.0,4.0,28.6,0.0,0.0,18.1,0.0,0,0,1.3,1.3,0.09,-1.3,-1.3,Match Report,2023,Southampton
2117,14,2022-11-06,14:00,Premier League,Matchweek 15,Sun,Home,L,1,4,Newcastle Utd,1,16.0,5.0,31.3,0.06,0.2,17.6,1.0,0,0,1.7,1.7,0.11,-0.7,-0.7,Match Report,2023,Southampton
2119,16,2022-11-12,15:00,Premier League,Matchweek 16,Sat,Away,L,1,3,Liverpool,1,9.0,5.0,55.6,0.11,0.2,11.9,0.0,0,0,1.1,1.1,0.12,-0.1,-0.1,Match Report,2023,Southampton
2121,18,2022-12-26,15:00,Premier League,Matchweek 17,Mon,Home,L,1,3,Brighton,1,13.0,3.0,23.1,0.08,0.33,16.1,1.0,0,1,1.9,1.0,0.08,-0.9,0.0,Match Report,2023,Southampton
2122,19,2022-12-31,15:00,Premier League,Matchweek 18,Sat,Away,L,1,2,Fulham,1,9.0,3.0,33.3,0.11,0.33,24.5,1.0,0,0,0.8,0.8,0.09,0.2,0.2,Match Report,2023,Southampton
2123,20,2023-01-04,19:30,Premier League,Matchweek 19,Wed,Home,L,0,1,Nott'ham Forest,0,8.0,0.0,0.0,0.0,,14.5,1.0,0,0,0.5,0.5,0.06,-0.5,-0.5,Match Report,2023,Southampton
2126,23,2023-01-14,15:00,Premier League,Matchweek 20,Sat,Away,W,2,1,Everton,2,13.0,5.0,38.5,0.15,0.4,20.7,2.0,0,0,1.2,1.2,0.09,0.8,0.8,Match Report,2023,Southampton
2127,24,2023-01-21,15:00,Premier League,Matchweek 21,Sat,Home,L,0,1,Aston Villa,0,8.0,5.0,62.5,0.0,0.0,15.8,0.0,0,0,0.6,0.6,0.07,-0.6,-0.6,Match Report,2023,Southampton
2131,28,2023-02-04,15:00,Premier League,Matchweek 22,Sat,Away,L,0,3,Brentford,0,14.0,5.0,35.7,0.0,0.0,23.5,0.0,0,0,0.7,0.7,0.05,-0.7,-0.7,Match Report,2023,Southampton
2132,29,2023-02-11,15:00,Premier League,Matchweek 23,Sat,Home,L,1,2,Wolves,1,17.0,2.0,11.8,0.06,0.5,17.7,0.0,0,0,1.1,1.1,0.07,-0.1,-0.1,Match Report,2023,Southampton
2133,30,2023-02-18,15:00,Premier League,Matchweek 24,Sat,Away,W,1,0,Chelsea,1,8.0,4.0,50.0,0.13,0.25,19.7,1.0,0,0,0.6,0.6,0.08,0.4,0.4,Match Report,2023,Southampton
2134,31,2023-02-25,15:00,Premier League,Matchweek 25,Sat,Away,L,0,1,Leeds United,0,8.0,2.0,25.0,0.0,0.0,18.8,0.0,0,0,0.4,0.4,0.05,-0.4,-0.4,Match Report,2023,Southampton
2136,33,2023-03-04,17:30,Premier League,Matchweek 26,Sat,Home,W,1,0,Leicester City,1,10.0,4.0,40.0,0.1,0.25,23.6,1.0,0,1,1.4,0.6,0.06,-0.4,0.4,Match Report,2023,Southampton
2137,34,2023-03-12,14:00,Premier League,Matchweek 27,Sun,Away,D,0,0,Manchester Utd,0,17.0,4.0,23.5,0.0,0.0,21.2,2.0,0,0,1.0,1.0,0.07,-1.0,-1.0,Match Report,2023,Southampton
2138,35,2023-03-15,19:30,Premier League,Matchweek 7,Wed,Home,L,0,2,Brentford,0,7.0,0.0,0.0,0.0,,19.2,1.0,0,0,0.5,0.5,0.07,-0.5,-0.5,Match Report,2023,Southampton
2139,36,2023-03-18,15:00,Premier League,Matchweek 28,Sat,Home,D,3,3,Tottenham,3,18.0,6.0,33.3,0.11,0.33,19.6,1.0,1,1,2.4,1.6,0.1,0.6,0.4,Match Report,2023,Southampton
2140,37,2023-04-02,14:00,Premier League,Matchweek 29,Sun,Away,L,0,1,West Ham,0,9.0,3.0,33.3,0.0,0.0,21.1,0.0,0,0,0.3,0.3,0.03,-0.3,-0.3,Match Report,2023,Southampton
2141,38,2023-04-08,17:30,Premier League,Matchweek 30,Sat,Home,L,1,4,Manchester City,1,4.0,1.0,25.0,0.25,1.0,17.0,0.0,0,0,0.4,0.4,0.1,0.6,0.6,Match Report,2023,Southampton
2142,39,2023-04-15,15:00,Premier League,Matchweek 31,Sat,Home,L,0,2,Crystal Palace,0,11.0,4.0,36.4,0.0,0.0,18.0,0.0,0,0,0.8,0.8,0.07,-0.8,-0.8,Match Report,2023,Southampton
2143,40,2023-04-21,20:00,Premier League,Matchweek 32,Fri,Away,D,3,3,Arsenal,3,8.0,6.0,75.0,0.38,0.5,12.4,0.0,0,0,1.3,1.3,0.17,1.7,1.7,Match Report,2023,Southampton
2144,41,2023-04-27,19:45,Premier League,Matchweek 33,Thu,Home,L,0,1,Bournemouth,0,11.0,2.0,18.2,0.0,0.0,19.9,0.0,0,0,0.5,0.5,0.05,-0.5,-0.5,Match Report,2023,Southampton
2145,42,2023-04-30,14:00,Premier League,Matchweek 34,Sun,Away,L,1,3,Newcastle Utd,1,4.0,3.0,75.0,0.25,0.33,17.3,0.0,0,0,0.8,0.8,0.21,0.2,0.2,Match Report,2023,Southampton
2146,43,2023-05-08,20:00,Premier League,Matchweek 35,Mon,Away,L,3,4,Nott'ham Forest,3,18.0,4.0,22.2,0.11,0.5,14.0,0.0,1,1,3.1,2.4,0.14,-0.1,-0.4,Match Report,2023,Southampton
2147,44,2023-05-13,15:00,Premier League,Matchweek 36,Sat,Home,L,0,2,Fulham,0,5.0,1.0,20.0,0.0,0.0,24.2,0.0,0,0,0.4,0.4,0.07,-0.4,-0.4,Match Report,2023,Southampton
2148,45,2023-05-21,14:00,Premier League,Matchweek 37,Sun,Away,L,1,3,Brighton,1,5.0,1.0,20.0,0.2,1.0,13.8,1.0,0,0,0.6,0.6,0.12,0.4,0.4,Match Report,2023,Southampton
2149,46,2023-05-28,16:30,Premier League,Matchweek 38,Sun,Home,D,4,4,Liverpool,4,15.0,10.0,66.7,0.27,0.4,17.5,1.0,0,0,1.8,1.8,0.12,2.2,2.2,Match Report,2023,Southampton
2152,1,2021-08-15,16:30,Premier League,Matchweek 1,Sun,Away,L,0,1,Tottenham,0,18.0,4.0,22.2,0.0,0.0,17.3,1.0,0,0,1.8,1.8,0.1,-1.8,-1.8,Match Report,2022,Manchester City
2153,2,2021-08-21,15:00,Premier League,Matchweek 2,Sat,Home,W,5,0,Norwich City,4,16.0,4.0,25.0,0.25,1.0,18.5,1.0,0,0,2.6,2.6,0.17,1.4,1.4,Match Report,2022,Manchester City
2154,3,2021-08-28,12:30,Premier League,Matchweek 3,Sat,Home,W,5,0,Arsenal,5,25.0,10.0,40.0,0.2,0.5,14.8,0.0,0,0,4.4,4.4,0.18,0.6,0.6,Match Report,2022,Manchester City
2155,4,2021-09-11,15:00,Premier League,Matchweek 4,Sat,Away,W,1,0,Leicester City,1,25.0,8.0,32.0,0.04,0.13,14.3,0.0,0,0,2.8,2.8,0.12,-1.8,-1.8,Match Report,2022,Manchester City
2157,6,2021-09-18,15:00,Premier League,Matchweek 5,Sat,Home,D,0,0,Southampton,0,16.0,1.0,6.3,0.0,0.0,16.4,1.0,0,0,1.0,1.0,0.06,-1.0,-1.0,Match Report,2022,Manchester City
2159,8,2021-09-25,12:30,Premier League,Matchweek 6,Sat,Away,W,1,0,Chelsea,1,15.0,3.0,20.0,0.07,0.33,17.1,0.0,0,0,1.7,1.7,0.11,-0.7,-0.7,Match Report,2022,Manchester City
2161,10,2021-10-03,16:30,Premier League,Matchweek 7,Sun,Away,D,2,2,Liverpool,2,12.0,3.0,25.0,0.17,0.67,17.0,1.0,0,0,1.2,1.2,0.1,0.8,0.8,Match Report,2022,Manchester City
2162,11,2021-10-16,15:00,Premier League,Matchweek 8,Sat,Home,W,2,0,Burnley,2,15.0,6.0,40.0,0.13,0.33,14.4,0.0,0,0,2.1,2.1,0.15,-0.1,-0.1,Match Report,2022,Manchester City
2164,13,2021-10-23,17:30,Premier League,Matchweek 9,Sat,Away,W,4,1,Brighton,4,23.0,12.0,52.2,0.17,0.33,16.0,1.0,0,0,3.8,3.8,0.18,0.2,0.2,Match Report,2022,Manchester City
2166,15,2021-10-30,15:00,Premier League,Matchweek 10,Sat,Home,L,0,2,Crystal Palace,0,14.0,3.0,21.4,0.0,0.0,17.7,0.0,0,0,0.7,0.7,0.05,-0.7,-0.7,Match Report,2022,Manchester City
2168,17,2021-11-06,12:30,Premier League,Matchweek 11,Sat,Away,W,2,0,Manchester Utd,1,16.0,5.0,31.3,0.06,0.2,14.7,0.0,0,0,1.6,1.6,0.1,-0.6,-0.6,Match Report,2022,Manchester City
2169,18,2021-11-21,14:00,Premier League,Matchweek 12,Sun,Home,W,3,0,Everton,3,17.0,7.0,41.2,0.18,0.43,16.4,1.0,0,0,2.5,2.5,0.15,0.5,0.5,Match Report,2022,Manchester City
2171,20,2021-11-28,14:00,Premier League,Matchweek 13,Sun,Home,W,2,1,West Ham,2,19.0,8.0,42.1,0.11,0.25,16.0,0.0,0,0,2.1,2.1,0.11,-0.1,-0.1,Match Report,2022,Manchester City
2172,21,2021-12-01,20:15,Premier League,Matchweek 14,Wed,Away,W,2,1,Aston Villa,2,17.0,7.0,41.2,0.12,0.29,19.2,1.0,0,0,1.0,1.0,0.06,1.0,1.0,Match Report,2022,Manchester City
2173,22,2021-12-04,17:30,Premier League,Matchweek 15,Sat,Away,W,3,1,Watford,3,26.0,12.0,46.2,0.12,0.25,14.4,0.0,0,0,3.1,3.1,0.12,-0.1,-0.1,Match Report,2022,Manchester City
2175,24,2021-12-11,12:30,Premier League,Matchweek 16,Sat,Home,W,1,0,Wolves,1,23.0,8.0,34.8,0.0,0.0,15.7,0.0,1,1,3.2,2.4,0.11,-2.2,-2.4,Match Report,2022,Manchester City
2176,25,2021-12-14,20:00,Premier League,Matchweek 17,Tue,Home,W,7,0,Leeds United,7,31.0,15.0,48.4,0.23,0.47,17.3,2.0,0,0,3.1,3.1,0.1,3.9,3.9,Match Report,2022,Manchester City
2177,26,2021-12-19,14:15,Premier League,Matchweek 18,Sun,Away,W,4,0,Newcastle Utd,4,18.0,7.0,38.9,0.22,0.57,12.9,0.0,0,0,2.9,2.9,0.17,1.1,1.1,Match Report,2022,Manchester City
2178,27,2021-12-26,15:00,Premier League,Matchweek 19,Sun,Home,W,6,3,Leicester City,6,15.0,6.0,40.0,0.27,0.67,17.5,1.0,2,2,3.6,2.0,0.14,2.4,2.0,Match Report,2022,Manchester City
2179,28,2021-12-29,20:15,Premier League,Matchweek 20,Wed,Away,W,1,0,Brentford,1,12.0,3.0,25.0,0.08,0.33,19.8,0.0,0,0,1.1,1.1,0.09,-0.1,-0.1,Match Report,2022,Manchester City
2180,29,2022-01-01,12:30,Premier League,Matchweek 21,Sat,Away,W,2,1,Arsenal,2,14.0,1.0,7.1,0.07,1.0,18.7,0.0,1,1,2.0,1.2,0.09,0.0,-0.2,Match Report,2022,Manchester City
2182,31,2022-01-15,12:30,Premier League,Matchweek 22,Sat,Home,W,1,0,Chelsea,1,11.0,6.0,54.5,0.09,0.17,16.5,1.0,0,0,1.0,1.0,0.09,0.0,0.0,Match Report,2022,Manchester City
2183,32,2022-01-22,17:30,Premier League,Matchweek 23,Sat,Away,D,1,1,Southampton,1,20.0,5.0,25.0,0.05,0.2,17.5,0.0,0,0,1.8,1.8,0.09,-0.8,-0.8,Match Report,2022,Manchester City
2185,34,2022-02-09,19:45,Premier League,Matchweek 24,Wed,Home,W,2,0,Brentford,2,14.0,6.0,42.9,0.07,0.17,19.8,0.0,1,1,1.9,1.1,0.08,0.1,-0.1,Match Report,2022,Manchester City
2186,35,2022-02-12,17:30,Premier League,Matchweek 25,Sat,Away,W,4,0,Norwich City,4,21.0,8.0,38.1,0.19,0.5,11.8,0.0,0,1,4.6,3.7,0.19,-0.6,0.3,Match Report,2022,Manchester City
2188,37,2022-02-19,17:30,Premier League,Matchweek 26,Sat,Home,L,2,3,Tottenham,2,20.0,3.0,15.0,0.05,0.33,16.2,0.0,1,1,2.1,1.3,0.07,-0.1,-0.3,Match Report,2022,Manchester City
2189,38,2022-02-26,17:30,Premier League,Matchweek 27,Sat,Away,W,1,0,Everton,1,13.0,8.0,61.5,0.08,0.13,16.3,0.0,0,0,1.8,1.8,0.14,-0.8,-0.8,Match Report,2022,Manchester City
2191,40,2022-03-06,16:30,Premier League,Matchweek 28,Sun,Home,W,4,1,Manchester Utd,4,24.0,10.0,41.7,0.17,0.4,15.2,1.0,0,0,2.7,2.7,0.13,1.3,1.3,Match Report,2022,Manchester City
2193,42,2022-03-14,20:00,Premier League,Matchweek 29,Mon,Away,D,0,0,Crystal Palace,0,19.0,4.0,21.1,0.0,0.0,17.2,0.0,0,0,2.8,2.8,0.15,-2.8,-2.8,Match Report,2022,Manchester City
2195,44,2022-04-02,15:00,Premier League,Matchweek 31,Sat,Away,W,2,0,Burnley,2,18.0,6.0,33.3,0.11,0.33,16.5,0.0,0,0,1.8,1.8,0.1,0.2,0.2,Match Report,2022,Manchester City
2197,46,2022-04-10,16:30,Premier League,Matchweek 32,Sun,Home,D,2,2,Liverpool,2,11.0,4.0,36.4,0.18,0.5,17.8,1.0,0,0,1.3,1.3,0.11,0.7,0.7,Match Report,2022,Manchester City
2200,49,2022-04-20,20:00,Premier League,Matchweek 30,Wed,Home,W,3,0,Brighton,3,17.0,5.0,29.4,0.18,0.6,20.0,0.0,0,0,1.3,1.3,0.07,1.7,1.7,Match Report,2022,Manchester City
2201,50,2022-04-23,15:00,Premier League,Matchweek 34,Sat,Home,W,5,1,Watford,5,20.0,7.0,35.0,0.2,0.57,14.6,0.0,1,1,3.6,2.9,0.14,1.4,1.1,Match Report,2022,Manchester City
2203,52,2022-04-30,17:30,Premier League,Matchweek 35,Sat,Away,W,4,0,Leeds United,4,19.0,6.0,31.6,0.21,0.67,16.2,0.0,0,0,2.4,2.4,0.13,1.6,1.6,Match Report,2022,Manchester City
2205,54,2022-05-08,16:30,Premier League,Matchweek 36,Sun,Home,W,5,0,Newcastle Utd,5,21.0,9.0,42.9,0.24,0.56,16.0,1.0,0,0,3.1,3.1,0.16,1.9,1.9,Match Report,2022,Manchester City
2206,55,2022-05-11,20:15,Premier League,Matchweek 33,Wed,Away,W,5,1,Wolves,5,15.0,5.0,33.3,0.33,1.0,14.7,0.0,0,0,2.3,2.3,0.16,2.7,2.7,Match Report,2022,Manchester City
2207,56,2022-05-15,14:00,Premier League,Matchweek 37,Sun,Away,D,2,2,West Ham,1,30.0,7.0,23.3,0.03,0.14,18.6,2.0,0,1,2.4,1.6,0.05,-1.4,-0.6,Match Report,2022,Manchester City
2208,57,2022-05-22,16:00,Premier League,Matchweek 38,Sun,Home,W,3,2,Aston Villa,3,24.0,5.0,20.8,0.13,0.6,14.2,1.0,0,0,3.4,3.4,0.14,-0.4,-0.4,Match Report,2022,Manchester City
2210,0,2021-08-14,17:30,Premier League,Matchweek 1,Sat,Away,W,3,0,Norwich City,3,19.0,6.0,31.6,0.16,0.5,17.3,1.0,0,0,1.6,1.6,0.09,1.4,1.4,Match Report,2022,Liverpool
2211,1,2021-08-21,12:30,Premier League,Matchweek 2,Sat,Home,W,2,0,Burnley,2,27.0,8.0,29.6,0.07,0.25,16.1,0.0,0,0,2.7,2.7,0.1,-0.7,-0.7,Match Report,2022,Liverpool
2212,2,2021-08-28,17:30,Premier League,Matchweek 3,Sat,Home,D,1,1,Chelsea,1,23.0,6.0,26.1,0.0,0.0,16.2,0.0,1,1,2.5,2.1,0.1,-1.5,-2.1,Match Report,2022,Liverpool
2213,3,2021-09-12,16:30,Premier League,Matchweek 4,Sun,Away,W,3,0,Leeds United,3,30.0,8.0,26.7,0.1,0.38,16.1,1.0,0,0,4.3,4.3,0.15,-1.3,-1.3,Match Report,2022,Liverpool
2215,5,2021-09-18,15:00,Premier League,Matchweek 5,Sat,Home,W,3,0,Crystal Palace,3,25.0,10.0,40.0,0.12,0.3,16.4,1.0,0,0,3.1,3.1,0.13,-0.1,-0.1,Match Report,2022,Liverpool
2217,7,2021-09-25,17:30,Premier League,Matchweek 6,Sat,Away,D,3,3,Brentford,3,16.0,5.0,31.3,0.19,0.6,17.0,1.0,0,0,2.8,2.8,0.19,0.2,0.2,Match Report,2022,Liverpool
2219,9,2021-10-03,16:30,Premier League,Matchweek 7,Sun,Home,D,2,2,Manchester City,2,6.0,3.0,50.0,0.33,0.67,15.0,1.0,0,0,0.9,0.9,0.15,1.1,1.1,Match Report,2022,Liverpool
2220,10,2021-10-16,12:30,Premier League,Matchweek 8,Sat,Away,W,5,0,Watford,5,19.0,8.0,42.1,0.26,0.63,16.0,0.0,0,0,3.3,3.3,0.17,1.7,1.7,Match Report,2022,Liverpool
2222,12,2021-10-24,16:30,Premier League,Matchweek 9,Sun,Away,W,5,0,Manchester Utd,5,19.0,8.0,42.1,0.26,0.63,16.6,0.0,0,0,3.4,3.4,0.18,1.6,1.6,Match Report,2022,Liverpool
2224,14,2021-10-30,15:00,Premier League,Matchweek 10,Sat,Home,D,2,2,Brighton,2,14.0,3.0,21.4,0.14,0.67,20.8,0.0,0,0,1.5,1.5,0.1,0.5,0.5,Match Report,2022,Liverpool
2226,16,2021-11-07,16:30,Premier League,Matchweek 11,Sun,Away,L,2,3,West Ham,2,16.0,5.0,31.3,0.13,0.4,16.7,1.0,0,0,1.2,1.2,0.08,0.8,0.8,Match Report,2022,Liverpool
2227,17,2021-11-20,17:30,Premier League,Matchweek 12,Sat,Home,W,4,0,Arsenal,4,19.0,9.0,47.4,0.21,0.44,13.4,0.0,0,0,4.3,4.3,0.23,-0.3,-0.3,Match Report,2022,Liverpool
2229,19,2021-11-27,15:00,Premier League,Matchweek 13,Sat,Home,W,4,0,Southampton,4,20.0,6.0,30.0,0.2,0.67,15.5,0.0,0,0,2.9,2.9,0.15,1.1,1.1,Match Report,2022,Liverpool
2230,20,2021-12-01,20:15,Premier League,Matchweek 14,Wed,Away,W,4,1,Everton,4,16.0,7.0,43.8,0.25,0.57,16.5,1.0,0,0,2.4,2.4,0.15,1.6,1.6,Match Report,2022,Liverpool
2231,21,2021-12-04,15:00,Premier League,Matchweek 15,Sat,Away,W,1,0,Wolves,1,17.0,4.0,23.5,0.06,0.25,13.6,0.0,0,0,2.7,2.7,0.17,-1.7,-1.7,Match Report,2022,Liverpool
2233,23,2021-12-11,15:00,Premier League,Matchweek 16,Sat,Home,W,1,0,Aston Villa,1,19.0,4.0,21.1,0.0,0.0,16.1,0.0,1,1,2.2,1.4,0.07,-1.2,-1.4,Match Report,2022,Liverpool
2234,24,2021-12-16,20:00,Premier League,Matchweek 17,Thu,Home,W,3,1,Newcastle Utd,3,23.0,8.0,34.8,0.13,0.38,16.4,0.0,0,0,2.7,2.7,0.14,0.3,0.3,Match Report,2022,Liverpool
2235,25,2021-12-19,16:30,Premier League,Matchweek 18,Sun,Away,D,2,2,Tottenham,2,18.0,6.0,33.3,0.11,0.33,16.7,0.0,0,0,1.1,1.1,0.06,0.9,0.9,Match Report,2022,Liverpool
2237,27,2021-12-28,20:00,Premier League,Matchweek 20,Tue,Away,L,0,1,Leicester City,0,20.0,3.0,15.0,0.0,0.0,15.0,0.0,0,1,2.3,1.4,0.07,-2.3,-1.4,Match Report,2022,Liverpool
2238,28,2022-01-02,16:30,Premier League,Matchweek 21,Sun,Away,D,2,2,Chelsea,2,10.0,6.0,60.0,0.2,0.33,17.9,0.0,0,0,1.3,1.3,0.13,0.7,0.7,Match Report,2022,Liverpool
2241,31,2022-01-16,14:00,Premier League,Matchweek 22,Sun,Home,W,3,0,Brentford,3,27.0,13.0,48.1,0.11,0.23,16.7,0.0,0,0,2.7,2.7,0.1,0.3,0.3,Match Report,2022,Liverpool
2243,33,2022-01-23,14:00,Premier League,Matchweek 23,Sun,Away,W,3,1,Crystal Palace,3,13.0,6.0,46.2,0.15,0.33,21.6,0.0,1,1,1.9,1.1,0.08,1.1,0.9,Match Report,2022,Liverpool
2245,35,2022-02-10,19:45,Premier League,Matchweek 24,Thu,Home,W,2,0,Leicester City,2,22.0,11.0,50.0,0.09,0.18,15.7,0.0,0,0,1.8,1.8,0.08,0.2,0.2,Match Report,2022,Liverpool
2246,36,2022-02-13,14:00,Premier League,Matchweek 25,Sun,Away,W,1,0,Burnley,1,12.0,4.0,33.3,0.08,0.25,14.4,0.0,0,0,1.7,1.7,0.18,-0.7,-0.7,Match Report,2022,Liverpool
2248,38,2022-02-19,15:00,Premier League,Matchweek 26,Sat,Home,W,3,1,Norwich City,3,29.0,7.0,24.1,0.1,0.43,17.8,0.0,0,0,3.6,3.6,0.13,-0.6,-0.6,Match Report,2022,Liverpool
2249,39,2022-02-23,19:45,Premier League,Matchweek 19,Wed,Home,W,6,0,Leeds United,6,21.0,12.0,57.1,0.19,0.33,17.7,0.0,2,2,5.9,4.3,0.21,0.1,-0.3,Match Report,2022,Liverpool
2252,42,2022-03-05,17:30,Premier League,Matchweek 28,Sat,Home,W,1,0,West Ham,1,22.0,5.0,22.7,0.05,0.2,19.1,1.0,0,0,2.4,2.4,0.11,-1.4,-1.4,Match Report,2022,Liverpool
2254,44,2022-03-12,12:30,Premier League,Matchweek 29,Sat,Away,W,2,0,Brighton,2,17.0,8.0,47.1,0.06,0.13,15.2,0.0,1,1,2.2,1.5,0.09,-0.2,-0.5,Match Report,2022,Liverpool
2255,45,2022-03-16,20:15,Premier League,Matchweek 27,Wed,Away,W,2,0,Arsenal,2,9.0,3.0,33.3,0.22,0.67,14.4,0.0,0,0,0.8,0.8,0.09,1.2,1.2,Match Report,2022,Liverpool
2257,47,2022-04-02,12:30,Premier League,Matchweek 31,Sat,Home,W,2,0,Watford,2,19.0,2.0,10.5,0.05,0.5,18.7,0.0,1,1,2.2,1.4,0.08,-0.2,-0.4,Match Report,2022,Liverpool
2259,49,2022-04-10,16:30,Premier League,Matchweek 32,Sun,Away,D,2,2,Manchester City,2,6.0,4.0,66.7,0.33,0.5,22.9,0.0,0,0,1.3,1.3,0.22,0.7,0.7,Match Report,2022,Liverpool
2262,52,2022-04-19,20:00,Premier League,Matchweek 30,Tue,Home,W,4,0,Manchester Utd,4,14.0,5.0,35.7,0.29,0.8,15.5,0.0,0,0,2.0,2.0,0.14,2.0,2.0,Match Report,2022,Liverpool
2263,53,2022-04-24,16:30,Premier League,Matchweek 34,Sun,Home,W,2,0,Everton,2,18.0,4.0,22.2,0.11,0.5,15.3,0.0,0,0,1.7,1.7,0.11,0.3,0.3,Match Report,2022,Liverpool
2265,55,2022-04-30,12:30,Premier League,Matchweek 35,Sat,Away,W,1,0,Newcastle Utd,1,24.0,10.0,41.7,0.04,0.1,17.7,2.0,0,0,2.3,2.3,0.1,-1.3,-1.3,Match Report,2022,Liverpool
2267,57,2022-05-07,19:45,Premier League,Matchweek 36,Sat,Home,D,1,1,Tottenham,1,22.0,3.0,13.6,0.05,0.33,19.6,1.0,0,0,1.3,1.3,0.06,-0.3,-0.3,Match Report,2022,Liverpool
2268,58,2022-05-10,20:00,Premier League,Matchweek 33,Tue,Away,W,2,1,Aston Villa,2,17.0,5.0,29.4,0.12,0.4,17.0,2.0,0,0,1.8,1.8,0.12,0.2,0.2,Match Report,2022,Liverpool
2270,60,2022-05-17,19:45,Premier League,Matchweek 37,Tue,Away,W,2,1,Southampton,2,24.0,5.0,20.8,0.08,0.4,18.6,0.0,0,0,1.3,1.3,0.05,0.7,0.7,Match Report,2022,Liverpool
2271,61,2022-05-22,16:00,Premier League,Matchweek 38,Sun,Home,W,3,1,Wolves,3,29.0,7.0,24.1,0.1,0.43,15.6,0.0,0,0,2.7,2.7,0.1,0.3,0.3,Match Report,2022,Liverpool
2275,1,2021-08-14,15:00,Premier League,Matchweek 1,Sat,Home,W,3,0,Crystal Palace,3,13.0,6.0,46.2,0.23,0.5,21.0,4.0,0,0,0.7,0.7,0.05,2.3,2.3,Match Report,2022,Chelsea
2276,2,2021-08-22,16:30,Premier League,Matchweek 2,Sun,Away,W,2,0,Arsenal,2,22.0,5.0,22.7,0.09,0.4,16.0,0.0,0,0,3.1,3.1,0.14,-1.1,-1.1,Match Report,2022,Chelsea
2277,3,2021-08-28,17:30,Premier League,Matchweek 3,Sat,Away,D,1,1,Liverpool,1,6.0,3.0,50.0,0.17,0.33,12.5,0.0,0,0,0.6,0.6,0.11,0.4,0.4,Match Report,2022,Chelsea
2278,4,2021-09-11,17:30,Premier League,Matchweek 4,Sat,Home,W,3,0,Aston Villa,3,12.0,4.0,33.3,0.25,0.75,22.6,0.0,0,0,1.3,1.3,0.11,1.7,1.7,Match Report,2022,Chelsea
2280,6,2021-09-19,16:30,Premier League,Matchweek 5,Sun,Away,W,3,0,Tottenham,3,20.0,9.0,45.0,0.15,0.33,14.5,0.0,0,0,2.1,2.1,0.11,0.9,0.9,Match Report,2022,Chelsea
2282,8,2021-09-25,12:30,Premier League,Matchweek 6,Sat,Home,L,0,1,Manchester City,0,5.0,0.0,0.0,0.0,,27.9,1.0,0,0,0.2,0.2,0.05,-0.2,-0.2,Match Report,2022,Chelsea
2284,10,2021-10-02,15:00,Premier League,Matchweek 7,Sat,Home,W,3,1,Southampton,3,20.0,9.0,45.0,0.15,0.33,12.8,0.0,0,0,3.3,3.3,0.17,-0.3,-0.3,Match Report,2022,Chelsea
2285,11,2021-10-16,17:30,Premier League,Matchweek 8,Sat,Away,W,1,0,Brentford,1,5.0,1.0,20.0,0.2,1.0,24.7,2.0,0,0,0.3,0.3,0.07,0.7,0.7,Match Report,2022,Chelsea
2287,13,2021-10-23,12:30,Premier League,Matchweek 9,Sat,Home,W,7,0,Norwich City,6,22.0,12.0,54.5,0.23,0.42,19.8,0.0,1,1,3.1,2.6,0.12,2.9,2.4,Match Report,2022,Chelsea
2289,15,2021-10-30,15:00,Premier League,Matchweek 10,Sat,Away,W,3,0,Newcastle Utd,3,18.0,5.0,27.8,0.11,0.4,20.5,1.0,1,1,2.2,1.4,0.09,0.8,0.6,Match Report,2022,Chelsea
2291,17,2021-11-06,15:00,Premier League,Matchweek 11,Sat,Home,D,1,1,Burnley,1,25.0,4.0,16.0,0.04,0.25,16.0,0.0,0,0,1.8,1.8,0.07,-0.8,-0.8,Match Report,2022,Chelsea
2292,18,2021-11-20,12:30,Premier League,Matchweek 12,Sat,Away,W,3,0,Leicester City,3,16.0,7.0,43.8,0.19,0.43,16.7,2.0,0,0,2.0,2.0,0.13,1.0,1.0,Match Report,2022,Chelsea
2294,20,2021-11-28,16:30,Premier League,Matchweek 13,Sun,Home,D,1,1,Manchester Utd,1,23.0,5.0,21.7,0.0,0.0,16.8,0.0,1,1,2.7,1.9,0.08,-1.7,-1.9,Match Report,2022,Chelsea
2295,21,2021-12-01,19:30,Premier League,Matchweek 14,Wed,Away,W,2,1,Watford,2,8.0,4.0,50.0,0.25,0.5,15.1,0.0,0,0,0.9,0.9,0.12,1.1,1.1,Match Report,2022,Chelsea
2296,22,2021-12-04,12:30,Premier League,Matchweek 15,Sat,Away,L,2,3,West Ham,2,19.0,7.0,36.8,0.11,0.29,17.5,0.0,0,0,1.1,1.1,0.06,0.9,0.9,Match Report,2022,Chelsea
2298,24,2021-12-11,15:00,Premier League,Matchweek 16,Sat,Home,W,3,2,Leeds United,3,14.0,4.0,28.6,0.07,0.25,20.0,2.0,2,2,2.5,0.9,0.07,0.5,0.1,Match Report,2022,Chelsea
2299,25,2021-12-16,19:45,Premier League,Matchweek 17,Thu,Home,D,1,1,Everton,1,23.0,10.0,43.5,0.04,0.1,14.7,2.0,0,0,2.9,2.9,0.13,-1.9,-1.9,Match Report,2022,Chelsea
2300,26,2021-12-19,14:00,Premier League,Matchweek 18,Sun,Away,D,0,0,Wolves,0,8.0,1.0,12.5,0.0,0.0,14.9,0.0,0,0,0.9,0.9,0.11,-0.9,-0.9,Match Report,2022,Chelsea
2302,28,2021-12-26,17:30,Premier League,Matchweek 19,Sun,Away,W,3,1,Aston Villa,3,8.0,2.0,25.0,0.13,0.5,17.6,1.0,2,2,2.6,1.1,0.13,0.4,-0.1,Match Report,2022,Chelsea
2303,29,2021-12-29,19:30,Premier League,Matchweek 20,Wed,Home,D,1,1,Brighton,1,11.0,5.0,45.5,0.09,0.2,13.6,0.0,0,0,0.7,0.7,0.06,0.3,0.3,Match Report,2022,Chelsea
2304,30,2022-01-02,16:30,Premier League,Matchweek 21,Sun,Home,D,2,2,Liverpool,2,15.0,6.0,40.0,0.13,0.33,18.0,3.0,0,0,1.2,1.2,0.08,0.8,0.8,Match Report,2022,Chelsea
2308,34,2022-01-15,12:30,Premier League,Matchweek 22,Sat,Away,L,0,1,Manchester City,0,4.0,1.0,25.0,0.0,0.0,19.1,0.0,0,0,0.3,0.3,0.08,-0.3,-0.3,Match Report,2022,Chelsea
2309,35,2022-01-18,20:00,Premier League,Matchweek 24,Tue,Away,D,1,1,Brighton,1,15.0,3.0,20.0,0.07,0.33,21.1,1.0,0,0,0.7,0.7,0.05,0.3,0.3,Match Report,2022,Chelsea
2310,36,2022-01-23,16:30,Premier League,Matchweek 23,Sun,Home,W,2,0,Tottenham,2,15.0,7.0,46.7,0.13,0.29,15.9,0.0,0,0,1.2,1.2,0.08,0.8,0.8,Match Report,2022,Chelsea
2312,38,2022-02-19,15:00,Premier League,Matchweek 26,Sat,Away,W,1,0,Crystal Palace,1,9.0,3.0,33.3,0.11,0.33,17.0,1.0,0,0,0.9,0.9,0.1,0.1,0.1,Match Report,2022,Chelsea
2316,42,2022-03-05,15:00,Premier League,Matchweek 28,Sat,Away,W,4,0,Burnley,4,11.0,5.0,45.5,0.36,0.8,18.1,0.0,0,0,2.3,2.3,0.21,1.7,1.7,Match Report,2022,Chelsea
2317,43,2022-03-10,19:30,Premier League,Matchweek 30,Thu,Away,W,3,1,Norwich City,3,15.0,7.0,46.7,0.2,0.43,12.7,1.0,0,0,1.8,1.8,0.12,1.2,1.2,Match Report,2022,Chelsea
2318,44,2022-03-13,14:00,Premier League,Matchweek 29,Sun,Home,W,1,0,Newcastle Utd,1,8.0,3.0,37.5,0.13,0.33,16.4,1.0,0,0,1.1,1.1,0.14,-0.1,-0.1,Match Report,2022,Chelsea
2321,47,2022-04-02,15:00,Premier League,Matchweek 31,Sat,Home,L,1,4,Brentford,1,21.0,8.0,38.1,0.05,0.13,20.1,0.0,0,0,1.3,1.3,0.07,-0.3,-0.3,Match Report,2022,Chelsea
2323,49,2022-04-09,15:00,Premier League,Matchweek 32,Sat,Away,W,6,0,Southampton,6,24.0,14.0,58.3,0.25,0.43,15.3,0.0,0,0,4.2,4.2,0.19,1.8,1.8,Match Report,2022,Chelsea
2326,52,2022-04-20,19:45,Premier League,Matchweek 25,Wed,Home,L,2,4,Arsenal,2,11.0,2.0,18.2,0.18,1.0,15.9,0.0,0,0,0.7,0.7,0.06,1.3,1.3,Match Report,2022,Chelsea
2327,53,2022-04-24,14:00,Premier League,Matchweek 34,Sun,Home,W,1,0,West Ham,1,25.0,4.0,16.0,0.04,0.25,19.0,0.0,0,1,3.0,2.2,0.09,-2.0,-1.2,Match Report,2022,Chelsea
2328,54,2022-04-28,19:45,Premier League,Matchweek 37,Thu,Away,D,1,1,Manchester Utd,1,21.0,6.0,28.6,0.05,0.17,17.4,0.0,0,0,1.9,1.9,0.09,-0.9,-0.9,Match Report,2022,Chelsea
2329,55,2022-05-01,14:00,Premier League,Matchweek 35,Sun,Away,L,0,1,Everton,0,17.0,5.0,29.4,0.0,0.0,17.9,0.0,0,0,0.8,0.8,0.05,-0.8,-0.8,Match Report,2022,Chelsea
2330,56,2022-05-07,15:00,Premier League,Matchweek 36,Sat,Home,D,2,2,Wolves,2,18.0,5.0,27.8,0.06,0.2,18.2,2.0,1,1,1.7,0.9,0.05,0.3,0.1,Match Report,2022,Chelsea
2331,57,2022-05-11,19:30,Premier League,Matchweek 33,Wed,Away,W,3,0,Leeds United,3,17.0,3.0,17.6,0.18,1.0,16.9,0.0,0,0,1.3,1.3,0.08,1.7,1.7,Match Report,2022,Chelsea
2333,59,2022-05-19,20:00,Premier League,Matchweek 27,Thu,Home,D,1,1,Leicester City,1,20.0,7.0,35.0,0.05,0.14,20.0,2.0,0,0,1.6,1.6,0.08,-0.6,-0.6,Match Report,2022,Chelsea
2334,60,2022-05-22,16:00,Premier League,Matchweek 38,Sun,Home,W,2,1,Watford,2,19.0,8.0,42.1,0.11,0.25,16.9,0.0,0,0,2.2,2.2,0.12,-0.2,-0.2,Match Report,2022,Chelsea
2336,0,2021-08-15,16:30,Premier League,Matchweek 1,Sun,Home,W,1,0,Manchester City,1,13.0,2.0,15.4,0.08,0.5,20.3,0.0,0,0,1.0,1.0,0.08,0.0,0.0,Match Report,2022,Tottenham Hotspur
2338,2,2021-08-22,14:00,Premier League,Matchweek 2,Sun,Away,W,1,0,Wolves,1,7.0,5.0,71.4,0.0,0.0,14.6,0.0,1,1,1.7,0.9,0.14,-0.7,-0.9,Match Report,2022,Tottenham Hotspur
2340,4,2021-08-29,14:00,Premier League,Matchweek 3,Sun,Home,W,1,0,Watford,1,15.0,8.0,53.3,0.07,0.13,18.8,3.0,0,0,1.0,1.0,0.07,0.0,0.0,Match Report,2022,Tottenham Hotspur
2341,5,2021-09-11,12:30,Premier League,Matchweek 4,Sat,Away,L,0,3,Crystal Palace,0,2.0,1.0,50.0,0.0,0.0,19.1,0.0,0,0,0.1,0.1,0.03,-0.1,-0.1,Match Report,2022,Tottenham Hotspur
2343,7,2021-09-19,16:30,Premier League,Matchweek 5,Sun,Home,L,0,3,Chelsea,0,8.0,2.0,25.0,0.0,0.0,20.0,1.0,0,0,0.5,0.5,0.06,-0.5,-0.5,Match Report,2022,Tottenham Hotspur
2345,9,2021-09-26,16:30,Premier League,Matchweek 6,Sun,Away,L,1,3,Arsenal,1,10.0,4.0,40.0,0.1,0.25,16.3,0.0,0,0,1.0,1.0,0.1,0.0,0.0,Match Report,2022,Tottenham Hotspur
2347,11,2021-10-03,14:00,Premier League,Matchweek 7,Sun,Home,W,2,1,Aston Villa,1,17.0,7.0,41.2,0.06,0.14,20.5,2.0,0,0,1.3,1.3,0.08,-0.3,-0.3,Match Report,2022,Tottenham Hotspur
2348,12,2021-10-17,16:30,Premier League,Matchweek 8,Sun,Away,W,3,2,Newcastle Utd,3,14.0,4.0,28.6,0.21,0.75,17.9,1.0,0,0,1.7,1.7,0.12,1.3,1.3,Match Report,2022,Tottenham Hotspur
2350,14,2021-10-24,14:00,Premier League,Matchweek 9,Sun,Away,L,0,1,West Ham,0,7.0,4.0,57.1,0.0,0.0,17.8,0.0,0,0,0.7,0.7,0.1,-0.7,-0.7,Match Report,2022,Tottenham Hotspur
2352,16,2021-10-30,17:30,Premier League,Matchweek 10,Sat,Home,L,0,3,Manchester Utd,0,9.0,0.0,0.0,0.0,,16.6,1.0,0,0,1.0,1.0,0.11,-1.0,-1.0,Match Report,2022,Tottenham Hotspur
2354,18,2021-11-07,14:00,Premier League,Matchweek 11,Sun,Away,D,0,0,Everton,0,8.0,0.0,0.0,0.0,,19.5,0.0,0,0,0.7,0.7,0.09,-0.7,-0.7,Match Report,2022,Tottenham Hotspur
2355,19,2021-11-21,16:30,Premier League,Matchweek 12,Sun,Home,W,2,1,Leeds United,2,13.0,4.0,30.8,0.15,0.5,17.5,1.0,0,0,2.1,2.1,0.17,-0.1,-0.1,Match Report,2022,Tottenham Hotspur
2357,21,2021-12-02,19:30,Premier League,Matchweek 14,Thu,Home,W,2,0,Brentford,1,11.0,6.0,54.5,0.09,0.17,9.8,0.0,0,0,1.9,1.9,0.18,-0.9,-0.9,Match Report,2022,Tottenham Hotspur
2358,22,2021-12-05,14:00,Premier League,Matchweek 15,Sun,Home,W,3,0,Norwich City,3,17.0,7.0,41.2,0.18,0.43,18.5,0.0,0,0,1.6,1.6,0.1,1.4,1.4,Match Report,2022,Tottenham Hotspur
2359,23,2021-12-19,16:30,Premier League,Matchweek 18,Sun,Home,D,2,2,Liverpool,2,10.0,5.0,50.0,0.2,0.4,10.4,0.0,0,0,3.0,3.0,0.3,-1.0,-1.0,Match Report,2022,Tottenham Hotspur
2361,25,2021-12-26,15:00,Premier League,Matchweek 19,Sun,Home,W,3,0,Crystal Palace,3,17.0,6.0,35.3,0.18,0.5,14.5,0.0,0,0,2.3,2.3,0.13,0.7,0.7,Match Report,2022,Tottenham Hotspur
2362,26,2021-12-28,15:00,Premier League,Matchweek 20,Tue,Away,D,1,1,Southampton,1,20.0,10.0,50.0,0.0,0.0,15.8,1.0,1,1,2.3,1.5,0.08,-1.3,-1.5,Match Report,2022,Tottenham Hotspur
2363,27,2022-01-01,15:00,Premier League,Matchweek 21,Sat,Away,W,1,0,Watford,1,21.0,9.0,42.9,0.05,0.11,17.6,0.0,0,0,2.2,2.2,0.11,-1.2,-1.2,Match Report,2022,Tottenham Hotspur
2367,31,2022-01-19,19:30,Premier League,Matchweek 17,Wed,Away,W,3,2,Leicester City,3,27.0,8.0,29.6,0.11,0.38,16.4,1.0,0,0,3.1,3.1,0.12,-0.1,-0.1,Match Report,2022,Tottenham Hotspur
2368,32,2022-01-23,16:30,Premier League,Matchweek 23,Sun,Away,L,0,2,Chelsea,0,6.0,3.0,50.0,0.0,0.0,16.6,0.0,0,0,0.5,0.5,0.08,-0.5,-0.5,Match Report,2022,Tottenham Hotspur
2370,34,2022-02-09,19:45,Premier League,Matchweek 24,Wed,Home,L,2,3,Southampton,1,8.0,3.0,37.5,0.13,0.33,15.3,0.0,0,0,1.4,1.4,0.17,-0.4,-0.4,Match Report,2022,Tottenham Hotspur
2371,35,2022-02-13,14:00,Premier League,Matchweek 25,Sun,Home,L,0,2,Wolves,0,17.0,7.0,41.2,0.0,0.0,15.9,2.0,0,0,1.2,1.2,0.07,-1.2,-1.2,Match Report,2022,Tottenham Hotspur
2372,36,2022-02-19,17:30,Premier League,Matchweek 26,Sat,Away,W,3,2,Manchester City,3,6.0,5.0,83.3,0.5,0.6,15.0,0.0,0,0,1.4,1.4,0.24,1.6,1.6,Match Report,2022,Tottenham Hotspur
2373,37,2022-02-23,19:30,Premier League,Matchweek 13,Wed,Away,L,0,1,Burnley,0,12.0,2.0,16.7,0.0,0.0,17.4,0.0,0,0,0.7,0.7,0.06,-0.7,-0.7,Match Report,2022,Tottenham Hotspur
2374,38,2022-02-26,12:30,Premier League,Matchweek 27,Sat,Away,W,4,0,Leeds United,4,15.0,10.0,66.7,0.27,0.4,14.2,0.0,0,0,1.9,1.9,0.13,2.1,2.1,Match Report,2022,Tottenham Hotspur
2376,40,2022-03-07,20:00,Premier League,Matchweek 28,Mon,Home,W,5,0,Everton,4,14.0,7.0,50.0,0.29,0.57,13.5,0.0,0,0,2.5,2.5,0.19,1.5,1.5,Match Report,2022,Tottenham Hotspur
2377,41,2022-03-12,17:30,Premier League,Matchweek 29,Sat,Away,L,2,3,Manchester Utd,1,9.0,1.0,11.1,0.0,0.0,19.8,1.0,1,1,1.5,0.8,0.09,-0.5,-0.8,Match Report,2022,Tottenham Hotspur
2378,42,2022-03-16,19:30,Premier League,Matchweek 16,Wed,Away,W,2,0,Brighton,2,17.0,7.0,41.2,0.12,0.29,19.0,1.0,0,0,2.2,2.2,0.13,-0.2,-0.2,Match Report,2022,Tottenham Hotspur
2379,43,2022-03-20,16:30,Premier League,Matchweek 30,Sun,Home,W,3,1,West Ham,2,17.0,4.0,23.5,0.12,0.5,16.6,0.0,0,0,3.0,3.0,0.18,-1.0,-1.0,Match Report,2022,Tottenham Hotspur
2380,44,2022-04-03,16:30,Premier League,Matchweek 31,Sun,Home,W,5,1,Newcastle Utd,5,19.0,6.0,31.6,0.26,0.83,16.0,1.0,0,0,3.1,3.1,0.16,1.9,1.9,Match Report,2022,Tottenham Hotspur
2381,45,2022-04-09,17:30,Premier League,Matchweek 32,Sat,Away,W,4,0,Aston Villa,4,11.0,5.0,45.5,0.36,0.8,18.8,0.0,0,0,1.1,1.1,0.1,2.9,2.9,Match Report,2022,Tottenham Hotspur
2382,46,2022-04-16,12:30,Premier League,Matchweek 33,Sat,Home,L,0,1,Brighton,0,5.0,0.0,0.0,0.0,,20.8,0.0,0,0,0.5,0.5,0.1,-0.5,-0.5,Match Report,2022,Tottenham Hotspur
2383,47,2022-04-23,17:30,Premier League,Matchweek 34,Sat,Away,D,0,0,Brentford,0,9.0,0.0,0.0,0.0,,16.7,0.0,0,0,0.6,0.6,0.07,-0.6,-0.6,Match Report,2022,Tottenham Hotspur
2384,48,2022-05-01,14:00,Premier League,Matchweek 35,Sun,Home,W,3,1,Leicester City,3,13.0,7.0,53.8,0.23,0.43,14.2,0.0,0,0,1.2,1.2,0.09,1.8,1.8,Match Report,2022,Tottenham Hotspur
2385,49,2022-05-07,19:45,Premier League,Matchweek 36,Sat,Away,D,1,1,Liverpool,1,8.0,3.0,37.5,0.13,0.33,17.5,0.0,0,0,0.9,0.9,0.11,0.1,0.1,Match Report,2022,Tottenham Hotspur
2386,50,2022-05-12,19:45,Premier League,Matchweek 22,Thu,Home,W,3,0,Arsenal,3,15.0,5.0,33.3,0.13,0.4,14.3,0.0,1,1,2.7,2.0,0.14,0.3,0.0,Match Report,2022,Tottenham Hotspur
2387,51,2022-05-15,12:00,Premier League,Matchweek 37,Sun,Home,W,1,0,Burnley,1,20.0,6.0,30.0,0.0,0.0,20.3,0.0,1,1,2.2,1.4,0.07,-1.2,-1.4,Match Report,2022,Tottenham Hotspur
2388,52,2022-05-22,16:00,Premier League,Matchweek 38,Sun,Away,W,5,0,Norwich City,5,19.0,12.0,63.2,0.26,0.42,14.9,0.0,0,0,3.4,3.4,0.2,1.6,1.6,Match Report,2022,Tottenham Hotspur
2390,0,2021-08-13,20:00,Premier League,Matchweek 1,Fri,Away,L,0.0,2.0,Brentford,0,22.0,4.0,18.2,0.0,0.0,19.0,1.0,0,0,1.3,1.3,0.06,-1.3,-1.3,Match Report,2022,Arsenal
2391,1,2021-08-22,16:30,Premier League,Matchweek 2,Sun,Home,L,0.0,2.0,Chelsea,0,6.0,3.0,50.0,0.0,0.0,18.7,0.0,0,0,0.3,0.3,0.06,-0.3,-0.3,Match Report,2022,Arsenal
2393,3,2021-08-28,12:30,Premier League,Matchweek 3,Sat,Away,L,0.0,5.0,Manchester City,0,1.0,0.0,0.0,0.0,,6.8,0.0,0,0,0.2,0.2,0.21,-0.2,-0.2,Match Report,2022,Arsenal
2394,4,2021-09-11,15:00,Premier League,Matchweek 4,Sat,Home,W,1.0,0.0,Norwich City,1,30.0,6.0,20.0,0.03,0.17,16.9,1.0,0,0,2.7,2.7,0.1,-1.7,-1.7,Match Report,2022,Arsenal
2395,5,2021-09-18,15:00,Premier League,Matchweek 5,Sat,Away,W,1.0,0.0,Burnley,1,13.0,3.0,23.1,0.08,0.33,20.7,1.0,0,0,1.1,1.1,0.08,-0.1,-0.1,Match Report,2022,Arsenal
2397,7,2021-09-26,16:30,Premier League,Matchweek 6,Sun,Home,W,3.0,1.0,Tottenham,3,12.0,7.0,58.3,0.25,0.43,17.7,0.0,0,0,1.1,1.1,0.09,1.9,1.9,Match Report,2022,Arsenal
2398,8,2021-10-02,17:30,Premier League,Matchweek 7,Sat,Away,D,0.0,0.0,Brighton,0,8.0,2.0,25.0,0.0,0.0,21.1,1.0,0,0,0.4,0.4,0.05,-0.4,-0.4,Match Report,2022,Arsenal
2399,9,2021-10-18,20:00,Premier League,Matchweek 8,Mon,Home,D,2.0,2.0,Crystal Palace,2,17.0,6.0,35.3,0.12,0.33,17.6,1.0,0,0,1.7,1.7,0.11,0.3,0.3,Match Report,2022,Arsenal
2400,10,2021-10-22,20:00,Premier League,Matchweek 9,Fri,Home,W,3.0,1.0,Aston Villa,3,21.0,8.0,38.1,0.14,0.38,17.3,1.0,0,1,2.7,1.8,0.09,0.3,1.2,Match Report,2022,Arsenal
2402,12,2021-10-30,12:30,Premier League,Matchweek 10,Sat,Away,W,2.0,0.0,Leicester City,2,9.0,5.0,55.6,0.22,0.4,16.7,0.0,0,0,0.7,0.7,0.08,1.3,1.3,Match Report,2022,Arsenal
2403,13,2021-11-07,14:00,Premier League,Matchweek 11,Sun,Home,W,1.0,0.0,Watford,1,13.0,5.0,38.5,0.08,0.2,21.1,1.0,0,1,1.6,0.8,0.07,-0.6,0.2,Match Report,2022,Arsenal
2404,14,2021-11-20,17:30,Premier League,Matchweek 12,Sat,Away,L,0.0,4.0,Liverpool,0,5.0,3.0,60.0,0.0,0.0,19.9,0.0,0,0,0.4,0.4,0.08,-0.4,-0.4,Match Report,2022,Arsenal
2405,15,2021-11-27,12:30,Premier League,Matchweek 13,Sat,Home,W,2.0,0.0,Newcastle Utd,2,24.0,6.0,25.0,0.08,0.33,17.8,1.0,0,0,2.5,2.5,0.11,-0.5,-0.5,Match Report,2022,Arsenal
2406,16,2021-12-02,20:15,Premier League,Matchweek 14,Thu,Away,L,2.0,3.0,Manchester Utd,2,17.0,7.0,41.2,0.12,0.29,16.5,1.0,0,0,1.4,1.4,0.09,0.6,0.6,Match Report,2022,Arsenal
2407,17,2021-12-06,20:00,Premier League,Matchweek 15,Mon,Away,L,1.0,2.0,Everton,1,10.0,3.0,30.0,0.1,0.33,16.1,0.0,0,0,1.0,1.0,0.1,0.0,0.0,Match Report,2022,Arsenal
2408,18,2021-12-11,15:00,Premier League,Matchweek 16,Sat,Home,W,3.0,0.0,Southampton,3,15.0,5.0,33.3,0.2,0.6,15.7,0.0,0,0,1.8,1.8,0.12,1.2,1.2,Match Report,2022,Arsenal
2409,19,2021-12-15,20:00,Premier League,Matchweek 17,Wed,Home,W,2.0,0.0,West Ham,2,20.0,7.0,35.0,0.1,0.29,19.6,2.0,0,1,2.8,2.0,0.1,-0.8,0.0,Match Report,2022,Arsenal
2410,20,2021-12-18,17:30,Premier League,Matchweek 18,Sat,Away,W,4.0,1.0,Leeds United,4,21.0,12.0,57.1,0.19,0.33,16.7,0.0,0,0,3.5,3.5,0.18,0.5,0.5,Match Report,2022,Arsenal
2412,22,2021-12-26,15:00,Premier League,Matchweek 19,Sun,Away,W,5.0,0.0,Norwich City,5,15.0,5.0,33.3,0.27,0.8,17.7,1.0,1,1,2.5,1.7,0.12,2.5,2.3,Match Report,2022,Arsenal
2413,23,2022-01-01,12:30,Premier League,Matchweek 21,Sat,Home,L,1.0,2.0,Manchester City,1,7.0,2.0,28.6,0.14,0.5,15.6,0.0,0,0,0.8,0.8,0.11,0.2,0.2,Match Report,2022,Arsenal
2417,27,2022-01-23,14:00,Premier League,Matchweek 23,Sun,Home,D,0.0,0.0,Burnley,0,20.0,5.0,25.0,0.0,0.0,18.8,2.0,0,0,1.2,1.2,0.06,-1.2,-1.2,Match Report,2022,Arsenal
2418,28,2022-02-10,19:45,Premier League,Matchweek 24,Thu,Away,W,1.0,0.0,Wolves,1,12.0,2.0,16.7,0.08,0.5,17.2,0.0,0,0,1.8,1.8,0.17,-0.8,-0.8,Match Report,2022,Arsenal
2419,29,2022-02-19,15:00,Premier League,Matchweek 26,Sat,Home,W,2.0,1.0,Brentford,2,24.0,7.0,29.2,0.08,0.29,16.0,0.0,0,0,1.7,1.7,0.08,0.3,0.3,Match Report,2022,Arsenal
2420,30,2022-02-24,19:45,Premier League,Matchweek 20,Thu,Home,W,2.0,1.0,Wolves,1,26.0,5.0,19.2,0.04,0.2,15.6,1.0,0,0,3.1,3.1,0.12,-2.1,-2.1,Match Report,2022,Arsenal
2421,31,2022-03-06,14:00,Premier League,Matchweek 28,Sun,Away,W,3.0,2.0,Watford,3,16.0,4.0,25.0,0.19,0.75,17.3,0.0,0,0,1.0,1.0,0.07,2.0,2.0,Match Report,2022,Arsenal
2422,32,2022-03-13,16:30,Premier League,Matchweek 29,Sun,Home,W,2.0,0.0,Leicester City,2,20.0,6.0,30.0,0.05,0.17,16.2,0.0,1,1,2.4,2.3,0.12,-0.4,-1.3,Match Report,2022,Arsenal
2423,33,2022-03-16,20:15,Premier League,Matchweek 27,Wed,Home,L,0.0,2.0,Liverpool,0,9.0,2.0,22.2,0.0,0.0,22.5,0.0,0,0,0.5,0.5,0.06,-0.5,-0.5,Match Report,2022,Arsenal
2424,34,2022-03-19,12:30,Premier League,Matchweek 30,Sat,Away,W,1.0,0.0,Aston Villa,1,10.0,3.0,30.0,0.1,0.33,19.5,0.0,0,0,1.3,1.3,0.13,-0.3,-0.3,Match Report,2022,Arsenal
2425,35,2022-04-04,20:00,Premier League,Matchweek 31,Mon,Away,L,0.0,3.0,Crystal Palace,0,12.0,3.0,25.0,0.0,0.0,18.5,0.0,0,0,0.8,0.8,0.07,-0.8,-0.8,Match Report,2022,Arsenal
2426,36,2022-04-09,15:00,Premier League,Matchweek 32,Sat,Home,L,1.0,2.0,Brighton,1,20.0,4.0,20.0,0.05,0.25,16.7,2.0,0,0,1.9,1.9,0.1,-0.9,-0.9,Match Report,2022,Arsenal
2427,37,2022-04-16,15:00,Premier League,Matchweek 33,Sat,Away,L,0.0,1.0,Southampton,0,23.0,6.0,26.1,0.0,0.0,18.3,1.0,0,0,1.7,1.7,0.07,-1.7,-1.7,Match Report,2022,Arsenal
2428,38,2022-04-20,19:45,Premier League,Matchweek 25,Wed,Away,W,4.0,2.0,Chelsea,4,13.0,3.0,23.1,0.23,1.0,19.5,0.0,1,1,2.0,1.2,0.1,2.0,1.8,Match Report,2022,Arsenal
2429,39,2022-04-23,12:30,Premier League,Matchweek 34,Sat,Home,W,3.0,1.0,Manchester Utd,3,13.0,6.0,46.2,0.15,0.33,19.3,1.0,1,1,2.3,1.8,0.15,0.7,0.2,Match Report,2022,Arsenal
2430,40,2022-05-01,16:30,Premier League,Matchweek 35,Sun,Away,W,2.0,1.0,West Ham,2,13.0,7.0,53.8,0.15,0.29,19.3,0.0,0,0,0.9,0.9,0.07,1.1,1.1,Match Report,2022,Arsenal
2431,41,2022-05-08,14:00,Premier League,Matchweek 36,Sun,Home,W,2.0,1.0,Leeds United,2,19.0,9.0,47.4,0.11,0.22,14.3,2.0,0,0,2.0,2.0,0.11,0.0,0.0,Match Report,2022,Arsenal
2432,42,2022-05-12,19:45,Premier League,Matchweek 22,Thu,Away,L,0.0,3.0,Tottenham,0,9.0,5.0,55.6,0.0,0.0,24.0,0.0,0,0,0.5,0.5,0.05,-0.5,-0.5,Match Report,2022,Arsenal
2433,43,2022-05-16,20:00,Premier League,Matchweek 37,Mon,Away,L,0.0,2.0,Newcastle Utd,0,11.0,2.0,18.2,0.0,0.0,21.1,0.0,0,0,0.6,0.6,0.05,-0.6,-0.6,Match Report,2022,Arsenal
2434,44,2022-05-22,16:00,Premier League,Matchweek 38,Sun,Home,W,5.0,1.0,Everton,5,25.0,8.0,32.0,0.16,0.5,17.0,0.0,1,1,4.2,3.5,0.14,0.8,0.5,Match Report,2022,Arsenal
2436,0,2021-08-14,12:30,Premier League,Matchweek 1,Sat,Home,W,5,1,Leeds United,5,16.0,8.0,50.0,0.31,0.63,18.2,0.0,0,0,1.5,1.5,0.09,3.5,3.5,Match Report,2022,Manchester United
2437,1,2021-08-22,14:00,Premier League,Matchweek 2,Sun,Away,D,1,1,Southampton,1,15.0,3.0,20.0,0.07,0.33,15.1,1.0,0,0,1.8,1.8,0.14,-0.8,-0.8,Match Report,2022,Manchester United
2438,2,2021-08-29,16:30,Premier League,Matchweek 3,Sun,Away,W,1,0,Wolves,1,10.0,3.0,30.0,0.1,0.33,18.8,1.0,0,0,0.6,0.6,0.06,0.4,0.4,Match Report,2022,Manchester United
2439,3,2021-09-11,15:00,Premier League,Matchweek 4,Sat,Home,W,4,1,Newcastle Utd,4,21.0,6.0,28.6,0.19,0.67,20.5,0.0,0,0,2.5,2.5,0.12,1.5,1.5,Match Report,2022,Manchester United
2441,5,2021-09-19,14:00,Premier League,Matchweek 5,Sun,Away,W,2,1,West Ham,2,17.0,10.0,58.8,0.12,0.2,17.1,0.0,0,0,2.0,2.0,0.15,0.0,0.0,Match Report,2022,Manchester United
2443,7,2021-09-25,12:30,Premier League,Matchweek 6,Sat,Home,L,0,1,Aston Villa,0,27.0,4.0,14.8,0.0,0.0,19.7,2.0,0,1,2.2,1.4,0.05,-2.2,-1.4,Match Report,2022,Manchester United
2445,9,2021-10-02,12:30,Premier League,Matchweek 7,Sat,Home,D,1,1,Everton,1,13.0,6.0,46.2,0.08,0.17,15.1,0.0,0,0,1.0,1.0,0.08,0.0,0.0,Match Report,2022,Manchester United
2446,10,2021-10-16,15:00,Premier League,Matchweek 8,Sat,Away,L,2,4,Leicester City,2,18.0,6.0,33.3,0.11,0.33,21.0,0.0,0,0,1.2,1.2,0.06,0.8,0.8,Match Report,2022,Manchester United
2448,12,2021-10-24,16:30,Premier League,Matchweek 9,Sun,Home,L,0,5,Liverpool,0,12.0,3.0,25.0,0.0,0.0,15.5,0.0,0,0,1.6,1.6,0.13,-1.6,-1.6,Match Report,2022,Manchester United
2449,13,2021-10-30,17:30,Premier League,Matchweek 10,Sat,Away,W,3,0,Tottenham,3,10.0,4.0,40.0,0.3,0.75,17.9,0.0,0,0,1.5,1.5,0.15,1.5,1.5,Match Report,2022,Manchester United
2451,15,2021-11-06,12:30,Premier League,Matchweek 11,Sat,Home,L,0,2,Manchester City,0,5.0,1.0,20.0,0.0,0.0,17.3,0.0,0,0,0.9,0.9,0.2,-0.9,-0.9,Match Report,2022,Manchester United
2452,16,2021-11-20,15:00,Premier League,Matchweek 12,Sat,Away,L,1,4,Watford,1,9.0,3.0,33.3,0.11,0.33,14.9,0.0,0,0,1.4,1.4,0.16,-0.4,-0.4,Match Report,2022,Manchester United
2454,18,2021-11-28,16:30,Premier League,Matchweek 13,Sun,Away,D,1,1,Chelsea,1,3.0,2.0,66.7,0.33,0.5,20.7,0.0,0,0,0.9,0.9,0.3,0.1,0.1,Match Report,2022,Manchester United
2455,19,2021-12-02,20:15,Premier League,Matchweek 14,Thu,Home,W,3,2,Arsenal,3,13.0,9.0,69.2,0.15,0.22,19.7,0.0,1,1,1.9,1.2,0.09,1.1,0.8,Match Report,2022,Manchester United
2456,20,2021-12-05,14:00,Premier League,Matchweek 15,Sun,Home,W,1,0,Crystal Palace,1,16.0,3.0,18.8,0.06,0.33,19.2,2.0,0,0,0.9,0.9,0.06,0.1,0.1,Match Report,2022,Manchester United
2458,22,2021-12-11,17:30,Premier League,Matchweek 16,Sat,Away,W,1,0,Norwich City,1,12.0,4.0,33.3,0.0,0.0,19.2,2.0,1,1,2.0,1.2,0.1,-1.0,-1.2,Match Report,2022,Manchester United
2459,23,2021-12-27,20:00,Premier League,Matchweek 19,Mon,Away,D,1,1,Newcastle Utd,1,13.0,3.0,23.1,0.08,0.33,17.9,0.0,0,0,1.6,1.6,0.13,-0.6,-0.6,Match Report,2022,Manchester United
2460,24,2021-12-30,20:15,Premier League,Matchweek 20,Thu,Home,W,3,1,Burnley,2,18.0,6.0,33.3,0.11,0.33,17.5,1.0,0,0,2.4,2.4,0.14,-0.4,-0.4,Match Report,2022,Manchester United
2461,25,2022-01-03,17:30,Premier League,Matchweek 21,Mon,Home,L,0,1,Wolves,0,9.0,2.0,22.2,0.0,0.0,20.8,1.0,0,0,0.8,0.8,0.09,-0.8,-0.8,Match Report,2022,Manchester United
2463,27,2022-01-15,17:30,Premier League,Matchweek 22,Sat,Away,D,2,2,Aston Villa,2,13.0,6.0,46.2,0.15,0.33,17.5,1.0,0,0,1.0,1.0,0.08,1.0,1.0,Match Report,2022,Manchester United
2464,28,2022-01-19,20:00,Premier League,Matchweek 17,Wed,Away,W,3,1,Brentford,3,13.0,5.0,38.5,0.23,0.6,17.8,0.0,0,0,2.3,2.3,0.18,0.7,0.7,Match Report,2022,Manchester United
2465,29,2022-01-22,15:00,Premier League,Matchweek 23,Sat,Home,W,1,0,West Ham,1,18.0,3.0,16.7,0.06,0.33,18.3,1.0,0,0,1.9,1.9,0.1,-0.9,-0.9,Match Report,2022,Manchester United
2467,31,2022-02-08,20:00,Premier League,Matchweek 24,Tue,Away,D,1,1,Burnley,1,22.0,5.0,22.7,0.05,0.2,15.9,0.0,0,0,1.8,1.8,0.08,-0.8,-0.8,Match Report,2022,Manchester United
2468,32,2022-02-12,12:30,Premier League,Matchweek 25,Sat,Home,D,1,1,Southampton,1,12.0,7.0,58.3,0.08,0.14,11.7,0.0,0,0,2.1,2.1,0.18,-1.1,-1.1,Match Report,2022,Manchester United
2469,33,2022-02-15,20:15,Premier League,Matchweek 18,Tue,Home,W,2,0,Brighton,2,19.0,7.0,36.8,0.11,0.29,19.7,2.0,0,0,1.7,1.7,0.09,0.3,0.3,Match Report,2022,Manchester United
2470,34,2022-02-20,14:00,Premier League,Matchweek 26,Sun,Away,W,4,2,Leeds United,4,15.0,9.0,60.0,0.27,0.44,14.3,0.0,0,0,2.2,2.2,0.15,1.8,1.8,Match Report,2022,Manchester United
2472,36,2022-02-26,15:00,Premier League,Matchweek 27,Sat,Home,D,0,0,Watford,0,22.0,3.0,13.6,0.0,0.0,16.9,1.0,0,0,2.8,2.8,0.13,-2.8,-2.8,Match Report,2022,Manchester United
2473,37,2022-03-06,16:30,Premier League,Matchweek 28,Sun,Away,L,1,4,Manchester City,1,5.0,2.0,40.0,0.2,0.5,14.1,0.0,0,0,0.5,0.5,0.1,0.5,0.5,Match Report,2022,Manchester United
2474,38,2022-03-12,17:30,Premier League,Matchweek 29,Sat,Home,W,3,2,Tottenham,3,10.0,6.0,60.0,0.3,0.5,16.1,0.0,0,0,1.0,1.0,0.1,2.0,2.0,Match Report,2022,Manchester United
2476,40,2022-04-02,17:30,Premier League,Matchweek 31,Sat,Home,D,1,1,Leicester City,1,11.0,5.0,45.5,0.09,0.2,14.7,0.0,0,0,0.9,0.9,0.09,0.1,0.1,Match Report,2022,Manchester United
2477,41,2022-04-09,12:30,Premier League,Matchweek 32,Sat,Away,L,0,1,Everton,0,12.0,4.0,33.3,0.0,0.0,17.5,0.0,0,0,0.8,0.8,0.06,-0.8,-0.8,Match Report,2022,Manchester United
2478,42,2022-04-16,15:00,Premier League,Matchweek 33,Sat,Home,W,3,2,Norwich City,3,20.0,9.0,45.0,0.15,0.33,17.3,1.0,0,0,1.9,1.9,0.1,1.1,1.1,Match Report,2022,Manchester United
2479,43,2022-04-19,20:00,Premier League,Matchweek 30,Tue,Away,L,0,4,Liverpool,0,2.0,1.0,50.0,0.0,0.0,21.0,0.0,0,0,0.1,0.1,0.05,-0.1,-0.1,Match Report,2022,Manchester United
2480,44,2022-04-23,12:30,Premier League,Matchweek 34,Sat,Away,L,1,3,Arsenal,1,13.0,5.0,38.5,0.08,0.2,18.1,0.0,0,1,1.8,1.0,0.08,-0.8,0.0,Match Report,2022,Manchester United
2481,45,2022-04-28,19:45,Premier League,Matchweek 37,Thu,Home,D,1,1,Chelsea,1,6.0,3.0,50.0,0.17,0.33,15.9,0.0,0,0,0.5,0.5,0.09,0.5,0.5,Match Report,2022,Manchester United
2482,46,2022-05-02,20:00,Premier League,Matchweek 35,Mon,Home,W,3,0,Brentford,3,8.0,4.0,50.0,0.25,0.5,20.3,1.0,1,1,2.0,1.2,0.15,1.0,0.8,Match Report,2022,Manchester United
2483,47,2022-05-07,17:30,Premier League,Matchweek 36,Sat,Away,L,0,4,Brighton,0,15.0,5.0,33.3,0.0,0.0,19.4,1.0,0,0,0.9,0.9,0.06,-0.9,-0.9,Match Report,2022,Manchester United
2484,48,2022-05-22,16:00,Premier League,Matchweek 38,Sun,Away,L,0,1,Crystal Palace,0,10.0,4.0,40.0,0.0,0.0,19.8,1.0,0,0,0.7,0.7,0.08,-0.7,-0.7,Match Report,2022,Manchester United
2486,0,2021-08-15,14:00,Premier League,Matchweek 1,Sun,Away,W,4,2,Newcastle Utd,4,17.0,7.0,41.2,0.24,0.57,17.1,1.0,0,1,2.7,2.0,0.12,1.3,2.0,Match Report,2022,West Ham United
2487,1,2021-08-23,20:00,Premier League,Matchweek 2,Mon,Home,W,4,1,Leicester City,4,19.0,7.0,36.8,0.21,0.57,13.9,0.0,0,0,2.3,2.3,0.12,1.7,1.7,Match Report,2022,West Ham United
2488,2,2021-08-28,15:00,Premier League,Matchweek 3,Sat,Home,D,2,2,Crystal Palace,2,14.0,4.0,28.6,0.14,0.5,15.2,0.0,0,0,1.3,1.3,0.1,0.7,0.7,Match Report,2022,West Ham United
2489,3,2021-09-11,15:00,Premier League,Matchweek 4,Sat,Away,D,0,0,Southampton,0,13.0,3.0,23.1,0.0,0.0,20.0,1.0,0,0,0.7,0.7,0.06,-0.7,-0.7,Match Report,2022,West Ham United
2491,5,2021-09-19,14:00,Premier League,Matchweek 5,Sun,Home,L,1,2,Manchester Utd,1,12.0,3.0,25.0,0.08,0.33,22.0,0.0,0,1,1.6,0.8,0.07,-0.6,0.2,Match Report,2022,West Ham United
2493,7,2021-09-25,15:00,Premier League,Matchweek 6,Sat,Away,W,2,1,Leeds United,1,20.0,6.0,30.0,0.05,0.17,18.2,2.0,0,0,1.6,1.6,0.08,-0.6,-0.6,Match Report,2022,West Ham United
2495,9,2021-10-03,14:00,Premier League,Matchweek 7,Sun,Home,L,1,2,Brentford,1,18.0,5.0,27.8,0.06,0.2,16.7,1.0,0,0,1.5,1.5,0.09,-0.5,-0.5,Match Report,2022,West Ham United
2496,10,2021-10-17,14:00,Premier League,Matchweek 8,Sun,Away,W,1,0,Everton,1,16.0,4.0,25.0,0.06,0.25,16.5,0.0,0,0,1.2,1.2,0.08,-0.2,-0.2,Match Report,2022,West Ham United
2498,12,2021-10-24,14:00,Premier League,Matchweek 9,Sun,Home,W,1,0,Tottenham,1,13.0,4.0,30.8,0.08,0.25,14.8,0.0,0,0,1.3,1.3,0.1,-0.3,-0.3,Match Report,2022,West Ham United
2500,14,2021-10-31,16:30,Premier League,Matchweek 10,Sun,Away,W,4,1,Aston Villa,4,21.0,8.0,38.1,0.19,0.5,16.5,3.0,0,0,2.3,2.3,0.12,1.7,1.7,Match Report,2022,West Ham United
2502,16,2021-11-07,16:30,Premier League,Matchweek 11,Sun,Home,W,3,2,Liverpool,2,7.0,3.0,42.9,0.29,0.67,14.5,0.0,0,0,1.0,1.0,0.15,1.0,1.0,Match Report,2022,West Ham United
2503,17,2021-11-20,15:00,Premier League,Matchweek 12,Sat,Away,L,0,1,Wolves,0,8.0,3.0,37.5,0.0,0.0,20.2,0.0,0,0,0.4,0.4,0.05,-0.4,-0.4,Match Report,2022,West Ham United
2505,19,2021-11-28,14:00,Premier League,Matchweek 13,Sun,Away,L,1,2,Manchester City,1,5.0,3.0,60.0,0.2,0.33,21.4,1.0,0,0,0.2,0.2,0.04,0.8,0.8,Match Report,2022,West Ham United
2506,20,2021-12-01,19:30,Premier League,Matchweek 14,Wed,Home,D,1,1,Brighton,1,14.0,5.0,35.7,0.07,0.2,22.6,0.0,0,0,1.3,1.3,0.09,-0.3,-0.3,Match Report,2022,West Ham United
2507,21,2021-12-04,12:30,Premier League,Matchweek 15,Sat,Home,W,3,2,Chelsea,3,10.0,3.0,30.0,0.2,0.67,20.1,0.0,1,1,1.8,1.0,0.1,1.2,1.0,Match Report,2022,West Ham United
2509,23,2021-12-12,14:00,Premier League,Matchweek 16,Sun,Away,D,0,0,Burnley,0,16.0,3.0,18.8,0.0,0.0,18.6,0.0,0,0,0.8,0.8,0.05,-0.8,-0.8,Match Report,2022,West Ham United
2510,24,2021-12-15,20:00,Premier League,Matchweek 17,Wed,Away,L,0,2,Arsenal,0,7.0,1.0,14.3,0.0,0.0,22.3,1.0,0,0,0.4,0.4,0.05,-0.4,-0.4,Match Report,2022,West Ham United
2512,26,2021-12-26,15:00,Premier League,Matchweek 19,Sun,Home,L,2,3,Southampton,2,11.0,4.0,36.4,0.18,0.5,17.2,0.0,0,0,1.6,1.6,0.15,0.4,0.4,Match Report,2022,West Ham United
2513,27,2021-12-28,15:00,Premier League,Matchweek 20,Tue,Away,W,4,1,Watford,4,12.0,5.0,41.7,0.25,0.6,16.0,0.0,1,1,3.6,2.8,0.23,0.4,0.2,Match Report,2022,West Ham United
2514,28,2022-01-01,17:30,Premier League,Matchweek 21,Sat,Away,W,3,2,Crystal Palace,3,9.0,4.0,44.4,0.22,0.5,14.5,0.0,1,1,2.2,1.4,0.15,0.8,0.6,Match Report,2022,West Ham United
2516,30,2022-01-12,19:45,Premier League,Matchweek 18,Wed,Home,W,2,0,Norwich City,2,13.0,5.0,38.5,0.15,0.4,15.1,0.0,0,0,2.5,2.5,0.19,-0.5,-0.5,Match Report,2022,West Ham United
2517,31,2022-01-16,14:00,Premier League,Matchweek 22,Sun,Home,L,2,3,Leeds United,2,15.0,5.0,33.3,0.13,0.4,12.6,0.0,0,0,2.4,2.4,0.16,-0.4,-0.4,Match Report,2022,West Ham United
2518,32,2022-01-22,15:00,Premier League,Matchweek 23,Sat,Away,L,0,1,Manchester Utd,0,6.0,1.0,16.7,0.0,0.0,17.9,0.0,0,0,0.3,0.3,0.05,-0.3,-0.3,Match Report,2022,West Ham United
2520,34,2022-02-08,19:45,Premier League,Matchweek 24,Tue,Home,W,1,0,Watford,1,9.0,2.0,22.2,0.11,0.5,13.2,0.0,0,0,0.8,0.8,0.09,0.2,0.2,Match Report,2022,West Ham United
2521,35,2022-02-13,16:30,Premier League,Matchweek 25,Sun,Away,D,2,2,Leicester City,2,8.0,3.0,37.5,0.25,0.67,16.1,0.0,0,0,1.1,1.1,0.14,0.9,0.9,Match Report,2022,West Ham United
2522,36,2022-02-19,12:30,Premier League,Matchweek 26,Sat,Home,D,1,1,Newcastle Utd,1,11.0,3.0,27.3,0.09,0.33,14.4,0.0,0,0,0.6,0.6,0.05,0.4,0.4,Match Report,2022,West Ham United
2523,37,2022-02-27,14:00,Premier League,Matchweek 27,Sun,Home,W,1,0,Wolves,1,13.0,4.0,30.8,0.08,0.25,16.7,1.0,0,0,1.8,1.8,0.14,-0.8,-0.8,Match Report,2022,West Ham United
2525,39,2022-03-05,17:30,Premier League,Matchweek 28,Sat,Away,L,0,1,Liverpool,0,13.0,4.0,30.8,0.0,0.0,14.9,0.0,0,0,1.3,1.3,0.1,-1.3,-1.3,Match Report,2022,West Ham United
2527,41,2022-03-13,14:00,Premier League,Matchweek 29,Sun,Home,W,2,1,Aston Villa,2,11.0,4.0,36.4,0.18,0.5,16.3,0.0,0,0,1.2,1.2,0.12,0.8,0.8,Match Report,2022,West Ham United
2529,43,2022-03-20,16:30,Premier League,Matchweek 30,Sun,Away,L,1,3,Tottenham,1,6.0,1.0,16.7,0.17,1.0,9.1,0.0,0,0,0.6,0.6,0.1,0.4,0.4,Match Report,2022,West Ham United
2530,44,2022-04-03,14:00,Premier League,Matchweek 31,Sun,Home,W,2,1,Everton,2,11.0,5.0,45.5,0.18,0.4,19.9,2.0,0,0,1.2,1.2,0.12,0.8,0.8,Match Report,2022,West Ham United
2532,46,2022-04-10,14:00,Premier League,Matchweek 32,Sun,Away,L,0,2,Brentford,0,5.0,1.0,20.0,0.0,0.0,17.5,0.0,0,0,0.3,0.3,0.06,-0.3,-0.3,Match Report,2022,West Ham United
2534,48,2022-04-17,14:15,Premier League,Matchweek 33,Sun,Home,D,1,1,Burnley,1,21.0,6.0,28.6,0.05,0.17,14.7,0.0,0,0,2.2,2.2,0.11,-1.2,-1.2,Match Report,2022,West Ham United
2535,49,2022-04-24,14:00,Premier League,Matchweek 34,Sun,Away,L,0,1,Chelsea,0,6.0,2.0,33.3,0.0,0.0,13.4,0.0,0,0,0.5,0.5,0.08,-0.5,-0.5,Match Report,2022,West Ham United
2537,51,2022-05-01,16:30,Premier League,Matchweek 35,Sun,Home,L,1,2,Arsenal,1,8.0,3.0,37.5,0.13,0.33,14.0,0.0,0,0,0.5,0.5,0.06,0.5,0.5,Match Report,2022,West Ham United
2539,53,2022-05-08,14:00,Premier League,Matchweek 36,Sun,Away,W,4,0,Norwich City,4,12.0,4.0,33.3,0.25,0.75,14.4,0.0,1,1,3.0,2.3,0.19,1.0,0.7,Match Report,2022,West Ham United
2540,54,2022-05-15,14:00,Premier League,Matchweek 37,Sun,Home,D,2,2,Manchester City,2,6.0,2.0,33.3,0.33,1.0,13.7,0.0,0,0,1.1,1.1,0.18,0.9,0.9,Match Report,2022,West Ham United
2541,55,2022-05-22,16:00,Premier League,Matchweek 38,Sun,Away,L,1,3,Brighton,1,7.0,2.0,28.6,0.14,0.5,22.0,0.0,0,0,0.2,0.2,0.03,0.8,0.8,Match Report,2022,West Ham United
2544,1,2021-08-14,15:00,Premier League,Matchweek 1,Sat,Home,W,1,0,Wolves,1,9.0,5.0,55.6,0.11,0.2,17.1,0.0,0,0,0.5,0.5,0.05,0.5,0.5,Match Report,2022,Leicester City
2545,2,2021-08-23,20:00,Premier League,Matchweek 2,Mon,Away,L,1,4,West Ham,1,5.0,1.0,20.0,0.2,1.0,14.3,0.0,0,0,0.6,0.6,0.12,0.4,0.4,Match Report,2022,Leicester City
2546,3,2021-08-28,15:00,Premier League,Matchweek 3,Sat,Away,W,2,1,Norwich City,2,9.0,3.0,33.3,0.22,0.67,16.0,0.0,0,0,1.5,1.5,0.16,0.5,0.5,Match Report,2022,Leicester City
2547,4,2021-09-11,15:00,Premier League,Matchweek 4,Sat,Home,L,0,1,Manchester City,0,6.0,1.0,16.7,0.0,0.0,12.1,0.0,0,0,0.6,0.6,0.11,-0.6,-0.6,Match Report,2022,Leicester City
2549,6,2021-09-19,14:00,Premier League,Matchweek 5,Sun,Away,L,1,2,Brighton,1,14.0,3.0,21.4,0.07,0.33,19.9,0.0,0,0,1.6,1.6,0.11,-0.6,-0.6,Match Report,2022,Leicester City
2551,8,2021-09-25,15:00,Premier League,Matchweek 6,Sat,Home,D,2,2,Burnley,2,22.0,4.0,18.2,0.09,0.5,16.8,0.0,0,0,2.4,2.4,0.11,-0.4,-0.4,Match Report,2022,Leicester City
2553,10,2021-10-03,14:00,Premier League,Matchweek 7,Sun,Away,D,2,2,Crystal Palace,2,9.0,5.0,55.6,0.22,0.4,17.9,0.0,0,0,1.2,1.2,0.13,0.8,0.8,Match Report,2022,Leicester City
2554,11,2021-10-16,15:00,Premier League,Matchweek 8,Sat,Home,W,4,2,Manchester Utd,4,22.0,11.0,50.0,0.18,0.36,18.4,1.0,0,0,2.4,2.4,0.12,1.6,1.6,Match Report,2022,Leicester City
2556,13,2021-10-24,14:00,Premier League,Matchweek 9,Sun,Away,W,2,1,Brentford,2,10.0,6.0,60.0,0.2,0.33,21.9,0.0,0,0,1.5,1.5,0.15,0.5,0.5,Match Report,2022,Leicester City
2558,15,2021-10-30,12:30,Premier League,Matchweek 10,Sat,Home,L,0,2,Arsenal,0,16.0,8.0,50.0,0.0,0.0,17.3,2.0,0,0,1.3,1.3,0.08,-1.3,-1.3,Match Report,2022,Leicester City
2560,17,2021-11-07,14:00,Premier League,Matchweek 11,Sun,Away,D,1,1,Leeds United,1,9.0,3.0,33.3,0.11,0.33,16.5,0.0,0,0,0.7,0.7,0.08,0.3,0.3,Match Report,2022,Leicester City
2561,18,2021-11-20,12:30,Premier League,Matchweek 12,Sat,Home,L,0,3,Chelsea,0,4.0,3.0,75.0,0.0,0.0,24.4,0.0,0,0,0.4,0.4,0.09,-0.4,-0.4,Match Report,2022,Leicester City
2563,20,2021-11-28,14:00,Premier League,Matchweek 13,Sun,Home,W,4,2,Watford,4,18.0,8.0,44.4,0.22,0.5,14.6,0.0,0,0,2.1,2.1,0.13,1.9,1.9,Match Report,2022,Leicester City
2564,21,2021-12-01,19:30,Premier League,Matchweek 14,Wed,Away,D,2,2,Southampton,2,15.0,6.0,40.0,0.13,0.33,17.3,0.0,0,0,1.5,1.5,0.1,0.5,0.5,Match Report,2022,Leicester City
2565,22,2021-12-05,16:30,Premier League,Matchweek 15,Sun,Away,L,1,2,Aston Villa,1,12.0,4.0,33.3,0.08,0.25,15.9,0.0,0,0,1.1,1.1,0.09,-0.1,-0.1,Match Report,2022,Leicester City
2567,24,2021-12-12,14:00,Premier League,Matchweek 16,Sun,Home,W,4,0,Newcastle Utd,4,7.0,4.0,57.1,0.43,0.75,19.1,1.0,1,1,2.6,1.8,0.26,1.4,1.2,Match Report,2022,Leicester City
2569,26,2021-12-26,15:00,Premier League,Matchweek 19,Sun,Away,L,3,6,Manchester City,3,14.0,8.0,57.1,0.21,0.38,16.9,1.0,0,0,2.7,2.7,0.19,0.3,0.3,Match Report,2022,Leicester City
2570,27,2021-12-28,20:00,Premier League,Matchweek 20,Tue,Home,W,1,0,Liverpool,1,6.0,1.0,16.7,0.17,1.0,14.9,0.0,0,0,0.4,0.4,0.07,0.6,0.6,Match Report,2022,Leicester City
2572,29,2022-01-19,19:30,Premier League,Matchweek 17,Wed,Home,L,2,3,Tottenham,2,14.0,4.0,28.6,0.14,0.5,18.2,0.0,0,0,1.2,1.2,0.08,0.8,0.8,Match Report,2022,Leicester City
2573,30,2022-01-23,14:00,Premier League,Matchweek 23,Sun,Home,D,1,1,Brighton,1,15.0,5.0,33.3,0.07,0.2,19.8,1.0,0,0,1.4,1.4,0.1,-0.4,-0.4,Match Report,2022,Leicester City
2575,32,2022-02-10,19:45,Premier League,Matchweek 24,Thu,Away,L,0,2,Liverpool,0,5.0,1.0,20.0,0.0,0.0,17.3,1.0,0,0,0.5,0.5,0.1,-0.5,-0.5,Match Report,2022,Leicester City
2576,33,2022-02-13,16:30,Premier League,Matchweek 25,Sun,Home,D,2,2,West Ham,2,12.0,1.0,8.3,0.08,1.0,19.6,0.0,1,1,1.4,0.6,0.05,0.6,0.4,Match Report,2022,Leicester City
2578,35,2022-02-20,16:30,Premier League,Matchweek 26,Sun,Away,L,1,2,Wolves,1,17.0,7.0,41.2,0.06,0.14,19.6,1.0,0,0,1.7,1.7,0.1,-0.7,-0.7,Match Report,2022,Leicester City
2580,37,2022-03-01,19:45,Premier League,Matchweek 22,Tue,Away,W,2,0,Burnley,2,22.0,6.0,27.3,0.09,0.33,17.7,1.0,0,0,1.5,1.5,0.07,0.5,0.5,Match Report,2022,Leicester City
2581,38,2022-03-05,12:30,Premier League,Matchweek 28,Sat,Home,W,1,0,Leeds United,1,7.0,4.0,57.1,0.14,0.25,19.1,0.0,0,0,0.4,0.4,0.06,0.6,0.6,Match Report,2022,Leicester City
2583,40,2022-03-13,16:30,Premier League,Matchweek 29,Sun,Away,L,0,2,Arsenal,0,6.0,3.0,50.0,0.0,0.0,15.1,0.0,0,0,0.4,0.4,0.06,-0.4,-0.4,Match Report,2022,Leicester City
2585,42,2022-03-20,14:00,Premier League,Matchweek 30,Sun,Home,W,2,1,Brentford,2,12.0,4.0,33.3,0.17,0.5,19.2,1.0,0,0,1.0,1.0,0.08,1.0,1.0,Match Report,2022,Leicester City
2586,43,2022-04-02,17:30,Premier League,Matchweek 31,Sat,Away,D,1,1,Manchester Utd,1,11.0,3.0,27.3,0.09,0.33,16.7,0.0,0,0,0.8,0.8,0.07,0.2,0.2,Match Report,2022,Leicester City
2588,45,2022-04-10,14:00,Premier League,Matchweek 32,Sun,Home,W,2,1,Crystal Palace,2,12.0,3.0,25.0,0.17,0.67,21.1,2.0,0,0,1.0,1.0,0.08,1.0,1.0,Match Report,2022,Leicester City
2590,47,2022-04-17,14:15,Premier League,Matchweek 33,Sun,Away,L,1,2,Newcastle Utd,1,8.0,2.0,25.0,0.13,0.5,16.4,0.0,0,0,0.6,0.6,0.08,0.4,0.4,Match Report,2022,Leicester City
2591,48,2022-04-20,19:45,Premier League,Matchweek 18,Wed,Away,D,1,1,Everton,1,11.0,3.0,27.3,0.09,0.33,16.5,0.0,0,0,0.9,0.9,0.08,0.1,0.1,Match Report,2022,Leicester City
2592,49,2022-04-23,15:00,Premier League,Matchweek 34,Sat,Home,D,0,0,Aston Villa,0,5.0,2.0,40.0,0.0,0.0,24.2,2.0,0,0,0.3,0.3,0.06,-0.3,-0.3,Match Report,2022,Leicester City
2594,51,2022-05-01,14:00,Premier League,Matchweek 35,Sun,Away,L,1,3,Tottenham,1,6.0,2.0,33.3,0.17,0.5,20.4,0.0,0,0,0.5,0.5,0.08,0.5,0.5,Match Report,2022,Leicester City
2596,53,2022-05-08,14:00,Premier League,Matchweek 36,Sun,Home,L,1,2,Everton,1,16.0,8.0,50.0,0.06,0.13,19.8,0.0,0,0,1.5,1.5,0.09,-0.5,-0.5,Match Report,2022,Leicester City
2597,54,2022-05-11,19:45,Premier League,Matchweek 21,Wed,Home,W,3,0,Norwich City,3,20.0,8.0,40.0,0.15,0.38,18.5,0.0,0,0,2.0,2.0,0.1,1.0,1.0,Match Report,2022,Leicester City
2598,55,2022-05-15,14:00,Premier League,Matchweek 37,Sun,Away,W,5,1,Watford,5,13.0,7.0,53.8,0.38,0.71,16.4,0.0,0,0,2.5,2.5,0.19,2.5,2.5,Match Report,2022,Leicester City
2599,56,2022-05-19,20:00,Premier League,Matchweek 27,Thu,Away,D,1,1,Chelsea,1,2.0,1.0,50.0,0.5,1.0,25.1,0.0,0,0,0.1,0.1,0.04,0.9,0.9,Match Report,2022,Leicester City
2600,57,2022-05-22,16:00,Premier League,Matchweek 38,Sun,Home,W,4,1,Southampton,4,12.0,6.0,50.0,0.33,0.67,12.8,0.0,0,0,3.4,3.4,0.32,0.6,0.6,Match Report,2022,Leicester City
2602,0,2021-08-14,15:00,Premier League,Matchweek 1,Sat,Away,W,2,1,Burnley,2,14.0,6.0,42.9,0.14,0.33,14.9,1.0,0,0,1.0,1.0,0.08,1.0,1.0,Match Report,2022,Brighton and Hove Albion
2603,1,2021-08-21,17:30,Premier League,Matchweek 2,Sat,Home,W,2,0,Watford,2,13.0,3.0,23.1,0.15,0.67,16.9,0.0,0,0,1.3,1.3,0.1,0.7,0.7,Match Report,2022,Brighton and Hove Albion
2605,3,2021-08-28,15:00,Premier League,Matchweek 3,Sat,Home,L,0,2,Everton,0,14.0,3.0,21.4,0.0,0.0,22.3,2.0,0,0,0.7,0.7,0.06,-0.7,-0.7,Match Report,2022,Brighton and Hove Albion
2606,4,2021-09-11,15:00,Premier League,Matchweek 4,Sat,Away,W,1,0,Brentford,1,4.0,2.0,50.0,0.25,0.5,19.0,0.0,0,0,0.3,0.3,0.07,0.7,0.7,Match Report,2022,Brighton and Hove Albion
2607,5,2021-09-19,14:00,Premier League,Matchweek 5,Sun,Home,W,2,1,Leicester City,2,11.0,4.0,36.4,0.09,0.25,16.9,2.0,1,1,1.7,0.9,0.08,0.3,0.1,Match Report,2022,Brighton and Hove Albion
2609,7,2021-09-27,20:00,Premier League,Matchweek 6,Mon,Away,D,1,1,Crystal Palace,1,8.0,4.0,50.0,0.13,0.25,15.8,0.0,0,0,0.8,0.8,0.09,0.2,0.2,Match Report,2022,Brighton and Hove Albion
2610,8,2021-10-02,17:30,Premier League,Matchweek 7,Sat,Home,D,0,0,Arsenal,0,21.0,2.0,9.5,0.0,0.0,17.7,0.0,0,0,1.1,1.1,0.05,-1.1,-1.1,Match Report,2022,Brighton and Hove Albion
2611,9,2021-10-16,15:00,Premier League,Matchweek 8,Sat,Away,D,0,0,Norwich City,0,11.0,3.0,27.3,0.0,0.0,16.1,0.0,0,0,0.8,0.8,0.07,-0.8,-0.8,Match Report,2022,Brighton and Hove Albion
2612,10,2021-10-23,17:30,Premier League,Matchweek 9,Sat,Home,L,1,4,Manchester City,1,9.0,4.0,44.4,0.0,0.0,18.9,0.0,1,1,1.3,0.5,0.06,-0.3,-0.5,Match Report,2022,Brighton and Hove Albion
2614,12,2021-10-30,15:00,Premier League,Matchweek 10,Sat,Away,D,2,2,Liverpool,2,9.0,6.0,66.7,0.22,0.33,17.0,0.0,0,0,1.0,1.0,0.11,1.0,1.0,Match Report,2022,Brighton and Hove Albion
2615,13,2021-11-06,17:30,Premier League,Matchweek 11,Sat,Home,D,1,1,Newcastle Utd,1,13.0,4.0,30.8,0.0,0.0,17.9,0.0,1,1,1.5,0.7,0.05,-0.5,-0.7,Match Report,2022,Brighton and Hove Albion
2616,14,2021-11-20,15:00,Premier League,Matchweek 12,Sat,Away,L,0,2,Aston Villa,0,6.0,2.0,33.3,0.0,0.0,17.7,0.0,0,0,0.4,0.4,0.07,-0.4,-0.4,Match Report,2022,Brighton and Hove Albion
2617,15,2021-11-27,17:30,Premier League,Matchweek 13,Sat,Home,D,0,0,Leeds United,0,20.0,4.0,20.0,0.0,0.0,16.6,0.0,0,0,2.1,2.1,0.11,-2.1,-2.1,Match Report,2022,Brighton and Hove Albion
2618,16,2021-12-01,19:30,Premier League,Matchweek 14,Wed,Away,D,1,1,West Ham,1,9.0,3.0,33.3,0.11,0.33,16.0,1.0,0,0,1.3,1.3,0.15,-0.3,-0.3,Match Report,2022,Brighton and Hove Albion
2619,17,2021-12-04,15:00,Premier League,Matchweek 15,Sat,Away,D,1,1,Southampton,1,14.0,4.0,28.6,0.07,0.25,18.7,1.0,0,0,1.6,1.6,0.12,-0.6,-0.6,Match Report,2022,Brighton and Hove Albion
2620,18,2021-12-15,19:30,Premier League,Matchweek 17,Wed,Home,L,0,1,Wolves,0,12.0,2.0,16.7,0.0,0.0,17.8,2.0,0,0,1.2,1.2,0.12,-1.2,-1.2,Match Report,2022,Brighton and Hove Albion
2621,19,2021-12-26,20:00,Premier League,Matchweek 19,Sun,Home,W,2,0,Brentford,2,15.0,5.0,33.3,0.13,0.4,21.7,3.0,0,0,0.8,0.8,0.05,1.2,1.2,Match Report,2022,Brighton and Hove Albion
2622,20,2021-12-29,19:30,Premier League,Matchweek 20,Wed,Away,D,1,1,Chelsea,1,18.0,6.0,33.3,0.06,0.17,20.2,1.0,0,0,0.9,0.9,0.05,0.1,0.1,Match Report,2022,Brighton and Hove Albion
2623,21,2022-01-02,14:00,Premier League,Matchweek 21,Sun,Away,W,3,2,Everton,3,12.0,5.0,41.7,0.25,0.6,19.1,0.0,0,0,1.7,1.7,0.14,1.3,1.3,Match Report,2022,Brighton and Hove Albion
2625,23,2022-01-14,20:00,Premier League,Matchweek 22,Fri,Home,D,1,1,Crystal Palace,0,18.0,3.0,16.7,0.0,0.0,18.2,0.0,0,1,2.0,1.2,0.06,-2.0,-1.2,Match Report,2022,Brighton and Hove Albion
2626,24,2022-01-18,20:00,Premier League,Matchweek 24,Tue,Home,D,1,1,Chelsea,1,10.0,2.0,20.0,0.1,0.5,16.2,0.0,0,0,0.7,0.7,0.07,0.3,0.3,Match Report,2022,Brighton and Hove Albion
2627,25,2022-01-23,14:00,Premier League,Matchweek 23,Sun,Away,D,1,1,Leicester City,1,14.0,4.0,28.6,0.07,0.25,17.9,0.0,0,0,1.1,1.1,0.08,-0.1,-0.1,Match Report,2022,Brighton and Hove Albion
2629,27,2022-02-12,15:00,Premier League,Matchweek 25,Sat,Away,W,2,0,Watford,2,11.0,5.0,45.5,0.18,0.4,12.3,0.0,0,0,1.6,1.6,0.17,0.4,0.4,Match Report,2022,Brighton and Hove Albion
2630,28,2022-02-15,20:15,Premier League,Matchweek 18,Tue,Away,L,0,2,Manchester Utd,0,10.0,3.0,30.0,0.0,0.0,18.9,0.0,0,0,0.7,0.7,0.07,-0.7,-0.7,Match Report,2022,Brighton and Hove Albion
2631,29,2022-02-19,15:00,Premier League,Matchweek 26,Sat,Home,L,0,3,Burnley,0,11.0,1.0,9.1,0.0,0.0,19.5,0.0,0,0,0.6,0.6,0.05,-0.6,-0.6,Match Report,2022,Brighton and Hove Albion
2632,30,2022-02-26,15:00,Premier League,Matchweek 27,Sat,Home,L,0,2,Aston Villa,0,12.0,1.0,8.3,0.0,0.0,19.4,0.0,0,0,0.7,0.7,0.06,-0.7,-0.7,Match Report,2022,Brighton and Hove Albion
2633,31,2022-03-05,15:00,Premier League,Matchweek 28,Sat,Away,L,1,2,Newcastle Utd,1,15.0,4.0,26.7,0.07,0.25,14.2,0.0,0,0,1.5,1.5,0.1,-0.5,-0.5,Match Report,2022,Brighton and Hove Albion
2634,32,2022-03-12,12:30,Premier League,Matchweek 29,Sat,Home,L,0,2,Liverpool,0,8.0,3.0,37.5,0.0,0.0,18.4,0.0,0,0,0.5,0.5,0.06,-0.5,-0.5,Match Report,2022,Brighton and Hove Albion
2635,33,2022-03-16,19:30,Premier League,Matchweek 16,Wed,Home,L,0,2,Tottenham,0,15.0,0.0,0.0,0.0,,18.3,0.0,0,0,0.7,0.7,0.05,-0.7,-0.7,Match Report,2022,Brighton and Hove Albion
2636,34,2022-04-02,15:00,Premier League,Matchweek 31,Sat,Home,D,0,0,Norwich City,0,30.0,4.0,13.3,0.0,0.0,18.7,1.0,0,1,2.8,2.0,0.07,-2.8,-2.0,Match Report,2022,Brighton and Hove Albion
2637,35,2022-04-09,15:00,Premier League,Matchweek 32,Sat,Away,W,2,1,Arsenal,2,8.0,3.0,37.5,0.25,0.67,23.1,0.0,0,0,0.6,0.6,0.07,1.4,1.4,Match Report,2022,Brighton and Hove Albion
2638,36,2022-04-16,12:30,Premier League,Matchweek 33,Sat,Away,W,1,0,Tottenham,1,12.0,4.0,33.3,0.08,0.25,17.0,0.0,0,0,0.6,0.6,0.05,0.4,0.4,Match Report,2022,Brighton and Hove Albion
2639,37,2022-04-20,20:00,Premier League,Matchweek 30,Wed,Away,L,0,3,Manchester City,0,2.0,1.0,50.0,0.0,0.0,19.0,1.0,0,0,0.2,0.2,0.08,-0.2,-0.2,Match Report,2022,Brighton and Hove Albion
2640,38,2022-04-24,14:00,Premier League,Matchweek 34,Sun,Home,D,2,2,Southampton,1,8.0,5.0,62.5,0.13,0.2,11.4,0.0,0,0,1.7,1.7,0.23,-0.7,-0.7,Match Report,2022,Brighton and Hove Albion
2641,39,2022-04-30,15:00,Premier League,Matchweek 35,Sat,Away,W,3,0,Wolves,3,15.0,8.0,53.3,0.13,0.25,21.4,0.0,1,2,2.6,1.1,0.07,0.4,0.9,Match Report,2022,Brighton and Hove Albion
2642,40,2022-05-07,17:30,Premier League,Matchweek 36,Sat,Home,W,4,0,Manchester Utd,4,17.0,5.0,29.4,0.24,0.8,15.9,0.0,0,0,2.3,2.3,0.15,1.7,1.7,Match Report,2022,Brighton and Hove Albion
2643,41,2022-05-15,14:00,Premier League,Matchweek 37,Sun,Away,D,1,1,Leeds United,1,15.0,6.0,40.0,0.07,0.17,14.3,0.0,0,0,2.2,2.2,0.15,-1.2,-1.2,Match Report,2022,Brighton and Hove Albion
2644,42,2022-05-22,16:00,Premier League,Matchweek 38,Sun,Home,W,3,1,West Ham,3,18.0,7.0,38.9,0.17,0.43,16.4,0.0,0,0,1.6,1.6,0.09,1.4,1.4,Match Report,2022,Brighton and Hove Albion
2646,0,2021-08-14,15:00,Premier League,Matchweek 1,Sat,Away,L,0,1,Leicester City,0,17.0,3.0,17.6,0.0,0.0,17.9,0.0,0,0,1.3,1.3,0.08,-1.3,-1.3,Match Report,2022,Wolverhampton Wanderers
2647,1,2021-08-22,14:00,Premier League,Matchweek 2,Sun,Home,L,0,1,Tottenham,0,25.0,6.0,24.0,0.0,0.0,20.3,0.0,0,0,1.7,1.7,0.07,-1.7,-1.7,Match Report,2022,Wolverhampton Wanderers
2649,3,2021-08-29,16:30,Premier League,Matchweek 3,Sun,Home,L,0,1,Manchester Utd,0,15.0,5.0,33.3,0.0,0.0,15.9,0.0,0,0,2.1,2.1,0.15,-2.1,-2.1,Match Report,2022,Wolverhampton Wanderers
2650,4,2021-09-11,15:00,Premier League,Matchweek 4,Sat,Away,W,2,0,Watford,1,14.0,5.0,35.7,0.07,0.2,16.4,1.0,0,0,2.2,2.2,0.17,-1.2,-1.2,Match Report,2022,Wolverhampton Wanderers
2651,5,2021-09-18,12:30,Premier League,Matchweek 5,Sat,Home,L,0,2,Brentford,0,11.0,0.0,0.0,0.0,,22.8,1.0,0,0,0.6,0.6,0.06,-0.6,-0.6,Match Report,2022,Wolverhampton Wanderers
2653,7,2021-09-26,14:00,Premier League,Matchweek 6,Sun,Away,W,1,0,Southampton,1,5.0,3.0,60.0,0.2,0.33,13.5,0.0,0,0,1.0,1.0,0.2,0.0,0.0,Match Report,2022,Wolverhampton Wanderers
2654,8,2021-10-02,15:00,Premier League,Matchweek 7,Sat,Home,W,2,1,Newcastle Utd,2,7.0,3.0,42.9,0.29,0.67,19.7,0.0,0,0,1.0,1.0,0.15,1.0,1.0,Match Report,2022,Wolverhampton Wanderers
2655,9,2021-10-16,15:00,Premier League,Matchweek 8,Sat,Away,W,3,2,Aston Villa,3,9.0,4.0,44.4,0.33,0.75,14.4,1.0,0,0,2.0,2.0,0.24,1.0,1.0,Match Report,2022,Wolverhampton Wanderers
2656,10,2021-10-23,15:00,Premier League,Matchweek 9,Sat,Away,D,1,1,Leeds United,1,8.0,4.0,50.0,0.13,0.25,16.5,1.0,0,0,0.9,0.9,0.11,0.1,0.1,Match Report,2022,Wolverhampton Wanderers
2657,11,2021-11-01,20:00,Premier League,Matchweek 10,Mon,Home,W,2,1,Everton,2,10.0,4.0,40.0,0.2,0.5,15.6,1.0,0,0,1.7,1.7,0.17,0.3,0.3,Match Report,2022,Wolverhampton Wanderers
2658,12,2021-11-06,15:00,Premier League,Matchweek 11,Sat,Away,L,0,2,Crystal Palace,0,4.0,2.0,50.0,0.0,0.0,18.8,1.0,0,0,0.3,0.3,0.08,-0.3,-0.3,Match Report,2022,Wolverhampton Wanderers
2659,13,2021-11-20,15:00,Premier League,Matchweek 12,Sat,Home,W,1,0,West Ham,1,15.0,5.0,33.3,0.07,0.2,19.1,0.0,0,0,1.4,1.4,0.09,-0.4,-0.4,Match Report,2022,Wolverhampton Wanderers
2660,14,2021-11-27,15:00,Premier League,Matchweek 13,Sat,Away,D,0,0,Norwich City,0,5.0,2.0,40.0,0.0,0.0,17.0,0.0,0,0,0.3,0.3,0.05,-0.3,-0.3,Match Report,2022,Wolverhampton Wanderers
2661,15,2021-12-01,19:30,Premier League,Matchweek 14,Wed,Home,D,0,0,Burnley,0,16.0,2.0,12.5,0.0,0.0,20.1,0.0,0,0,0.7,0.7,0.04,-0.7,-0.7,Match Report,2022,Wolverhampton Wanderers
2662,16,2021-12-04,15:00,Premier League,Matchweek 15,Sat,Home,L,0,1,Liverpool,0,3.0,1.0,33.3,0.0,0.0,23.7,0.0,0,0,0.1,0.1,0.03,-0.1,-0.1,Match Report,2022,Wolverhampton Wanderers
2663,17,2021-12-11,12:30,Premier League,Matchweek 16,Sat,Away,L,0,1,Manchester City,0,2.0,1.0,50.0,0.0,0.0,10.2,0.0,0,0,0.2,0.2,0.09,-0.2,-0.2,Match Report,2022,Wolverhampton Wanderers
2664,18,2021-12-15,19:30,Premier League,Matchweek 17,Wed,Away,W,1,0,Brighton,1,8.0,5.0,62.5,0.13,0.2,18.0,1.0,0,0,1.0,1.0,0.13,0.0,0.0,Match Report,2022,Wolverhampton Wanderers
2665,19,2021-12-19,14:00,Premier League,Matchweek 18,Sun,Home,D,0,0,Chelsea,0,4.0,1.0,25.0,0.0,0.0,27.4,0.0,0,0,0.2,0.2,0.06,-0.2,-0.2,Match Report,2022,Wolverhampton Wanderers
2666,20,2022-01-03,17:30,Premier League,Matchweek 21,Mon,Away,W,1,0,Manchester Utd,1,19.0,6.0,31.6,0.05,0.17,20.4,1.0,0,0,0.7,0.7,0.04,0.3,0.3,Match Report,2022,Wolverhampton Wanderers
2668,22,2022-01-15,15:00,Premier League,Matchweek 22,Sat,Home,W,3,1,Southampton,3,8.0,4.0,50.0,0.25,0.5,15.4,0.0,1,1,2.5,1.8,0.24,0.5,0.2,Match Report,2022,Wolverhampton Wanderers
2669,23,2022-01-22,15:00,Premier League,Matchweek 23,Sat,Away,W,2,1,Brentford,2,7.0,2.0,28.6,0.29,1.0,21.7,0.0,0,0,0.2,0.2,0.03,1.8,1.8,Match Report,2022,Wolverhampton Wanderers
2671,25,2022-02-10,19:45,Premier League,Matchweek 24,Thu,Home,L,0,1,Arsenal,0,15.0,4.0,26.7,0.0,0.0,19.1,2.0,0,0,0.8,0.8,0.05,-0.8,-0.8,Match Report,2022,Wolverhampton Wanderers
2672,26,2022-02-13,14:00,Premier League,Matchweek 25,Sun,Away,W,2,0,Tottenham,2,11.0,7.0,63.6,0.18,0.29,15.9,0.0,0,0,1.3,1.3,0.12,0.7,0.7,Match Report,2022,Wolverhampton Wanderers
2673,27,2022-02-20,16:30,Premier League,Matchweek 26,Sun,Home,W,2,1,Leicester City,2,11.0,3.0,27.3,0.18,0.67,19.4,1.0,0,0,0.5,0.5,0.05,1.5,1.5,Match Report,2022,Wolverhampton Wanderers
2674,28,2022-02-24,19:45,Premier League,Matchweek 20,Thu,Away,L,1,2,Arsenal,1,6.0,2.0,33.3,0.17,0.5,14.8,0.0,0,0,1.0,1.0,0.17,0.0,0.0,Match Report,2022,Wolverhampton Wanderers
2675,29,2022-02-27,14:00,Premier League,Matchweek 27,Sun,Away,L,0,1,West Ham,0,14.0,1.0,7.1,0.0,0.0,21.1,0.0,0,0,0.7,0.7,0.05,-0.7,-0.7,Match Report,2022,Wolverhampton Wanderers
2676,30,2022-03-05,15:00,Premier League,Matchweek 28,Sat,Home,L,0,2,Crystal Palace,0,12.0,5.0,41.7,0.0,0.0,19.8,0.0,0,0,0.7,0.7,0.06,-0.7,-0.7,Match Report,2022,Wolverhampton Wanderers
2677,31,2022-03-10,19:30,Premier League,Matchweek 19,Thu,Home,W,4,0,Watford,3,10.0,5.0,50.0,0.3,0.6,18.9,0.0,0,0,0.7,0.7,0.07,2.3,2.3,Match Report,2022,Wolverhampton Wanderers
2678,32,2022-03-13,14:00,Premier League,Matchweek 29,Sun,Away,W,1,0,Everton,1,14.0,3.0,21.4,0.07,0.33,21.7,0.0,0,0,0.8,0.8,0.06,0.2,0.2,Match Report,2022,Wolverhampton Wanderers
2679,33,2022-03-18,20:00,Premier League,Matchweek 30,Fri,Home,L,2,3,Leeds United,2,14.0,8.0,57.1,0.14,0.25,20.9,0.0,0,0,1.2,1.2,0.08,0.8,0.8,Match Report,2022,Wolverhampton Wanderers
2680,34,2022-04-02,15:00,Premier League,Matchweek 31,Sat,Home,W,2,1,Aston Villa,1,11.0,4.0,36.4,0.09,0.25,15.0,0.0,0,0,1.3,1.3,0.13,-0.3,-0.3,Match Report,2022,Wolverhampton Wanderers
2681,35,2022-04-08,20:00,Premier League,Matchweek 32,Fri,Away,L,0,1,Newcastle Utd,0,5.0,2.0,40.0,0.0,0.0,18.2,0.0,0,0,0.4,0.4,0.08,-0.4,-0.4,Match Report,2022,Wolverhampton Wanderers
2682,36,2022-04-24,14:00,Premier League,Matchweek 34,Sun,Away,L,0,1,Burnley,0,10.0,4.0,40.0,0.0,0.0,19.0,0.0,0,0,0.6,0.6,0.06,-0.6,-0.6,Match Report,2022,Wolverhampton Wanderers
2683,37,2022-04-30,15:00,Premier League,Matchweek 35,Sat,Home,L,0,3,Brighton,0,11.0,1.0,9.1,0.0,0.0,18.7,1.0,0,0,0.7,0.7,0.06,-0.7,-0.7,Match Report,2022,Wolverhampton Wanderers
2684,38,2022-05-07,15:00,Premier League,Matchweek 36,Sat,Away,D,2,2,Chelsea,2,14.0,4.0,28.6,0.14,0.5,15.6,0.0,0,0,2.0,2.0,0.15,0.0,0.0,Match Report,2022,Wolverhampton Wanderers
2685,39,2022-05-11,20:15,Premier League,Matchweek 33,Wed,Home,L,1,5,Manchester City,1,7.0,3.0,42.9,0.14,0.33,16.9,0.0,0,0,0.5,0.5,0.08,0.5,0.5,Match Report,2022,Wolverhampton Wanderers
2686,40,2022-05-15,14:00,Premier League,Matchweek 37,Sun,Home,D,1,1,Norwich City,1,17.0,4.0,23.5,0.06,0.25,20.8,1.0,0,0,0.9,0.9,0.05,0.1,0.1,Match Report,2022,Wolverhampton Wanderers
2687,41,2022-05-22,16:00,Premier League,Matchweek 38,Sun,Away,L,1,3,Liverpool,1,7.0,5.0,71.4,0.14,0.2,14.7,0.0,0,0,1.3,1.3,0.18,-0.3,-0.3,Match Report,2022,Wolverhampton Wanderers
2689,0,2021-08-15,14:00,Premier League,Matchweek 1,Sun,Home,L,2,4,West Ham,2,17.0,3.0,17.6,0.12,0.67,16.3,0.0,0,0,1.8,1.8,0.11,0.2,0.2,Match Report,2022,Newcastle United
2690,1,2021-08-21,15:00,Premier League,Matchweek 2,Sat,Away,L,0,2,Aston Villa,0,9.0,1.0,11.1,0.0,0.0,16.1,0.0,0,0,0.7,0.7,0.08,-0.7,-0.7,Match Report,2022,Newcastle United
2692,3,2021-08-28,15:00,Premier League,Matchweek 3,Sat,Home,D,2,2,Southampton,2,10.0,4.0,40.0,0.2,0.5,16.5,1.0,0,0,1.0,1.0,0.1,1.0,1.0,Match Report,2022,Newcastle United
2693,4,2021-09-11,15:00,Premier League,Matchweek 4,Sat,Away,L,1,4,Manchester Utd,1,12.0,3.0,25.0,0.08,0.33,22.5,0.0,0,0,0.4,0.4,0.04,0.6,0.6,Match Report,2022,Newcastle United
2694,5,2021-09-17,20:00,Premier League,Matchweek 5,Fri,Home,D,1,1,Leeds United,1,17.0,7.0,41.2,0.06,0.14,19.2,0.0,0,0,1.3,1.3,0.08,-0.3,-0.3,Match Report,2022,Newcastle United
2695,6,2021-09-25,15:00,Premier League,Matchweek 6,Sat,Away,D,1,1,Watford,1,20.0,6.0,30.0,0.05,0.17,17.9,1.0,0,0,1.9,1.9,0.1,-0.9,-0.9,Match Report,2022,Newcastle United
2696,7,2021-10-02,15:00,Premier League,Matchweek 7,Sat,Away,L,1,2,Wolves,1,8.0,2.0,25.0,0.13,0.5,16.5,1.0,0,0,0.6,0.6,0.08,0.4,0.4,Match Report,2022,Newcastle United
2697,8,2021-10-17,16:30,Premier League,Matchweek 8,Sun,Home,L,2,3,Tottenham,1,7.0,1.0,14.3,0.14,1.0,17.4,0.0,0,0,0.4,0.4,0.06,0.6,0.6,Match Report,2022,Newcastle United
2698,9,2021-10-23,15:00,Premier League,Matchweek 9,Sat,Away,D,1,1,Crystal Palace,1,6.0,1.0,16.7,0.17,1.0,14.2,0.0,0,0,0.3,0.3,0.06,0.7,0.7,Match Report,2022,Newcastle United
2699,10,2021-10-30,15:00,Premier League,Matchweek 10,Sat,Home,L,0,3,Chelsea,0,6.0,1.0,16.7,0.0,0.0,19.7,0.0,0,0,0.2,0.2,0.04,-0.2,-0.2,Match Report,2022,Newcastle United
2700,11,2021-11-06,17:30,Premier League,Matchweek 11,Sat,Away,D,1,1,Brighton,1,6.0,1.0,16.7,0.17,1.0,18.1,0.0,0,0,0.3,0.3,0.05,0.7,0.7,Match Report,2022,Newcastle United
2701,12,2021-11-20,15:00,Premier League,Matchweek 12,Sat,Home,D,3,3,Brentford,3,23.0,8.0,34.8,0.13,0.38,16.1,0.0,0,0,1.5,1.5,0.07,1.5,1.5,Match Report,2022,Newcastle United
2702,13,2021-11-27,12:30,Premier League,Matchweek 13,Sat,Away,L,0,2,Arsenal,0,9.0,5.0,55.6,0.0,0.0,24.5,0.0,0,0,0.3,0.3,0.03,-0.3,-0.3,Match Report,2022,Newcastle United
2703,14,2021-11-30,19:30,Premier League,Matchweek 14,Tue,Home,D,1,1,Norwich City,1,8.0,0.0,0.0,0.0,,22.6,0.0,1,1,1.1,0.4,0.05,-0.1,-0.4,Match Report,2022,Newcastle United
2704,15,2021-12-04,15:00,Premier League,Matchweek 15,Sat,Home,W,1,0,Burnley,1,19.0,4.0,21.1,0.05,0.25,17.9,0.0,0,0,1.0,1.0,0.06,0.0,0.0,Match Report,2022,Newcastle United
2705,16,2021-12-12,14:00,Premier League,Matchweek 16,Sun,Away,L,0,4,Leicester City,0,12.0,3.0,25.0,0.0,0.0,18.1,0.0,0,0,1.0,1.0,0.08,-1.0,-1.0,Match Report,2022,Newcastle United
2706,17,2021-12-16,20:00,Premier League,Matchweek 17,Thu,Away,L,1,3,Liverpool,1,5.0,3.0,60.0,0.2,0.33,31.4,2.0,0,0,0.3,0.3,0.05,0.7,0.7,Match Report,2022,Newcastle United
2707,18,2021-12-19,14:15,Premier League,Matchweek 18,Sun,Home,L,0,4,Manchester City,0,5.0,1.0,20.0,0.0,0.0,19.9,0.0,0,0,0.3,0.3,0.06,-0.3,-0.3,Match Report,2022,Newcastle United
2708,19,2021-12-27,20:00,Premier League,Matchweek 19,Mon,Home,D,1,1,Manchester Utd,1,13.0,8.0,61.5,0.08,0.13,22.6,0.0,0,0,1.3,1.3,0.1,-0.3,-0.3,Match Report,2022,Newcastle United
2710,21,2022-01-15,15:00,Premier League,Matchweek 22,Sat,Home,D,1,1,Watford,1,12.0,1.0,8.3,0.08,1.0,14.6,0.0,0,0,1.2,1.2,0.1,-0.2,-0.2,Match Report,2022,Newcastle United
2711,22,2022-01-22,15:00,Premier League,Matchweek 23,Sat,Away,W,1,0,Leeds United,1,15.0,3.0,20.0,0.07,0.33,19.7,1.0,0,0,0.9,0.9,0.06,0.1,0.1,Match Report,2022,Newcastle United
2712,23,2022-02-08,19:45,Premier League,Matchweek 24,Tue,Home,W,3,1,Everton,2,20.0,9.0,45.0,0.1,0.22,14.0,1.0,0,0,1.9,1.9,0.1,0.1,0.1,Match Report,2022,Newcastle United
2713,24,2022-02-13,14:00,Premier League,Matchweek 25,Sun,Home,W,1,0,Aston Villa,1,10.0,2.0,20.0,0.1,0.5,21.5,1.0,0,0,0.5,0.5,0.05,0.5,0.5,Match Report,2022,Newcastle United
2714,25,2022-02-19,12:30,Premier League,Matchweek 26,Sat,Away,D,1,1,West Ham,1,14.0,3.0,21.4,0.07,0.33,16.0,0.0,0,0,0.8,0.8,0.06,0.2,0.2,Match Report,2022,Newcastle United
2715,26,2022-02-26,15:00,Premier League,Matchweek 27,Sat,Away,W,2,0,Brentford,2,26.0,11.0,42.3,0.08,0.18,15.7,2.0,0,0,2.7,2.7,0.11,-0.7,-0.7,Match Report,2022,Newcastle United
2716,27,2022-03-05,15:00,Premier League,Matchweek 28,Sat,Home,W,2,1,Brighton,2,10.0,4.0,40.0,0.2,0.5,12.2,0.0,0,0,1.7,1.7,0.21,0.3,0.3,Match Report,2022,Newcastle United
2717,28,2022-03-10,19:30,Premier League,Matchweek 21,Thu,Away,W,2,1,Southampton,2,8.0,3.0,37.5,0.25,0.67,16.4,0.0,0,0,0.6,0.6,0.08,1.4,1.4,Match Report,2022,Newcastle United
2718,29,2022-03-13,14:00,Premier League,Matchweek 29,Sun,Away,L,0,1,Chelsea,0,7.0,2.0,28.6,0.0,0.0,18.2,0.0,0,0,0.3,0.3,0.04,-0.3,-0.3,Match Report,2022,Newcastle United
2719,30,2022-03-17,19:45,Premier League,Matchweek 20,Thu,Away,L,0,1,Everton,0,17.0,6.0,35.3,0.0,0.0,20.7,1.0,0,0,0.9,0.9,0.05,-0.9,-0.9,Match Report,2022,Newcastle United
2720,31,2022-04-03,16:30,Premier League,Matchweek 31,Sun,Away,L,1,5,Tottenham,1,8.0,1.0,12.5,0.13,1.0,18.0,1.0,0,0,0.5,0.5,0.07,0.5,0.5,Match Report,2022,Newcastle United
2721,32,2022-04-08,20:00,Premier League,Matchweek 32,Fri,Home,W,1,0,Wolves,1,11.0,3.0,27.3,0.0,0.0,19.7,1.0,1,1,1.5,0.7,0.07,-0.5,-0.7,Match Report,2022,Newcastle United
2722,33,2022-04-17,14:15,Premier League,Matchweek 33,Sun,Home,W,2,1,Leicester City,2,16.0,7.0,43.8,0.13,0.29,15.4,1.0,0,0,1.8,1.8,0.14,0.2,0.2,Match Report,2022,Newcastle United
2723,34,2022-04-20,19:45,Premier League,Matchweek 30,Wed,Home,W,1,0,Crystal Palace,1,13.0,4.0,30.8,0.08,0.25,18.1,0.0,0,0,0.9,0.9,0.07,0.1,0.1,Match Report,2022,Newcastle United
2724,35,2022-04-23,15:00,Premier League,Matchweek 34,Sat,Away,W,3,0,Norwich City,3,13.0,7.0,53.8,0.23,0.43,15.6,0.0,0,0,1.9,1.9,0.15,1.1,1.1,Match Report,2022,Newcastle United
2725,36,2022-04-30,12:30,Premier League,Matchweek 35,Sat,Home,L,0,1,Liverpool,0,4.0,2.0,50.0,0.0,0.0,28.3,1.0,0,0,0.2,0.2,0.05,-0.2,-0.2,Match Report,2022,Newcastle United
2726,37,2022-05-08,16:30,Premier League,Matchweek 36,Sun,Away,L,0,5,Manchester City,0,7.0,3.0,42.9,0.0,0.0,16.5,0.0,0,0,0.8,0.8,0.12,-0.8,-0.8,Match Report,2022,Newcastle United
2727,38,2022-05-16,20:00,Premier League,Matchweek 37,Mon,Home,W,2,0,Arsenal,1,16.0,4.0,25.0,0.06,0.25,19.1,0.0,0,0,1.6,1.6,0.11,-0.6,-0.6,Match Report,2022,Newcastle United
2728,39,2022-05-22,16:00,Premier League,Matchweek 38,Sun,Away,W,2,1,Burnley,2,7.0,5.0,71.4,0.14,0.2,23.0,0.0,1,1,1.8,1.0,0.15,0.2,0.0,Match Report,2022,Newcastle United
2730,0,2021-08-14,15:00,Premier League,Matchweek 1,Sat,Away,L,0.0,3.0,Chelsea,0,4.0,1.0,25.0,0.0,0.0,10.8,0.0,0,0,0.2,0.2,0.05,-0.2,-0.2,Match Report,2022,Crystal Palace
2731,1,2021-08-21,15:00,Premier League,Matchweek 2,Sat,Home,D,0.0,0.0,Brentford,0,7.0,2.0,28.6,0.0,0.0,15.9,0.0,0,0,0.5,0.5,0.07,-0.5,-0.5,Match Report,2022,Crystal Palace
2733,3,2021-08-28,15:00,Premier League,Matchweek 3,Sat,Away,D,2.0,2.0,West Ham,2,9.0,2.0,22.2,0.22,1.0,15.2,0.0,0,0,1.1,1.1,0.13,0.9,0.9,Match Report,2022,Crystal Palace
2734,4,2021-09-11,12:30,Premier League,Matchweek 4,Sat,Home,W,3.0,0.0,Tottenham,3,17.0,3.0,17.6,0.12,0.67,17.5,1.0,1,1,2.1,1.3,0.08,0.9,0.7,Match Report,2022,Crystal Palace
2735,5,2021-09-18,15:00,Premier League,Matchweek 5,Sat,Away,L,0.0,3.0,Liverpool,0,13.0,2.0,15.4,0.0,0.0,19.0,1.0,0,0,0.6,0.6,0.05,-0.6,-0.6,Match Report,2022,Crystal Palace
2736,6,2021-09-27,20:00,Premier League,Matchweek 6,Mon,Home,D,1.0,1.0,Brighton,1,7.0,2.0,28.6,0.0,0.0,24.1,1.0,1,1,1.4,0.6,0.09,-0.4,-0.6,Match Report,2022,Crystal Palace
2737,7,2021-10-03,14:00,Premier League,Matchweek 7,Sun,Home,D,2.0,2.0,Leicester City,2,18.0,4.0,22.2,0.11,0.5,15.3,0.0,0,0,1.5,1.5,0.09,0.5,0.5,Match Report,2022,Crystal Palace
2738,8,2021-10-18,20:00,Premier League,Matchweek 8,Mon,Away,D,2.0,2.0,Arsenal,2,9.0,6.0,66.7,0.22,0.33,21.4,0.0,0,0,0.7,0.7,0.08,1.3,1.3,Match Report,2022,Crystal Palace
2739,9,2021-10-23,15:00,Premier League,Matchweek 9,Sat,Home,D,1.0,1.0,Newcastle Utd,1,15.0,3.0,20.0,0.07,0.33,15.6,0.0,0,0,1.9,1.9,0.12,-0.9,-0.9,Match Report,2022,Crystal Palace
2740,10,2021-10-30,15:00,Premier League,Matchweek 10,Sat,Away,W,2.0,0.0,Manchester City,2,8.0,3.0,37.5,0.25,0.67,15.3,0.0,0,0,0.7,0.7,0.08,1.3,1.3,Match Report,2022,Crystal Palace
2741,11,2021-11-06,15:00,Premier League,Matchweek 11,Sat,Home,W,2.0,0.0,Wolves,2,13.0,6.0,46.2,0.15,0.33,13.2,0.0,0,0,1.9,1.9,0.15,0.1,0.1,Match Report,2022,Crystal Palace
2742,12,2021-11-20,15:00,Premier League,Matchweek 12,Sat,Away,D,3.0,3.0,Burnley,3,18.0,8.0,44.4,0.17,0.38,16.4,1.0,0,0,1.9,1.9,0.11,1.1,1.1,Match Report,2022,Crystal Palace
2743,13,2021-11-27,15:00,Premier League,Matchweek 13,Sat,Home,L,1.0,2.0,Aston Villa,1,8.0,3.0,37.5,0.13,0.33,13.9,0.0,0,0,1.0,1.0,0.12,0.0,0.0,Match Report,2022,Crystal Palace
2744,14,2021-11-30,20:15,Premier League,Matchweek 14,Tue,Away,L,0.0,1.0,Leeds United,0,9.0,1.0,11.1,0.0,0.0,18.1,1.0,0,0,1.1,1.1,0.13,-1.1,-1.1,Match Report,2022,Crystal Palace
2745,15,2021-12-05,14:00,Premier League,Matchweek 15,Sun,Away,L,0.0,1.0,Manchester Utd,0,8.0,2.0,25.0,0.0,0.0,19.2,0.0,0,0,0.5,0.5,0.07,-0.5,-0.5,Match Report,2022,Crystal Palace
2746,16,2021-12-12,16:30,Premier League,Matchweek 16,Sun,Home,W,3.0,1.0,Everton,3,17.0,6.0,35.3,0.18,0.5,16.8,1.0,0,0,1.8,1.8,0.11,1.2,1.2,Match Report,2022,Crystal Palace
2747,17,2021-12-15,19:30,Premier League,Matchweek 17,Wed,Home,D,2.0,2.0,Southampton,2,9.0,6.0,66.7,0.22,0.33,10.9,0.0,0,0,1.2,1.2,0.14,0.8,0.8,Match Report,2022,Crystal Palace
2748,18,2021-12-26,15:00,Premier League,Matchweek 19,Sun,Away,L,0.0,3.0,Tottenham,0,4.0,0.0,0.0,0.0,,17.7,0.0,0,0,0.2,0.2,0.06,-0.2,-0.2,Match Report,2022,Crystal Palace
2749,19,2021-12-28,15:00,Premier League,Matchweek 20,Tue,Home,W,3.0,0.0,Norwich City,3,18.0,5.0,27.8,0.11,0.4,13.3,0.0,1,1,1.9,1.2,0.07,1.1,0.8,Match Report,2022,Crystal Palace
2750,20,2022-01-01,17:30,Premier League,Matchweek 21,Sat,Home,L,2.0,3.0,West Ham,2,22.0,6.0,27.3,0.09,0.33,15.8,2.0,0,0,2.4,2.4,0.11,-0.4,-0.4,Match Report,2022,Crystal Palace
2752,22,2022-01-14,20:00,Premier League,Matchweek 22,Fri,Away,D,1.0,1.0,Brighton,1,3.0,1.0,33.3,0.33,1.0,22.2,0.0,0,0,0.2,0.2,0.06,0.8,0.8,Match Report,2022,Crystal Palace
2753,23,2022-01-23,14:00,Premier League,Matchweek 23,Sun,Home,L,1.0,3.0,Liverpool,1,8.0,5.0,62.5,0.13,0.2,12.2,0.0,0,0,2.2,2.2,0.27,-1.2,-1.2,Match Report,2022,Crystal Palace
2755,25,2022-02-09,19:45,Premier League,Matchweek 24,Wed,Away,D,1.0,1.0,Norwich City,1,12.0,5.0,41.7,0.08,0.2,22.3,1.0,0,1,1.3,0.5,0.04,-0.3,0.5,Match Report,2022,Crystal Palace
2756,26,2022-02-12,15:00,Premier League,Matchweek 25,Sat,Away,D,0.0,0.0,Brentford,0,6.0,3.0,50.0,0.0,0.0,21.6,0.0,0,0,0.3,0.3,0.04,-0.3,-0.3,Match Report,2022,Crystal Palace
2757,27,2022-02-19,15:00,Premier League,Matchweek 26,Sat,Home,L,0.0,1.0,Chelsea,0,7.0,0.0,0.0,0.0,,14.6,0.0,0,0,0.5,0.5,0.07,-0.5,-0.5,Match Report,2022,Crystal Palace
2758,28,2022-02-23,19:30,Premier League,Matchweek 18,Wed,Away,W,4.0,1.0,Watford,4,7.0,5.0,71.4,0.57,0.8,15.1,0.0,0,0,1.1,1.1,0.16,2.9,2.9,Match Report,2022,Crystal Palace
2759,29,2022-02-26,15:00,Premier League,Matchweek 27,Sat,Home,D,1.0,1.0,Burnley,1,11.0,4.0,36.4,0.09,0.25,18.7,2.0,0,0,1.0,1.0,0.09,0.0,0.0,Match Report,2022,Crystal Palace
2761,31,2022-03-05,15:00,Premier League,Matchweek 28,Sat,Away,W,2.0,0.0,Wolves,2,11.0,7.0,63.6,0.09,0.14,15.1,0.0,1,1,2.7,2.0,0.2,-0.7,-1.0,Match Report,2022,Crystal Palace
2762,32,2022-03-14,20:00,Premier League,Matchweek 29,Mon,Home,D,0.0,0.0,Manchester City,0,7.0,1.0,14.3,0.0,0.0,14.7,0.0,0,0,0.6,0.6,0.09,-0.6,-0.6,Match Report,2022,Crystal Palace
2764,34,2022-04-04,20:00,Premier League,Matchweek 31,Mon,Home,W,3.0,0.0,Arsenal,3,5.0,4.0,80.0,0.4,0.5,21.0,1.0,1,1,1.5,0.7,0.14,1.5,1.3,Match Report,2022,Crystal Palace
2765,35,2022-04-10,14:00,Premier League,Matchweek 32,Sun,Away,L,1.0,2.0,Leicester City,1,10.0,2.0,20.0,0.1,0.5,14.0,0.0,0,1,1.4,0.6,0.06,-0.4,0.4,Match Report,2022,Crystal Palace
2767,37,2022-04-20,19:45,Premier League,Matchweek 30,Wed,Away,L,0.0,1.0,Newcastle Utd,0,10.0,2.0,20.0,0.0,0.0,15.4,0.0,0,0,0.5,0.5,0.05,-0.5,-0.5,Match Report,2022,Crystal Palace
2768,38,2022-04-25,20:00,Premier League,Matchweek 34,Mon,Home,D,0.0,0.0,Leeds United,0,17.0,7.0,41.2,0.0,0.0,13.6,0.0,0,0,1.9,1.9,0.11,-1.9,-1.9,Match Report,2022,Crystal Palace
2769,39,2022-04-30,15:00,Premier League,Matchweek 35,Sat,Away,W,2.0,1.0,Southampton,2,14.0,5.0,35.7,0.14,0.4,13.9,0.0,0,0,1.1,1.1,0.08,0.9,0.9,Match Report,2022,Crystal Palace
2770,40,2022-05-07,15:00,Premier League,Matchweek 36,Sat,Home,W,1.0,0.0,Watford,1,14.0,6.0,42.9,0.0,0.0,15.8,1.0,1,1,2.2,1.4,0.11,-1.2,-1.4,Match Report,2022,Crystal Palace
2771,41,2022-05-15,14:00,Premier League,Matchweek 37,Sun,Away,D,1.0,1.0,Aston Villa,1,16.0,4.0,25.0,0.06,0.25,17.6,0.0,0,0,1.4,1.4,0.09,-0.4,-0.4,Match Report,2022,Crystal Palace
2772,42,2022-05-19,19:45,Premier League,Matchweek 33,Thu,Away,L,2.0,3.0,Everton,2,7.0,5.0,71.4,0.29,0.4,14.2,0.0,0,0,1.1,1.1,0.17,0.9,0.9,Match Report,2022,Crystal Palace
2773,43,2022-05-22,16:00,Premier League,Matchweek 38,Sun,Home,W,1.0,0.0,Manchester Utd,1,6.0,3.0,50.0,0.17,0.33,14.1,0.0,0,0,0.6,0.6,0.1,0.4,0.4,Match Report,2022,Crystal Palace
2775,0,2021-08-13,20:00,Premier League,Matchweek 1,Fri,Home,W,2.0,0.0,Arsenal,2,8.0,3.0,37.5,0.25,0.67,12.1,0.0,0,0,1.2,1.2,0.15,0.8,0.8,Match Report,2022,Brentford
2776,1,2021-08-21,15:00,Premier League,Matchweek 2,Sat,Away,D,0.0,0.0,Crystal Palace,0,14.0,3.0,21.4,0.0,0.0,18.0,1.0,0,0,0.9,0.9,0.06,-0.9,-0.9,Match Report,2022,Brentford
2778,3,2021-08-28,15:00,Premier League,Matchweek 3,Sat,Away,D,1.0,1.0,Aston Villa,1,9.0,2.0,22.2,0.11,0.5,15.6,0.0,0,0,0.9,0.9,0.1,0.1,0.1,Match Report,2022,Brentford
2779,4,2021-09-11,15:00,Premier League,Matchweek 4,Sat,Home,L,0.0,1.0,Brighton,0,7.0,1.0,14.3,0.0,0.0,20.3,0.0,0,0,0.4,0.4,0.06,-0.4,-0.4,Match Report,2022,Brentford
2780,5,2021-09-18,12:30,Premier League,Matchweek 5,Sat,Away,W,2.0,0.0,Wolves,2,8.0,2.0,25.0,0.13,0.5,18.7,0.0,1,1,2.5,1.7,0.21,-0.5,-0.7,Match Report,2022,Brentford
2782,7,2021-09-25,17:30,Premier League,Matchweek 6,Sat,Home,D,3.0,3.0,Liverpool,3,12.0,3.0,25.0,0.25,1.0,12.0,0.0,0,0,2.1,2.1,0.19,0.9,0.9,Match Report,2022,Brentford
2783,8,2021-10-03,14:00,Premier League,Matchweek 7,Sun,Away,W,2.0,1.0,West Ham,2,13.0,6.0,46.2,0.15,0.33,13.9,1.0,0,0,1.2,1.2,0.1,0.8,0.8,Match Report,2022,Brentford
2784,9,2021-10-16,17:30,Premier League,Matchweek 8,Sat,Home,L,0.0,1.0,Chelsea,0,17.0,6.0,35.3,0.0,0.0,14.5,0.0,0,0,1.4,1.4,0.09,-1.4,-1.4,Match Report,2022,Brentford
2785,10,2021-10-24,14:00,Premier League,Matchweek 9,Sun,Home,L,1.0,2.0,Leicester City,1,15.0,5.0,33.3,0.07,0.2,16.3,0.0,0,0,1.0,1.0,0.07,0.0,0.0,Match Report,2022,Brentford
2787,12,2021-10-30,15:00,Premier League,Matchweek 10,Sat,Away,L,1.0,3.0,Burnley,1,12.0,4.0,33.3,0.08,0.25,18.2,1.0,0,0,0.8,0.8,0.07,0.2,0.2,Match Report,2022,Brentford
2788,13,2021-11-06,15:00,Premier League,Matchweek 11,Sat,Home,L,1.0,2.0,Norwich City,1,19.0,7.0,36.8,0.05,0.14,10.8,0.0,0,0,2.5,2.5,0.14,-1.5,-1.5,Match Report,2022,Brentford
2789,14,2021-11-20,15:00,Premier League,Matchweek 12,Sat,Away,D,3.0,3.0,Newcastle Utd,2,10.0,3.0,30.0,0.2,0.67,18.5,1.0,0,0,0.9,0.9,0.09,1.1,1.1,Match Report,2022,Brentford
2790,15,2021-11-28,14:00,Premier League,Matchweek 13,Sun,Home,W,1.0,0.0,Everton,1,5.0,3.0,60.0,0.0,0.0,18.9,0.0,1,1,1.2,0.4,0.09,-0.2,-0.4,Match Report,2022,Brentford
2791,16,2021-12-02,19:30,Premier League,Matchweek 14,Thu,Away,L,0.0,2.0,Tottenham,0,6.0,2.0,33.3,0.0,0.0,17.1,0.0,0,0,0.3,0.3,0.05,-0.3,-0.3,Match Report,2022,Brentford
2792,17,2021-12-05,14:00,Premier League,Matchweek 15,Sun,Away,D,2.0,2.0,Leeds United,2,9.0,3.0,33.3,0.22,0.67,16.7,1.0,0,0,1.0,1.0,0.12,1.0,1.0,Match Report,2022,Brentford
2793,18,2021-12-10,20:00,Premier League,Matchweek 16,Fri,Home,W,2.0,1.0,Watford,2,13.0,4.0,30.8,0.08,0.25,15.5,0.0,1,1,1.6,0.8,0.06,0.4,0.2,Match Report,2022,Brentford
2795,20,2021-12-26,20:00,Premier League,Matchweek 19,Sun,Away,L,0.0,2.0,Brighton,0,16.0,5.0,31.3,0.0,0.0,17.1,0.0,0,0,0.7,0.7,0.04,-0.7,-0.7,Match Report,2022,Brentford
2796,21,2021-12-29,20:15,Premier League,Matchweek 20,Wed,Home,L,0.0,1.0,Manchester City,0,6.0,2.0,33.3,0.0,0.0,24.6,0.0,0,0,0.4,0.4,0.06,-0.4,-0.4,Match Report,2022,Brentford
2797,22,2022-01-02,14:00,Premier League,Matchweek 21,Sun,Home,W,2.0,1.0,Aston Villa,2,10.0,4.0,40.0,0.2,0.5,17.7,0.0,0,0,0.6,0.6,0.06,1.4,1.4,Match Report,2022,Brentford
2799,24,2022-01-11,19:45,Premier League,Matchweek 18,Tue,Away,L,1.0,4.0,Southampton,1,5.0,4.0,80.0,0.2,0.25,12.8,0.0,0,0,0.5,0.5,0.11,0.5,0.5,Match Report,2022,Brentford
2800,25,2022-01-16,14:00,Premier League,Matchweek 22,Sun,Away,L,0.0,3.0,Liverpool,0,6.0,1.0,16.7,0.0,0.0,21.2,0.0,0,0,0.7,0.7,0.12,-0.7,-0.7,Match Report,2022,Brentford
2801,26,2022-01-19,20:00,Premier League,Matchweek 17,Wed,Home,L,1.0,3.0,Manchester Utd,1,18.0,9.0,50.0,0.06,0.11,16.7,0.0,0,0,2.3,2.3,0.14,-1.3,-1.3,Match Report,2022,Brentford
2802,27,2022-01-22,15:00,Premier League,Matchweek 23,Sat,Home,L,1.0,2.0,Wolves,1,11.0,1.0,9.1,0.09,1.0,13.6,1.0,0,0,1.1,1.1,0.11,-0.1,-0.1,Match Report,2022,Brentford
2804,29,2022-02-09,19:45,Premier League,Matchweek 24,Wed,Away,L,0.0,2.0,Manchester City,0,6.0,2.0,33.3,0.0,0.0,18.3,0.0,0,0,0.4,0.4,0.06,-0.4,-0.4,Match Report,2022,Brentford
2805,30,2022-02-12,15:00,Premier League,Matchweek 25,Sat,Home,D,0.0,0.0,Crystal Palace,0,9.0,2.0,22.2,0.0,0.0,12.9,0.0,0,0,1.6,1.6,0.18,-1.6,-1.6,Match Report,2022,Brentford
2806,31,2022-02-19,15:00,Premier League,Matchweek 26,Sat,Away,L,1.0,2.0,Arsenal,1,6.0,2.0,33.3,0.17,0.5,20.7,0.0,0,0,0.6,0.6,0.11,0.4,0.4,Match Report,2022,Brentford
2807,32,2022-02-26,15:00,Premier League,Matchweek 27,Sat,Home,L,0.0,2.0,Newcastle Utd,0,6.0,1.0,16.7,0.0,0.0,16.5,0.0,0,0,0.4,0.4,0.06,-0.4,-0.4,Match Report,2022,Brentford
2808,33,2022-03-05,15:00,Premier League,Matchweek 28,Sat,Away,W,3.0,1.0,Norwich City,3,8.0,4.0,50.0,0.13,0.25,21.4,0.0,2,2,2.0,0.4,0.05,1.0,0.6,Match Report,2022,Brentford
2809,34,2022-03-12,15:00,Premier League,Matchweek 29,Sat,Home,W,2.0,0.0,Burnley,2,12.0,2.0,16.7,0.08,0.5,21.5,0.0,1,1,1.9,1.1,0.09,0.1,-0.1,Match Report,2022,Brentford
2810,35,2022-03-20,14:00,Premier League,Matchweek 30,Sun,Away,L,1.0,2.0,Leicester City,1,15.0,6.0,40.0,0.07,0.17,14.9,0.0,0,0,1.3,1.3,0.09,-0.3,-0.3,Match Report,2022,Brentford
2811,36,2022-04-02,15:00,Premier League,Matchweek 31,Sat,Away,W,4.0,1.0,Chelsea,4,17.0,6.0,35.3,0.24,0.67,13.5,1.0,0,0,1.8,1.8,0.11,2.2,2.2,Match Report,2022,Brentford
2812,37,2022-04-10,14:00,Premier League,Matchweek 32,Sun,Home,W,2.0,0.0,West Ham,2,15.0,7.0,46.7,0.13,0.29,15.8,0.0,0,0,1.4,1.4,0.09,0.6,0.6,Match Report,2022,Brentford
2813,38,2022-04-16,15:00,Premier League,Matchweek 33,Sat,Away,W,2.0,1.0,Watford,2,16.0,5.0,31.3,0.13,0.4,19.7,0.0,0,0,1.9,1.9,0.12,0.1,0.1,Match Report,2022,Brentford
2814,39,2022-04-23,17:30,Premier League,Matchweek 34,Sat,Home,D,0.0,0.0,Tottenham,0,15.0,1.0,6.7,0.0,0.0,15.3,1.0,0,0,0.9,0.9,0.06,-0.9,-0.9,Match Report,2022,Brentford
2815,40,2022-05-02,20:00,Premier League,Matchweek 35,Mon,Away,L,0.0,3.0,Manchester Utd,0,12.0,4.0,33.3,0.0,0.0,18.9,1.0,0,0,0.6,0.6,0.05,-0.6,-0.6,Match Report,2022,Brentford
2816,41,2022-05-07,15:00,Premier League,Matchweek 36,Sat,Home,W,3.0,0.0,Southampton,3,18.0,5.0,27.8,0.17,0.6,13.9,1.0,0,0,2.6,2.6,0.15,0.4,0.4,Match Report,2022,Brentford
2817,42,2022-05-15,16:30,Premier League,Matchweek 37,Sun,Away,W,3.0,2.0,Everton,2,18.0,6.0,33.3,0.11,0.33,18.1,1.0,0,0,1.4,1.4,0.08,0.6,0.6,Match Report,2022,Brentford
2818,43,2022-05-22,16:00,Premier League,Matchweek 38,Sun,Home,L,1.0,2.0,Leeds United,1,14.0,5.0,35.7,0.07,0.2,13.7,0.0,0,0,0.8,0.8,0.06,0.2,0.2,Match Report,2022,Brentford
2820,0,2021-08-14,15:00,Premier League,Matchweek 1,Sat,Away,L,2,3,Watford,2,10.0,1.0,10.0,0.1,1.0,22.8,1.0,1,1,1.2,0.4,0.04,0.8,0.6,Match Report,2022,Aston Villa
2821,1,2021-08-21,15:00,Premier League,Matchweek 2,Sat,Home,W,2,0,Newcastle Utd,2,9.0,1.0,11.1,0.11,1.0,19.5,0.0,1,1,1.2,0.6,0.06,0.8,0.4,Match Report,2022,Aston Villa
2823,3,2021-08-28,15:00,Premier League,Matchweek 3,Sat,Home,D,1,1,Brentford,1,7.0,5.0,71.4,0.14,0.2,13.8,0.0,0,0,0.7,0.7,0.1,0.3,0.3,Match Report,2022,Aston Villa
2824,4,2021-09-11,17:30,Premier League,Matchweek 4,Sat,Away,L,0,3,Chelsea,0,18.0,6.0,33.3,0.0,0.0,18.6,0.0,0,0,1.2,1.2,0.07,-1.2,-1.2,Match Report,2022,Aston Villa
2825,5,2021-09-18,17:30,Premier League,Matchweek 5,Sat,Home,W,3,0,Everton,2,15.0,3.0,20.0,0.13,0.67,19.3,1.0,0,0,0.8,0.8,0.06,1.2,1.2,Match Report,2022,Aston Villa
2827,7,2021-09-25,12:30,Premier League,Matchweek 6,Sat,Away,W,1,0,Manchester Utd,1,7.0,3.0,42.9,0.14,0.33,14.1,1.0,0,0,1.0,1.0,0.15,0.0,0.0,Match Report,2022,Aston Villa
2828,8,2021-10-03,14:00,Premier League,Matchweek 7,Sun,Away,L,1,2,Tottenham,1,14.0,3.0,21.4,0.07,0.33,18.0,0.0,0,0,1.2,1.2,0.09,-0.2,-0.2,Match Report,2022,Aston Villa
2829,9,2021-10-16,15:00,Premier League,Matchweek 8,Sat,Home,L,2,3,Wolves,2,14.0,5.0,35.7,0.14,0.4,18.0,0.0,0,0,1.0,1.0,0.07,1.0,1.0,Match Report,2022,Aston Villa
2830,10,2021-10-22,20:00,Premier League,Matchweek 9,Fri,Away,L,1,3,Arsenal,1,10.0,4.0,40.0,0.1,0.25,17.2,1.0,0,0,1.4,1.4,0.14,-0.4,-0.4,Match Report,2022,Aston Villa
2831,11,2021-10-31,16:30,Premier League,Matchweek 10,Sun,Home,L,1,4,West Ham,1,9.0,3.0,33.3,0.11,0.33,16.4,0.0,0,0,0.7,0.7,0.08,0.3,0.3,Match Report,2022,Aston Villa
2832,12,2021-11-05,20:00,Premier League,Matchweek 11,Fri,Away,L,0,1,Southampton,0,14.0,3.0,21.4,0.0,0.0,19.5,1.0,0,0,0.6,0.6,0.04,-0.6,-0.6,Match Report,2022,Aston Villa
2833,13,2021-11-20,15:00,Premier League,Matchweek 12,Sat,Home,W,2,0,Brighton,2,9.0,5.0,55.6,0.22,0.4,16.5,0.0,0,0,0.7,0.7,0.08,1.3,1.3,Match Report,2022,Aston Villa
2834,14,2021-11-27,15:00,Premier League,Matchweek 13,Sat,Away,W,2,1,Crystal Palace,2,10.0,3.0,30.0,0.2,0.67,20.5,2.0,0,0,0.5,0.5,0.05,1.5,1.5,Match Report,2022,Aston Villa
2835,15,2021-12-01,20:15,Premier League,Matchweek 14,Wed,Home,L,1,2,Manchester City,1,9.0,3.0,33.3,0.11,0.33,13.1,0.0,0,0,0.8,0.8,0.09,0.2,0.2,Match Report,2022,Aston Villa
2836,16,2021-12-05,16:30,Premier League,Matchweek 15,Sun,Home,W,2,1,Leicester City,2,13.0,4.0,30.8,0.15,0.5,13.9,0.0,0,0,2.1,2.1,0.17,-0.1,-0.1,Match Report,2022,Aston Villa
2837,17,2021-12-11,15:00,Premier League,Matchweek 16,Sat,Away,L,0,1,Liverpool,0,4.0,0.0,0.0,0.0,,23.6,1.0,0,0,0.2,0.2,0.05,-0.2,-0.2,Match Report,2022,Aston Villa
2838,18,2021-12-14,19:45,Premier League,Matchweek 17,Tue,Away,W,2,0,Norwich City,2,17.0,6.0,35.3,0.12,0.33,16.7,0.0,0,0,2.0,2.0,0.12,0.0,0.0,Match Report,2022,Aston Villa
2839,19,2021-12-26,17:30,Premier League,Matchweek 19,Sun,Home,L,1,3,Chelsea,0,8.0,1.0,12.5,0.0,0.0,18.8,0.0,0,0,0.4,0.4,0.06,-0.4,-0.4,Match Report,2022,Aston Villa
2840,20,2022-01-02,14:00,Premier League,Matchweek 21,Sun,Away,L,1,2,Brentford,1,16.0,5.0,31.3,0.06,0.2,17.1,0.0,0,0,0.8,0.8,0.05,0.2,0.2,Match Report,2022,Aston Villa
2842,22,2022-01-15,17:30,Premier League,Matchweek 22,Sat,Home,D,2,2,Manchester Utd,2,13.0,9.0,69.2,0.15,0.22,12.7,0.0,0,0,1.9,1.9,0.15,0.1,0.1,Match Report,2022,Aston Villa
2843,23,2022-01-22,12:30,Premier League,Matchweek 23,Sat,Away,W,1,0,Everton,1,8.0,3.0,37.5,0.13,0.33,19.8,2.0,0,0,0.8,0.8,0.1,0.2,0.2,Match Report,2022,Aston Villa
2844,24,2022-02-09,20:00,Premier League,Matchweek 24,Wed,Home,D,3,3,Leeds United,3,12.0,4.0,33.3,0.25,0.75,15.7,0.0,0,0,1.6,1.6,0.14,1.4,1.4,Match Report,2022,Aston Villa
2845,25,2022-02-13,14:00,Premier League,Matchweek 25,Sun,Away,L,0,1,Newcastle Utd,0,11.0,1.0,9.1,0.0,0.0,19.9,1.0,0,0,0.6,0.6,0.05,-0.6,-0.6,Match Report,2022,Aston Villa
2846,26,2022-02-19,15:00,Premier League,Matchweek 26,Sat,Home,L,0,1,Watford,0,20.0,1.0,5.0,0.0,0.0,21.0,1.0,0,0,1.3,1.3,0.07,-1.3,-1.3,Match Report,2022,Aston Villa
2847,27,2022-02-26,15:00,Premier League,Matchweek 27,Sat,Away,W,2,0,Brighton,2,9.0,4.0,44.4,0.22,0.5,17.5,1.0,0,0,1.0,1.0,0.11,1.0,1.0,Match Report,2022,Aston Villa
2848,28,2022-03-05,15:00,Premier League,Matchweek 28,Sat,Home,W,4,0,Southampton,4,14.0,9.0,64.3,0.29,0.44,15.7,0.0,0,0,2.5,2.5,0.2,1.5,1.5,Match Report,2022,Aston Villa
2849,29,2022-03-10,19:45,Premier League,Matchweek 20,Thu,Away,W,3,0,Leeds United,3,15.0,9.0,60.0,0.2,0.33,19.6,1.0,0,0,1.5,1.5,0.1,1.5,1.5,Match Report,2022,Aston Villa
2850,30,2022-03-13,14:00,Premier League,Matchweek 29,Sun,Away,L,1,2,West Ham,1,13.0,7.0,53.8,0.08,0.14,14.9,1.0,0,0,1.1,1.1,0.09,-0.1,-0.1,Match Report,2022,Aston Villa
2851,31,2022-03-19,12:30,Premier League,Matchweek 30,Sat,Home,L,0,1,Arsenal,0,8.0,1.0,12.5,0.0,0.0,16.8,2.0,0,0,0.5,0.5,0.06,-0.5,-0.5,Match Report,2022,Aston Villa
2852,32,2022-04-02,15:00,Premier League,Matchweek 31,Sat,Away,L,1,2,Wolves,1,14.0,4.0,28.6,0.0,0.0,20.0,1.0,1,1,2.1,1.5,0.11,-1.1,-1.5,Match Report,2022,Aston Villa
2853,33,2022-04-09,17:30,Premier League,Matchweek 32,Sat,Home,L,0,4,Tottenham,0,19.0,8.0,42.1,0.0,0.0,16.3,1.0,0,0,1.6,1.6,0.09,-1.6,-1.6,Match Report,2022,Aston Villa
2854,34,2022-04-23,15:00,Premier League,Matchweek 34,Sat,Away,D,0,0,Leicester City,0,11.0,3.0,27.3,0.0,0.0,17.9,0.0,0,0,0.9,0.9,0.08,-0.9,-0.9,Match Report,2022,Aston Villa
2855,35,2022-04-30,15:00,Premier League,Matchweek 35,Sat,Home,W,2,0,Norwich City,2,21.0,6.0,28.6,0.1,0.33,15.7,0.0,0,0,1.8,1.8,0.09,0.2,0.2,Match Report,2022,Aston Villa
2856,36,2022-05-07,15:00,Premier League,Matchweek 36,Sat,Away,W,3,1,Burnley,3,12.0,7.0,58.3,0.25,0.43,18.3,1.0,0,0,2.1,2.1,0.17,0.9,0.9,Match Report,2022,Aston Villa
2857,37,2022-05-10,20:00,Premier League,Matchweek 33,Tue,Home,L,1,2,Liverpool,1,9.0,4.0,44.4,0.11,0.25,13.7,0.0,0,0,1.4,1.4,0.18,-0.4,-0.4,Match Report,2022,Aston Villa
2858,38,2022-05-15,14:00,Premier League,Matchweek 37,Sun,Home,D,1,1,Crystal Palace,1,13.0,4.0,30.8,0.08,0.25,18.7,0.0,0,0,1.0,1.0,0.08,0.0,0.0,Match Report,2022,Aston Villa
2859,39,2022-05-19,20:00,Premier League,Matchweek 18,Thu,Home,D,1,1,Burnley,1,22.0,9.0,40.9,0.05,0.11,19.4,0.0,0,0,1.5,1.5,0.07,-0.5,-0.5,Match Report,2022,Aston Villa
2860,40,2022-05-22,16:00,Premier League,Matchweek 38,Sun,Away,L,2,3,Manchester City,2,4.0,2.0,50.0,0.5,1.0,16.8,0.0,0,0,0.2,0.2,0.06,1.8,1.8,Match Report,2022,Aston Villa
2862,0,2021-08-14,15:00,Premier League,Matchweek 1,Sat,Away,L,1,3,Everton,1,6.0,3.0,50.0,0.17,0.33,15.5,0.0,0,0,0.8,0.8,0.14,0.2,0.2,Match Report,2022,Southampton
2863,1,2021-08-22,14:00,Premier League,Matchweek 2,Sun,Home,D,1,1,Manchester Utd,0,8.0,3.0,37.5,0.0,0.0,21.5,2.0,0,0,0.7,0.7,0.08,-0.7,-0.7,Match Report,2022,Southampton
2865,3,2021-08-28,15:00,Premier League,Matchweek 3,Sat,Away,D,2,2,Newcastle Utd,2,21.0,5.0,23.8,0.05,0.2,19.2,1.0,1,1,3.6,2.9,0.16,-1.6,-1.9,Match Report,2022,Southampton
2866,4,2021-09-11,15:00,Premier League,Matchweek 4,Sat,Home,D,0,0,West Ham,0,11.0,2.0,18.2,0.0,0.0,14.2,0.0,0,0,0.7,0.7,0.07,-0.7,-0.7,Match Report,2022,Southampton
2867,5,2021-09-18,15:00,Premier League,Matchweek 5,Sat,Away,D,0,0,Manchester City,0,10.0,2.0,20.0,0.0,0.0,19.8,0.0,0,0,0.4,0.4,0.04,-0.4,-0.4,Match Report,2022,Southampton
2869,7,2021-09-26,14:00,Premier League,Matchweek 6,Sun,Home,L,0,1,Wolves,0,18.0,6.0,33.3,0.0,0.0,20.7,1.0,0,0,1.0,1.0,0.06,-1.0,-1.0,Match Report,2022,Southampton
2870,8,2021-10-02,15:00,Premier League,Matchweek 7,Sat,Away,L,1,3,Chelsea,1,5.0,1.0,20.0,0.0,0.0,24.0,0.0,1,1,1.3,0.6,0.11,-0.3,-0.6,Match Report,2022,Southampton
2871,9,2021-10-16,15:00,Premier League,Matchweek 8,Sat,Home,W,1,0,Leeds United,1,19.0,4.0,21.1,0.05,0.25,18.7,1.0,0,0,1.9,1.9,0.1,-0.9,-0.9,Match Report,2022,Southampton
2872,10,2021-10-23,15:00,Premier League,Matchweek 9,Sat,Home,D,2,2,Burnley,2,16.0,4.0,25.0,0.13,0.5,16.9,0.0,0,0,1.6,1.6,0.1,0.4,0.4,Match Report,2022,Southampton
2874,12,2021-10-30,15:00,Premier League,Matchweek 10,Sat,Away,W,1,0,Watford,1,12.0,1.0,8.3,0.08,1.0,15.0,0.0,0,0,1.8,1.8,0.15,-0.8,-0.8,Match Report,2022,Southampton
2875,13,2021-11-05,20:00,Premier League,Matchweek 11,Fri,Home,W,1,0,Aston Villa,1,9.0,3.0,33.3,0.11,0.33,15.6,0.0,0,0,0.6,0.6,0.07,0.4,0.4,Match Report,2022,Southampton
2876,14,2021-11-20,15:00,Premier League,Matchweek 12,Sat,Away,L,1,2,Norwich City,1,17.0,5.0,29.4,0.06,0.2,18.8,0.0,0,0,1.0,1.0,0.06,0.0,0.0,Match Report,2022,Southampton
2877,15,2021-11-27,15:00,Premier League,Matchweek 13,Sat,Away,L,0,4,Liverpool,0,7.0,3.0,42.9,0.0,0.0,10.5,0.0,0,0,1.0,1.0,0.15,-1.0,-1.0,Match Report,2022,Southampton
2878,16,2021-12-01,19:30,Premier League,Matchweek 14,Wed,Home,D,2,2,Leicester City,2,15.0,7.0,46.7,0.13,0.29,14.9,0.0,0,0,1.5,1.5,0.1,0.5,0.5,Match Report,2022,Southampton
2879,17,2021-12-04,15:00,Premier League,Matchweek 15,Sat,Home,D,1,1,Brighton,1,14.0,4.0,28.6,0.07,0.25,17.6,1.0,0,0,1.6,1.6,0.12,-0.6,-0.6,Match Report,2022,Southampton
2880,18,2021-12-11,15:00,Premier League,Matchweek 16,Sat,Away,L,0,3,Arsenal,0,11.0,6.0,54.5,0.0,0.0,22.1,3.0,0,0,0.6,0.6,0.06,-0.6,-0.6,Match Report,2022,Southampton
2881,19,2021-12-15,19:30,Premier League,Matchweek 17,Wed,Away,D,2,2,Crystal Palace,2,15.0,4.0,26.7,0.13,0.5,21.3,1.0,0,0,0.6,0.6,0.04,1.4,1.4,Match Report,2022,Southampton
2882,20,2021-12-26,15:00,Premier League,Matchweek 19,Sun,Away,W,3,2,West Ham,3,10.0,5.0,50.0,0.2,0.4,22.8,0.0,1,1,1.2,0.4,0.04,1.8,1.6,Match Report,2022,Southampton
2883,21,2021-12-28,15:00,Premier League,Matchweek 20,Tue,Home,D,1,1,Tottenham,1,9.0,2.0,22.2,0.11,0.5,20.7,0.0,0,0,0.4,0.4,0.04,0.6,0.6,Match Report,2022,Southampton
2885,23,2022-01-11,19:45,Premier League,Matchweek 18,Tue,Home,W,4,1,Brentford,3,12.0,6.0,50.0,0.25,0.5,17.9,0.0,0,0,1.4,1.4,0.12,1.6,1.6,Match Report,2022,Southampton
2886,24,2022-01-15,15:00,Premier League,Matchweek 22,Sat,Away,L,1,3,Wolves,1,13.0,10.0,76.9,0.08,0.1,20.4,2.0,0,0,0.8,0.8,0.06,0.2,0.2,Match Report,2022,Southampton
2887,25,2022-01-22,17:30,Premier League,Matchweek 23,Sat,Home,D,1,1,Manchester City,1,7.0,3.0,42.9,0.14,0.33,11.0,0.0,0,0,0.8,0.8,0.12,0.2,0.2,Match Report,2022,Southampton
2889,27,2022-02-09,19:45,Premier League,Matchweek 24,Wed,Away,W,3,2,Tottenham,3,23.0,9.0,39.1,0.13,0.33,16.8,0.0,0,0,2.2,2.2,0.1,0.8,0.8,Match Report,2022,Southampton
2890,28,2022-02-12,12:30,Premier League,Matchweek 25,Sat,Away,D,1,1,Manchester Utd,1,13.0,4.0,30.8,0.08,0.25,21.1,0.0,0,0,0.8,0.8,0.07,0.2,0.2,Match Report,2022,Southampton
2891,29,2022-02-19,15:00,Premier League,Matchweek 26,Sat,Home,W,2,0,Everton,2,19.0,11.0,57.9,0.11,0.18,15.4,1.0,0,0,2.5,2.5,0.13,-0.5,-0.5,Match Report,2022,Southampton
2892,30,2022-02-25,20:00,Premier League,Matchweek 27,Fri,Home,W,2,0,Norwich City,2,27.0,9.0,33.3,0.07,0.22,15.9,1.0,0,0,2.6,2.6,0.1,-0.6,-0.6,Match Report,2022,Southampton
2894,32,2022-03-05,15:00,Premier League,Matchweek 28,Sat,Away,L,0,4,Aston Villa,0,11.0,1.0,9.1,0.0,0.0,19.1,1.0,0,0,1.1,1.1,0.1,-1.1,-1.1,Match Report,2022,Southampton
2895,33,2022-03-10,19:30,Premier League,Matchweek 21,Thu,Home,L,1,2,Newcastle Utd,1,14.0,5.0,35.7,0.07,0.2,13.9,0.0,0,0,1.1,1.1,0.08,-0.1,-0.1,Match Report,2022,Southampton
2896,34,2022-03-13,14:00,Premier League,Matchweek 29,Sun,Home,L,1,2,Watford,1,13.0,6.0,46.2,0.08,0.17,12.8,1.0,0,0,1.4,1.4,0.11,-0.4,-0.4,Match Report,2022,Southampton
2898,36,2022-04-02,15:00,Premier League,Matchweek 31,Sat,Away,D,1,1,Leeds United,1,14.0,5.0,35.7,0.07,0.2,16.4,1.0,0,0,1.4,1.4,0.12,-0.4,-0.4,Match Report,2022,Southampton
2899,37,2022-04-09,15:00,Premier League,Matchweek 32,Sat,Home,L,0,6,Chelsea,0,4.0,1.0,25.0,0.0,0.0,17.0,0.0,0,0,0.5,0.5,0.12,-0.5,-0.5,Match Report,2022,Southampton
2900,38,2022-04-16,15:00,Premier League,Matchweek 33,Sat,Home,W,1,0,Arsenal,1,9.0,3.0,33.3,0.11,0.33,15.9,1.0,0,0,0.8,0.8,0.09,0.2,0.2,Match Report,2022,Southampton
2901,39,2022-04-21,19:45,Premier League,Matchweek 30,Thu,Away,L,0,2,Burnley,0,11.0,3.0,27.3,0.0,0.0,15.1,1.0,0,0,0.9,0.9,0.08,-0.9,-0.9,Match Report,2022,Southampton
2902,40,2022-04-24,14:00,Premier League,Matchweek 34,Sun,Away,D,2,2,Brighton,2,18.0,5.0,27.8,0.11,0.4,20.4,1.0,0,0,0.9,0.9,0.05,1.1,1.1,Match Report,2022,Southampton
2903,41,2022-04-30,15:00,Premier League,Matchweek 35,Sat,Home,L,1,2,Crystal Palace,1,8.0,3.0,37.5,0.13,0.33,16.4,0.0,0,0,0.6,0.6,0.08,0.4,0.4,Match Report,2022,Southampton
2904,42,2022-05-07,15:00,Premier League,Matchweek 36,Sat,Away,L,0,3,Brentford,0,19.0,4.0,21.1,0.0,0.0,18.8,2.0,0,0,1.4,1.4,0.07,-1.4,-1.4,Match Report,2022,Southampton
2905,43,2022-05-17,19:45,Premier League,Matchweek 37,Tue,Home,L,1,2,Liverpool,1,4.0,2.0,50.0,0.25,0.5,25.2,1.0,0,0,0.1,0.1,0.03,0.9,0.9,Match Report,2022,Southampton
2906,44,2022-05-22,16:00,Premier League,Matchweek 38,Sun,Away,L,1,4,Leicester City,1,6.0,1.0,16.7,0.0,0.0,18.9,1.0,1,1,1.1,0.4,0.06,-0.1,-0.4,Match Report,2022,Southampton
2908,0,2021-08-14,15:00,Premier League,Matchweek 1,Sat,Home,W,3,1,Southampton,3,14.0,6.0,42.9,0.21,0.5,12.5,1.0,0,0,2.4,2.4,0.17,0.6,0.6,Match Report,2022,Everton
2909,1,2021-08-21,15:00,Premier League,Matchweek 2,Sat,Away,D,2,2,Leeds United,2,16.0,7.0,43.8,0.06,0.14,20.9,0.0,1,1,1.8,1.0,0.06,0.2,0.0,Match Report,2022,Everton
2911,3,2021-08-28,15:00,Premier League,Matchweek 3,Sat,Away,W,2,0,Brighton,2,13.0,4.0,30.8,0.08,0.25,21.2,0.0,1,1,1.4,0.6,0.05,0.6,0.4,Match Report,2022,Everton
2912,4,2021-09-13,20:00,Premier League,Matchweek 4,Mon,Home,W,3,1,Burnley,3,14.0,6.0,42.9,0.21,0.5,19.5,1.0,0,0,1.4,1.4,0.1,1.6,1.6,Match Report,2022,Everton
2913,5,2021-09-18,17:30,Premier League,Matchweek 5,Sat,Away,L,0,3,Aston Villa,0,11.0,1.0,9.1,0.0,0.0,16.2,1.0,0,0,0.7,0.7,0.07,-0.7,-0.7,Match Report,2022,Everton
2915,7,2021-09-25,15:00,Premier League,Matchweek 6,Sat,Home,W,2,0,Norwich City,2,10.0,3.0,30.0,0.1,0.33,18.8,0.0,1,1,1.9,1.1,0.12,0.1,-0.1,Match Report,2022,Everton
2916,8,2021-10-02,12:30,Premier League,Matchweek 7,Sat,Away,D,1,1,Manchester Utd,1,12.0,2.0,16.7,0.08,0.5,14.5,0.0,0,0,1.3,1.3,0.11,-0.3,-0.3,Match Report,2022,Everton
2917,9,2021-10-17,14:00,Premier League,Matchweek 8,Sun,Home,L,0,1,West Ham,0,15.0,2.0,13.3,0.0,0.0,14.7,0.0,0,0,0.9,0.9,0.06,-0.9,-0.9,Match Report,2022,Everton
2918,10,2021-10-23,15:00,Premier League,Matchweek 9,Sat,Home,L,2,5,Watford,2,15.0,4.0,26.7,0.13,0.5,15.7,0.0,0,0,1.5,1.5,0.1,0.5,0.5,Match Report,2022,Everton
2919,11,2021-11-01,20:00,Premier League,Matchweek 10,Mon,Away,L,1,2,Wolves,1,14.0,5.0,35.7,0.07,0.2,15.7,0.0,0,0,1.5,1.5,0.11,-0.5,-0.5,Match Report,2022,Everton
2920,12,2021-11-07,14:00,Premier League,Matchweek 11,Sun,Home,D,0,0,Tottenham,0,12.0,2.0,16.7,0.0,0.0,18.3,0.0,0,0,0.6,0.6,0.05,-0.6,-0.6,Match Report,2022,Everton
2921,13,2021-11-21,14:00,Premier League,Matchweek 12,Sun,Away,L,0,3,Manchester City,0,4.0,1.0,25.0,0.0,0.0,15.5,1.0,0,0,0.2,0.2,0.05,-0.2,-0.2,Match Report,2022,Everton
2922,14,2021-11-28,14:00,Premier League,Matchweek 13,Sun,Away,L,0,1,Brentford,0,14.0,5.0,35.7,0.0,0.0,16.6,1.0,0,0,1.0,1.0,0.07,-1.0,-1.0,Match Report,2022,Everton
2923,15,2021-12-01,20:15,Premier League,Matchweek 14,Wed,Home,L,1,4,Liverpool,1,8.0,2.0,25.0,0.13,0.5,20.8,1.0,0,0,0.7,0.7,0.09,0.3,0.3,Match Report,2022,Everton
2924,16,2021-12-06,20:00,Premier League,Matchweek 15,Mon,Home,W,2,1,Arsenal,2,11.0,5.0,45.5,0.18,0.4,17.1,0.0,0,0,0.9,0.9,0.09,1.1,1.1,Match Report,2022,Everton
2925,17,2021-12-12,16:30,Premier League,Matchweek 16,Sun,Away,L,1,3,Crystal Palace,1,12.0,6.0,50.0,0.08,0.17,20.5,1.0,0,0,1.0,1.0,0.09,0.0,0.0,Match Report,2022,Everton
2926,18,2021-12-16,19:45,Premier League,Matchweek 17,Thu,Away,D,1,1,Chelsea,1,5.0,3.0,60.0,0.2,0.33,21.1,0.0,0,0,0.6,0.6,0.11,0.4,0.4,Match Report,2022,Everton
2927,19,2022-01-02,14:00,Premier League,Matchweek 21,Sun,Home,L,2,3,Brighton,2,16.0,6.0,37.5,0.13,0.33,17.9,0.0,0,1,1.6,0.9,0.06,0.4,1.1,Match Report,2022,Everton
2929,21,2022-01-15,15:00,Premier League,Matchweek 22,Sat,Away,L,1,2,Norwich City,1,12.0,5.0,41.7,0.08,0.2,17.0,1.0,0,0,0.6,0.6,0.05,0.4,0.4,Match Report,2022,Everton
2930,22,2022-01-22,12:30,Premier League,Matchweek 23,Sat,Home,L,0,1,Aston Villa,0,15.0,0.0,0.0,0.0,,14.1,2.0,0,0,1.6,1.6,0.11,-1.6,-1.6,Match Report,2022,Everton
2932,24,2022-02-08,19:45,Premier League,Matchweek 24,Tue,Away,L,1,3,Newcastle Utd,0,11.0,2.0,18.2,0.0,0.0,19.1,1.0,0,0,0.7,0.7,0.06,-0.7,-0.7,Match Report,2022,Everton
2933,25,2022-02-12,15:00,Premier League,Matchweek 25,Sat,Home,W,3,0,Leeds United,3,21.0,10.0,47.6,0.14,0.3,18.2,0.0,0,0,2.7,2.7,0.13,0.3,0.3,Match Report,2022,Everton
2934,26,2022-02-19,15:00,Premier League,Matchweek 26,Sat,Away,L,0,2,Southampton,0,9.0,0.0,0.0,0.0,,23.4,0.0,0,0,0.3,0.3,0.03,-0.3,-0.3,Match Report,2022,Everton
2935,27,2022-02-26,17:30,Premier League,Matchweek 27,Sat,Home,L,0,1,Manchester City,0,6.0,2.0,33.3,0.0,0.0,19.1,1.0,0,0,0.5,0.5,0.08,-0.5,-0.5,Match Report,2022,Everton
2937,29,2022-03-07,20:00,Premier League,Matchweek 28,Mon,Away,L,0,5,Tottenham,0,6.0,0.0,0.0,0.0,,22.5,1.0,0,0,0.2,0.2,0.03,-0.2,-0.2,Match Report,2022,Everton
2938,30,2022-03-13,14:00,Premier League,Matchweek 29,Sun,Home,L,0,1,Wolves,0,7.0,2.0,28.6,0.0,0.0,20.5,1.0,0,0,0.4,0.4,0.05,-0.4,-0.4,Match Report,2022,Everton
2939,31,2022-03-17,19:45,Premier League,Matchweek 20,Thu,Home,W,1,0,Newcastle Utd,1,9.0,3.0,33.3,0.11,0.33,17.2,1.0,0,0,0.7,0.7,0.07,0.3,0.3,Match Report,2022,Everton
2941,33,2022-04-03,14:00,Premier League,Matchweek 31,Sun,Away,L,1,2,West Ham,1,13.0,2.0,15.4,0.08,0.5,18.7,0.0,0,0,0.7,0.7,0.05,0.3,0.3,Match Report,2022,Everton
2942,34,2022-04-06,19:30,Premier League,Matchweek 19,Wed,Away,L,2,3,Burnley,2,14.0,2.0,14.3,0.0,0.0,19.5,0.0,2,2,2.4,0.8,0.06,-0.4,-0.8,Match Report,2022,Everton
2943,35,2022-04-09,12:30,Premier League,Matchweek 32,Sat,Home,W,1,0,Manchester Utd,1,7.0,3.0,42.9,0.14,0.33,18.3,0.0,0,0,0.4,0.4,0.05,0.6,0.6,Match Report,2022,Everton
2944,36,2022-04-20,19:45,Premier League,Matchweek 18,Wed,Home,D,1,1,Leicester City,1,13.0,3.0,23.1,0.08,0.33,14.7,0.0,0,0,1.8,1.8,0.14,-0.8,-0.8,Match Report,2022,Everton
2945,37,2022-04-24,16:30,Premier League,Matchweek 34,Sun,Away,L,0,2,Liverpool,0,9.0,1.0,11.1,0.0,0.0,19.1,1.0,0,0,0.4,0.4,0.04,-0.4,-0.4,Match Report,2022,Everton
2946,38,2022-05-01,14:00,Premier League,Matchweek 35,Sun,Home,W,1,0,Chelsea,1,9.0,4.0,44.4,0.11,0.25,17.8,1.0,0,0,0.8,0.8,0.09,0.2,0.2,Match Report,2022,Everton
2947,39,2022-05-08,14:00,Premier League,Matchweek 36,Sun,Away,W,2,1,Leicester City,2,10.0,4.0,40.0,0.2,0.5,13.8,0.0,0,0,1.1,1.1,0.11,0.9,0.9,Match Report,2022,Everton
2948,40,2022-05-11,19:45,Premier League,Matchweek 30,Wed,Away,D,0,0,Watford,0,16.0,5.0,31.3,0.0,0.0,16.8,0.0,0,0,0.7,0.7,0.05,-0.7,-0.7,Match Report,2022,Everton
2949,41,2022-05-15,16:30,Premier League,Matchweek 37,Sun,Home,L,2,3,Brentford,2,9.0,4.0,44.4,0.11,0.25,17.4,0.0,1,1,2.1,1.3,0.16,-0.1,-0.3,Match Report,2022,Everton
2950,42,2022-05-19,19:45,Premier League,Matchweek 33,Thu,Home,W,3,2,Crystal Palace,3,12.0,6.0,50.0,0.25,0.5,18.5,1.0,0,0,0.8,0.8,0.06,2.2,2.2,Match Report,2022,Everton
2951,43,2022-05-22,16:00,Premier League,Matchweek 38,Sun,Away,L,1,5,Arsenal,1,6.0,2.0,33.3,0.17,0.5,17.7,0.0,0,0,1.1,1.1,0.19,-0.1,-0.1,Match Report,2022,Everton
2953,0,2021-08-14,12:30,Premier League,Matchweek 1,Sat,Away,L,1,5,Manchester Utd,1,10.0,3.0,30.0,0.1,0.33,21.3,0.0,0,0,0.5,0.5,0.05,0.5,0.5,Match Report,2022,Leeds United
2954,1,2021-08-21,15:00,Premier League,Matchweek 2,Sat,Home,D,2,2,Everton,2,17.0,4.0,23.5,0.12,0.5,20.9,0.0,0,0,1.2,1.2,0.07,0.8,0.8,Match Report,2022,Leeds United
2956,3,2021-08-29,14:00,Premier League,Matchweek 3,Sun,Away,D,1,1,Burnley,1,12.0,2.0,16.7,0.08,0.5,16.1,0.0,0,0,1.2,1.2,0.11,-0.2,-0.2,Match Report,2022,Leeds United
2957,4,2021-09-12,16:30,Premier League,Matchweek 4,Sun,Home,L,0,3,Liverpool,0,9.0,4.0,44.4,0.0,0.0,15.2,0.0,0,0,1.2,1.2,0.14,-1.2,-1.2,Match Report,2022,Leeds United
2958,5,2021-09-17,20:00,Premier League,Matchweek 5,Fri,Away,D,1,1,Newcastle Utd,1,22.0,9.0,40.9,0.05,0.11,20.4,0.0,0,0,1.5,1.5,0.07,-0.5,-0.5,Match Report,2022,Leeds United
2960,7,2021-09-25,15:00,Premier League,Matchweek 6,Sat,Home,L,1,2,West Ham,1,15.0,5.0,33.3,0.07,0.2,19.5,0.0,0,0,1.2,1.2,0.08,-0.2,-0.2,Match Report,2022,Leeds United
2961,8,2021-10-02,15:00,Premier League,Matchweek 7,Sat,Home,W,1,0,Watford,1,20.0,3.0,15.0,0.05,0.33,18.8,1.0,0,0,1.3,1.3,0.07,-0.3,-0.3,Match Report,2022,Leeds United
2962,9,2021-10-16,15:00,Premier League,Matchweek 8,Sat,Away,L,0,1,Southampton,0,3.0,0.0,0.0,0.0,,21.7,0.0,0,0,0.2,0.2,0.06,-0.2,-0.2,Match Report,2022,Leeds United
2963,10,2021-10-23,15:00,Premier League,Matchweek 9,Sat,Home,D,1,1,Wolves,1,17.0,3.0,17.6,0.0,0.0,19.2,0.0,1,1,1.6,0.8,0.05,-0.6,-0.8,Match Report,2022,Leeds United
2965,12,2021-10-31,14:00,Premier League,Matchweek 10,Sun,Away,W,2,1,Norwich City,2,13.0,5.0,38.5,0.15,0.4,20.9,0.0,0,0,0.7,0.7,0.06,1.3,1.3,Match Report,2022,Leeds United
2966,13,2021-11-07,14:00,Premier League,Matchweek 11,Sun,Home,D,1,1,Leicester City,1,18.0,5.0,27.8,0.06,0.2,17.7,1.0,0,0,1.3,1.3,0.08,-0.3,-0.3,Match Report,2022,Leeds United
2967,14,2021-11-21,16:30,Premier League,Matchweek 12,Sun,Away,L,1,2,Tottenham,1,18.0,7.0,38.9,0.06,0.14,21.4,1.0,0,0,1.4,1.4,0.08,-0.4,-0.4,Match Report,2022,Leeds United
2968,15,2021-11-27,17:30,Premier League,Matchweek 13,Sat,Away,D,0,0,Brighton,0,11.0,4.0,36.4,0.0,0.0,17.4,1.0,0,0,0.6,0.6,0.06,-0.6,-0.6,Match Report,2022,Leeds United
2969,16,2021-11-30,20:15,Premier League,Matchweek 14,Tue,Home,W,1,0,Crystal Palace,1,14.0,2.0,14.3,0.0,0.0,20.1,0.0,1,1,1.4,0.6,0.04,-0.4,-0.6,Match Report,2022,Leeds United
2970,17,2021-12-05,14:00,Premier League,Matchweek 15,Sun,Home,D,2,2,Brentford,2,13.0,6.0,46.2,0.15,0.33,17.3,0.0,0,0,1.2,1.2,0.1,0.8,0.8,Match Report,2022,Leeds United
2971,18,2021-12-11,15:00,Premier League,Matchweek 16,Sat,Away,L,2,3,Chelsea,2,11.0,4.0,36.4,0.09,0.25,19.4,2.0,1,1,1.4,0.7,0.06,0.6,0.3,Match Report,2022,Leeds United
2972,19,2021-12-14,20:00,Premier League,Matchweek 17,Tue,Away,L,0,7,Manchester City,0,6.0,3.0,50.0,0.0,0.0,25.3,1.0,0,0,0.3,0.3,0.05,-0.3,-0.3,Match Report,2022,Leeds United
2973,20,2021-12-18,17:30,Premier League,Matchweek 18,Sat,Home,L,1,4,Arsenal,1,8.0,1.0,12.5,0.0,0.0,24.8,0.0,1,1,1.6,0.8,0.11,-0.6,-0.8,Match Report,2022,Leeds United
2974,21,2022-01-02,14:00,Premier League,Matchweek 21,Sun,Home,W,3,1,Burnley,3,22.0,7.0,31.8,0.14,0.43,18.9,0.0,0,0,1.9,1.9,0.09,1.1,1.1,Match Report,2022,Leeds United
2976,23,2022-01-16,14:00,Premier League,Matchweek 22,Sun,Away,W,3,2,West Ham,3,18.0,5.0,27.8,0.17,0.6,16.8,2.0,0,0,2.2,2.2,0.12,0.8,0.8,Match Report,2022,Leeds United
2977,24,2022-01-22,15:00,Premier League,Matchweek 23,Sat,Home,L,0,1,Newcastle Utd,0,13.0,4.0,30.8,0.0,0.0,16.1,0.0,0,0,0.7,0.7,0.05,-0.7,-0.7,Match Report,2022,Leeds United
2978,25,2022-02-09,20:00,Premier League,Matchweek 24,Wed,Away,D,3,3,Aston Villa,3,16.0,7.0,43.8,0.19,0.43,13.9,0.0,0,0,1.8,1.8,0.12,1.2,1.2,Match Report,2022,Leeds United
2979,26,2022-02-12,15:00,Premier League,Matchweek 25,Sat,Away,L,0,3,Everton,0,7.0,0.0,0.0,0.0,,24.1,0.0,0,0,0.3,0.3,0.04,-0.3,-0.3,Match Report,2022,Leeds United
2980,27,2022-02-20,14:00,Premier League,Matchweek 26,Sun,Home,L,2,4,Manchester Utd,2,16.0,6.0,37.5,0.13,0.33,19.3,0.0,0,0,1.8,1.8,0.11,0.2,0.2,Match Report,2022,Leeds United
2981,28,2022-02-23,19:45,Premier League,Matchweek 19,Wed,Away,L,0,6,Liverpool,0,3.0,2.0,66.7,0.0,0.0,21.1,0.0,0,0,0.2,0.2,0.08,-0.2,-0.2,Match Report,2022,Leeds United
2982,29,2022-02-26,12:30,Premier League,Matchweek 27,Sat,Home,L,0,4,Tottenham,0,19.0,2.0,10.5,0.0,0.0,18.0,1.0,0,0,1.5,1.5,0.08,-1.5,-1.5,Match Report,2022,Leeds United
2983,30,2022-03-05,12:30,Premier League,Matchweek 28,Sat,Away,L,0,1,Leicester City,0,19.0,4.0,21.1,0.0,0.0,13.3,0.0,0,0,1.7,1.7,0.09,-1.7,-1.7,Match Report,2022,Leeds United
2984,31,2022-03-10,19:45,Premier League,Matchweek 20,Thu,Home,L,0,3,Aston Villa,0,4.0,1.0,25.0,0.0,0.0,22.5,0.0,0,0,0.2,0.2,0.05,-0.2,-0.2,Match Report,2022,Leeds United
2985,32,2022-03-13,14:00,Premier League,Matchweek 29,Sun,Home,W,2,1,Norwich City,2,13.0,7.0,53.8,0.15,0.29,14.4,1.0,0,0,2.5,2.5,0.22,-0.5,-0.5,Match Report,2022,Leeds United
2986,33,2022-03-18,20:00,Premier League,Matchweek 30,Fri,Away,W,3,2,Wolves,3,15.0,5.0,33.3,0.2,0.6,13.8,1.0,0,0,2.0,2.0,0.15,1.0,1.0,Match Report,2022,Leeds United
2987,34,2022-04-02,15:00,Premier League,Matchweek 31,Sat,Home,D,1,1,Southampton,1,12.0,3.0,25.0,0.08,0.33,17.8,0.0,0,0,1.2,1.2,0.1,-0.2,-0.2,Match Report,2022,Leeds United
2988,35,2022-04-09,15:00,Premier League,Matchweek 32,Sat,Away,W,3,0,Watford,3,10.0,5.0,50.0,0.3,0.6,17.9,0.0,0,0,0.7,0.7,0.07,2.3,2.3,Match Report,2022,Leeds United
2989,36,2022-04-25,20:00,Premier League,Matchweek 34,Mon,Away,D,0,0,Crystal Palace,0,9.0,2.0,22.2,0.0,0.0,17.4,0.0,0,0,0.5,0.5,0.05,-0.5,-0.5,Match Report,2022,Leeds United
2990,37,2022-04-30,17:30,Premier League,Matchweek 35,Sat,Home,L,0,4,Manchester City,0,7.0,1.0,14.3,0.0,0.0,12.2,0.0,0,0,1.3,1.3,0.2,-1.3,-1.3,Match Report,2022,Leeds United
2991,38,2022-05-08,14:00,Premier League,Matchweek 36,Sun,Away,L,1,2,Arsenal,1,3.0,2.0,66.7,0.33,0.5,11.0,0.0,0,0,0.3,0.3,0.1,0.7,0.7,Match Report,2022,Leeds United
2992,39,2022-05-11,19:30,Premier League,Matchweek 33,Wed,Home,L,0,3,Chelsea,0,5.0,0.0,0.0,0.0,,19.3,0.0,0,0,0.4,0.4,0.08,-0.4,-0.4,Match Report,2022,Leeds United
2993,40,2022-05-15,14:00,Premier League,Matchweek 37,Sun,Home,D,1,1,Brighton,1,19.0,4.0,21.1,0.05,0.25,15.1,1.0,0,0,1.6,1.6,0.09,-0.6,-0.6,Match Report,2022,Leeds United
2994,41,2022-05-22,16:00,Premier League,Matchweek 38,Sun,Away,W,2,1,Brentford,2,13.0,5.0,38.5,0.08,0.2,24.7,0.0,1,1,1.3,0.5,0.04,0.7,0.5,Match Report,2022,Leeds United
2996,0,2021-08-14,15:00,Premier League,Matchweek 1,Sat,Home,L,1,2,Brighton,1,14.0,3.0,21.4,0.07,0.33,16.2,1.0,0,0,1.5,1.5,0.1,-0.5,-0.5,Match Report,2022,Burnley
2997,1,2021-08-21,12:30,Premier League,Matchweek 2,Sat,Away,L,0,2,Liverpool,0,9.0,3.0,33.3,0.0,0.0,15.3,0.0,0,0,0.9,0.9,0.1,-0.9,-0.9,Match Report,2022,Burnley
2999,3,2021-08-29,14:00,Premier League,Matchweek 3,Sun,Home,D,1,1,Leeds United,1,12.0,3.0,25.0,0.08,0.33,16.5,0.0,0,0,1.0,1.0,0.09,0.0,0.0,Match Report,2022,Burnley
3000,4,2021-09-13,20:00,Premier League,Matchweek 4,Mon,Away,L,1,3,Everton,1,11.0,6.0,54.5,0.09,0.17,16.8,0.0,0,0,1.0,1.0,0.09,0.0,0.0,Match Report,2022,Burnley
3001,5,2021-09-18,15:00,Premier League,Matchweek 5,Sat,Home,L,0,1,Arsenal,0,18.0,3.0,16.7,0.0,0.0,15.4,0.0,0,0,1.0,1.0,0.06,-1.0,-1.0,Match Report,2022,Burnley
3003,7,2021-09-25,15:00,Premier League,Matchweek 6,Sat,Away,D,2,2,Leicester City,1,9.0,3.0,33.3,0.11,0.33,22.7,1.0,0,0,0.5,0.5,0.05,0.5,0.5,Match Report,2022,Burnley
3004,8,2021-10-02,15:00,Premier League,Matchweek 7,Sat,Home,D,0,0,Norwich City,0,14.0,4.0,28.6,0.0,0.0,16.6,1.0,0,0,1.2,1.2,0.08,-1.2,-1.2,Match Report,2022,Burnley
3005,9,2021-10-16,15:00,Premier League,Matchweek 8,Sat,Away,L,0,2,Manchester City,0,7.0,2.0,28.6,0.0,0.0,14.5,0.0,0,0,0.9,0.9,0.13,-0.9,-0.9,Match Report,2022,Burnley
3006,10,2021-10-23,15:00,Premier League,Matchweek 9,Sat,Away,D,2,2,Southampton,2,9.0,5.0,55.6,0.22,0.4,20.9,0.0,0,0,0.7,0.7,0.08,1.3,1.3,Match Report,2022,Burnley
3008,12,2021-10-30,15:00,Premier League,Matchweek 10,Sat,Home,W,3,1,Brentford,3,15.0,5.0,33.3,0.2,0.6,16.6,1.0,0,0,2.3,2.3,0.18,0.7,0.7,Match Report,2022,Burnley
3009,13,2021-11-06,15:00,Premier League,Matchweek 11,Sat,Away,D,1,1,Chelsea,1,5.0,2.0,40.0,0.2,0.5,15.9,0.0,0,0,0.7,0.7,0.13,0.3,0.3,Match Report,2022,Burnley
3010,14,2021-11-20,15:00,Premier League,Matchweek 12,Sat,Home,D,3,3,Crystal Palace,3,15.0,9.0,60.0,0.2,0.33,16.1,1.0,0,0,1.5,1.5,0.1,1.5,1.5,Match Report,2022,Burnley
3011,15,2021-12-01,19:30,Premier League,Matchweek 14,Wed,Away,D,0,0,Wolves,0,6.0,1.0,16.7,0.0,0.0,21.3,0.0,0,0,0.2,0.2,0.04,-0.2,-0.2,Match Report,2022,Burnley
3012,16,2021-12-04,15:00,Premier League,Matchweek 15,Sat,Away,L,0,1,Newcastle Utd,0,10.0,1.0,10.0,0.0,0.0,18.8,2.0,0,0,0.6,0.6,0.06,-0.6,-0.6,Match Report,2022,Burnley
3013,17,2021-12-12,14:00,Premier League,Matchweek 16,Sun,Home,D,0,0,West Ham,0,9.0,1.0,11.1,0.0,0.0,15.2,0.0,0,0,0.8,0.8,0.09,-0.8,-0.8,Match Report,2022,Burnley
3014,18,2021-12-30,20:15,Premier League,Matchweek 20,Thu,Away,L,1,3,Manchester Utd,1,10.0,3.0,30.0,0.1,0.33,13.3,0.0,0,0,1.1,1.1,0.11,-0.1,-0.1,Match Report,2022,Burnley
3015,19,2022-01-02,14:00,Premier League,Matchweek 21,Sun,Away,L,1,3,Leeds United,1,8.0,2.0,25.0,0.13,0.5,17.8,1.0,0,0,1.0,1.0,0.12,0.0,0.0,Match Report,2022,Burnley
3017,21,2022-01-23,14:00,Premier League,Matchweek 23,Sun,Away,D,0,0,Arsenal,0,10.0,1.0,10.0,0.0,0.0,21.2,0.0,0,0,0.4,0.4,0.04,-0.4,-0.4,Match Report,2022,Burnley
3018,22,2022-02-05,18:00,Premier League,Matchweek 17,Sat,Home,D,0,0,Watford,0,13.0,2.0,15.4,0.0,0.0,19.5,1.0,0,0,0.6,0.6,0.05,-0.6,-0.6,Match Report,2022,Burnley
3019,23,2022-02-08,20:00,Premier League,Matchweek 24,Tue,Home,D,1,1,Manchester Utd,1,9.0,3.0,33.3,0.11,0.33,20.5,0.0,0,0,0.4,0.4,0.04,0.6,0.6,Match Report,2022,Burnley
3020,24,2022-02-13,14:00,Premier League,Matchweek 25,Sun,Home,L,0,1,Liverpool,0,8.0,5.0,62.5,0.0,0.0,19.3,0.0,0,0,1.5,1.5,0.19,-1.5,-1.5,Match Report,2022,Burnley
3021,25,2022-02-19,15:00,Premier League,Matchweek 26,Sat,Away,W,3,0,Brighton,3,10.0,4.0,40.0,0.3,0.75,19.7,0.0,0,0,0.7,0.7,0.07,2.3,2.3,Match Report,2022,Burnley
3022,26,2022-02-23,19:30,Premier League,Matchweek 13,Wed,Home,W,1,0,Tottenham,1,15.0,4.0,26.7,0.07,0.25,17.3,0.0,0,0,0.9,0.9,0.07,0.1,0.1,Match Report,2022,Burnley
3023,27,2022-02-26,15:00,Premier League,Matchweek 27,Sat,Away,D,1,1,Crystal Palace,0,5.0,1.0,20.0,0.0,0.0,19.2,0.0,0,0,0.2,0.2,0.04,-0.2,-0.2,Match Report,2022,Burnley
3024,28,2022-03-01,19:45,Premier League,Matchweek 22,Tue,Home,L,0,2,Leicester City,0,9.0,2.0,22.2,0.0,0.0,16.6,0.0,0,0,0.9,0.9,0.1,-0.9,-0.9,Match Report,2022,Burnley
3025,29,2022-03-05,15:00,Premier League,Matchweek 28,Sat,Home,L,0,4,Chelsea,0,6.0,0.0,0.0,0.0,,17.2,1.0,0,0,0.7,0.7,0.13,-0.7,-0.7,Match Report,2022,Burnley
3026,30,2022-03-12,15:00,Premier League,Matchweek 29,Sat,Away,L,0,2,Brentford,0,7.0,1.0,14.3,0.0,0.0,21.4,1.0,0,0,0.7,0.7,0.1,-0.7,-0.7,Match Report,2022,Burnley
3027,31,2022-04-02,15:00,Premier League,Matchweek 31,Sat,Home,L,0,2,Manchester City,0,3.0,1.0,33.3,0.0,0.0,18.3,0.0,0,0,0.1,0.1,0.03,-0.1,-0.1,Match Report,2022,Burnley
3028,32,2022-04-06,19:30,Premier League,Matchweek 19,Wed,Home,W,3,2,Everton,3,13.0,4.0,30.8,0.23,0.75,15.6,0.0,0,0,2.0,2.0,0.16,1.0,1.0,Match Report,2022,Burnley
3029,33,2022-04-10,14:00,Premier League,Matchweek 32,Sun,Away,L,0,2,Norwich City,0,18.0,3.0,16.7,0.0,0.0,17.4,1.0,0,0,1.7,1.7,0.1,-1.7,-1.7,Match Report,2022,Burnley
3030,34,2022-04-17,14:15,Premier League,Matchweek 33,Sun,Away,D,1,1,West Ham,1,8.0,1.0,12.5,0.13,1.0,16.4,0.0,0,1,1.8,1.0,0.15,-0.8,0.0,Match Report,2022,Burnley
3031,35,2022-04-21,19:45,Premier League,Matchweek 30,Thu,Home,W,2,0,Southampton,2,16.0,6.0,37.5,0.13,0.33,14.2,0.0,0,0,1.5,1.5,0.1,0.5,0.5,Match Report,2022,Burnley
3032,36,2022-04-24,14:00,Premier League,Matchweek 34,Sun,Home,W,1,0,Wolves,1,14.0,5.0,35.7,0.07,0.2,18.8,0.0,0,0,1.4,1.4,0.1,-0.4,-0.4,Match Report,2022,Burnley
3033,37,2022-04-30,15:00,Premier League,Matchweek 35,Sat,Away,W,2,1,Watford,2,17.0,6.0,35.3,0.12,0.33,15.9,1.0,0,0,1.6,1.6,0.1,0.4,0.4,Match Report,2022,Burnley
3034,38,2022-05-07,15:00,Premier League,Matchweek 36,Sat,Home,L,1,3,Aston Villa,1,14.0,6.0,42.9,0.07,0.17,16.4,0.0,0,0,1.9,1.9,0.14,-0.9,-0.9,Match Report,2022,Burnley
3035,39,2022-05-15,12:00,Premier League,Matchweek 37,Sun,Away,L,0,1,Tottenham,0,8.0,1.0,12.5,0.0,0.0,15.4,0.0,0,0,0.7,0.7,0.09,-0.7,-0.7,Match Report,2022,Burnley
3036,40,2022-05-19,20:00,Premier League,Matchweek 18,Thu,Away,D,1,1,Aston Villa,1,9.0,3.0,33.3,0.0,0.0,17.2,0.0,1,1,1.6,0.8,0.1,-0.6,-0.8,Match Report,2022,Burnley
3037,41,2022-05-22,16:00,Premier League,Matchweek 38,Sun,Home,L,1,2,Newcastle Utd,1,12.0,4.0,33.3,0.08,0.25,15.7,1.0,0,0,1.6,1.6,0.14,-0.6,-0.6,Match Report,2022,Burnley
3039,0,2021-08-14,15:00,Premier League,Matchweek 1,Sat,Home,W,3.0,2.0,Aston Villa,3,13.0,7.0,53.8,0.23,0.43,17.9,0.0,0,0,1.2,1.2,0.09,1.8,1.8,Match Report,2022,Watford
3040,1,2021-08-21,17:30,Premier League,Matchweek 2,Sat,Away,L,0.0,2.0,Brighton,0,10.0,1.0,10.0,0.0,0.0,19.3,0.0,0,0,0.5,0.5,0.06,-0.5,-0.5,Match Report,2022,Watford
3042,3,2021-08-29,14:00,Premier League,Matchweek 3,Sun,Away,L,0.0,1.0,Tottenham,0,9.0,2.0,22.2,0.0,0.0,16.3,1.0,0,0,0.8,0.8,0.09,-0.8,-0.8,Match Report,2022,Watford
3043,4,2021-09-11,15:00,Premier League,Matchweek 4,Sat,Home,L,0.0,2.0,Wolves,0,6.0,2.0,33.3,0.0,0.0,23.1,0.0,0,0,0.2,0.2,0.04,-0.2,-0.2,Match Report,2022,Watford
3044,5,2021-09-18,15:00,Premier League,Matchweek 5,Sat,Away,W,3.0,1.0,Norwich City,3,12.0,8.0,66.7,0.25,0.38,13.5,0.0,0,0,2.4,2.4,0.22,0.6,0.6,Match Report,2022,Watford
3046,7,2021-09-25,15:00,Premier League,Matchweek 6,Sat,Home,D,1.0,1.0,Newcastle Utd,1,15.0,4.0,26.7,0.07,0.25,21.2,1.0,0,0,0.9,0.9,0.06,0.1,0.1,Match Report,2022,Watford
3047,8,2021-10-02,15:00,Premier League,Matchweek 7,Sat,Away,L,0.0,1.0,Leeds United,0,5.0,1.0,20.0,0.0,0.0,19.4,0.0,0,0,0.2,0.2,0.04,-0.2,-0.2,Match Report,2022,Watford
3048,9,2021-10-16,12:30,Premier League,Matchweek 8,Sat,Home,L,0.0,5.0,Liverpool,0,6.0,2.0,33.3,0.0,0.0,18.2,0.0,0,0,0.5,0.5,0.08,-0.5,-0.5,Match Report,2022,Watford
3049,10,2021-10-23,15:00,Premier League,Matchweek 9,Sat,Away,W,5.0,2.0,Everton,5,20.0,8.0,40.0,0.25,0.63,19.2,0.0,0,0,3.7,3.7,0.19,1.3,1.3,Match Report,2022,Watford
3050,11,2021-10-30,15:00,Premier League,Matchweek 10,Sat,Home,L,0.0,1.0,Southampton,0,10.0,3.0,30.0,0.0,0.0,20.2,1.0,0,0,1.0,1.0,0.1,-1.0,-1.0,Match Report,2022,Watford
3051,12,2021-11-07,14:00,Premier League,Matchweek 11,Sun,Away,L,0.0,1.0,Arsenal,0,7.0,1.0,14.3,0.0,0.0,19.7,0.0,0,0,0.5,0.5,0.07,-0.5,-0.5,Match Report,2022,Watford
3052,13,2021-11-20,15:00,Premier League,Matchweek 12,Sat,Home,W,4.0,1.0,Manchester Utd,4,19.0,6.0,31.6,0.21,0.67,15.9,2.0,0,1,2.7,1.9,0.1,1.3,2.1,Match Report,2022,Watford
3053,14,2021-11-28,14:00,Premier League,Matchweek 13,Sun,Away,L,2.0,4.0,Leicester City,2,16.0,4.0,25.0,0.06,0.25,16.4,1.0,1,1,2.8,2.0,0.13,-0.8,-1.0,Match Report,2022,Watford
3054,15,2021-12-01,19:30,Premier League,Matchweek 14,Wed,Home,L,1.0,2.0,Chelsea,1,14.0,6.0,42.9,0.07,0.17,21.4,2.0,0,0,1.0,1.0,0.07,0.0,0.0,Match Report,2022,Watford
3055,16,2021-12-04,17:30,Premier League,Matchweek 15,Sat,Home,L,1.0,3.0,Manchester City,1,11.0,4.0,36.4,0.09,0.25,19.6,1.0,0,0,0.8,0.8,0.07,0.2,0.2,Match Report,2022,Watford
3056,17,2021-12-10,20:00,Premier League,Matchweek 16,Fri,Away,L,1.0,2.0,Brentford,1,6.0,2.0,33.3,0.17,0.5,14.9,1.0,0,0,0.5,0.5,0.08,0.5,0.5,Match Report,2022,Watford
3057,18,2021-12-28,15:00,Premier League,Matchweek 20,Tue,Home,L,1.0,4.0,West Ham,1,14.0,5.0,35.7,0.07,0.2,15.2,0.0,0,0,1.6,1.6,0.12,-0.6,-0.6,Match Report,2022,Watford
3058,19,2022-01-01,15:00,Premier League,Matchweek 21,Sat,Home,L,0.0,1.0,Tottenham,0,6.0,4.0,66.7,0.0,0.0,19.0,1.0,0,0,0.3,0.3,0.05,-0.3,-0.3,Match Report,2022,Watford
3060,21,2022-01-15,15:00,Premier League,Matchweek 22,Sat,Away,D,1.0,1.0,Newcastle Utd,1,18.0,5.0,27.8,0.06,0.2,19.3,2.0,0,0,1.4,1.4,0.08,-0.4,-0.4,Match Report,2022,Watford
3061,22,2022-01-21,20:00,Premier League,Matchweek 23,Fri,Home,L,0.0,3.0,Norwich City,0,15.0,3.0,20.0,0.0,0.0,19.1,0.0,0,0,1.2,1.2,0.08,-1.2,-1.2,Match Report,2022,Watford
3062,23,2022-02-05,18:00,Premier League,Matchweek 17,Sat,Away,D,0.0,0.0,Burnley,0,11.0,5.0,45.5,0.0,0.0,16.3,0.0,0,0,0.8,0.8,0.07,-0.8,-0.8,Match Report,2022,Watford
3063,24,2022-02-08,19:45,Premier League,Matchweek 24,Tue,Away,L,0.0,1.0,West Ham,0,6.0,1.0,16.7,0.0,0.0,22.6,0.0,0,0,0.3,0.3,0.06,-0.3,-0.3,Match Report,2022,Watford
3064,25,2022-02-12,15:00,Premier League,Matchweek 25,Sat,Home,L,0.0,2.0,Brighton,0,9.0,1.0,11.1,0.0,0.0,17.4,1.0,0,0,0.5,0.5,0.06,-0.5,-0.5,Match Report,2022,Watford
3065,26,2022-02-19,15:00,Premier League,Matchweek 26,Sat,Away,W,1.0,0.0,Aston Villa,1,8.0,4.0,50.0,0.13,0.25,18.1,0.0,0,0,1.2,1.2,0.15,-0.2,-0.2,Match Report,2022,Watford
3066,27,2022-02-23,19:30,Premier League,Matchweek 18,Wed,Home,L,1.0,4.0,Crystal Palace,1,8.0,1.0,12.5,0.13,1.0,13.3,0.0,0,0,1.4,1.4,0.17,-0.4,-0.4,Match Report,2022,Watford
3067,28,2022-02-26,15:00,Premier League,Matchweek 27,Sat,Away,D,0.0,0.0,Manchester Utd,0,10.0,2.0,20.0,0.0,0.0,21.7,0.0,0,0,0.6,0.6,0.06,-0.6,-0.6,Match Report,2022,Watford
3068,29,2022-03-06,14:00,Premier League,Matchweek 28,Sun,Home,L,2.0,3.0,Arsenal,2,13.0,7.0,53.8,0.15,0.29,19.0,2.0,0,0,1.0,1.0,0.07,1.0,1.0,Match Report,2022,Watford
3069,30,2022-03-10,19:30,Premier League,Matchweek 19,Thu,Away,L,0.0,4.0,Wolves,0,9.0,0.0,0.0,0.0,,21.8,2.0,0,0,0.6,0.6,0.07,-0.6,-0.6,Match Report,2022,Watford
3070,31,2022-03-13,14:00,Premier League,Matchweek 29,Sun,Away,W,2.0,1.0,Southampton,2,9.0,5.0,55.6,0.22,0.4,16.9,0.0,0,0,1.7,1.7,0.19,0.3,0.3,Match Report,2022,Watford
3071,32,2022-04-02,12:30,Premier League,Matchweek 31,Sat,Away,L,0.0,2.0,Liverpool,0,5.0,2.0,40.0,0.0,0.0,15.3,0.0,0,0,0.6,0.6,0.13,-0.6,-0.6,Match Report,2022,Watford
3072,33,2022-04-09,15:00,Premier League,Matchweek 32,Sat,Home,L,0.0,3.0,Leeds United,0,8.0,1.0,12.5,0.0,0.0,26.0,1.0,0,0,1.1,1.1,0.14,-1.1,-1.1,Match Report,2022,Watford
3073,34,2022-04-16,15:00,Premier League,Matchweek 33,Sat,Home,L,1.0,2.0,Brentford,1,18.0,4.0,22.2,0.06,0.25,16.3,2.0,0,0,1.7,1.7,0.11,-0.7,-0.7,Match Report,2022,Watford
3074,35,2022-04-23,15:00,Premier League,Matchweek 34,Sat,Away,L,1.0,5.0,Manchester City,1,5.0,2.0,40.0,0.2,0.5,14.5,0.0,0,0,0.5,0.5,0.1,0.5,0.5,Match Report,2022,Watford
3075,36,2022-04-30,15:00,Premier League,Matchweek 35,Sat,Home,L,1.0,2.0,Burnley,0,13.0,1.0,7.7,0.0,0.0,15.5,1.0,0,0,1.0,1.0,0.08,-1.0,-1.0,Match Report,2022,Watford
3076,37,2022-05-07,15:00,Premier League,Matchweek 36,Sat,Away,L,0.0,1.0,Crystal Palace,0,6.0,1.0,16.7,0.0,0.0,17.7,0.0,0,0,0.4,0.4,0.07,-0.4,-0.4,Match Report,2022,Watford
3077,38,2022-05-11,19:45,Premier League,Matchweek 30,Wed,Home,D,0.0,0.0,Everton,0,6.0,0.0,0.0,0.0,,20.0,1.0,0,0,0.3,0.3,0.05,-0.3,-0.3,Match Report,2022,Watford
3078,39,2022-05-15,14:00,Premier League,Matchweek 37,Sun,Home,L,1.0,5.0,Leicester City,1,13.0,5.0,38.5,0.08,0.2,12.4,0.0,0,0,1.4,1.4,0.11,-0.4,-0.4,Match Report,2022,Watford
3079,40,2022-05-22,16:00,Premier League,Matchweek 38,Sun,Away,L,1.0,2.0,Chelsea,1,8.0,3.0,37.5,0.13,0.33,21.9,1.0,0,0,0.6,0.6,0.08,0.4,0.4,Match Report,2022,Watford
3081,0,2021-08-14,17:30,Premier League,Matchweek 1,Sat,Home,L,0.0,3.0,Liverpool,0,14.0,3.0,21.4,0.0,0.0,17.1,0.0,0,0,1.4,1.4,0.16,-1.4,-1.4,Match Report,2022,Norwich City
3082,1,2021-08-21,15:00,Premier League,Matchweek 2,Sat,Away,L,0.0,5.0,Manchester City,0,1.0,0.0,0.0,0.0,,16.8,0.0,0,0,0.1,0.1,0.06,-0.1,-0.1,Match Report,2022,Norwich City
3084,3,2021-08-28,15:00,Premier League,Matchweek 3,Sat,Home,L,1.0,2.0,Leicester City,1,13.0,3.0,23.1,0.0,0.0,22.6,1.0,1,1,1.5,0.7,0.06,-0.5,-0.7,Match Report,2022,Norwich City
3085,4,2021-09-11,15:00,Premier League,Matchweek 4,Sat,Away,L,0.0,1.0,Arsenal,0,10.0,1.0,10.0,0.0,0.0,19.9,1.0,0,0,0.7,0.7,0.07,-0.7,-0.7,Match Report,2022,Norwich City
3086,5,2021-09-18,15:00,Premier League,Matchweek 5,Sat,Home,L,1.0,3.0,Watford,1,12.0,5.0,41.7,0.08,0.2,20.7,1.0,0,0,1.0,1.0,0.08,0.0,0.0,Match Report,2022,Norwich City
3088,7,2021-09-25,15:00,Premier League,Matchweek 6,Sat,Away,L,0.0,2.0,Everton,0,10.0,2.0,20.0,0.0,0.0,22.3,1.0,0,0,0.5,0.5,0.05,-0.5,-0.5,Match Report,2022,Norwich City
3089,8,2021-10-02,15:00,Premier League,Matchweek 7,Sat,Away,D,0.0,0.0,Burnley,0,10.0,2.0,20.0,0.0,0.0,20.7,2.0,0,0,0.6,0.6,0.06,-0.6,-0.6,Match Report,2022,Norwich City
3090,9,2021-10-16,15:00,Premier League,Matchweek 8,Sat,Home,D,0.0,0.0,Brighton,0,15.0,2.0,13.3,0.0,0.0,21.7,1.0,0,0,1.2,1.2,0.08,-1.2,-1.2,Match Report,2022,Norwich City
3091,10,2021-10-23,12:30,Premier League,Matchweek 9,Sat,Away,L,0.0,7.0,Chelsea,0,3.0,1.0,33.3,0.0,0.0,20.8,0.0,0,0,0.1,0.1,0.04,-0.1,-0.1,Match Report,2022,Norwich City
3092,11,2021-10-31,14:00,Premier League,Matchweek 10,Sun,Home,L,1.0,2.0,Leeds United,1,14.0,3.0,21.4,0.07,0.33,21.8,3.0,0,0,0.8,0.8,0.06,0.2,0.2,Match Report,2022,Norwich City
3093,12,2021-11-06,15:00,Premier League,Matchweek 11,Sat,Away,W,2.0,1.0,Brentford,2,8.0,4.0,50.0,0.13,0.25,25.6,1.0,1,1,1.2,0.4,0.05,0.8,0.6,Match Report,2022,Norwich City
3094,13,2021-11-20,15:00,Premier League,Matchweek 12,Sat,Home,W,2.0,1.0,Southampton,2,8.0,4.0,50.0,0.25,0.5,16.3,0.0,0,0,0.5,0.5,0.07,1.5,1.5,Match Report,2022,Norwich City
3095,14,2021-11-27,15:00,Premier League,Matchweek 13,Sat,Home,D,0.0,0.0,Wolves,0,14.0,4.0,28.6,0.0,0.0,18.2,1.0,0,0,1.6,1.6,0.12,-1.6,-1.6,Match Report,2022,Norwich City
3096,15,2021-11-30,19:30,Premier League,Matchweek 14,Tue,Away,D,1.0,1.0,Newcastle Utd,1,16.0,6.0,37.5,0.06,0.17,16.9,1.0,0,0,1.2,1.2,0.08,-0.2,-0.2,Match Report,2022,Norwich City
3097,16,2021-12-05,14:00,Premier League,Matchweek 15,Sun,Away,L,0.0,3.0,Tottenham,0,10.0,1.0,10.0,0.0,0.0,16.2,0.0,0,0,1.2,1.2,0.13,-1.2,-1.2,Match Report,2022,Norwich City
3098,17,2021-12-11,17:30,Premier League,Matchweek 16,Sat,Home,L,0.0,1.0,Manchester Utd,0,11.0,5.0,45.5,0.0,0.0,14.2,0.0,0,0,1.2,1.2,0.11,-1.2,-1.2,Match Report,2022,Norwich City
3099,18,2021-12-14,19:45,Premier League,Matchweek 17,Tue,Home,L,0.0,2.0,Aston Villa,0,7.0,3.0,42.9,0.0,0.0,14.3,0.0,0,0,0.5,0.5,0.06,-0.5,-0.5,Match Report,2022,Norwich City
3100,19,2021-12-26,15:00,Premier League,Matchweek 19,Sun,Home,L,0.0,5.0,Arsenal,0,4.0,2.0,50.0,0.0,0.0,17.9,0.0,0,0,0.1,0.1,0.03,-0.1,-0.1,Match Report,2022,Norwich City
3101,20,2021-12-28,15:00,Premier League,Matchweek 20,Tue,Away,L,0.0,3.0,Crystal Palace,0,12.0,2.0,16.7,0.0,0.0,17.7,0.0,0,0,0.9,0.9,0.08,-0.9,-0.9,Match Report,2022,Norwich City
3103,22,2022-01-12,19:45,Premier League,Matchweek 18,Wed,Away,L,0.0,2.0,West Ham,0,7.0,3.0,42.9,0.0,0.0,21.4,0.0,0,0,0.3,0.3,0.04,-0.3,-0.3,Match Report,2022,Norwich City
3104,23,2022-01-15,15:00,Premier League,Matchweek 22,Sat,Home,W,2.0,1.0,Everton,1,14.0,3.0,21.4,0.07,0.33,21.5,0.0,0,0,1.0,1.0,0.07,0.0,0.0,Match Report,2022,Norwich City
3105,24,2022-01-21,20:00,Premier League,Matchweek 23,Fri,Away,W,3.0,0.0,Watford,2,7.0,2.0,28.6,0.29,1.0,15.7,1.0,0,0,1.1,1.1,0.16,0.9,0.9,Match Report,2022,Norwich City
3107,26,2022-02-09,19:45,Premier League,Matchweek 24,Wed,Home,D,1.0,1.0,Crystal Palace,1,5.0,1.0,20.0,0.2,1.0,15.7,0.0,0,0,0.4,0.4,0.08,0.6,0.6,Match Report,2022,Norwich City
3108,27,2022-02-12,17:30,Premier League,Matchweek 25,Sat,Home,L,0.0,4.0,Manchester City,0,8.0,3.0,37.5,0.0,0.0,14.4,0.0,0,0,0.4,0.4,0.05,-0.4,-0.4,Match Report,2022,Norwich City
3109,28,2022-02-19,15:00,Premier League,Matchweek 26,Sat,Away,L,1.0,3.0,Liverpool,1,6.0,1.0,16.7,0.17,1.0,17.8,0.0,0,0,0.6,0.6,0.1,0.4,0.4,Match Report,2022,Norwich City
3110,29,2022-02-25,20:00,Premier League,Matchweek 27,Fri,Away,L,0.0,2.0,Southampton,0,8.0,1.0,12.5,0.0,0.0,18.1,0.0,0,0,0.6,0.6,0.07,-0.6,-0.6,Match Report,2022,Norwich City
3112,31,2022-03-05,15:00,Premier League,Matchweek 28,Sat,Home,L,1.0,3.0,Brentford,1,15.0,7.0,46.7,0.07,0.14,18.6,0.0,0,0,1.0,1.0,0.07,0.0,0.0,Match Report,2022,Norwich City
3113,32,2022-03-10,19:30,Premier League,Matchweek 30,Thu,Home,L,1.0,3.0,Chelsea,1,7.0,2.0,28.6,0.0,0.0,25.7,0.0,1,1,1.0,0.2,0.03,0.0,-0.2,Match Report,2022,Norwich City
3114,33,2022-03-13,14:00,Premier League,Matchweek 29,Sun,Away,L,1.0,2.0,Leeds United,1,12.0,4.0,33.3,0.08,0.25,18.8,1.0,0,0,1.5,1.5,0.12,-0.5,-0.5,Match Report,2022,Norwich City
3115,34,2022-04-02,15:00,Premier League,Matchweek 31,Sat,Away,D,0.0,0.0,Brighton,0,6.0,0.0,0.0,0.0,,17.8,0.0,0,0,0.4,0.4,0.06,-0.4,-0.4,Match Report,2022,Norwich City
3116,35,2022-04-10,14:00,Premier League,Matchweek 32,Sun,Home,W,2.0,0.0,Burnley,2,17.0,6.0,35.3,0.12,0.33,19.4,0.0,0,0,1.7,1.7,0.1,0.3,0.3,Match Report,2022,Norwich City
3117,36,2022-04-16,15:00,Premier League,Matchweek 33,Sat,Away,L,2.0,3.0,Manchester Utd,2,15.0,4.0,26.7,0.13,0.5,19.9,1.0,0,0,1.5,1.5,0.1,0.5,0.5,Match Report,2022,Norwich City
3118,37,2022-04-23,15:00,Premier League,Matchweek 34,Sat,Home,L,0.0,3.0,Newcastle Utd,0,5.0,2.0,40.0,0.0,0.0,15.2,1.0,0,0,0.6,0.6,0.13,-0.6,-0.6,Match Report,2022,Norwich City
3119,38,2022-04-30,15:00,Premier League,Matchweek 35,Sat,Away,L,0.0,2.0,Aston Villa,0,9.0,3.0,33.3,0.0,0.0,21.6,0.0,0,0,0.5,0.5,0.06,-0.5,-0.5,Match Report,2022,Norwich City
3120,39,2022-05-08,14:00,Premier League,Matchweek 36,Sun,Home,L,0.0,4.0,West Ham,0,8.0,2.0,25.0,0.0,0.0,22.2,1.0,0,0,0.8,0.8,0.1,-0.8,-0.8,Match Report,2022,Norwich City
3121,40,2022-05-11,19:45,Premier League,Matchweek 21,Wed,Away,L,0.0,3.0,Leicester City,0,9.0,5.0,55.6,0.0,0.0,17.0,0.0,0,0,1.1,1.1,0.12,-1.1,-1.1,Match Report,2022,Norwich City
3122,41,2022-05-15,14:00,Premier League,Matchweek 37,Sun,Away,D,1.0,1.0,Wolves,1,11.0,2.0,18.2,0.09,0.5,14.4,0.0,0,0,1.1,1.1,0.1,-0.1,-0.1,Match Report,2022,Norwich City
3123,42,2022-05-22,16:00,Premier League,Matchweek 38,Sun,Home,L,0.0,5.0,Tottenham,0,9.0,0.0,0.0,0.0,,18.6,0.0,0,0,0.5,0.5,0.05,-0.5,-0.5,Match Report,2022,Norwich City
