date,time,comp,round,day,venue,result,gf,ga,opponent,gls,sh,sot,sot%,g/sh,g/sot,dist,fk,pk,pkatt,xg,npxg,npxg/sh,g-xg,np:g-xg,match report,season,team
2024-08-17,12:30,Premier League,Matchweek 1,Sat,Away,W,2.0,0.0,Ipswich Town,2,18.0,5.0,27.8,0.11,0.4,14.8,0.0,0,0,2.6,2.6,0.15,-0.6,-0.6,Match Report,2025,Liverpool
2024-08-25,16:30,Premier League,Matchweek 2,Sun,Home,W,2.0,0.0,Brentford,2,19.0,8.0,42.1,0.11,0.25,13.6,1.0,0,0,2.5,2.5,0.14,-0.5,-0.5,Match Report,2025,Liverpool
2024-09-01,16:00,Premier League,Matchweek 3,Sun,Away,W,3.0,0.0,Manchester Utd,3,11.0,3.0,27.3,0.27,1.0,13.4,0.0,0,0,1.8,1.8,0.16,1.2,1.2,Match Report,2025,Liverpool
2024-09-14,15:00,Premier League,Matchweek 4,Sat,Home,L,0.0,1.0,Nott'ham Forest,0,14.0,5.0,35.7,0.0,0.0,14.9,0.0,0,0,0.9,0.9,0.07,-0.9,-0.9,Match Report,2025,Liverpool
2024-09-21,15:00,Premier League,Matchweek 5,Sat,Home,W,3.0,0.0,Bournemouth,3,19.0,12.0,63.2,0.16,0.25,16.6,0.0,0,0,2.0,2.0,0.11,1.0,1.0,Match Report,2025,Liverpool
2024-09-28,17:30,Premier League,Matchweek 6,Sat,Away,W,2.0,1.0,Wolves,2,9.0,5.0,55.6,0.11,0.2,18.0,1.0,1,1,2.5,1.7,0.19,-0.5,-0.7,Match Report,2025,Liverpool
2024-10-05,12:30,Premier League,Matchweek 7,Sat,Away,W,1.0,0.0,Crystal Palace,1,16.0,4.0,25.0,0.06,0.25,18.9,0.0,0,0,1.4,1.4,0.09,-0.4,-0.4,Match Report,2025,Liverpool
2024-10-20,16:30,Premier League,Matchweek 8,Sun,Home,W,2.0,1.0,Chelsea,2,8.0,4.0,50.0,0.13,0.25,22.7,1.0,1,1,1.9,1.1,0.14,0.1,-0.1,Match Report,2025,Liverpool
2024-10-27,16:30,Premier League,Matchweek 9,Sun,Away,D,2.0,2.0,Arsenal,2,9.0,4.0,44.4,0.22,0.5,17.8,0.0,0,0,0.8,0.8,0.09,1.2,1.2,Match Report,2025,Liverpool
2024-11-02,15:00,Premier League,Matchweek 10,Sat,Home,W,2.0,1.0,Brighton,2,16.0,8.0,50.0,0.13,0.25,14.0,0.0,0,0,1.6,1.6,0.1,0.4,0.4,Match Report,2025,Liverpool
2024-11-09,20:00,Premier League,Matchweek 11,Sat,Home,W,2.0,0.0,Aston Villa,2,14.0,5.0,35.7,0.14,0.4,16.1,0.0,0,0,2.0,2.0,0.14,0.0,0.0,Match Report,2025,Liverpool
2024-11-24,14:00,Premier League,Matchweek 12,Sun,Away,W,3.0,2.0,Southampton,3,26.0,10.0,38.5,0.08,0.2,18.2,1.0,1,1,3.1,2.3,0.09,-0.1,-0.3,Match Report,2025,Liverpool
2024-12-01,16:00,Premier League,Matchweek 13,Sun,Home,W,2.0,0.0,Manchester City,2,17.0,6.0,35.3,0.06,0.17,17.5,0.0,1,1,3.4,2.6,0.16,-1.4,-1.6,Match Report,2025,Liverpool
2024-12-04,19:30,Premier League,Matchweek 14,Wed,Away,D,3.0,3.0,Newcastle Utd,3,16.0,5.0,31.3,0.19,0.6,12.7,0.0,0,0,1.9,1.9,0.12,1.1,1.1,Match Report,2025,Liverpool
2024-12-14,15:00,Premier League,Matchweek 16,Sat,Home,D,2.0,2.0,Fulham,2,16.0,4.0,25.0,0.13,0.5,13.9,0.0,0,0,2.1,2.1,0.13,-0.1,-0.1,Match Report,2025,Liverpool
2024-12-22,16:30,Premier League,Matchweek 17,Sun,Away,W,6.0,3.0,Tottenham,6,24.0,11.0,45.8,0.25,0.55,13.3,0.0,0,0,5.6,5.6,0.26,0.4,0.4,Match Report,2025,Liverpool
2024-12-26,20:00,Premier League,Matchweek 18,Thu,Home,W,3.0,1.0,Leicester City,3,19.0,7.0,36.8,0.16,0.43,15.3,0.0,0,0,2.0,2.0,0.11,1.0,1.0,Match Report,2025,Liverpool
2024-12-29,17:15,Premier League,Matchweek 19,Sun,Away,W,5.0,0.0,West Ham,5,22.0,13.0,59.1,0.23,0.38,15.8,0.0,0,0,3.1,3.1,0.14,1.9,1.9,Match Report,2025,Liverpool
2025-01-05,16:30,Premier League,Matchweek 20,Sun,Home,D,2.0,2.0,Manchester Utd,2,18.0,5.0,27.8,0.06,0.2,16.9,1.0,1,1,2.7,1.9,0.11,-0.7,-0.9,Match Report,2025,Liverpool
2025-01-14,20:00,Premier League,Matchweek 21,Tue,Away,D,1.0,1.0,Nott'ham Forest,1,23.0,6.0,26.1,0.04,0.17,17.0,0.0,0,0,2.0,2.0,0.09,-1.0,-1.0,Match Report,2025,Liverpool
2025-01-18,15:00,Premier League,Matchweek 22,Sat,Away,W,2.0,0.0,Brentford,2,37.0,8.0,21.6,0.05,0.25,15.4,0.0,0,0,3.4,3.4,0.09,-1.4,-1.4,Match Report,2025,Liverpool
2025-01-25,15:00,Premier League,Matchweek 23,Sat,Home,W,4.0,1.0,Ipswich Town,4,16.0,6.0,37.5,0.25,0.67,17.8,0.0,0,0,2.0,2.0,0.14,2.0,2.0,Match Report,2025,Liverpool
2024-08-17,15:00,Premier League,Matchweek 1,Sat,Home,W,2.0,0.0,Wolves,2,18.0,6.0,33.3,0.11,0.33,17.3,0.0,0,0,1.2,1.2,0.07,0.8,0.8,Match Report,2025,Arsenal
2024-08-24,17:30,Premier League,Matchweek 2,Sat,Away,W,2.0,0.0,Aston Villa,2,9.0,4.0,44.4,0.22,0.5,18.8,0.0,0,0,0.9,0.9,0.1,1.1,1.1,Match Report,2025,Arsenal
2024-08-31,12:30,Premier League,Matchweek 3,Sat,Home,D,1.0,1.0,Brighton,1,11.0,7.0,63.6,0.09,0.14,12.9,0.0,0,0,2.1,2.1,0.2,-1.1,-1.1,Match Report,2025,Arsenal
2024-09-15,14:00,Premier League,Matchweek 4,Sun,Away,W,1.0,0.0,Tottenham,1,7.0,4.0,57.1,0.14,0.25,12.1,0.0,0,0,0.7,0.7,0.11,0.3,0.3,Match Report,2025,Arsenal
2024-09-22,16:30,Premier League,Matchweek 5,Sun,Away,D,2.0,2.0,Manchester City,2,5.0,3.0,60.0,0.4,0.67,11.3,0.0,0,0,0.7,0.7,0.13,1.3,1.3,Match Report,2025,Arsenal
2024-09-28,15:00,Premier League,Matchweek 6,Sat,Home,W,4.0,2.0,Leicester City,3,35.0,16.0,45.7,0.09,0.19,14.1,0.0,0,0,4.4,4.4,0.14,-1.4,-1.4,Match Report,2025,Arsenal
2024-10-05,15:00,Premier League,Matchweek 7,Sat,Home,W,3.0,1.0,Southampton,3,29.0,6.0,20.7,0.1,0.5,14.6,0.0,0,0,2.8,2.8,0.1,0.2,0.2,Match Report,2025,Arsenal
2024-10-19,17:30,Premier League,Matchweek 8,Sat,Away,L,0.0,2.0,Bournemouth,0,6.0,1.0,16.7,0.0,0.0,15.1,0.0,0,0,0.7,0.7,0.12,-0.7,-0.7,Match Report,2025,Arsenal
2024-10-27,16:30,Premier League,Matchweek 9,Sun,Home,D,2.0,2.0,Liverpool,2,9.0,3.0,33.3,0.22,0.67,14.1,0.0,0,0,0.9,0.9,0.1,1.1,1.1,Match Report,2025,Arsenal
2024-11-02,12:30,Premier League,Matchweek 10,Sat,Away,L,0.0,1.0,Newcastle Utd,0,10.0,0.0,0.0,0.0,,14.9,0.0,0,0,1.1,1.1,0.11,-1.1,-1.1,Match Report,2025,Arsenal
2024-11-10,16:30,Premier League,Matchweek 11,Sun,Away,D,1.0,1.0,Chelsea,1,13.0,3.0,23.1,0.08,0.33,16.3,0.0,0,0,1.5,1.5,0.12,-0.5,-0.5,Match Report,2025,Arsenal
2024-11-23,15:00,Premier League,Matchweek 12,Sat,Home,W,3.0,0.0,Nott'ham Forest,3,19.0,6.0,31.6,0.16,0.5,17.7,0.0,0,0,1.2,1.2,0.06,1.8,1.8,Match Report,2025,Arsenal
2024-11-30,17:30,Premier League,Matchweek 13,Sat,Away,W,5.0,2.0,West Ham,5,14.0,5.0,35.7,0.21,0.6,15.4,1.0,2,2,3.5,2.0,0.14,1.5,1.0,Match Report,2025,Arsenal
2024-12-04,20:15,Premier League,Matchweek 14,Wed,Home,W,2.0,0.0,Manchester Utd,2,14.0,6.0,42.9,0.14,0.33,11.0,0.0,0,0,2.1,2.1,0.15,-0.1,-0.1,Match Report,2025,Arsenal
2024-12-08,14:00,Premier League,Matchweek 15,Sun,Away,D,1.0,1.0,Fulham,1,12.0,4.0,33.3,0.08,0.25,12.2,0.0,0,0,1.8,1.8,0.17,-0.8,-0.8,Match Report,2025,Arsenal
2024-12-14,15:00,Premier League,Matchweek 16,Sat,Home,D,0.0,0.0,Everton,0,13.0,5.0,38.5,0.0,0.0,13.0,0.0,0,0,1.2,1.2,0.09,-1.2,-1.2,Match Report,2025,Arsenal
2024-12-21,17:30,Premier League,Matchweek 17,Sat,Away,W,5.0,1.0,Crystal Palace,5,14.0,6.0,42.9,0.36,0.83,11.5,0.0,0,0,2.5,2.5,0.21,2.5,2.5,Match Report,2025,Arsenal
2024-12-27,20:15,Premier League,Matchweek 18,Fri,Home,W,1.0,0.0,Ipswich Town,1,13.0,5.0,38.5,0.08,0.2,15.7,1.0,0,0,1.8,1.8,0.14,-0.8,-0.8,Match Report,2025,Arsenal
2025-01-01,17:30,Premier League,Matchweek 19,Wed,Away,W,3.0,1.0,Brentford,3,14.0,4.0,28.6,0.21,0.75,14.7,0.0,0,0,1.9,1.9,0.14,1.1,1.1,Match Report,2025,Arsenal
2025-01-04,17:30,Premier League,Matchweek 20,Sat,Away,D,1.0,1.0,Brighton,1,9.0,3.0,33.3,0.11,0.33,15.3,0.0,0,0,0.9,0.9,0.1,0.1,0.1,Match Report,2025,Arsenal
2025-01-15,20:00,Premier League,Matchweek 21,Wed,Home,W,2.0,1.0,Tottenham,1,14.0,4.0,28.6,0.07,0.25,15.2,0.0,0,0,1.4,1.4,0.1,-0.4,-0.4,Match Report,2025,Arsenal
2025-01-18,17:30,Premier League,Matchweek 22,Sat,Home,D,2.0,2.0,Aston Villa,2,18.0,6.0,33.3,0.11,0.33,15.5,0.0,0,0,1.3,1.3,0.07,0.7,0.7,Match Report,2025,Arsenal
2025-01-25,15:00,Premier League,Matchweek 23,Sat,Away,W,1.0,0.0,Wolves,1,9.0,3.0,33.3,0.11,0.33,14.8,1.0,0,0,1.0,1.0,0.11,0.0,0.0,Match Report,2025,Arsenal
2024-08-17,15:00,Premier League,Matchweek 1,Sat,Home,D,1.0,1.0,Bournemouth,1,14.0,8.0,57.1,0.07,0.13,19.2,0.0,0,0,1.3,1.3,0.1,-0.3,-0.3,Match Report,2025,Nottingham Forest
2024-08-24,15:00,Premier League,Matchweek 2,Sat,Away,W,1.0,0.0,Southampton,1,23.0,8.0,34.8,0.04,0.13,17.2,0.0,0,0,2.2,2.2,0.11,-1.2,-1.2,Match Report,2025,Nottingham Forest
2024-08-31,15:00,Premier League,Matchweek 3,Sat,Home,D,1.0,1.0,Wolves,1,16.0,5.0,31.3,0.06,0.2,14.6,1.0,0,0,1.0,1.0,0.06,0.0,0.0,Match Report,2025,Nottingham Forest
2024-09-14,15:00,Premier League,Matchweek 4,Sat,Away,W,1.0,0.0,Liverpool,1,5.0,3.0,60.0,0.2,0.33,18.6,0.0,0,0,0.4,0.4,0.09,0.6,0.6,Match Report,2025,Nottingham Forest
2024-09-22,14:00,Premier League,Matchweek 5,Sun,Away,D,2.0,2.0,Brighton,2,3.0,2.0,66.7,0.33,0.5,17.4,0.0,1,1,1.4,0.6,0.21,0.6,0.4,Match Report,2025,Nottingham Forest
2024-09-28,15:00,Premier League,Matchweek 6,Sat,Home,L,0.0,1.0,Fulham,0,11.0,1.0,9.1,0.0,0.0,19.3,0.0,0,0,0.8,0.8,0.07,-0.8,-0.8,Match Report,2025,Nottingham Forest
2024-10-06,14:00,Premier League,Matchweek 7,Sun,Away,D,1.0,1.0,Chelsea,1,16.0,9.0,56.3,0.06,0.11,20.2,2.0,0,0,0.9,0.9,0.05,0.1,0.1,Match Report,2025,Nottingham Forest
2024-10-21,20:00,Premier League,Matchweek 8,Mon,Home,W,1.0,0.0,Crystal Palace,1,20.0,6.0,30.0,0.05,0.17,18.0,0.0,0,0,1.7,1.7,0.09,-0.7,-0.7,Match Report,2025,Nottingham Forest
2024-10-25,20:00,Premier League,Matchweek 9,Fri,Away,W,3.0,1.0,Leicester City,3,20.0,5.0,25.0,0.15,0.6,21.6,1.0,0,0,1.7,1.7,0.09,1.3,1.3,Match Report,2025,Nottingham Forest
2024-11-02,15:00,Premier League,Matchweek 10,Sat,Home,W,3.0,0.0,West Ham,3,19.0,6.0,31.6,0.16,0.5,18.7,1.0,0,0,2.2,2.2,0.11,0.8,0.8,Match Report,2025,Nottingham Forest
2024-11-10,14:00,Premier League,Matchweek 11,Sun,Home,L,1.0,3.0,Newcastle Utd,1,9.0,3.0,33.3,0.11,0.33,16.4,0.0,0,0,0.6,0.6,0.06,0.4,0.4,Match Report,2025,Nottingham Forest
2024-11-23,15:00,Premier League,Matchweek 12,Sat,Away,L,0.0,3.0,Arsenal,0,7.0,0.0,0.0,0.0,,16.3,1.0,0,0,0.3,0.3,0.05,-0.3,-0.3,Match Report,2025,Nottingham Forest
2024-11-30,15:00,Premier League,Matchweek 13,Sat,Home,W,1.0,0.0,Ipswich Town,1,11.0,4.0,36.4,0.0,0.0,16.9,1.0,1,1,1.6,0.9,0.08,-0.6,-0.9,Match Report,2025,Nottingham Forest
2024-12-04,19:30,Premier League,Matchweek 14,Wed,Away,L,0.0,3.0,Manchester City,0,12.0,3.0,25.0,0.0,0.0,16.6,0.0,0,0,1.0,1.0,0.09,-1.0,-1.0,Match Report,2025,Nottingham Forest
2024-12-07,17:30,Premier League,Matchweek 15,Sat,Away,W,3.0,2.0,Manchester Utd,3,11.0,3.0,27.3,0.27,1.0,16.3,0.0,0,0,0.8,0.8,0.08,2.2,2.2,Match Report,2025,Nottingham Forest
2024-12-14,17:30,Premier League,Matchweek 16,Sat,Home,W,2.0,1.0,Aston Villa,2,17.0,6.0,35.3,0.12,0.33,15.2,0.0,0,0,1.7,1.7,0.1,0.3,0.3,Match Report,2025,Nottingham Forest
2024-12-21,15:00,Premier League,Matchweek 17,Sat,Away,W,2.0,0.0,Brentford,2,10.0,6.0,60.0,0.2,0.33,17.4,0.0,0,0,0.9,0.9,0.09,1.1,1.1,Match Report,2025,Nottingham Forest
2024-12-26,15:00,Premier League,Matchweek 18,Thu,Home,W,1.0,0.0,Tottenham,1,10.0,3.0,30.0,0.1,0.33,15.5,0.0,0,0,1.1,1.1,0.11,-0.1,-0.1,Match Report,2025,Nottingham Forest
2024-12-29,15:00,Premier League,Matchweek 19,Sun,Away,W,2.0,0.0,Everton,2,11.0,7.0,63.6,0.18,0.29,17.4,0.0,0,0,1.5,1.5,0.15,0.5,0.5,Match Report,2025,Nottingham Forest
2025-01-06,20:00,Premier League,Matchweek 20,Mon,Away,W,3.0,0.0,Wolves,3,11.0,3.0,27.3,0.27,1.0,16.2,1.0,0,0,2.1,2.1,0.19,0.9,0.9,Match Report,2025,Nottingham Forest
2025-01-14,20:00,Premier League,Matchweek 21,Tue,Home,D,1.0,1.0,Liverpool,1,6.0,3.0,50.0,0.17,0.33,26.8,1.0,0,0,0.3,0.3,0.05,0.7,0.7,Match Report,2025,Nottingham Forest
2025-01-19,14:00,Premier League,Matchweek 22,Sun,Home,W,3.0,2.0,Southampton,3,14.0,4.0,28.6,0.21,0.75,16.0,1.0,0,0,1.8,1.8,0.15,1.2,1.2,Match Report,2025,Nottingham Forest
2025-01-25,15:00,Premier League,Matchweek 23,Sat,Away,L,0.0,5.0,Bournemouth,0,18.0,4.0,22.2,0.0,0.0,18.0,2.0,0,0,1.0,1.0,0.05,-1.0,-1.0,Match Report,2025,Nottingham Forest
2024-08-18,16:30,Premier League,Matchweek 1,Sun,Home,L,0.0,2.0,Manchester City,0,10.0,3.0,30.0,0.0,0.0,17.1,0.0,0,0,1.0,1.0,0.1,-1.0,-1.0,Match Report,2025,Chelsea
2024-08-25,14:00,Premier League,Matchweek 2,Sun,Away,W,6.0,2.0,Wolves,6,14.0,8.0,57.1,0.43,0.75,15.4,1.0,0,0,1.6,1.6,0.12,4.4,4.4,Match Report,2025,Chelsea
2024-09-01,13:30,Premier League,Matchweek 3,Sun,Home,D,1.0,1.0,Crystal Palace,1,13.0,7.0,53.8,0.08,0.14,15.9,1.0,0,0,2.4,2.4,0.18,-1.4,-1.4,Match Report,2025,Chelsea
2024-09-14,20:00,Premier League,Matchweek 4,Sat,Away,W,1.0,0.0,Bournemouth,1,10.0,3.0,30.0,0.1,0.33,18.2,0.0,0,0,0.8,0.8,0.08,0.2,0.2,Match Report,2025,Chelsea
2024-09-21,12:30,Premier League,Matchweek 5,Sat,Away,W,3.0,0.0,West Ham,3,12.0,5.0,41.7,0.25,0.6,15.0,0.0,0,0,2.2,2.2,0.18,0.8,0.8,Match Report,2025,Chelsea
2024-09-28,15:00,Premier League,Matchweek 6,Sat,Home,W,4.0,2.0,Brighton,4,14.0,5.0,35.7,0.21,0.6,15.7,1.0,1,1,4.2,3.4,0.24,-0.2,-0.4,Match Report,2025,Chelsea
2024-10-06,14:00,Premier League,Matchweek 7,Sun,Home,D,1.0,1.0,Nott'ham Forest,1,22.0,8.0,36.4,0.05,0.13,17.2,0.0,0,0,2.3,2.3,0.11,-1.3,-1.3,Match Report,2025,Chelsea
2024-10-20,16:30,Premier League,Matchweek 8,Sun,Away,L,1.0,2.0,Liverpool,1,12.0,2.0,16.7,0.08,0.5,16.1,1.0,0,0,1.0,1.0,0.08,0.0,0.0,Match Report,2025,Chelsea
2024-10-27,14:00,Premier League,Matchweek 9,Sun,Home,W,2.0,1.0,Newcastle Utd,2,17.0,7.0,41.2,0.12,0.29,16.7,0.0,0,0,1.6,1.6,0.09,0.4,0.4,Match Report,2025,Chelsea
2024-11-03,16:30,Premier League,Matchweek 10,Sun,Away,D,1.0,1.0,Manchester Utd,1,12.0,3.0,25.0,0.08,0.33,16.0,0.0,0,0,1.1,1.1,0.09,-0.1,-0.1,Match Report,2025,Chelsea
2024-11-10,16:30,Premier League,Matchweek 11,Sun,Home,D,1.0,1.0,Arsenal,1,17.0,3.0,17.6,0.06,0.33,20.8,3.0,0,0,1.5,1.5,0.09,-0.5,-0.5,Match Report,2025,Chelsea
2024-11-23,12:30,Premier League,Matchweek 12,Sat,Away,W,2.0,1.0,Leicester City,2,16.0,6.0,37.5,0.13,0.33,14.2,0.0,0,0,2.7,2.7,0.18,-0.7,-0.7,Match Report,2025,Chelsea
2024-12-01,13:30,Premier League,Matchweek 13,Sun,Home,W,3.0,0.0,Aston Villa,3,17.0,8.0,47.1,0.18,0.38,15.8,0.0,0,0,1.6,1.6,0.1,1.4,1.4,Match Report,2025,Chelsea
2024-12-04,19:30,Premier League,Matchweek 14,Wed,Away,W,5.0,1.0,Southampton,5,26.0,11.0,42.3,0.19,0.45,12.6,1.0,0,0,5.2,5.2,0.21,-0.2,-0.2,Match Report,2025,Chelsea
2024-12-08,16:30,Premier League,Matchweek 15,Sun,Away,W,4.0,3.0,Tottenham,4,15.0,6.0,40.0,0.13,0.33,17.9,0.0,2,2,2.8,1.2,0.08,1.2,0.8,Match Report,2025,Chelsea
2024-12-15,19:00,Premier League,Matchweek 16,Sun,Home,W,2.0,1.0,Brentford,2,26.0,8.0,30.8,0.08,0.25,16.2,0.0,0,0,2.2,2.2,0.09,-0.2,-0.2,Match Report,2025,Chelsea
2024-12-22,14:00,Premier League,Matchweek 17,Sun,Away,D,0.0,0.0,Everton,0,12.0,4.0,33.3,0.0,0.0,16.8,2.0,0,0,1.2,1.2,0.11,-1.2,-1.2,Match Report,2025,Chelsea
2024-12-26,15:00,Premier League,Matchweek 18,Thu,Home,L,1.0,2.0,Fulham,1,12.0,8.0,66.7,0.08,0.13,18.7,1.0,0,0,1.1,1.1,0.09,-0.1,-0.1,Match Report,2025,Chelsea
2024-12-30,19:45,Premier League,Matchweek 19,Mon,Away,L,0.0,2.0,Ipswich Town,0,20.0,4.0,20.0,0.0,0.0,17.1,0.0,0,0,2.0,2.0,0.1,-2.0,-2.0,Match Report,2025,Chelsea
2025-01-04,15:00,Premier League,Matchweek 20,Sat,Away,D,1.0,1.0,Crystal Palace,1,15.0,1.0,6.7,0.07,1.0,16.2,0.0,0,0,1.2,1.2,0.08,-0.2,-0.2,Match Report,2025,Chelsea
2025-01-14,19:30,Premier League,Matchweek 21,Tue,Home,D,2.0,2.0,Bournemouth,2,26.0,10.0,38.5,0.08,0.2,16.6,2.0,0,0,2.5,2.5,0.1,-0.5,-0.5,Match Report,2025,Chelsea
2025-01-20,20:00,Premier League,Matchweek 22,Mon,Home,W,3.0,1.0,Wolves,3,19.0,6.0,31.6,0.16,0.5,14.0,0.0,0,0,3.1,3.1,0.17,-0.1,-0.1,Match Report,2025,Chelsea
2025-01-25,17:30,Premier League,Matchweek 23,Sat,Away,L,1.0,3.0,Manchester City,1,10.0,4.0,40.0,0.1,0.25,16.5,0.0,0,0,1.8,1.8,0.18,-0.8,-0.8,Match Report,2025,Chelsea
2024-08-18,16:30,Premier League,Matchweek 1,Sun,Away,W,2.0,0.0,Chelsea,2,11.0,5.0,45.5,0.18,0.4,19.1,0.0,0,0,0.8,0.8,0.07,1.2,1.2,Match Report,2025,Manchester City
2024-08-24,15:00,Premier League,Matchweek 2,Sat,Home,W,4.0,1.0,Ipswich Town,4,13.0,4.0,30.8,0.23,0.75,17.8,1.0,1,1,3.3,2.6,0.2,0.7,0.4,Match Report,2025,Manchester City
2024-08-31,17:30,Premier League,Matchweek 3,Sat,Away,W,3.0,1.0,West Ham,3,23.0,8.0,34.8,0.13,0.38,15.0,1.0,0,0,3.0,3.0,0.13,0.0,0.0,Match Report,2025,Manchester City
2024-09-14,15:00,Premier League,Matchweek 4,Sat,Home,W,2.0,1.0,Brentford,2,18.0,7.0,38.9,0.11,0.29,17.2,0.0,0,0,2.1,2.1,0.12,-0.1,-0.1,Match Report,2025,Manchester City
2024-09-22,16:30,Premier League,Matchweek 5,Sun,Home,D,2.0,2.0,Arsenal,2,33.0,11.0,33.3,0.06,0.18,20.2,1.0,0,0,2.1,2.1,0.07,-0.1,-0.1,Match Report,2025,Manchester City
2024-09-28,12:30,Premier League,Matchweek 6,Sat,Away,D,1.0,1.0,Newcastle Utd,1,16.0,6.0,37.5,0.06,0.17,17.6,0.0,0,0,0.9,0.9,0.06,0.1,0.1,Match Report,2025,Manchester City
2024-10-05,15:00,Premier League,Matchweek 7,Sat,Home,W,3.0,2.0,Fulham,3,20.0,7.0,35.0,0.15,0.43,17.6,1.0,0,0,1.6,1.6,0.08,1.4,1.4,Match Report,2025,Manchester City
2024-10-20,14:00,Premier League,Matchweek 8,Sun,Away,W,2.0,1.0,Wolves,2,22.0,7.0,31.8,0.09,0.29,18.3,2.0,0,0,1.6,1.6,0.07,0.4,0.4,Match Report,2025,Manchester City
2024-10-26,15:00,Premier League,Matchweek 9,Sat,Home,W,1.0,0.0,Southampton,1,22.0,7.0,31.8,0.05,0.14,16.6,0.0,0,0,2.9,2.9,0.13,-1.9,-1.9,Match Report,2025,Manchester City
2024-11-02,15:00,Premier League,Matchweek 10,Sat,Away,L,1.0,2.0,Bournemouth,1,18.0,4.0,22.2,0.06,0.25,14.5,0.0,0,0,1.6,1.6,0.09,-0.6,-0.6,Match Report,2025,Manchester City
2024-11-09,17:30,Premier League,Matchweek 11,Sat,Away,L,1.0,2.0,Brighton,1,15.0,6.0,40.0,0.07,0.17,14.1,0.0,0,0,2.1,2.1,0.18,-1.1,-1.1,Match Report,2025,Manchester City
2024-11-23,17:30,Premier League,Matchweek 12,Sat,Home,L,0.0,4.0,Tottenham,0,23.0,5.0,21.7,0.0,0.0,14.4,0.0,0,0,2.1,2.1,0.09,-2.1,-2.1,Match Report,2025,Manchester City
2024-12-01,16:00,Premier League,Matchweek 13,Sun,Away,L,0.0,2.0,Liverpool,0,8.0,2.0,25.0,0.0,0.0,16.2,0.0,0,0,0.8,0.8,0.1,-0.8,-0.8,Match Report,2025,Manchester City
2024-12-04,19:30,Premier League,Matchweek 14,Wed,Home,W,3.0,0.0,Nott'ham Forest,3,17.0,6.0,35.3,0.18,0.5,15.2,1.0,0,0,2.4,2.4,0.14,0.6,0.6,Match Report,2025,Manchester City
2024-12-07,15:00,Premier League,Matchweek 15,Sat,Away,D,2.0,2.0,Crystal Palace,2,12.0,4.0,33.3,0.17,0.5,15.1,0.0,0,0,1.4,1.4,0.12,0.6,0.6,Match Report,2025,Manchester City
2024-12-15,16:30,Premier League,Matchweek 16,Sun,Home,L,1.0,2.0,Manchester Utd,1,10.0,3.0,30.0,0.1,0.33,18.7,0.0,0,0,0.9,0.9,0.1,0.1,0.1,Match Report,2025,Manchester City
2024-12-21,12:30,Premier League,Matchweek 17,Sat,Away,L,1.0,2.0,Aston Villa,1,12.0,6.0,50.0,0.08,0.17,18.4,0.0,0,0,1.0,1.0,0.09,0.0,0.0,Match Report,2025,Manchester City
2024-12-26,12:30,Premier League,Matchweek 18,Thu,Home,D,1.0,1.0,Everton,1,23.0,4.0,17.4,0.04,0.25,17.2,1.0,0,1,2.1,1.2,0.05,-1.1,-0.2,Match Report,2025,Manchester City
2024-12-29,14:30,Premier League,Matchweek 19,Sun,Away,W,2.0,0.0,Leicester City,2,14.0,5.0,35.7,0.14,0.4,18.3,1.0,0,0,1.3,1.3,0.09,0.7,0.7,Match Report,2025,Manchester City
2025-01-04,15:00,Premier League,Matchweek 20,Sat,Home,W,4.0,1.0,West Ham,3,10.0,7.0,70.0,0.3,0.43,16.6,0.0,0,0,1.9,1.9,0.19,1.1,1.1,Match Report,2025,Manchester City
2025-01-14,19:30,Premier League,Matchweek 21,Tue,Away,D,2.0,2.0,Brentford,2,21.0,8.0,38.1,0.1,0.25,15.1,0.0,0,0,2.2,2.2,0.11,-0.2,-0.2,Match Report,2025,Manchester City
2025-01-19,16:30,Premier League,Matchweek 22,Sun,Away,W,6.0,0.0,Ipswich Town,6,17.0,9.0,52.9,0.35,0.67,14.9,0.0,0,0,3.0,3.0,0.18,3.0,3.0,Match Report,2025,Manchester City
2025-01-25,17:30,Premier League,Matchweek 23,Sat,Home,W,3.0,1.0,Chelsea,3,15.0,6.0,40.0,0.2,0.5,17.1,1.0,0,0,2.2,2.2,0.17,0.8,0.8,Match Report,2025,Manchester City
2024-08-17,15:00,Premier League,Matchweek 1,Sat,Home,W,1.0,0.0,Southampton,1,3.0,1.0,33.3,0.33,1.0,13.2,0.0,0,0,0.3,0.3,0.08,0.7,0.7,Match Report,2025,Newcastle United
2024-08-25,14:00,Premier League,Matchweek 2,Sun,Away,D,1.0,1.0,Bournemouth,1,14.0,5.0,35.7,0.07,0.2,12.6,0.0,0,0,1.6,1.6,0.12,-0.6,-0.6,Match Report,2025,Newcastle United
2024-09-01,13:30,Premier League,Matchweek 3,Sun,Home,W,2.0,1.0,Tottenham,2,9.0,3.0,33.3,0.22,0.67,14.0,0.0,0,0,1.8,1.8,0.2,0.2,0.2,Match Report,2025,Newcastle United
2024-09-15,16:30,Premier League,Matchweek 4,Sun,Away,W,2.0,1.0,Wolves,2,14.0,6.0,42.9,0.14,0.33,17.9,0.0,0,0,1.5,1.5,0.11,0.5,0.5,Match Report,2025,Newcastle United
2024-09-21,15:00,Premier League,Matchweek 5,Sat,Away,L,1.0,3.0,Fulham,1,16.0,5.0,31.3,0.06,0.2,16.9,1.0,0,0,1.5,1.5,0.1,-0.5,-0.5,Match Report,2025,Newcastle United
2024-09-28,12:30,Premier League,Matchweek 6,Sat,Home,D,1.0,1.0,Manchester City,1,10.0,3.0,30.0,0.0,0.0,15.1,0.0,1,1,1.6,0.8,0.08,-0.6,-0.8,Match Report,2025,Newcastle United
2024-10-05,17:30,Premier League,Matchweek 7,Sat,Away,D,0.0,0.0,Everton,0,13.0,1.0,7.7,0.0,0.0,13.8,0.0,0,1,2.1,1.3,0.1,-2.1,-1.3,Match Report,2025,Newcastle United
2024-10-19,15:00,Premier League,Matchweek 8,Sat,Home,L,0.0,1.0,Brighton,0,21.0,6.0,28.6,0.0,0.0,17.3,2.0,0,0,2.0,2.0,0.1,-2.0,-2.0,Match Report,2025,Newcastle United
2024-10-27,14:00,Premier League,Matchweek 9,Sun,Away,L,1.0,2.0,Chelsea,1,11.0,2.0,18.2,0.09,0.5,14.0,1.0,0,0,1.8,1.8,0.16,-0.8,-0.8,Match Report,2025,Newcastle United
2024-11-02,12:30,Premier League,Matchweek 10,Sat,Home,W,1.0,0.0,Arsenal,1,9.0,4.0,44.4,0.11,0.25,14.6,0.0,0,0,0.5,0.5,0.06,0.5,0.5,Match Report,2025,Newcastle United
2024-11-10,14:00,Premier League,Matchweek 11,Sun,Away,W,3.0,1.0,Nott'ham Forest,3,17.0,6.0,35.3,0.18,0.5,16.1,0.0,0,0,1.6,1.6,0.1,1.4,1.4,Match Report,2025,Newcastle United
2024-11-25,20:00,Premier League,Matchweek 12,Mon,Home,L,0.0,2.0,West Ham,0,18.0,2.0,11.1,0.0,0.0,16.1,0.0,0,0,1.6,1.6,0.09,-1.6,-1.6,Match Report,2025,Newcastle United
2024-11-30,15:00,Premier League,Matchweek 13,Sat,Away,D,1.0,1.0,Crystal Palace,0,1.0,0.0,0.0,0.0,,6.9,0.0,0,0,0.0,0.0,0.04,0.0,0.0,Match Report,2025,Newcastle United
2024-12-04,19:30,Premier League,Matchweek 14,Wed,Home,D,3.0,3.0,Liverpool,3,17.0,6.0,35.3,0.18,0.5,19.1,1.0,0,0,2.1,2.1,0.12,0.9,0.9,Match Report,2025,Newcastle United
2024-12-07,15:00,Premier League,Matchweek 15,Sat,Away,L,2.0,4.0,Brentford,2,16.0,3.0,18.8,0.13,0.67,16.2,0.0,0,0,1.5,1.5,0.09,0.5,0.5,Match Report,2025,Newcastle United
2024-12-14,15:00,Premier League,Matchweek 16,Sat,Home,W,4.0,0.0,Leicester City,4,27.0,11.0,40.7,0.15,0.36,15.1,1.0,0,0,3.8,3.8,0.14,0.2,0.2,Match Report,2025,Newcastle United
2024-12-21,15:00,Premier League,Matchweek 17,Sat,Away,W,4.0,0.0,Ipswich Town,4,15.0,7.0,46.7,0.27,0.57,14.1,0.0,0,0,2.3,2.3,0.16,1.7,1.7,Match Report,2025,Newcastle United
2024-12-26,15:00,Premier League,Matchweek 18,Thu,Home,W,3.0,0.0,Aston Villa,3,22.0,7.0,31.8,0.14,0.43,15.8,1.0,0,0,2.7,2.7,0.13,0.3,0.3,Match Report,2025,Newcastle United
2024-12-30,20:00,Premier League,Matchweek 19,Mon,Away,W,2.0,0.0,Manchester Utd,2,12.0,4.0,33.3,0.17,0.5,15.2,0.0,0,0,1.9,1.9,0.16,0.1,0.1,Match Report,2025,Newcastle United
2025-01-04,12:30,Premier League,Matchweek 20,Sat,Away,W,2.0,1.0,Tottenham,2,14.0,4.0,28.6,0.14,0.5,14.2,0.0,0,0,2.5,2.5,0.18,-0.5,-0.5,Match Report,2025,Newcastle United
2025-01-15,19:30,Premier League,Matchweek 21,Wed,Home,W,3.0,0.0,Wolves,3,17.0,5.0,29.4,0.18,0.6,17.0,0.0,0,0,2.1,2.1,0.12,0.9,0.9,Match Report,2025,Newcastle United
2025-01-18,12:30,Premier League,Matchweek 22,Sat,Home,L,1.0,4.0,Bournemouth,1,13.0,4.0,30.8,0.08,0.25,19.0,1.0,0,0,0.8,0.8,0.06,0.2,0.2,Match Report,2025,Newcastle United
2025-01-25,15:00,Premier League,Matchweek 23,Sat,Away,W,3.0,1.0,Southampton,3,16.0,7.0,43.8,0.13,0.29,19.3,0.0,1,1,2.9,2.1,0.13,0.1,-0.1,Match Report,2025,Newcastle United
2024-08-17,15:00,Premier League,Matchweek 1,Sat,Away,D,1.0,1.0,Nott'ham Forest,1,13.0,4.0,30.8,0.08,0.25,19.6,1.0,0,0,1.2,1.2,0.09,-0.2,-0.2,Match Report,2025,Bournemouth
2024-08-25,14:00,Premier League,Matchweek 2,Sun,Home,D,1.0,1.0,Newcastle Utd,1,16.0,4.0,25.0,0.06,0.25,16.5,1.0,0,0,2.2,2.2,0.14,-1.2,-1.2,Match Report,2025,Bournemouth
2024-08-31,15:00,Premier League,Matchweek 3,Sat,Away,W,3.0,2.0,Everton,3,17.0,7.0,41.2,0.18,0.43,14.9,0.0,0,0,2.4,2.4,0.15,0.6,0.6,Match Report,2025,Bournemouth
2024-09-14,20:00,Premier League,Matchweek 4,Sat,Home,L,0.0,1.0,Chelsea,0,18.0,6.0,33.3,0.0,0.0,22.4,0.0,0,1,1.7,0.9,0.05,-1.7,-0.9,Match Report,2025,Bournemouth
2024-09-21,15:00,Premier League,Matchweek 5,Sat,Away,L,0.0,3.0,Liverpool,0,19.0,6.0,31.6,0.0,0.0,18.7,1.0,0,0,1.1,1.1,0.06,-1.1,-1.1,Match Report,2025,Bournemouth
2024-09-30,20:00,Premier League,Matchweek 6,Mon,Home,W,3.0,1.0,Southampton,3,14.0,6.0,42.9,0.21,0.5,18.8,0.0,0,0,1.3,1.3,0.1,1.7,1.7,Match Report,2025,Bournemouth
2024-10-05,15:00,Premier League,Matchweek 7,Sat,Away,L,0.0,1.0,Leicester City,0,19.0,2.0,10.5,0.0,0.0,14.3,0.0,0,0,2.1,2.1,0.11,-2.1,-2.1,Match Report,2025,Bournemouth
2024-10-19,17:30,Premier League,Matchweek 8,Sat,Home,W,2.0,0.0,Arsenal,2,12.0,3.0,25.0,0.08,0.33,18.9,0.0,1,1,1.8,1.0,0.09,0.2,0.0,Match Report,2025,Bournemouth
2024-10-26,15:00,Premier League,Matchweek 9,Sat,Away,D,1.0,1.0,Aston Villa,1,10.0,3.0,30.0,0.1,0.33,21.6,0.0,0,0,0.3,0.3,0.03,0.7,0.7,Match Report,2025,Bournemouth
2024-11-02,15:00,Premier League,Matchweek 10,Sat,Home,W,2.0,1.0,Manchester City,2,12.0,6.0,50.0,0.17,0.33,16.0,0.0,0,0,2.0,2.0,0.18,0.0,0.0,Match Report,2025,Bournemouth
2024-11-09,15:00,Premier League,Matchweek 11,Sat,Away,L,2.0,3.0,Brentford,2,15.0,3.0,20.0,0.13,0.67,14.8,1.0,0,0,2.6,2.6,0.17,-0.6,-0.6,Match Report,2025,Bournemouth
2024-11-23,15:00,Premier League,Matchweek 12,Sat,Home,L,1.0,2.0,Brighton,1,19.0,5.0,26.3,0.05,0.2,15.5,0.0,0,0,1.6,1.6,0.09,-0.6,-0.6,Match Report,2025,Bournemouth
2024-11-30,15:00,Premier League,Matchweek 13,Sat,Away,W,4.0,2.0,Wolves,4,9.0,5.0,55.6,0.11,0.2,21.4,0.0,3,3,3.3,0.9,0.1,0.7,0.1,Match Report,2025,Bournemouth
2024-12-05,20:15,Premier League,Matchweek 14,Thu,Home,W,1.0,0.0,Tottenham,1,21.0,8.0,38.1,0.05,0.13,13.8,0.0,0,0,3.5,3.5,0.18,-2.5,-2.5,Match Report,2025,Bournemouth
2024-12-08,14:00,Premier League,Matchweek 15,Sun,Away,W,2.0,1.0,Ipswich Town,2,22.0,6.0,27.3,0.09,0.33,16.4,0.0,0,0,3.2,3.2,0.15,-1.2,-1.2,Match Report,2025,Bournemouth
2024-12-16,20:00,Premier League,Matchweek 16,Mon,Home,D,1.0,1.0,West Ham,1,29.0,9.0,31.0,0.03,0.11,18.3,1.0,0,0,1.9,1.9,0.07,-0.9,-0.9,Match Report,2025,Bournemouth
2024-12-22,14:00,Premier League,Matchweek 17,Sun,Away,W,3.0,0.0,Manchester Utd,3,9.0,4.0,44.4,0.22,0.5,19.7,0.0,1,1,1.6,0.8,0.09,1.4,1.2,Match Report,2025,Bournemouth
2024-12-26,15:00,Premier League,Matchweek 18,Thu,Home,D,0.0,0.0,Crystal Palace,0,18.0,3.0,16.7,0.0,0.0,14.2,1.0,0,0,1.4,1.4,0.08,-1.4,-1.4,Match Report,2025,Bournemouth
2024-12-29,15:00,Premier League,Matchweek 19,Sun,Away,D,2.0,2.0,Fulham,2,16.0,8.0,50.0,0.13,0.25,13.7,0.0,0,0,2.0,2.0,0.12,0.0,0.0,Match Report,2025,Bournemouth
2025-01-04,15:00,Premier League,Matchweek 20,Sat,Home,W,1.0,0.0,Everton,1,19.0,8.0,42.1,0.05,0.13,14.8,0.0,0,0,1.8,1.8,0.1,-0.8,-0.8,Match Report,2025,Bournemouth
2025-01-14,19:30,Premier League,Matchweek 21,Tue,Away,D,2.0,2.0,Chelsea,2,6.0,2.0,33.3,0.17,0.5,18.6,0.0,1,1,1.2,0.4,0.07,0.8,0.6,Match Report,2025,Bournemouth
2025-01-18,12:30,Premier League,Matchweek 22,Sat,Away,W,4.0,1.0,Newcastle Utd,4,19.0,10.0,52.6,0.21,0.4,13.4,0.0,0,0,2.0,2.0,0.11,2.0,2.0,Match Report,2025,Bournemouth
2025-01-25,15:00,Premier League,Matchweek 23,Sat,Home,W,5.0,0.0,Nott'ham Forest,5,16.0,10.0,62.5,0.31,0.5,16.3,1.0,0,0,1.7,1.7,0.11,3.3,3.3,Match Report,2025,Bournemouth
2024-08-17,17:30,Premier League,Matchweek 1,Sat,Away,W,2.0,1.0,West Ham,2,15.0,3.0,20.0,0.13,0.67,15.2,0.0,0,0,2.0,2.0,0.14,0.0,0.0,Match Report,2025,Aston Villa
2024-08-24,17:30,Premier League,Matchweek 2,Sat,Home,L,0.0,2.0,Arsenal,0,11.0,3.0,27.3,0.0,0.0,16.0,0.0,0,0,1.2,1.2,0.12,-1.2,-1.2,Match Report,2025,Aston Villa
2024-08-31,15:00,Premier League,Matchweek 3,Sat,Away,W,2.0,1.0,Leicester City,2,10.0,5.0,50.0,0.2,0.4,17.9,0.0,0,0,1.4,1.4,0.16,0.6,0.6,Match Report,2025,Aston Villa
2024-09-14,17:30,Premier League,Matchweek 4,Sat,Home,W,3.0,2.0,Everton,3,17.0,7.0,41.2,0.18,0.43,14.0,0.0,0,0,2.1,2.1,0.13,0.9,0.9,Match Report,2025,Aston Villa
2024-09-21,15:00,Premier League,Matchweek 5,Sat,Home,W,3.0,1.0,Wolves,3,9.0,3.0,33.3,0.33,1.0,13.7,1.0,0,0,1.7,1.7,0.19,1.3,1.3,Match Report,2025,Aston Villa
2024-09-29,14:00,Premier League,Matchweek 6,Sun,Away,D,2.0,2.0,Ipswich Town,2,7.0,3.0,42.9,0.29,0.67,19.0,1.0,0,0,0.8,0.8,0.12,1.2,1.2,Match Report,2025,Aston Villa
2024-10-06,14:00,Premier League,Matchweek 7,Sun,Home,D,0.0,0.0,Manchester Utd,0,11.0,1.0,9.1,0.0,0.0,20.3,1.0,0,0,0.5,0.5,0.05,-0.5,-0.5,Match Report,2025,Aston Villa
2024-10-19,15:00,Premier League,Matchweek 8,Sat,Away,W,3.0,1.0,Fulham,2,14.0,5.0,35.7,0.14,0.4,15.1,1.0,0,0,1.6,1.6,0.12,0.4,0.4,Match Report,2025,Aston Villa
2024-10-26,15:00,Premier League,Matchweek 9,Sat,Home,D,1.0,1.0,Bournemouth,1,18.0,8.0,44.4,0.06,0.13,15.1,0.0,0,0,1.8,1.8,0.1,-0.8,-0.8,Match Report,2025,Aston Villa
2024-11-03,14:00,Premier League,Matchweek 10,Sun,Away,L,1.0,4.0,Tottenham,1,12.0,1.0,8.3,0.08,1.0,16.2,0.0,0,0,1.8,1.8,0.15,-0.8,-0.8,Match Report,2025,Aston Villa
2024-11-09,20:00,Premier League,Matchweek 11,Sat,Away,L,0.0,2.0,Liverpool,0,12.0,2.0,16.7,0.0,0.0,11.6,0.0,0,0,1.2,1.2,0.12,-1.2,-1.2,Match Report,2025,Aston Villa
2024-11-23,15:00,Premier League,Matchweek 12,Sat,Home,D,2.0,2.0,Crystal Palace,2,16.0,4.0,25.0,0.13,0.5,14.9,0.0,0,1,3.0,2.2,0.15,-1.0,-0.2,Match Report,2025,Aston Villa
2024-12-01,13:30,Premier League,Matchweek 13,Sun,Away,L,0.0,3.0,Chelsea,0,10.0,3.0,30.0,0.0,0.0,13.4,0.0,0,0,1.2,1.2,0.12,-1.2,-1.2,Match Report,2025,Aston Villa
2024-12-04,20:15,Premier League,Matchweek 14,Wed,Home,W,3.0,1.0,Brentford,3,19.0,9.0,47.4,0.11,0.22,15.0,0.0,1,1,2.4,1.6,0.09,0.6,0.4,Match Report,2025,Aston Villa
2024-12-07,15:00,Premier League,Matchweek 15,Sat,Home,W,1.0,0.0,Southampton,1,18.0,4.0,22.2,0.06,0.25,14.2,0.0,0,0,2.3,2.3,0.13,-1.3,-1.3,Match Report,2025,Aston Villa
2024-12-14,17:30,Premier League,Matchweek 16,Sat,Away,L,1.0,2.0,Nott'ham Forest,1,8.0,2.0,25.0,0.13,0.5,15.6,0.0,0,0,0.4,0.4,0.05,0.6,0.6,Match Report,2025,Aston Villa
2024-12-21,12:30,Premier League,Matchweek 17,Sat,Home,W,2.0,1.0,Manchester City,2,11.0,6.0,54.5,0.18,0.33,13.9,0.0,0,0,1.6,1.6,0.15,0.4,0.4,Match Report,2025,Aston Villa
2024-12-26,15:00,Premier League,Matchweek 18,Thu,Away,L,0.0,3.0,Newcastle Utd,0,4.0,1.0,25.0,0.0,0.0,17.0,1.0,0,0,0.3,0.3,0.09,-0.3,-0.3,Match Report,2025,Aston Villa
2024-12-30,19:45,Premier League,Matchweek 19,Mon,Home,D,2.0,2.0,Brighton,2,19.0,3.0,15.8,0.05,0.33,17.9,0.0,1,1,1.8,1.0,0.05,0.2,0.0,Match Report,2025,Aston Villa
2025-01-04,15:00,Premier League,Matchweek 20,Sat,Home,W,2.0,1.0,Leicester City,2,13.0,5.0,38.5,0.15,0.4,15.9,0.0,0,0,1.4,1.4,0.12,0.6,0.6,Match Report,2025,Aston Villa
2025-01-15,19:30,Premier League,Matchweek 21,Wed,Away,W,1.0,0.0,Everton,1,11.0,3.0,27.3,0.09,0.33,20.5,1.0,0,0,1.2,1.2,0.11,-0.2,-0.2,Match Report,2025,Aston Villa
2025-01-18,17:30,Premier League,Matchweek 22,Sat,Away,D,2.0,2.0,Arsenal,2,8.0,4.0,50.0,0.25,0.5,16.9,0.0,0,0,1.0,1.0,0.13,1.0,1.0,Match Report,2025,Aston Villa
2024-08-16,20:00,Premier League,Matchweek 1,Fri,Away,L,0.0,1.0,Manchester Utd,0,10.0,2.0,20.0,0.0,0.0,16.9,0.0,0,0,0.4,0.4,0.04,-0.4,-0.4,Match Report,2025,Fulham
2024-08-24,15:00,Premier League,Matchweek 2,Sat,Home,W,2.0,1.0,Leicester City,2,18.0,6.0,33.3,0.11,0.33,15.8,1.0,0,0,1.8,1.8,0.1,0.2,0.2,Match Report,2025,Fulham
2024-08-31,15:00,Premier League,Matchweek 3,Sat,Away,D,1.0,1.0,Ipswich Town,1,9.0,4.0,44.4,0.11,0.25,13.1,0.0,0,0,0.9,0.9,0.11,0.1,0.1,Match Report,2025,Fulham
2024-09-14,15:00,Premier League,Matchweek 4,Sat,Home,D,1.0,1.0,West Ham,1,21.0,5.0,23.8,0.05,0.2,16.4,2.0,0,0,1.5,1.5,0.07,-0.5,-0.5,Match Report,2025,Fulham
2024-09-21,15:00,Premier League,Matchweek 5,Sat,Home,W,3.0,1.0,Newcastle Utd,3,22.0,11.0,50.0,0.14,0.27,15.4,0.0,0,0,2.2,2.2,0.1,0.8,0.8,Match Report,2025,Fulham
2024-09-28,15:00,Premier League,Matchweek 6,Sat,Away,W,1.0,0.0,Nott'ham Forest,1,13.0,1.0,7.7,0.0,0.0,20.2,0.0,1,1,1.3,0.5,0.04,-0.3,-0.5,Match Report,2025,Fulham
2024-10-05,15:00,Premier League,Matchweek 7,Sat,Away,L,2.0,3.0,Manchester City,2,11.0,4.0,36.4,0.18,0.5,14.0,0.0,0,0,2.6,2.6,0.24,-0.6,-0.6,Match Report,2025,Fulham
2024-10-19,15:00,Premier League,Matchweek 8,Sat,Home,L,1.0,3.0,Aston Villa,1,9.0,3.0,33.3,0.11,0.33,12.3,0.0,0,1,1.8,1.0,0.11,-0.8,0.0,Match Report,2025,Fulham
2024-10-26,17:30,Premier League,Matchweek 9,Sat,Away,D,1.0,1.0,Everton,1,14.0,3.0,21.4,0.07,0.33,18.2,0.0,0,0,1.2,1.2,0.09,-0.2,-0.2,Match Report,2025,Fulham
2024-11-04,20:00,Premier League,Matchweek 10,Mon,Home,W,2.0,1.0,Brentford,2,26.0,12.0,46.2,0.08,0.17,18.3,0.0,0,0,1.3,1.3,0.05,0.7,0.7,Match Report,2025,Fulham
2024-11-09,15:00,Premier League,Matchweek 11,Sat,Away,W,2.0,0.0,Crystal Palace,2,17.0,7.0,41.2,0.12,0.29,17.0,0.0,0,0,1.8,1.8,0.11,0.2,0.2,Match Report,2025,Fulham
2024-11-23,15:00,Premier League,Matchweek 12,Sat,Home,L,1.0,4.0,Wolves,1,10.0,3.0,30.0,0.1,0.33,17.2,0.0,0,0,1.0,1.0,0.1,0.0,0.0,Match Report,2025,Fulham
2024-12-01,13:30,Premier League,Matchweek 13,Sun,Away,D,1.0,1.0,Tottenham,1,14.0,6.0,42.9,0.07,0.17,13.4,0.0,0,0,1.5,1.5,0.11,-0.5,-0.5,Match Report,2025,Fulham
2024-12-05,19:30,Premier League,Matchweek 14,Thu,Home,W,3.0,1.0,Brighton,2,6.0,2.0,33.3,0.33,1.0,14.3,0.0,0,0,1.1,1.1,0.18,0.9,0.9,Match Report,2025,Fulham
2024-12-08,14:00,Premier League,Matchweek 15,Sun,Home,D,1.0,1.0,Arsenal,1,2.0,2.0,100.0,0.5,0.5,14.4,0.0,0,0,0.2,0.2,0.08,0.8,0.8,Match Report,2025,Fulham
2024-12-14,15:00,Premier League,Matchweek 16,Sat,Away,D,2.0,2.0,Liverpool,2,12.0,3.0,25.0,0.17,0.67,16.9,1.0,0,0,1.2,1.2,0.1,0.8,0.8,Match Report,2025,Fulham
2024-12-22,14:00,Premier League,Matchweek 17,Sun,Home,D,0.0,0.0,Southampton,0,15.0,5.0,33.3,0.0,0.0,20.0,0.0,0,0,0.9,0.9,0.06,-0.9,-0.9,Match Report,2025,Fulham
2024-12-26,15:00,Premier League,Matchweek 18,Thu,Away,W,2.0,1.0,Chelsea,2,14.0,7.0,50.0,0.14,0.29,16.2,1.0,0,0,1.8,1.8,0.13,0.2,0.2,Match Report,2025,Fulham
2024-12-29,15:00,Premier League,Matchweek 19,Sun,Home,D,2.0,2.0,Bournemouth,2,11.0,6.0,54.5,0.18,0.33,16.1,0.0,0,0,1.1,1.1,0.1,0.9,0.9,Match Report,2025,Fulham
2025-01-05,14:00,Premier League,Matchweek 20,Sun,Home,D,2.0,2.0,Ipswich Town,2,13.0,2.0,15.4,0.0,0.0,20.4,0.0,2,2,2.2,0.6,0.05,-0.2,-0.6,Match Report,2025,Fulham
2025-01-14,19:30,Premier League,Matchweek 21,Tue,Away,L,2.0,3.0,West Ham,2,21.0,4.0,19.0,0.1,0.5,17.9,1.0,0,0,1.7,1.7,0.09,0.3,0.3,Match Report,2025,Fulham
2025-01-18,15:00,Premier League,Matchweek 22,Sat,Away,W,2.0,0.0,Leicester City,2,17.0,2.0,11.8,0.12,1.0,14.1,1.0,0,0,2.0,2.0,0.13,0.0,0.0,Match Report,2025,Fulham
2024-08-17,15:00,Premier League,Matchweek 1,Sat,Away,W,3.0,0.0,Everton,3,10.0,5.0,50.0,0.3,0.6,13.8,0.0,0,0,1.4,1.4,0.14,1.6,1.6,Match Report,2025,Brighton and Hove Albion
2024-08-24,12:30,Premier League,Matchweek 2,Sat,Home,W,2.0,1.0,Manchester Utd,2,14.0,4.0,28.6,0.14,0.5,14.2,1.0,0,0,2.1,2.1,0.15,-0.1,-0.1,Match Report,2025,Brighton and Hove Albion
2024-08-31,12:30,Premier League,Matchweek 3,Sat,Away,D,1.0,1.0,Arsenal,1,22.0,4.0,18.2,0.05,0.25,19.3,0.0,0,0,1.7,1.7,0.08,-0.7,-0.7,Match Report,2025,Brighton and Hove Albion
2024-09-14,15:00,Premier League,Matchweek 4,Sat,Home,D,0.0,0.0,Ipswich Town,0,21.0,6.0,28.6,0.0,0.0,18.5,2.0,0,0,1.6,1.6,0.09,-1.6,-1.6,Match Report,2025,Brighton and Hove Albion
2024-09-22,14:00,Premier League,Matchweek 5,Sun,Home,D,2.0,2.0,Nott'ham Forest,2,14.0,3.0,21.4,0.14,0.67,17.4,1.0,0,0,1.0,1.0,0.07,1.0,1.0,Match Report,2025,Brighton and Hove Albion
2024-09-28,15:00,Premier League,Matchweek 6,Sat,Away,L,2.0,4.0,Chelsea,2,15.0,5.0,33.3,0.13,0.4,20.1,2.0,0,0,1.1,1.1,0.07,0.9,0.9,Match Report,2025,Brighton and Hove Albion
2024-10-06,16:30,Premier League,Matchweek 7,Sun,Home,W,3.0,2.0,Tottenham,3,11.0,4.0,36.4,0.27,0.75,14.8,0.0,0,0,1.8,1.8,0.16,1.2,1.2,Match Report,2025,Brighton and Hove Albion
2024-10-19,15:00,Premier League,Matchweek 8,Sat,Away,W,1.0,0.0,Newcastle Utd,1,10.0,5.0,50.0,0.1,0.2,16.0,0.0,0,0,1.1,1.1,0.11,-0.1,-0.1,Match Report,2025,Brighton and Hove Albion
2024-10-26,15:00,Premier League,Matchweek 9,Sat,Home,D,2.0,2.0,Wolves,2,19.0,6.0,31.6,0.11,0.33,17.5,1.0,0,0,1.3,1.3,0.07,0.7,0.7,Match Report,2025,Brighton and Hove Albion
2024-11-02,15:00,Premier League,Matchweek 10,Sat,Away,L,1.0,2.0,Liverpool,1,13.0,5.0,38.5,0.08,0.2,19.6,2.0,0,0,1.0,1.0,0.08,0.0,0.0,Match Report,2025,Brighton and Hove Albion
2024-11-09,17:30,Premier League,Matchweek 11,Sat,Home,W,2.0,1.0,Manchester City,2,10.0,4.0,40.0,0.2,0.5,13.5,1.0,0,0,2.3,2.3,0.23,-0.3,-0.3,Match Report,2025,Brighton and Hove Albion
2024-11-23,15:00,Premier League,Matchweek 12,Sat,Away,W,2.0,1.0,Bournemouth,2,6.0,4.0,66.7,0.33,0.5,13.9,0.0,0,0,0.9,0.9,0.16,1.1,1.1,Match Report,2025,Brighton and Hove Albion
2024-11-29,20:00,Premier League,Matchweek 13,Fri,Home,D,1.0,1.0,Southampton,1,22.0,5.0,22.7,0.05,0.2,16.5,0.0,0,0,1.7,1.7,0.08,-0.7,-0.7,Match Report,2025,Brighton and Hove Albion
2024-12-05,19:30,Premier League,Matchweek 14,Thu,Away,L,1.0,3.0,Fulham,1,13.0,3.0,23.1,0.08,0.33,16.7,1.0,0,0,1.4,1.4,0.11,-0.4,-0.4,Match Report,2025,Brighton and Hove Albion
2024-12-08,14:00,Premier League,Matchweek 15,Sun,Away,D,2.0,2.0,Leicester City,2,16.0,7.0,43.8,0.13,0.29,19.0,2.0,0,0,1.5,1.5,0.1,0.5,0.5,Match Report,2025,Brighton and Hove Albion
2024-12-15,14:00,Premier League,Matchweek 16,Sun,Home,L,1.0,3.0,Crystal Palace,0,17.0,5.0,29.4,0.0,0.0,20.6,1.0,0,0,1.0,1.0,0.06,-1.0,-1.0,Match Report,2025,Brighton and Hove Albion
2024-12-21,15:00,Premier League,Matchweek 17,Sat,Away,D,1.0,1.0,West Ham,1,12.0,6.0,50.0,0.08,0.17,15.0,0.0,0,0,0.9,0.9,0.08,0.1,0.1,Match Report,2025,Brighton and Hove Albion
2024-12-27,19:30,Premier League,Matchweek 18,Fri,Home,D,0.0,0.0,Brentford,0,24.0,7.0,29.2,0.0,0.0,18.0,1.0,0,0,1.3,1.3,0.05,-1.3,-1.3,Match Report,2025,Brighton and Hove Albion
2024-12-30,19:45,Premier League,Matchweek 19,Mon,Away,D,2.0,2.0,Aston Villa,2,13.0,4.0,30.8,0.15,0.5,19.1,0.0,0,0,1.1,1.1,0.09,0.9,0.9,Match Report,2025,Brighton and Hove Albion
2025-01-04,17:30,Premier League,Matchweek 20,Sat,Home,D,1.0,1.0,Arsenal,1,10.0,3.0,30.0,0.0,0.0,21.3,1.0,1,1,1.5,0.7,0.07,-0.5,-0.7,Match Report,2025,Brighton and Hove Albion
2025-01-16,19:30,Premier League,Matchweek 21,Thu,Away,W,2.0,0.0,Ipswich Town,2,11.0,5.0,45.5,0.18,0.4,14.1,0.0,0,0,1.0,1.0,0.09,1.0,1.0,Match Report,2025,Brighton and Hove Albion
2025-01-19,14:00,Premier League,Matchweek 22,Sun,Away,W,3.0,1.0,Manchester Utd,3,6.0,3.0,50.0,0.5,1.0,15.3,0.0,0,0,1.9,1.9,0.32,1.1,1.1,Match Report,2025,Brighton and Hove Albion
2025-01-25,15:00,Premier League,Matchweek 23,Sat,Home,L,0.0,1.0,Everton,0,16.0,1.0,6.3,0.0,0.0,19.6,0.0,0,0,0.7,0.7,0.05,-0.7,-0.7,Match Report,2025,Brighton and Hove Albion
2024-08-18,14:00,Premier League,Matchweek 1,Sun,Home,W,2.0,1.0,Crystal Palace,2,9.0,5.0,55.6,0.22,0.4,12.5,0.0,0,0,1.6,1.6,0.2,0.4,0.4,Match Report,2025,Brentford
2024-08-25,16:30,Premier League,Matchweek 2,Sun,Away,L,0.0,2.0,Liverpool,0,8.0,2.0,25.0,0.0,0.0,18.1,0.0,0,0,0.5,0.5,0.07,-0.5,-0.5,Match Report,2025,Brentford
2024-08-31,15:00,Premier League,Matchweek 3,Sat,Home,W,3.0,1.0,Southampton,3,20.0,7.0,35.0,0.15,0.43,14.5,0.0,0,0,2.8,2.8,0.14,0.2,0.2,Match Report,2025,Brentford
2024-09-14,15:00,Premier League,Matchweek 4,Sat,Away,L,1.0,2.0,Manchester City,1,8.0,5.0,62.5,0.13,0.2,12.9,0.0,0,0,1.0,1.0,0.12,0.0,0.0,Match Report,2025,Brentford
2024-09-21,15:00,Premier League,Matchweek 5,Sat,Away,L,1.0,3.0,Tottenham,1,6.0,6.0,100.0,0.17,0.17,14.4,0.0,0,0,0.8,0.8,0.13,0.2,0.2,Match Report,2025,Brentford
2024-09-28,15:00,Premier League,Matchweek 6,Sat,Home,D,1.0,1.0,West Ham,1,8.0,3.0,37.5,0.13,0.33,20.7,1.0,0,0,0.4,0.4,0.05,0.6,0.6,Match Report,2025,Brentford
2024-10-05,15:00,Premier League,Matchweek 7,Sat,Home,W,5.0,3.0,Wolves,5,18.0,11.0,61.1,0.22,0.36,13.0,1.0,1,1,4.2,3.4,0.19,0.8,0.6,Match Report,2025,Brentford
2024-10-19,15:00,Premier League,Matchweek 8,Sat,Away,L,1.0,2.0,Manchester Utd,1,8.0,2.0,25.0,0.13,0.5,17.9,1.0,0,0,0.9,0.9,0.11,0.1,0.1,Match Report,2025,Brentford
2024-10-26,15:00,Premier League,Matchweek 9,Sat,Home,W,4.0,3.0,Ipswich Town,4,19.0,8.0,42.1,0.16,0.38,16.0,1.0,1,1,4.0,3.3,0.17,0.0,-0.3,Match Report,2025,Brentford
2024-11-04,20:00,Premier League,Matchweek 10,Mon,Away,L,1.0,2.0,Fulham,1,5.0,2.0,40.0,0.2,0.5,18.0,0.0,0,0,0.6,0.6,0.13,0.4,0.4,Match Report,2025,Brentford
2024-11-09,15:00,Premier League,Matchweek 11,Sat,Home,W,3.0,2.0,Bournemouth,3,12.0,6.0,50.0,0.25,0.5,14.6,0.0,0,0,1.5,1.5,0.12,1.5,1.5,Match Report,2025,Brentford
2024-11-23,15:00,Premier League,Matchweek 12,Sat,Away,D,0.0,0.0,Everton,0,9.0,2.0,22.2,0.0,0.0,18.4,0.0,0,0,1.1,1.1,0.12,-1.1,-1.1,Match Report,2025,Brentford
2024-11-30,15:00,Premier League,Matchweek 13,Sat,Home,W,4.0,1.0,Leicester City,4,13.0,6.0,46.2,0.31,0.67,16.0,1.0,0,0,2.4,2.4,0.18,1.6,1.6,Match Report,2025,Brentford
2024-12-04,20:15,Premier League,Matchweek 14,Wed,Away,L,1.0,3.0,Aston Villa,1,9.0,1.0,11.1,0.11,1.0,14.0,0.0,0,0,0.9,0.9,0.11,0.1,0.1,Match Report,2025,Brentford
2024-12-07,15:00,Premier League,Matchweek 15,Sat,Home,W,4.0,2.0,Newcastle Utd,4,11.0,7.0,63.6,0.36,0.57,17.6,0.0,0,0,1.2,1.2,0.11,2.8,2.8,Match Report,2025,Brentford
2024-12-15,19:00,Premier League,Matchweek 16,Sun,Away,L,1.0,2.0,Chelsea,1,9.0,4.0,44.4,0.11,0.25,11.9,0.0,0,0,1.6,1.6,0.18,-0.6,-0.6,Match Report,2025,Brentford
2024-12-21,15:00,Premier League,Matchweek 17,Sat,Home,L,0.0,2.0,Nott'ham Forest,0,7.0,3.0,42.9,0.0,0.0,10.8,0.0,0,0,0.7,0.7,0.1,-0.7,-0.7,Match Report,2025,Brentford
2024-12-27,19:30,Premier League,Matchweek 18,Fri,Away,D,0.0,0.0,Brighton,0,8.0,3.0,37.5,0.0,0.0,14.1,0.0,0,0,1.1,1.1,0.13,-1.1,-1.1,Match Report,2025,Brentford
2025-01-01,17:30,Premier League,Matchweek 19,Wed,Home,L,1.0,3.0,Arsenal,1,5.0,2.0,40.0,0.2,0.5,27.9,0.0,0,0,0.3,0.3,0.06,0.7,0.7,Match Report,2025,Brentford
2025-01-04,15:00,Premier League,Matchweek 20,Sat,Away,W,5.0,0.0,Southampton,5,19.0,9.0,47.4,0.21,0.44,13.6,0.0,1,1,4.4,3.6,0.19,0.6,0.4,Match Report,2025,Brentford
2025-01-14,19:30,Premier League,Matchweek 21,Tue,Home,D,2.0,2.0,Manchester City,2,18.0,5.0,27.8,0.11,0.4,14.2,0.0,0,0,2.5,2.5,0.14,-0.5,-0.5,Match Report,2025,Brentford
2025-01-18,15:00,Premier League,Matchweek 22,Sat,Home,L,0.0,2.0,Liverpool,0,11.0,6.0,54.5,0.0,0.0,14.7,0.0,0,0,0.7,0.7,0.07,-0.7,-0.7,Match Report,2025,Brentford
2024-08-18,14:00,Premier League,Matchweek 1,Sun,Away,L,1.0,2.0,Brentford,0,14.0,6.0,42.9,0.0,0.0,19.2,1.0,0,0,1.2,1.2,0.08,-1.2,-1.2,Match Report,2025,Crystal Palace
2024-08-24,15:00,Premier League,Matchweek 2,Sat,Home,L,0.0,2.0,West Ham,0,14.0,2.0,14.3,0.0,0.0,19.5,0.0,0,0,1.3,1.3,0.1,-1.3,-1.3,Match Report,2025,Crystal Palace
2024-09-01,13:30,Premier League,Matchweek 3,Sun,Away,D,1.0,1.0,Chelsea,1,9.0,3.0,33.3,0.11,0.33,20.6,1.0,0,0,0.5,0.5,0.06,0.5,0.5,Match Report,2025,Crystal Palace
2024-09-14,15:00,Premier League,Matchweek 4,Sat,Home,D,2.0,2.0,Leicester City,2,19.0,3.0,15.8,0.05,0.33,15.4,1.0,1,1,2.5,1.7,0.09,-0.5,-0.7,Match Report,2025,Crystal Palace
2024-09-21,17:30,Premier League,Matchweek 5,Sat,Home,D,0.0,0.0,Manchester Utd,0,9.0,4.0,44.4,0.0,0.0,14.6,0.0,0,0,1.0,1.0,0.12,-1.0,-1.0,Match Report,2025,Crystal Palace
2024-09-28,15:00,Premier League,Matchweek 6,Sat,Away,L,1.0,2.0,Everton,1,17.0,4.0,23.5,0.06,0.25,17.3,1.0,0,0,0.9,0.9,0.06,0.1,0.1,Match Report,2025,Crystal Palace
2024-10-05,12:30,Premier League,Matchweek 7,Sat,Home,L,0.0,1.0,Liverpool,0,9.0,5.0,55.6,0.0,0.0,21.9,0.0,0,0,0.6,0.6,0.07,-0.6,-0.6,Match Report,2025,Crystal Palace
2024-10-21,20:00,Premier League,Matchweek 8,Mon,Away,L,0.0,1.0,Nott'ham Forest,0,20.0,7.0,35.0,0.0,0.0,21.1,0.0,0,0,1.0,1.0,0.05,-1.0,-1.0,Match Report,2025,Crystal Palace
2024-10-27,14:00,Premier League,Matchweek 9,Sun,Home,W,1.0,0.0,Tottenham,1,14.0,6.0,42.9,0.07,0.17,19.6,1.0,0,0,0.8,0.8,0.06,0.2,0.2,Match Report,2025,Crystal Palace
2024-11-02,17:30,Premier League,Matchweek 10,Sat,Away,D,2.0,2.0,Wolves,2,19.0,6.0,31.6,0.11,0.33,13.3,0.0,0,0,2.4,2.4,0.13,-0.4,-0.4,Match Report,2025,Crystal Palace
2024-11-09,15:00,Premier League,Matchweek 11,Sat,Home,L,0.0,2.0,Fulham,0,13.0,4.0,30.8,0.0,0.0,17.1,0.0,0,0,1.5,1.5,0.12,-1.5,-1.5,Match Report,2025,Crystal Palace
2024-11-23,15:00,Premier League,Matchweek 12,Sat,Away,D,2.0,2.0,Aston Villa,2,13.0,6.0,46.2,0.15,0.33,18.3,1.0,0,0,1.3,1.3,0.1,0.7,0.7,Match Report,2025,Crystal Palace
2024-11-30,15:00,Premier League,Matchweek 13,Sat,Home,D,1.0,1.0,Newcastle Utd,1,16.0,3.0,18.8,0.06,0.33,13.6,0.0,0,0,1.7,1.7,0.11,-0.7,-0.7,Match Report,2025,Crystal Palace
2024-12-03,19:30,Premier League,Matchweek 14,Tue,Away,W,1.0,0.0,Ipswich Town,1,13.0,3.0,23.1,0.08,0.33,15.2,0.0,0,0,1.6,1.6,0.13,-0.6,-0.6,Match Report,2025,Crystal Palace
2024-12-07,15:00,Premier League,Matchweek 15,Sat,Home,D,2.0,2.0,Manchester City,2,12.0,3.0,25.0,0.17,0.67,19.1,0.0,0,0,1.3,1.3,0.11,0.7,0.7,Match Report,2025,Crystal Palace
2024-12-15,14:00,Premier League,Matchweek 16,Sun,Away,W,3.0,1.0,Brighton,3,13.0,5.0,38.5,0.23,0.6,12.6,0.0,0,0,2.2,2.2,0.18,0.8,0.8,Match Report,2025,Crystal Palace
2024-12-21,17:30,Premier League,Matchweek 17,Sat,Home,L,1.0,5.0,Arsenal,1,15.0,6.0,40.0,0.07,0.17,16.3,0.0,0,0,1.6,1.6,0.11,-0.6,-0.6,Match Report,2025,Crystal Palace
2024-12-26,15:00,Premier League,Matchweek 18,Thu,Away,D,0.0,0.0,Bournemouth,0,10.0,4.0,40.0,0.0,0.0,19.4,0.0,0,0,0.4,0.4,0.04,-0.4,-0.4,Match Report,2025,Crystal Palace
2024-12-29,15:00,Premier League,Matchweek 19,Sun,Home,W,2.0,1.0,Southampton,2,19.0,9.0,47.4,0.11,0.22,17.4,2.0,0,0,2.0,2.0,0.11,0.0,0.0,Match Report,2025,Crystal Palace
2025-01-04,15:00,Premier League,Matchweek 20,Sat,Home,D,1.0,1.0,Chelsea,1,13.0,6.0,46.2,0.08,0.17,17.0,1.0,0,0,1.1,1.1,0.08,-0.1,-0.1,Match Report,2025,Crystal Palace
2025-01-15,19:30,Premier League,Matchweek 21,Wed,Away,W,2.0,0.0,Leicester City,2,9.0,4.0,44.4,0.22,0.5,13.3,0.0,0,0,1.8,1.8,0.2,0.2,0.2,Match Report,2025,Crystal Palace
2025-01-18,15:00,Premier League,Matchweek 22,Sat,Away,W,2.0,0.0,West Ham,2,11.0,6.0,54.5,0.09,0.17,21.9,0.0,1,1,1.3,0.5,0.05,0.7,0.5,Match Report,2025,Crystal Palace
2024-08-16,20:00,Premier League,Matchweek 1,Fri,Home,W,1.0,0.0,Fulham,1,14.0,5.0,35.7,0.07,0.2,17.6,0.0,0,0,2.4,2.4,0.17,-1.4,-1.4,Match Report,2025,Manchester United
2024-08-24,12:30,Premier League,Matchweek 2,Sat,Away,L,1.0,2.0,Brighton,1,11.0,3.0,27.3,0.09,0.33,16.3,0.0,0,0,1.4,1.4,0.13,-0.4,-0.4,Match Report,2025,Manchester United
2024-09-01,16:00,Premier League,Matchweek 3,Sun,Home,L,0.0,3.0,Liverpool,0,8.0,3.0,37.5,0.0,0.0,15.6,0.0,0,0,1.4,1.4,0.17,-1.4,-1.4,Match Report,2025,Manchester United
2024-09-14,12:30,Premier League,Matchweek 4,Sat,Away,W,3.0,0.0,Southampton,3,20.0,10.0,50.0,0.15,0.3,17.4,0.0,0,0,2.6,2.6,0.13,0.4,0.4,Match Report,2025,Manchester United
2024-09-21,17:30,Premier League,Matchweek 5,Sat,Away,D,0.0,0.0,Crystal Palace,0,15.0,6.0,40.0,0.0,0.0,13.9,0.0,0,0,1.6,1.6,0.12,-1.6,-1.6,Match Report,2025,Manchester United
2024-09-29,16:30,Premier League,Matchweek 6,Sun,Home,L,0.0,3.0,Tottenham,0,11.0,2.0,18.2,0.0,0.0,15.1,0.0,0,0,1.0,1.0,0.09,-1.0,-1.0,Match Report,2025,Manchester United
2024-10-06,14:00,Premier League,Matchweek 7,Sun,Away,D,0.0,0.0,Aston Villa,0,10.0,4.0,40.0,0.0,0.0,21.5,1.0,0,0,0.6,0.6,0.06,-0.6,-0.6,Match Report,2025,Manchester United
2024-10-19,15:00,Premier League,Matchweek 8,Sat,Home,W,2.0,1.0,Brentford,2,23.0,11.0,47.8,0.09,0.18,18.7,0.0,0,0,1.3,1.3,0.06,0.7,0.7,Match Report,2025,Manchester United
2024-10-27,14:00,Premier League,Matchweek 9,Sun,Away,L,1.0,2.0,West Ham,1,18.0,5.0,27.8,0.06,0.2,18.0,1.0,0,0,2.3,2.3,0.13,-1.3,-1.3,Match Report,2025,Manchester United
2024-11-03,16:30,Premier League,Matchweek 10,Sun,Home,D,1.0,1.0,Chelsea,1,10.0,3.0,30.0,0.0,0.0,18.3,1.0,1,1,2.0,1.2,0.12,-1.0,-1.2,Match Report,2025,Manchester United
2024-11-10,14:00,Premier League,Matchweek 11,Sun,Home,W,3.0,0.0,Leicester City,2,13.0,3.0,23.1,0.15,0.67,19.3,0.0,0,0,0.8,0.8,0.06,1.2,1.2,Match Report,2025,Manchester United
2024-11-24,16:30,Premier League,Matchweek 12,Sun,Away,D,1.0,1.0,Ipswich Town,1,11.0,4.0,36.4,0.09,0.25,17.6,1.0,0,0,0.8,0.8,0.07,0.2,0.2,Match Report,2025,Manchester United
2024-12-01,13:30,Premier League,Matchweek 13,Sun,Home,W,4.0,0.0,Everton,4,11.0,5.0,45.5,0.36,0.8,15.1,0.0,0,0,1.1,1.1,0.1,2.9,2.9,Match Report,2025,Manchester United
2024-12-04,20:15,Premier League,Matchweek 14,Wed,Away,L,0.0,2.0,Arsenal,0,5.0,2.0,40.0,0.0,0.0,17.7,0.0,0,0,0.2,0.2,0.04,-0.2,-0.2,Match Report,2025,Manchester United
2024-12-07,17:30,Premier League,Matchweek 15,Sat,Home,L,2.0,3.0,Nott'ham Forest,2,17.0,7.0,41.2,0.12,0.29,18.7,1.0,0,0,1.6,1.6,0.1,0.4,0.4,Match Report,2025,Manchester United
2024-12-15,16:30,Premier League,Matchweek 16,Sun,Away,W,2.0,1.0,Manchester City,2,9.0,2.0,22.2,0.11,0.5,17.9,0.0,1,1,2.1,1.3,0.14,-0.1,-0.3,Match Report,2025,Manchester United
2024-12-22,14:00,Premier League,Matchweek 17,Sun,Home,L,0.0,3.0,Bournemouth,0,23.0,7.0,30.4,0.0,0.0,17.7,1.0,0,0,2.2,2.2,0.1,-2.2,-2.2,Match Report,2025,Manchester United
2024-12-26,17:30,Premier League,Matchweek 18,Thu,Away,L,0.0,2.0,Wolves,0,11.0,4.0,36.4,0.0,0.0,19.2,0.0,0,0,0.4,0.4,0.04,-0.4,-0.4,Match Report,2025,Manchester United
2024-12-30,20:00,Premier League,Matchweek 19,Mon,Home,L,0.0,2.0,Newcastle Utd,0,10.0,0.0,0.0,0.0,,16.6,0.0,0,0,0.8,0.8,0.09,-0.8,-0.8,Match Report,2025,Manchester United
2025-01-05,16:30,Premier League,Matchweek 20,Sun,Away,D,2.0,2.0,Liverpool,2,13.0,4.0,30.8,0.15,0.5,15.4,0.0,0,0,1.0,1.0,0.08,1.0,1.0,Match Report,2025,Manchester United
2025-01-16,20:00,Premier League,Matchweek 21,Thu,Home,W,3.0,1.0,Southampton,3,23.0,9.0,39.1,0.13,0.33,15.0,0.0,0,0,3.4,3.4,0.15,-0.4,-0.4,Match Report,2025,Manchester United
2025-01-19,14:00,Premier League,Matchweek 22,Sun,Home,L,1.0,3.0,Brighton,1,9.0,0.0,0.0,0.0,,16.4,0.0,1,1,1.5,0.7,0.08,-0.5,-0.7,Match Report,2025,Manchester United
2024-08-19,20:00,Premier League,Matchweek 1,Mon,Away,D,1.0,1.0,Leicester City,1,15.0,6.0,40.0,0.07,0.17,13.7,0.0,0,0,1.2,1.2,0.08,-0.2,-0.2,Match Report,2025,Tottenham Hotspur
2024-08-24,15:00,Premier League,Matchweek 2,Sat,Home,W,4.0,0.0,Everton,4,13.0,7.0,53.8,0.31,0.57,14.1,1.0,0,0,2.4,2.4,0.19,1.6,1.6,Match Report,2025,Tottenham Hotspur
2024-09-01,13:30,Premier League,Matchweek 3,Sun,Away,L,1.0,2.0,Newcastle Utd,0,20.0,6.0,30.0,0.0,0.0,19.9,1.0,0,0,1.2,1.2,0.06,-1.2,-1.2,Match Report,2025,Tottenham Hotspur
2024-09-15,14:00,Premier League,Matchweek 4,Sun,Home,L,0.0,1.0,Arsenal,0,15.0,5.0,33.3,0.0,0.0,18.1,0.0,0,0,0.7,0.7,0.05,-0.7,-0.7,Match Report,2025,Tottenham Hotspur
2024-09-21,15:00,Premier League,Matchweek 5,Sat,Home,W,3.0,1.0,Brentford,3,23.0,9.0,39.1,0.13,0.33,14.4,0.0,0,0,3.5,3.5,0.17,-0.5,-0.5,Match Report,2025,Tottenham Hotspur
2024-09-29,16:30,Premier League,Matchweek 6,Sun,Away,W,3.0,0.0,Manchester Utd,3,24.0,10.0,41.7,0.13,0.3,14.6,0.0,0,0,4.4,4.4,0.2,-1.4,-1.4,Match Report,2025,Tottenham Hotspur
2024-10-06,16:30,Premier League,Matchweek 7,Sun,Away,L,2.0,3.0,Brighton,2,13.0,3.0,23.1,0.15,0.67,16.2,0.0,0,0,1.3,1.3,0.1,0.7,0.7,Match Report,2025,Tottenham Hotspur
2024-10-19,12:30,Premier League,Matchweek 8,Sat,Home,W,4.0,1.0,West Ham,3,22.0,7.0,31.8,0.14,0.43,15.8,0.0,0,0,1.9,1.9,0.09,1.1,1.1,Match Report,2025,Tottenham Hotspur
2024-10-27,14:00,Premier League,Matchweek 9,Sun,Away,L,0.0,1.0,Crystal Palace,0,11.0,3.0,27.3,0.0,0.0,12.9,0.0,0,0,0.7,0.7,0.07,-0.7,-0.7,Match Report,2025,Tottenham Hotspur
2024-11-03,14:00,Premier League,Matchweek 10,Sun,Home,W,4.0,1.0,Aston Villa,4,16.0,6.0,37.5,0.25,0.67,20.4,1.0,0,0,2.4,2.4,0.15,1.6,1.6,Match Report,2025,Tottenham Hotspur
2024-11-10,14:00,Premier League,Matchweek 11,Sun,Home,L,1.0,2.0,Ipswich Town,1,17.0,5.0,29.4,0.06,0.2,17.8,0.0,0,0,1.5,1.5,0.09,-0.5,-0.5,Match Report,2025,Tottenham Hotspur
2024-11-23,17:30,Premier League,Matchweek 12,Sat,Away,W,4.0,0.0,Manchester City,4,9.0,7.0,77.8,0.44,0.57,13.0,0.0,0,0,2.5,2.5,0.28,1.5,1.5,Match Report,2025,Tottenham Hotspur
2024-12-01,13:30,Premier League,Matchweek 13,Sun,Home,D,1.0,1.0,Fulham,1,8.0,3.0,37.5,0.13,0.33,17.5,2.0,0,0,0.8,0.8,0.1,0.2,0.2,Match Report,2025,Tottenham Hotspur
2024-12-05,20:15,Premier League,Matchweek 14,Thu,Away,L,0.0,1.0,Bournemouth,0,12.0,4.0,33.3,0.0,0.0,17.0,0.0,0,0,0.9,0.9,0.07,-0.9,-0.9,Match Report,2025,Tottenham Hotspur
2024-12-08,16:30,Premier League,Matchweek 15,Sun,Home,L,3.0,4.0,Chelsea,3,13.0,5.0,38.5,0.23,0.6,13.7,1.0,0,0,2.8,2.8,0.22,0.2,0.2,Match Report,2025,Tottenham Hotspur
2024-12-15,19:00,Premier League,Matchweek 16,Sun,Away,W,5.0,0.0,Southampton,5,18.0,9.0,50.0,0.28,0.56,13.1,0.0,0,0,2.3,2.3,0.14,2.7,2.7,Match Report,2025,Tottenham Hotspur
2024-12-22,16:30,Premier League,Matchweek 17,Sun,Home,L,3.0,6.0,Liverpool,3,9.0,5.0,55.6,0.33,0.6,17.1,0.0,0,0,1.3,1.3,0.14,1.7,1.7,Match Report,2025,Tottenham Hotspur
2024-12-26,15:00,Premier League,Matchweek 18,Thu,Away,L,0.0,1.0,Nott'ham Forest,0,13.0,4.0,30.8,0.0,0.0,20.0,1.0,0,0,0.9,0.9,0.07,-0.9,-0.9,Match Report,2025,Tottenham Hotspur
2024-12-29,15:00,Premier League,Matchweek 19,Sun,Home,D,2.0,2.0,Wolves,2,12.0,2.0,16.7,0.17,1.0,15.9,0.0,0,1,2.2,1.5,0.12,-0.2,0.5,Match Report,2025,Tottenham Hotspur
2025-01-04,12:30,Premier League,Matchweek 20,Sat,Home,L,1.0,2.0,Newcastle Utd,1,13.0,4.0,30.8,0.08,0.25,15.9,0.0,0,0,0.9,0.9,0.07,0.1,0.1,Match Report,2025,Tottenham Hotspur
2025-01-15,20:00,Premier League,Matchweek 21,Wed,Away,L,1.0,2.0,Arsenal,1,10.0,2.0,20.0,0.1,0.5,16.0,0.0,0,0,0.8,0.8,0.08,0.2,0.2,Match Report,2025,Tottenham Hotspur
2025-01-19,14:00,Premier League,Matchweek 22,Sun,Away,L,2.0,3.0,Everton,2,11.0,5.0,45.5,0.18,0.4,16.4,0.0,0,0,1.1,1.1,0.1,0.9,0.9,Match Report,2025,Tottenham Hotspur
2024-08-17,17:30,Premier League,Matchweek 1,Sat,Home,L,1.0,2.0,Aston Villa,1,13.0,2.0,15.4,0.0,0.0,13.6,0.0,1,1,2.3,1.5,0.13,-1.3,-1.5,Match Report,2025,West Ham United
2024-08-24,15:00,Premier League,Matchweek 2,Sat,Away,W,2.0,0.0,Crystal Palace,2,18.0,3.0,16.7,0.11,0.67,17.2,0.0,0,0,1.4,1.4,0.08,0.6,0.6,Match Report,2025,West Ham United
2024-08-31,17:30,Premier League,Matchweek 3,Sat,Home,L,1.0,3.0,Manchester City,0,10.0,2.0,20.0,0.0,0.0,16.9,0.0,0,0,0.7,0.7,0.07,-0.7,-0.7,Match Report,2025,West Ham United
2024-09-14,15:00,Premier League,Matchweek 4,Sat,Away,D,1.0,1.0,Fulham,1,11.0,3.0,27.3,0.09,0.33,18.0,0.0,0,0,0.8,0.8,0.07,0.2,0.2,Match Report,2025,West Ham United
2024-09-21,12:30,Premier League,Matchweek 5,Sat,Home,L,0.0,3.0,Chelsea,0,15.0,7.0,46.7,0.0,0.0,18.0,1.0,0,0,0.9,0.9,0.06,-0.9,-0.9,Match Report,2025,West Ham United
2024-09-28,15:00,Premier League,Matchweek 6,Sat,Away,D,1.0,1.0,Brentford,1,19.0,3.0,15.8,0.05,0.33,18.7,0.0,0,0,1.0,1.0,0.05,0.0,0.0,Match Report,2025,West Ham United
2024-10-05,15:00,Premier League,Matchweek 7,Sat,Home,W,4.0,1.0,Ipswich Town,4,23.0,12.0,52.2,0.17,0.33,16.4,1.0,0,0,3.6,3.6,0.17,0.4,0.4,Match Report,2025,West Ham United
2024-10-19,12:30,Premier League,Matchweek 8,Sat,Away,L,1.0,4.0,Tottenham,1,11.0,3.0,27.3,0.09,0.33,16.9,0.0,0,0,0.8,0.8,0.07,0.2,0.2,Match Report,2025,West Ham United
2024-10-27,14:00,Premier League,Matchweek 9,Sun,Home,W,2.0,1.0,Manchester Utd,2,11.0,2.0,18.2,0.09,0.5,12.3,0.0,1,1,2.8,2.1,0.2,-0.8,-1.1,Match Report,2025,West Ham United
2024-11-02,15:00,Premier League,Matchweek 10,Sat,Away,L,0.0,3.0,Nott'ham Forest,0,4.0,1.0,25.0,0.0,0.0,23.2,0.0,0,0,0.1,0.1,0.03,-0.1,-0.1,Match Report,2025,West Ham United
2024-11-09,15:00,Premier League,Matchweek 11,Sat,Home,D,0.0,0.0,Everton,0,11.0,6.0,54.5,0.0,0.0,17.0,0.0,0,0,0.8,0.8,0.08,-0.8,-0.8,Match Report,2025,West Ham United
2024-11-25,20:00,Premier League,Matchweek 12,Mon,Away,W,2.0,0.0,Newcastle Utd,2,15.0,6.0,40.0,0.13,0.33,19.8,1.0,0,0,0.9,0.9,0.06,1.1,1.1,Match Report,2025,West Ham United
2024-11-30,17:30,Premier League,Matchweek 13,Sat,Home,L,2.0,5.0,Arsenal,2,12.0,5.0,41.7,0.17,0.4,18.1,2.0,0,0,1.5,1.5,0.13,0.5,0.5,Match Report,2025,West Ham United
2024-12-03,20:15,Premier League,Matchweek 14,Tue,Away,L,1.0,3.0,Leicester City,1,31.0,8.0,25.8,0.03,0.13,14.7,0.0,0,0,3.0,3.0,0.1,-2.0,-2.0,Match Report,2025,West Ham United
2024-12-09,20:00,Premier League,Matchweek 15,Mon,Home,W,2.0,1.0,Wolves,2,19.0,4.0,21.1,0.11,0.5,15.8,0.0,0,0,1.0,1.0,0.05,1.0,1.0,Match Report,2025,West Ham United
2024-12-16,20:00,Premier League,Matchweek 16,Mon,Away,D,1.0,1.0,Bournemouth,1,15.0,2.0,13.3,0.0,0.0,15.2,0.0,1,1,2.1,1.3,0.08,-1.1,-1.3,Match Report,2025,West Ham United
2024-12-21,15:00,Premier League,Matchweek 17,Sat,Home,D,1.0,1.0,Brighton,1,11.0,4.0,36.4,0.09,0.25,13.7,0.0,0,0,1.2,1.2,0.12,-0.2,-0.2,Match Report,2025,West Ham United
2024-12-26,15:00,Premier League,Matchweek 18,Thu,Away,W,1.0,0.0,Southampton,1,16.0,2.0,12.5,0.06,0.5,15.3,1.0,0,0,1.7,1.7,0.11,-0.7,-0.7,Match Report,2025,West Ham United
2024-12-29,17:15,Premier League,Matchweek 19,Sun,Home,L,0.0,5.0,Liverpool,0,7.0,0.0,0.0,0.0,,17.5,0.0,0,0,0.4,0.4,0.05,-0.4,-0.4,Match Report,2025,West Ham United
2025-01-04,15:00,Premier League,Matchweek 20,Sat,Away,L,1.0,4.0,Manchester City,1,17.0,4.0,23.5,0.06,0.25,15.3,1.0,0,0,1.4,1.4,0.08,-0.4,-0.4,Match Report,2025,West Ham United
2025-01-14,19:30,Premier League,Matchweek 21,Tue,Home,W,3.0,2.0,Fulham,3,4.0,3.0,75.0,0.75,1.0,14.6,0.0,0,0,1.0,1.0,0.24,2.0,2.0,Match Report,2025,West Ham United
2025-01-18,15:00,Premier League,Matchweek 22,Sat,Home,L,0.0,2.0,Crystal Palace,0,7.0,0.0,0.0,0.0,,19.6,0.0,0,0,0.3,0.3,0.04,-0.3,-0.3,Match Report,2025,West Ham United
2024-08-17,15:00,Premier League,Matchweek 1,Sat,Home,L,0.0,3.0,Brighton,0,9.0,1.0,11.1,0.0,0.0,18.4,0.0,0,0,0.5,0.5,0.05,-0.5,-0.5,Match Report,2025,Everton
2024-08-24,15:00,Premier League,Matchweek 2,Sat,Away,L,0.0,4.0,Tottenham,0,10.0,1.0,10.0,0.0,0.0,10.0,0.0,0,0,1.0,1.0,0.1,-1.0,-1.0,Match Report,2025,Everton
2024-08-31,15:00,Premier League,Matchweek 3,Sat,Home,L,2.0,3.0,Bournemouth,2,18.0,8.0,44.4,0.11,0.25,15.7,0.0,0,0,1.8,1.8,0.11,0.2,0.2,Match Report,2025,Everton
2024-09-14,17:30,Premier League,Matchweek 4,Sat,Away,L,2.0,3.0,Aston Villa,2,6.0,2.0,33.3,0.33,1.0,12.6,0.0,0,0,0.9,0.9,0.15,1.1,1.1,Match Report,2025,Everton
2024-09-21,15:00,Premier League,Matchweek 5,Sat,Away,D,1.0,1.0,Leicester City,1,17.0,5.0,29.4,0.06,0.2,17.7,1.0,0,0,1.1,1.1,0.06,-0.1,-0.1,Match Report,2025,Everton
2024-09-28,15:00,Premier League,Matchweek 6,Sat,Home,W,2.0,1.0,Crystal Palace,2,8.0,2.0,25.0,0.25,1.0,15.3,0.0,0,0,0.9,0.9,0.11,1.1,1.1,Match Report,2025,Everton
2024-10-05,17:30,Premier League,Matchweek 7,Sat,Home,D,0.0,0.0,Newcastle Utd,0,8.0,2.0,25.0,0.0,0.0,24.3,1.0,0,0,0.7,0.7,0.09,-0.7,-0.7,Match Report,2025,Everton
2024-10-19,15:00,Premier League,Matchweek 8,Sat,Away,W,2.0,0.0,Ipswich Town,2,11.0,8.0,72.7,0.18,0.25,16.4,1.0,0,0,1.7,1.7,0.16,0.3,0.3,Match Report,2025,Everton
2024-10-26,17:30,Premier League,Matchweek 9,Sat,Home,D,1.0,1.0,Fulham,1,10.0,5.0,50.0,0.1,0.2,14.3,0.0,0,0,0.8,0.8,0.08,0.2,0.2,Match Report,2025,Everton
2024-11-02,15:00,Premier League,Matchweek 10,Sat,Away,L,0.0,1.0,Southampton,0,16.0,5.0,31.3,0.0,0.0,17.9,2.0,0,0,1.6,1.6,0.1,-1.6,-1.6,Match Report,2025,Everton
2024-11-09,15:00,Premier League,Matchweek 11,Sat,Away,D,0.0,0.0,West Ham,0,18.0,4.0,22.2,0.0,0.0,18.2,0.0,0,0,1.1,1.1,0.06,-1.1,-1.1,Match Report,2025,Everton
2024-11-23,15:00,Premier League,Matchweek 12,Sat,Home,D,0.0,0.0,Brentford,0,27.0,5.0,18.5,0.0,0.0,19.9,0.0,0,0,1.2,1.2,0.04,-1.2,-1.2,Match Report,2025,Everton
2024-12-01,13:30,Premier League,Matchweek 13,Sun,Away,L,0.0,4.0,Manchester Utd,0,8.0,2.0,25.0,0.0,0.0,21.3,2.0,0,0,0.6,0.6,0.07,-0.6,-0.6,Match Report,2025,Everton
2024-12-04,19:30,Premier League,Matchweek 14,Wed,Home,W,4.0,0.0,Wolves,2,13.0,4.0,30.8,0.15,0.5,18.7,1.0,0,0,1.0,1.0,0.08,1.0,1.0,Match Report,2025,Everton
2024-12-14,15:00,Premier League,Matchweek 16,Sat,Away,D,0.0,0.0,Arsenal,0,2.0,0.0,0.0,0.0,,19.3,0.0,0,0,0.1,0.1,0.05,-0.1,-0.1,Match Report,2025,Everton
2024-12-22,14:00,Premier League,Matchweek 17,Sun,Home,D,0.0,0.0,Chelsea,0,5.0,4.0,80.0,0.0,0.0,19.8,1.0,0,0,1.0,1.0,0.21,-1.0,-1.0,Match Report,2025,Everton
2024-12-26,12:30,Premier League,Matchweek 18,Thu,Away,D,1.0,1.0,Manchester City,1,8.0,3.0,37.5,0.13,0.33,16.8,0.0,0,0,0.7,0.7,0.08,0.3,0.3,Match Report,2025,Everton
2024-12-29,15:00,Premier League,Matchweek 19,Sun,Home,L,0.0,2.0,Nott'ham Forest,0,13.0,2.0,15.4,0.0,0.0,16.3,1.0,0,0,0.9,0.9,0.07,-0.9,-0.9,Match Report,2025,Everton
2025-01-04,15:00,Premier League,Matchweek 20,Sat,Away,L,0.0,1.0,Bournemouth,0,9.0,0.0,0.0,0.0,,20.7,0.0,0,0,0.7,0.7,0.08,-0.7,-0.7,Match Report,2025,Everton
2025-01-15,19:30,Premier League,Matchweek 21,Wed,Home,L,0.0,1.0,Aston Villa,0,10.0,2.0,20.0,0.0,0.0,16.4,0.0,0,0,1.1,1.1,0.11,-1.1,-1.1,Match Report,2025,Everton
2025-01-19,14:00,Premier League,Matchweek 22,Sun,Home,W,3.0,2.0,Tottenham,2,12.0,6.0,50.0,0.17,0.33,14.2,0.0,0,0,1.8,1.8,0.16,0.2,0.2,Match Report,2025,Everton
2025-01-25,15:00,Premier League,Matchweek 23,Sat,Away,W,1.0,0.0,Brighton,1,2.0,0.0,0.0,0.0,,24.6,0.0,1,1,0.8,0.1,0.03,0.2,-0.1,Match Report,2025,Everton
2024-08-17,15:00,Premier League,Matchweek 1,Sat,Away,L,0.0,2.0,Arsenal,0,9.0,3.0,33.3,0.0,0.0,19.3,1.0,0,0,0.5,0.5,0.05,-0.5,-0.5,Match Report,2025,Wolverhampton Wanderers
2024-08-25,14:00,Premier League,Matchweek 2,Sun,Home,L,2.0,6.0,Chelsea,2,12.0,4.0,33.3,0.17,0.5,19.1,1.0,0,0,1.9,1.9,0.16,0.1,0.1,Match Report,2025,Wolverhampton Wanderers
2024-08-31,15:00,Premier League,Matchweek 3,Sat,Away,D,1.0,1.0,Nott'ham Forest,1,11.0,2.0,18.2,0.09,0.5,20.7,0.0,0,0,0.7,0.7,0.07,0.3,0.3,Match Report,2025,Wolverhampton Wanderers
2024-09-15,16:30,Premier League,Matchweek 4,Sun,Home,L,1.0,2.0,Newcastle Utd,1,12.0,5.0,41.7,0.08,0.2,15.2,0.0,0,0,1.2,1.2,0.1,-0.2,-0.2,Match Report,2025,Wolverhampton Wanderers
2024-09-21,15:00,Premier League,Matchweek 5,Sat,Away,L,1.0,3.0,Aston Villa,1,10.0,4.0,40.0,0.1,0.25,14.9,0.0,0,0,0.5,0.5,0.05,0.5,0.5,Match Report,2025,Wolverhampton Wanderers
2024-09-28,17:30,Premier League,Matchweek 6,Sat,Home,L,1.0,2.0,Liverpool,1,8.0,3.0,37.5,0.13,0.33,22.9,0.0,0,0,0.6,0.6,0.08,0.4,0.4,Match Report,2025,Wolverhampton Wanderers
2024-10-05,15:00,Premier League,Matchweek 7,Sat,Away,L,3.0,5.0,Brentford,3,17.0,6.0,35.3,0.18,0.5,20.9,0.0,0,0,1.0,1.0,0.06,2.0,2.0,Match Report,2025,Wolverhampton Wanderers
2024-10-20,14:00,Premier League,Matchweek 8,Sun,Home,L,1.0,2.0,Manchester City,1,3.0,2.0,66.7,0.33,0.5,17.6,0.0,0,0,0.8,0.8,0.26,0.2,0.2,Match Report,2025,Wolverhampton Wanderers
2024-10-26,15:00,Premier League,Matchweek 9,Sat,Away,D,2.0,2.0,Brighton,2,14.0,7.0,50.0,0.14,0.29,11.9,0.0,0,0,1.3,1.3,0.1,0.7,0.7,Match Report,2025,Wolverhampton Wanderers
2024-11-02,17:30,Premier League,Matchweek 10,Sat,Home,D,2.0,2.0,Crystal Palace,2,11.0,6.0,54.5,0.18,0.33,17.6,0.0,0,0,1.5,1.5,0.14,0.5,0.5,Match Report,2025,Wolverhampton Wanderers
2024-11-09,15:00,Premier League,Matchweek 11,Sat,Home,W,2.0,0.0,Southampton,2,8.0,4.0,50.0,0.25,0.5,23.1,0.0,0,0,1.3,1.3,0.16,0.7,0.7,Match Report,2025,Wolverhampton Wanderers
2024-11-23,15:00,Premier League,Matchweek 12,Sat,Away,W,4.0,1.0,Fulham,4,10.0,5.0,50.0,0.4,0.8,16.5,0.0,0,0,1.3,1.3,0.13,2.7,2.7,Match Report,2025,Wolverhampton Wanderers
2024-11-30,15:00,Premier League,Matchweek 13,Sat,Home,L,2.0,4.0,Bournemouth,2,10.0,3.0,30.0,0.2,0.67,19.9,1.0,0,0,0.5,0.5,0.05,1.5,1.5,Match Report,2025,Wolverhampton Wanderers
2024-12-04,19:30,Premier League,Matchweek 14,Wed,Away,L,0.0,4.0,Everton,0,6.0,2.0,33.3,0.0,0.0,20.7,0.0,0,0,0.8,0.8,0.13,-0.8,-0.8,Match Report,2025,Wolverhampton Wanderers
2024-12-09,20:00,Premier League,Matchweek 15,Mon,Away,L,1.0,2.0,West Ham,1,19.0,5.0,26.3,0.05,0.2,17.9,0.0,0,0,1.4,1.4,0.08,-0.4,-0.4,Match Report,2025,Wolverhampton Wanderers
2024-12-14,15:00,Premier League,Matchweek 16,Sat,Home,L,1.0,2.0,Ipswich Town,1,16.0,6.0,37.5,0.06,0.17,18.4,0.0,0,0,1.3,1.3,0.08,-0.3,-0.3,Match Report,2025,Wolverhampton Wanderers
2024-12-22,14:00,Premier League,Matchweek 17,Sun,Away,W,3.0,0.0,Leicester City,3,8.0,4.0,50.0,0.38,0.75,14.6,1.0,0,0,1.1,1.1,0.14,1.9,1.9,Match Report,2025,Wolverhampton Wanderers
2024-12-26,17:30,Premier League,Matchweek 18,Thu,Home,W,2.0,0.0,Manchester Utd,2,7.0,4.0,57.1,0.29,0.5,24.1,1.0,0,0,0.9,0.9,0.12,1.1,1.1,Match Report,2025,Wolverhampton Wanderers
2024-12-29,15:00,Premier League,Matchweek 19,Sun,Away,D,2.0,2.0,Tottenham,2,11.0,3.0,27.3,0.18,0.67,20.0,1.0,0,0,0.7,0.7,0.07,1.3,1.3,Match Report,2025,Wolverhampton Wanderers
2025-01-06,20:00,Premier League,Matchweek 20,Mon,Home,L,0.0,3.0,Nott'ham Forest,0,13.0,5.0,38.5,0.0,0.0,15.3,0.0,0,0,1.5,1.5,0.12,-1.5,-1.5,Match Report,2025,Wolverhampton Wanderers
2025-01-15,19:30,Premier League,Matchweek 21,Wed,Away,L,0.0,3.0,Newcastle Utd,0,13.0,7.0,53.8,0.0,0.0,17.4,0.0,0,0,1.6,1.6,0.12,-1.6,-1.6,Match Report,2025,Wolverhampton Wanderers
2025-01-20,20:00,Premier League,Matchweek 22,Mon,Away,L,1.0,3.0,Chelsea,1,9.0,4.0,44.4,0.11,0.25,16.7,0.0,0,0,0.8,0.8,0.09,0.2,0.2,Match Report,2025,Wolverhampton Wanderers
2025-01-25,15:00,Premier League,Matchweek 23,Sat,Home,L,0.0,1.0,Arsenal,0,9.0,4.0,44.4,0.0,0.0,22.0,0.0,0,0,0.7,0.7,0.08,-0.7,-0.7,Match Report,2025,Wolverhampton Wanderers
2024-08-19,20:00,Premier League,Matchweek 1,Mon,Home,D,1.0,1.0,Tottenham,1,7.0,3.0,42.9,0.14,0.33,16.4,0.0,0,0,1.0,1.0,0.15,0.0,0.0,Match Report,2025,Leicester City
2024-08-24,15:00,Premier League,Matchweek 2,Sat,Away,L,1.0,2.0,Fulham,1,10.0,4.0,40.0,0.1,0.25,22.5,1.0,0,0,0.6,0.6,0.06,0.4,0.4,Match Report,2025,Leicester City
2024-08-31,15:00,Premier League,Matchweek 3,Sat,Home,L,1.0,2.0,Aston Villa,1,9.0,3.0,33.3,0.11,0.33,20.6,0.0,0,0,0.4,0.4,0.05,0.6,0.6,Match Report,2025,Leicester City
2024-09-14,15:00,Premier League,Matchweek 4,Sat,Away,D,2.0,2.0,Crystal Palace,2,9.0,4.0,44.4,0.22,0.5,19.2,0.0,0,0,1.2,1.2,0.14,0.8,0.8,Match Report,2025,Leicester City
2024-09-21,15:00,Premier League,Matchweek 5,Sat,Home,D,1.0,1.0,Everton,1,12.0,2.0,16.7,0.08,0.5,16.0,0.0,0,0,0.7,0.7,0.06,0.3,0.3,Match Report,2025,Leicester City
2024-09-28,15:00,Premier League,Matchweek 6,Sat,Away,L,2.0,4.0,Arsenal,2,5.0,3.0,60.0,0.4,0.67,14.5,0.0,0,0,0.3,0.3,0.06,1.7,1.7,Match Report,2025,Leicester City
2024-10-05,15:00,Premier League,Matchweek 7,Sat,Home,W,1.0,0.0,Bournemouth,1,6.0,2.0,33.3,0.17,0.5,18.8,0.0,0,0,0.8,0.8,0.13,0.2,0.2,Match Report,2025,Leicester City
2024-10-19,15:00,Premier League,Matchweek 8,Sat,Away,W,3.0,2.0,Southampton,3,17.0,3.0,17.6,0.12,0.67,16.5,0.0,1,1,3.1,2.4,0.14,-0.1,-0.4,Match Report,2025,Leicester City
2024-10-25,20:00,Premier League,Matchweek 9,Fri,Home,L,1.0,3.0,Nott'ham Forest,1,11.0,1.0,9.1,0.09,1.0,21.5,0.0,0,0,0.8,0.8,0.07,0.2,0.2,Match Report,2025,Leicester City
2024-11-02,15:00,Premier League,Matchweek 10,Sat,Away,D,1.0,1.0,Ipswich Town,1,20.0,5.0,25.0,0.05,0.2,16.7,0.0,0,0,1.5,1.5,0.08,-0.5,-0.5,Match Report,2025,Leicester City
2024-11-10,14:00,Premier League,Matchweek 11,Sun,Away,L,0.0,3.0,Manchester Utd,0,6.0,5.0,83.3,0.0,0.0,23.7,0.0,0,0,0.6,0.6,0.11,-0.6,-0.6,Match Report,2025,Leicester City
2024-11-23,12:30,Premier League,Matchweek 12,Sat,Home,L,1.0,2.0,Chelsea,1,3.0,0.0,0.0,0.0,,18.8,0.0,1,1,1.1,0.3,0.1,-0.1,-0.3,Match Report,2025,Leicester City
2024-11-30,15:00,Premier League,Matchweek 13,Sat,Away,L,1.0,4.0,Brentford,1,7.0,3.0,42.9,0.14,0.33,16.9,0.0,0,0,1.1,1.1,0.15,-0.1,-0.1,Match Report,2025,Leicester City
2024-12-03,20:15,Premier League,Matchweek 14,Tue,Home,W,3.0,1.0,West Ham,3,8.0,6.0,75.0,0.38,0.5,12.7,0.0,0,0,1.7,1.7,0.21,1.3,1.3,Match Report,2025,Leicester City
2024-12-08,14:00,Premier League,Matchweek 15,Sun,Home,D,2.0,2.0,Brighton,2,10.0,3.0,30.0,0.2,0.67,14.5,1.0,0,0,1.3,1.3,0.13,0.7,0.7,Match Report,2025,Leicester City
2024-12-14,15:00,Premier League,Matchweek 16,Sat,Away,L,0.0,4.0,Newcastle Utd,0,4.0,1.0,25.0,0.0,0.0,16.6,0.0,0,0,0.2,0.2,0.05,-0.2,-0.2,Match Report,2025,Leicester City
2024-12-22,14:00,Premier League,Matchweek 17,Sun,Home,L,0.0,3.0,Wolves,0,9.0,4.0,44.4,0.0,0.0,15.7,0.0,0,0,0.8,0.8,0.09,-0.8,-0.8,Match Report,2025,Leicester City
2024-12-26,20:00,Premier League,Matchweek 18,Thu,Away,L,1.0,3.0,Liverpool,1,4.0,1.0,25.0,0.25,1.0,16.2,0.0,0,0,0.3,0.3,0.09,0.7,0.7,Match Report,2025,Leicester City
2024-12-29,14:30,Premier League,Matchweek 19,Sun,Home,L,0.0,2.0,Manchester City,0,11.0,3.0,27.3,0.0,0.0,12.9,0.0,0,0,1.3,1.3,0.11,-1.3,-1.3,Match Report,2025,Leicester City
2025-01-04,15:00,Premier League,Matchweek 20,Sat,Away,L,1.0,2.0,Aston Villa,1,4.0,2.0,50.0,0.25,0.5,12.5,0.0,0,0,0.4,0.4,0.11,0.6,0.6,Match Report,2025,Leicester City
2025-01-15,19:30,Premier League,Matchweek 21,Wed,Home,L,0.0,2.0,Crystal Palace,0,21.0,4.0,19.0,0.0,0.0,18.4,2.0,0,0,1.7,1.7,0.08,-1.7,-1.7,Match Report,2025,Leicester City
2025-01-18,15:00,Premier League,Matchweek 22,Sat,Home,L,0.0,2.0,Fulham,0,8.0,4.0,50.0,0.0,0.0,16.3,0.0,0,0,0.6,0.6,0.08,-0.6,-0.6,Match Report,2025,Leicester City
2024-08-17,12:30,Premier League,Matchweek 1,Sat,Home,L,0.0,2.0,Liverpool,0,7.0,2.0,28.6,0.0,0.0,16.0,0.0,0,0,0.5,0.5,0.06,-0.5,-0.5,Match Report,2025,Ipswich Town
2024-08-24,15:00,Premier League,Matchweek 2,Sat,Away,L,1.0,4.0,Manchester City,1,1.0,1.0,100.0,1.0,1.0,21.1,0.0,0,0,0.3,0.3,0.29,0.7,0.7,Match Report,2025,Ipswich Town
2024-08-31,15:00,Premier League,Matchweek 3,Sat,Home,D,1.0,1.0,Fulham,1,11.0,4.0,36.4,0.09,0.25,18.0,1.0,0,0,0.4,0.4,0.04,0.6,0.6,Match Report,2025,Ipswich Town
2024-09-14,15:00,Premier League,Matchweek 4,Sat,Away,D,0.0,0.0,Brighton,0,6.0,1.0,16.7,0.0,0.0,16.6,0.0,0,0,0.3,0.3,0.06,-0.3,-0.3,Match Report,2025,Ipswich Town
2024-09-21,15:00,Premier League,Matchweek 5,Sat,Away,D,1.0,1.0,Southampton,1,13.0,6.0,46.2,0.08,0.17,14.1,0.0,0,0,1.6,1.6,0.13,-0.6,-0.6,Match Report,2025,Ipswich Town
2024-09-29,14:00,Premier League,Matchweek 6,Sun,Home,D,2.0,2.0,Aston Villa,2,15.0,5.0,33.3,0.13,0.4,18.4,0.0,0,0,1.2,1.2,0.08,0.8,0.8,Match Report,2025,Ipswich Town
2024-10-05,15:00,Premier League,Matchweek 7,Sat,Away,L,1.0,4.0,West Ham,1,9.0,2.0,22.2,0.11,0.5,17.2,0.0,0,0,0.6,0.6,0.07,0.4,0.4,Match Report,2025,Ipswich Town
2024-10-19,15:00,Premier League,Matchweek 8,Sat,Home,L,0.0,2.0,Everton,0,13.0,2.0,15.4,0.0,0.0,16.6,2.0,0,0,1.3,1.3,0.1,-1.3,-1.3,Match Report,2025,Ipswich Town
2024-10-26,15:00,Premier League,Matchweek 9,Sat,Away,L,3.0,4.0,Brentford,3,11.0,5.0,45.5,0.27,0.6,17.4,0.0,0,0,1.3,1.3,0.12,1.7,1.7,Match Report,2025,Ipswich Town
2024-11-02,15:00,Premier League,Matchweek 10,Sat,Home,D,1.0,1.0,Leicester City,1,14.0,2.0,14.3,0.07,0.5,16.9,1.0,0,0,1.0,1.0,0.07,0.0,0.0,Match Report,2025,Ipswich Town
2024-11-10,14:00,Premier League,Matchweek 11,Sun,Away,W,2.0,1.0,Tottenham,2,8.0,3.0,37.5,0.25,0.67,11.4,0.0,0,0,1.6,1.6,0.2,0.4,0.4,Match Report,2025,Ipswich Town
2024-11-24,16:30,Premier League,Matchweek 12,Sun,Home,D,1.0,1.0,Manchester Utd,1,11.0,6.0,54.5,0.09,0.17,19.5,1.0,0,0,1.6,1.6,0.14,-0.6,-0.6,Match Report,2025,Ipswich Town
2024-11-30,15:00,Premier League,Matchweek 13,Sat,Away,L,0.0,1.0,Nott'ham Forest,0,7.0,2.0,28.6,0.0,0.0,14.9,0.0,0,0,0.6,0.6,0.08,-0.6,-0.6,Match Report,2025,Ipswich Town
2024-12-03,19:30,Premier League,Matchweek 14,Tue,Home,L,0.0,1.0,Crystal Palace,0,9.0,2.0,22.2,0.0,0.0,17.6,0.0,0,0,0.5,0.5,0.05,-0.5,-0.5,Match Report,2025,Ipswich Town
2024-12-08,14:00,Premier League,Matchweek 15,Sun,Home,L,1.0,2.0,Bournemouth,1,18.0,5.0,27.8,0.06,0.2,18.4,0.0,0,0,1.3,1.3,0.07,-0.3,-0.3,Match Report,2025,Ipswich Town
2024-12-14,15:00,Premier League,Matchweek 16,Sat,Away,W,2.0,1.0,Wolves,1,10.0,3.0,30.0,0.1,0.33,15.7,0.0,0,0,1.1,1.1,0.12,-0.1,-0.1,Match Report,2025,Ipswich Town
2024-12-21,15:00,Premier League,Matchweek 17,Sat,Home,L,0.0,4.0,Newcastle Utd,0,10.0,2.0,20.0,0.0,0.0,17.8,0.0,0,0,0.7,0.7,0.07,-0.7,-0.7,Match Report,2025,Ipswich Town
2024-12-27,20:15,Premier League,Matchweek 18,Fri,Away,L,0.0,1.0,Arsenal,0,3.0,0.0,0.0,0.0,,28.2,0.0,0,0,0.2,0.2,0.05,-0.2,-0.2,Match Report,2025,Ipswich Town
2024-12-30,19:45,Premier League,Matchweek 19,Mon,Home,W,2.0,0.0,Chelsea,2,8.0,5.0,62.5,0.13,0.2,16.1,0.0,1,1,1.6,0.8,0.1,0.4,0.2,Match Report,2025,Ipswich Town
2025-01-05,14:00,Premier League,Matchweek 20,Sun,Away,D,2.0,2.0,Fulham,2,6.0,2.0,33.3,0.17,0.5,18.0,0.0,1,1,1.5,0.7,0.13,0.5,0.3,Match Report,2025,Ipswich Town
2025-01-16,19:30,Premier League,Matchweek 21,Thu,Home,L,0.0,2.0,Brighton,0,5.0,3.0,60.0,0.0,0.0,21.3,0.0,0,0,0.3,0.3,0.06,-0.3,-0.3,Match Report,2025,Ipswich Town
2025-01-19,16:30,Premier League,Matchweek 22,Sun,Home,L,0.0,6.0,Manchester City,0,8.0,4.0,50.0,0.0,0.0,16.7,0.0,0,0,0.5,0.5,0.06,-0.5,-0.5,Match Report,2025,Ipswich Town
2025-01-25,15:00,Premier League,Matchweek 23,Sat,Away,L,1.0,4.0,Liverpool,1,3.0,3.0,100.0,0.33,0.33,13.8,0.0,0,0,0.5,0.5,0.16,0.5,0.5,Match Report,2025,Ipswich Town
2024-08-17,15:00,Premier League,Matchweek 1,Sat,Away,L,0.0,1.0,Newcastle Utd,0,19.0,3.0,15.8,0.0,0.0,17.0,1.0,0,0,1.8,1.8,0.1,-1.8,-1.8,Match Report,2025,Southampton
2024-08-24,15:00,Premier League,Matchweek 2,Sat,Home,L,0.0,1.0,Nott'ham Forest,0,5.0,1.0,20.0,0.0,0.0,19.7,0.0,0,0,0.1,0.1,0.03,-0.1,-0.1,Match Report,2025,Southampton
2024-08-31,15:00,Premier League,Matchweek 3,Sat,Away,L,1.0,3.0,Brentford,1,18.0,6.0,33.3,0.06,0.17,18.1,1.0,0,0,1.5,1.5,0.09,-0.5,-0.5,Match Report,2025,Southampton
2024-09-14,12:30,Premier League,Matchweek 4,Sat,Home,L,0.0,3.0,Manchester Utd,0,5.0,2.0,40.0,0.0,0.0,17.4,0.0,0,1,1.1,0.3,0.06,-1.1,-0.3,Match Report,2025,Southampton
2024-09-21,15:00,Premier League,Matchweek 5,Sat,Home,D,1.0,1.0,Ipswich Town,1,11.0,3.0,27.3,0.09,0.33,13.7,0.0,0,0,2.4,2.4,0.23,-1.4,-1.4,Match Report,2025,Southampton
2024-09-30,20:00,Premier League,Matchweek 6,Mon,Away,L,1.0,3.0,Bournemouth,1,9.0,3.0,33.3,0.11,0.33,18.4,0.0,0,0,0.6,0.6,0.07,0.4,0.4,Match Report,2025,Southampton
2024-10-05,15:00,Premier League,Matchweek 7,Sat,Away,L,1.0,3.0,Arsenal,1,8.0,2.0,25.0,0.13,0.5,16.4,0.0,0,0,0.6,0.6,0.08,0.4,0.4,Match Report,2025,Southampton
2024-10-19,15:00,Premier League,Matchweek 8,Sat,Home,L,2.0,3.0,Leicester City,2,14.0,7.0,50.0,0.14,0.29,9.6,0.0,0,0,2.1,2.1,0.15,-0.1,-0.1,Match Report,2025,Southampton
2024-10-26,15:00,Premier League,Matchweek 9,Sat,Away,L,0.0,1.0,Manchester City,0,5.0,2.0,40.0,0.0,0.0,13.8,0.0,0,0,0.2,0.2,0.04,-0.2,-0.2,Match Report,2025,Southampton
2024-11-02,15:00,Premier League,Matchweek 10,Sat,Home,W,1.0,0.0,Everton,1,9.0,2.0,22.2,0.11,0.5,13.4,0.0,0,0,0.7,0.7,0.08,0.3,0.3,Match Report,2025,Southampton
2024-11-09,15:00,Premier League,Matchweek 11,Sat,Away,L,0.0,2.0,Wolves,0,9.0,0.0,0.0,0.0,,20.6,1.0,0,0,0.6,0.6,0.07,-0.6,-0.6,Match Report,2025,Southampton
2024-11-24,14:00,Premier League,Matchweek 12,Sun,Home,L,2.0,3.0,Liverpool,2,6.0,4.0,66.7,0.33,0.5,19.0,0.0,0,1,1.3,0.3,0.06,0.7,1.7,Match Report,2025,Southampton
2024-11-29,20:00,Premier League,Matchweek 13,Fri,Away,D,1.0,1.0,Brighton,1,10.0,2.0,20.0,0.1,0.5,16.8,0.0,0,0,1.0,1.0,0.1,0.0,0.0,Match Report,2025,Southampton
2024-12-04,19:30,Premier League,Matchweek 14,Wed,Home,L,1.0,5.0,Chelsea,1,6.0,4.0,66.7,0.17,0.25,9.7,0.0,0,0,1.6,1.6,0.26,-0.6,-0.6,Match Report,2025,Southampton
2024-12-07,15:00,Premier League,Matchweek 15,Sat,Away,L,0.0,1.0,Aston Villa,0,4.0,0.0,0.0,0.0,,14.5,0.0,0,0,0.3,0.3,0.08,-0.3,-0.3,Match Report,2025,Southampton
2024-12-15,19:00,Premier League,Matchweek 16,Sun,Home,L,0.0,5.0,Tottenham,0,9.0,3.0,33.3,0.0,0.0,18.1,0.0,0,0,0.8,0.8,0.09,-0.8,-0.8,Match Report,2025,Southampton
2024-12-22,14:00,Premier League,Matchweek 17,Sun,Away,D,0.0,0.0,Fulham,0,5.0,1.0,20.0,0.0,0.0,20.1,1.0,0,0,0.3,0.3,0.05,-0.3,-0.3,Match Report,2025,Southampton
2024-12-26,15:00,Premier League,Matchweek 18,Thu,Home,L,0.0,1.0,West Ham,0,18.0,5.0,27.8,0.0,0.0,12.8,0.0,0,0,1.4,1.4,0.08,-1.4,-1.4,Match Report,2025,Southampton
2024-12-29,15:00,Premier League,Matchweek 19,Sun,Away,L,1.0,2.0,Crystal Palace,1,7.0,3.0,42.9,0.14,0.33,10.7,0.0,0,0,0.9,0.9,0.13,0.1,0.1,Match Report,2025,Southampton
2025-01-04,15:00,Premier League,Matchweek 20,Sat,Home,L,0.0,5.0,Brentford,0,8.0,1.0,12.5,0.0,0.0,22.1,0.0,0,0,0.3,0.3,0.04,-0.3,-0.3,Match Report,2025,Southampton
2025-01-16,20:00,Premier League,Matchweek 21,Thu,Away,L,1.0,3.0,Manchester Utd,0,13.0,5.0,38.5,0.0,0.0,17.0,1.0,0,0,1.4,1.4,0.12,-1.4,-1.4,Match Report,2025,Southampton
2025-01-19,14:00,Premier League,Matchweek 22,Sun,Away,L,2.0,3.0,Nott'ham Forest,2,10.0,3.0,30.0,0.2,0.67,13.6,0.0,0,0,0.9,0.9,0.09,1.1,1.1,Match Report,2025,Southampton
2025-01-25,15:00,Premier League,Matchweek 23,Sat,Home,L,1.0,3.0,Newcastle Utd,1,12.0,5.0,41.7,0.08,0.2,18.1,0.0,0,0,0.8,0.8,0.06,0.2,0.2,Match Report,2025,Southampton
2023-08-11,20:00,Premier League,Matchweek 1,Fri,Away,W,3.0,0.0,Burnley,3,17.0,8.0,47.1,0.18,0.38,13.9,0.0,0,0,1.9,1.9,0.12,1.1,1.1,Match Report,2024,Manchester City
2023-08-19,20:00,Premier League,Matchweek 2,Sat,Home,W,1.0,0.0,Newcastle Utd,1,14.0,4.0,28.6,0.07,0.25,17.9,0.0,0,0,1.0,1.0,0.07,0.0,0.0,Match Report,2024,Manchester City
2023-08-27,14:00,Premier League,Matchweek 3,Sun,Away,W,2.0,1.0,Sheffield Utd,2,29.0,9.0,31.0,0.07,0.22,17.3,2.0,0,1,3.5,2.8,0.1,-1.5,-0.8,Match Report,2024,Manchester City
2023-09-02,15:00,Premier League,Matchweek 4,Sat,Home,W,5.0,1.0,Fulham,5,6.0,4.0,66.7,0.67,1.0,14.8,0.0,1,1,2.2,1.4,0.25,2.8,2.6,Match Report,2024,Manchester City
2023-09-16,15:00,Premier League,Matchweek 5,Sat,Away,W,3.0,1.0,West Ham,3,29.0,13.0,44.8,0.1,0.23,16.4,1.0,0,0,3.6,3.6,0.13,-0.6,-0.6,Match Report,2024,Manchester City
2023-09-23,15:00,Premier League,Matchweek 6,Sat,Home,W,2.0,0.0,Nott'ham Forest,2,7.0,4.0,57.1,0.29,0.5,17.2,2.0,0,0,1.3,1.3,0.19,0.7,0.7,Match Report,2024,Manchester City
2023-09-30,15:00,Premier League,Matchweek 7,Sat,Away,L,1.0,2.0,Wolves,1,23.0,8.0,34.8,0.04,0.13,19.3,1.0,0,0,0.9,0.9,0.04,0.1,0.1,Match Report,2024,Manchester City
2023-10-08,16:30,Premier League,Matchweek 8,Sun,Away,L,0.0,1.0,Arsenal,0,4.0,0.0,0.0,0.0,,14.9,0.0,0,0,0.5,0.5,0.12,-0.5,-0.5,Match Report,2024,Manchester City
2023-10-21,15:00,Premier League,Matchweek 9,Sat,Home,W,2.0,1.0,Brighton,2,10.0,5.0,50.0,0.2,0.4,18.8,1.0,0,0,0.8,0.8,0.08,1.2,1.2,Match Report,2024,Manchester City
2023-10-29,15:30,Premier League,Matchweek 10,Sun,Away,W,3.0,0.0,Manchester Utd,3,20.0,9.0,45.0,0.1,0.22,17.2,2.0,1,1,4.0,3.2,0.16,-1.0,-1.2,Match Report,2024,Manchester City
2023-11-04,15:00,Premier League,Matchweek 11,Sat,Home,W,6.0,1.0,Bournemouth,6,21.0,8.0,38.1,0.29,0.75,16.4,0.0,0,0,1.9,1.9,0.09,4.1,4.1,Match Report,2024,Manchester City
2023-11-12,16:30,Premier League,Matchweek 12,Sun,Away,D,4.0,4.0,Chelsea,4,14.0,9.0,64.3,0.21,0.33,16.6,1.0,1,1,2.9,2.1,0.15,1.1,0.9,Match Report,2024,Manchester City
2023-11-25,12:30,Premier League,Matchweek 13,Sat,Home,D,1.0,1.0,Liverpool,1,16.0,5.0,31.3,0.06,0.2,16.3,1.0,0,0,1.3,1.3,0.08,-0.3,-0.3,Match Report,2024,Manchester City
2023-12-03,16:30,Premier League,Matchweek 14,Sun,Home,D,3.0,3.0,Tottenham,2,17.0,4.0,23.5,0.12,0.5,13.4,0.0,0,0,2.6,2.6,0.15,-0.6,-0.6,Match Report,2024,Manchester City
2023-12-06,20:15,Premier League,Matchweek 15,Wed,Away,L,0.0,1.0,Aston Villa,0,2.0,2.0,100.0,0.0,0.0,7.4,0.0,0,0,0.6,0.6,0.37,-0.6,-0.6,Match Report,2024,Manchester City
2023-12-10,14:00,Premier League,Matchweek 16,Sun,Away,W,2.0,1.0,Luton Town,2,18.0,6.0,33.3,0.11,0.33,18.7,1.0,0,0,1.6,1.6,0.09,0.4,0.4,Match Report,2024,Manchester City
2023-12-16,15:00,Premier League,Matchweek 17,Sat,Home,D,2.0,2.0,Crystal Palace,2,19.0,9.0,47.4,0.11,0.22,18.2,0.0,0,0,1.6,1.6,0.08,0.4,0.4,Match Report,2024,Manchester City
2023-12-27,20:15,Premier League,Matchweek 19,Wed,Away,W,3.0,1.0,Everton,3,22.0,8.0,36.4,0.09,0.25,19.5,1.0,1,1,2.4,1.8,0.09,0.6,0.2,Match Report,2024,Manchester City
2023-12-30,15:00,Premier League,Matchweek 20,Sat,Home,W,2.0,0.0,Sheffield Utd,2,18.0,4.0,22.2,0.11,0.5,17.4,0.0,0,0,2.2,2.2,0.12,-0.2,-0.2,Match Report,2024,Manchester City
2024-01-13,17:30,Premier League,Matchweek 21,Sat,Away,W,3.0,2.0,Newcastle Utd,3,27.0,11.0,40.7,0.11,0.27,19.3,2.0,0,0,3.0,3.0,0.11,0.0,0.0,Match Report,2024,Manchester City
2024-01-31,19:30,Premier League,Matchweek 22,Wed,Home,W,3.0,1.0,Burnley,3,14.0,4.0,28.6,0.21,0.75,15.8,1.0,0,0,1.7,1.7,0.13,1.3,1.3,Match Report,2024,Manchester City
2024-02-05,20:00,Premier League,Matchweek 23,Mon,Away,W,3.0,1.0,Brentford,3,25.0,15.0,60.0,0.12,0.2,19.2,0.0,0,0,2.1,2.1,0.08,0.9,0.9,Match Report,2024,Manchester City
2024-02-10,12:30,Premier League,Matchweek 24,Sat,Home,W,2.0,0.0,Everton,2,19.0,3.0,15.8,0.11,0.67,17.4,0.0,0,0,1.6,1.6,0.09,0.4,0.4,Match Report,2024,Manchester City
2024-02-17,17:30,Premier League,Matchweek 25,Sat,Home,D,1.0,1.0,Chelsea,1,31.0,5.0,16.1,0.03,0.2,15.9,1.0,0,0,2.6,2.6,0.09,-1.6,-1.6,Match Report,2024,Manchester City
2024-02-20,19:30,Premier League,Matchweek 18,Tue,Home,W,1.0,0.0,Brentford,1,25.0,10.0,40.0,0.04,0.1,17.6,0.0,0,0,2.3,2.3,0.1,-1.3,-1.3,Match Report,2024,Manchester City
2024-02-24,17:30,Premier League,Matchweek 26,Sat,Away,W,1.0,0.0,Bournemouth,1,15.0,6.0,40.0,0.07,0.17,15.5,1.0,0,0,1.6,1.6,0.12,-0.6,-0.6,Match Report,2024,Manchester City
2024-03-03,15:30,Premier League,Matchweek 27,Sun,Home,W,3.0,1.0,Manchester Utd,3,27.0,8.0,29.6,0.11,0.38,17.7,1.0,0,0,3.3,3.3,0.12,-0.3,-0.3,Match Report,2024,Manchester City
2024-03-10,15:45,Premier League,Matchweek 28,Sun,Away,D,1.0,1.0,Liverpool,1,10.0,6.0,60.0,0.1,0.17,18.6,0.0,0,0,1.6,1.6,0.16,-0.6,-0.6,Match Report,2024,Manchester City
2024-03-31,16:30,Premier League,Matchweek 30,Sun,Home,D,0.0,0.0,Arsenal,0,12.0,1.0,8.3,0.0,0.0,14.2,0.0,0,0,1.0,1.0,0.09,-1.0,-1.0,Match Report,2024,Manchester City
2024-04-03,20:15,Premier League,Matchweek 31,Wed,Home,W,4.0,1.0,Aston Villa,4,25.0,11.0,44.0,0.16,0.36,15.9,2.0,0,0,3.4,3.4,0.14,0.6,0.6,Match Report,2024,Manchester City
2024-04-06,12:30,Premier League,Matchweek 32,Sat,Away,W,4.0,2.0,Crystal Palace,4,18.0,8.0,44.4,0.22,0.5,16.1,0.0,0,0,1.9,1.9,0.11,2.1,2.1,Match Report,2024,Manchester City
2024-04-13,15:00,Premier League,Matchweek 33,Sat,Home,W,5.0,1.0,Luton Town,4,36.0,12.0,33.3,0.08,0.25,16.9,0.0,1,1,4.2,3.4,0.1,-0.2,-0.4,Match Report,2024,Manchester City
2024-04-25,20:00,Premier League,Matchweek 29,Thu,Away,W,4.0,0.0,Brighton,4,14.0,6.0,42.9,0.29,0.67,17.0,1.0,0,0,1.4,1.4,0.1,2.6,2.6,Match Report,2024,Manchester City
2024-04-28,16:30,Premier League,Matchweek 35,Sun,Away,W,2.0,0.0,Nott'ham Forest,2,11.0,5.0,45.5,0.18,0.4,18.7,1.0,0,0,0.9,0.9,0.08,1.1,1.1,Match Report,2024,Manchester City
2024-05-04,17:30,Premier League,Matchweek 36,Sat,Home,W,5.0,1.0,Wolves,5,18.0,10.0,55.6,0.17,0.3,15.3,0.0,2,2,3.7,2.1,0.12,1.3,0.9,Match Report,2024,Manchester City
2024-05-11,12:30,Premier League,Matchweek 37,Sat,Away,W,4.0,0.0,Fulham,4,15.0,8.0,53.3,0.2,0.38,17.6,0.0,1,1,3.2,2.4,0.16,0.8,0.6,Match Report,2024,Manchester City
2024-05-14,20:00,Premier League,Matchweek 34,Tue,Away,W,2.0,0.0,Tottenham,2,7.0,4.0,57.1,0.14,0.25,14.5,0.0,1,1,2.4,1.6,0.23,-0.4,-0.6,Match Report,2024,Manchester City
2024-05-19,16:00,Premier League,Matchweek 38,Sun,Home,W,3.0,1.0,West Ham,3,28.0,12.0,42.9,0.11,0.25,17.9,2.0,0,0,1.9,1.9,0.07,1.1,1.1,Match Report,2024,Manchester City
2023-08-12,12:30,Premier League,Matchweek 1,Sat,Home,W,2.0,1.0,Nott'ham Forest,2,15.0,7.0,46.7,0.13,0.29,19.1,0.0,0,0,0.8,0.8,0.06,1.2,1.2,Match Report,2024,Arsenal
2023-08-21,20:00,Premier League,Matchweek 2,Mon,Away,W,1.0,0.0,Crystal Palace,1,13.0,2.0,15.4,0.0,0.0,16.4,0.0,1,1,2.0,1.2,0.09,-1.0,-1.2,Match Report,2024,Arsenal
2023-08-26,15:00,Premier League,Matchweek 3,Sat,Home,D,2.0,2.0,Fulham,2,18.0,9.0,50.0,0.06,0.11,13.8,0.0,1,1,3.2,2.4,0.14,-1.2,-1.4,Match Report,2024,Arsenal
2023-09-03,16:30,Premier League,Matchweek 4,Sun,Home,W,3.0,1.0,Manchester Utd,3,17.0,5.0,29.4,0.18,0.6,15.0,0.0,0,0,2.3,2.3,0.13,0.7,0.7,Match Report,2024,Arsenal
2023-09-17,16:30,Premier League,Matchweek 5,Sun,Away,W,1.0,0.0,Everton,1,13.0,4.0,30.8,0.08,0.25,17.4,0.0,0,0,1.0,1.0,0.08,0.0,0.0,Match Report,2024,Arsenal
2023-09-24,14:00,Premier League,Matchweek 6,Sun,Home,D,2.0,2.0,Tottenham,1,12.0,4.0,33.3,0.0,0.0,16.9,0.0,1,1,1.8,1.2,0.1,-0.8,-1.2,Match Report,2024,Arsenal
2023-09-30,15:00,Premier League,Matchweek 7,Sat,Away,W,4.0,0.0,Bournemouth,4,13.0,6.0,46.2,0.15,0.33,15.5,0.0,2,2,3.4,1.9,0.14,0.6,0.1,Match Report,2024,Arsenal
2023-10-08,16:30,Premier League,Matchweek 8,Sun,Home,W,1.0,0.0,Manchester City,1,12.0,2.0,16.7,0.08,0.5,19.2,0.0,0,0,0.4,0.4,0.03,0.6,0.6,Match Report,2024,Arsenal
2023-10-21,17:30,Premier League,Matchweek 9,Sat,Away,D,2.0,2.0,Chelsea,2,13.0,3.0,23.1,0.15,0.67,14.3,0.0,0,0,1.0,1.0,0.08,1.0,1.0,Match Report,2024,Arsenal
2023-10-28,15:00,Premier League,Matchweek 10,Sat,Home,W,5.0,0.0,Sheffield Utd,5,12.0,6.0,50.0,0.33,0.67,17.0,0.0,1,1,2.8,2.0,0.17,2.2,2.0,Match Report,2024,Arsenal
2023-11-04,17:30,Premier League,Matchweek 11,Sat,Away,L,0.0,1.0,Newcastle Utd,0,14.0,1.0,7.1,0.0,0.0,20.7,0.0,0,0,0.6,0.6,0.04,-0.6,-0.6,Match Report,2024,Arsenal
2023-11-11,15:00,Premier League,Matchweek 12,Sat,Home,W,3.0,1.0,Burnley,3,16.0,6.0,37.5,0.19,0.5,13.8,0.0,0,0,1.8,1.8,0.12,1.2,1.2,Match Report,2024,Arsenal
2023-11-25,17:30,Premier League,Matchweek 13,Sat,Away,W,1.0,0.0,Brentford,1,15.0,4.0,26.7,0.07,0.25,15.2,0.0,0,0,1.6,1.6,0.11,-0.6,-0.6,Match Report,2024,Arsenal
2023-12-02,15:00,Premier League,Matchweek 14,Sat,Home,W,2.0,1.0,Wolves,2,19.0,6.0,31.6,0.11,0.33,15.6,0.0,0,0,2.8,2.8,0.15,-0.8,-0.8,Match Report,2024,Arsenal
2023-12-05,20:15,Premier League,Matchweek 15,Tue,Away,W,4.0,3.0,Luton Town,4,23.0,9.0,39.1,0.17,0.44,15.5,0.0,0,0,2.2,2.2,0.1,1.8,1.8,Match Report,2024,Arsenal
2023-12-09,17:30,Premier League,Matchweek 16,Sat,Away,L,0.0,1.0,Aston Villa,0,12.0,3.0,25.0,0.0,0.0,14.8,1.0,0,0,1.4,1.4,0.12,-1.4,-1.4,Match Report,2024,Arsenal
2023-12-17,14:00,Premier League,Matchweek 17,Sun,Home,W,2.0,0.0,Brighton,2,26.0,8.0,30.8,0.08,0.25,14.2,0.0,0,0,2.3,2.3,0.09,-0.3,-0.3,Match Report,2024,Arsenal
2023-12-23,17:30,Premier League,Matchweek 18,Sat,Away,D,1.0,1.0,Liverpool,1,13.0,2.0,15.4,0.08,0.5,17.2,0.0,0,0,0.7,0.7,0.06,0.3,0.3,Match Report,2024,Arsenal
2023-12-28,20:15,Premier League,Matchweek 19,Thu,Home,L,0.0,2.0,West Ham,0,30.0,8.0,26.7,0.0,0.0,16.8,0.0,0,0,2.7,2.7,0.1,-2.7,-2.7,Match Report,2024,Arsenal
2023-12-31,14:00,Premier League,Matchweek 20,Sun,Away,L,1.0,2.0,Fulham,1,13.0,3.0,23.1,0.08,0.33,15.4,1.0,0,0,1.6,1.6,0.13,-0.6,-0.6,Match Report,2024,Arsenal
2024-01-20,12:30,Premier League,Matchweek 21,Sat,Home,W,5.0,0.0,Crystal Palace,5,21.0,7.0,33.3,0.24,0.71,16.7,0.0,0,0,3.3,3.3,0.16,1.7,1.7,Match Report,2024,Arsenal
2024-01-30,19:30,Premier League,Matchweek 22,Tue,Away,W,2.0,1.0,Nott'ham Forest,2,19.0,3.0,15.8,0.11,0.67,17.6,0.0,0,0,1.2,1.2,0.06,0.8,0.8,Match Report,2024,Arsenal
2024-02-04,16:30,Premier League,Matchweek 23,Sun,Home,W,3.0,1.0,Liverpool,3,15.0,7.0,46.7,0.2,0.43,14.2,0.0,0,0,3.5,3.5,0.25,-0.5,-0.5,Match Report,2024,Arsenal
2024-02-11,14:00,Premier League,Matchweek 24,Sun,Away,W,6.0,0.0,West Ham,6,24.0,11.0,45.8,0.21,0.45,16.0,0.0,1,1,3.6,2.8,0.12,2.4,2.2,Match Report,2024,Arsenal
2024-02-17,15:00,Premier League,Matchweek 25,Sat,Away,W,5.0,0.0,Burnley,5,15.0,6.0,40.0,0.27,0.67,16.8,1.0,1,1,2.3,1.5,0.1,2.7,2.5,Match Report,2024,Arsenal
2024-02-24,20:00,Premier League,Matchweek 26,Sat,Home,W,4.0,1.0,Newcastle Utd,3,18.0,7.0,38.9,0.17,0.43,13.8,0.0,0,0,2.8,2.8,0.16,0.2,0.2,Match Report,2024,Arsenal
2024-03-04,20:00,Premier League,Matchweek 27,Mon,Away,W,6.0,0.0,Sheffield Utd,5,22.0,9.0,40.9,0.23,0.56,15.6,1.0,0,0,2.3,2.3,0.11,2.7,2.7,Match Report,2024,Arsenal
2024-03-09,17:30,Premier League,Matchweek 28,Sat,Home,W,2.0,1.0,Brentford,2,17.0,5.0,29.4,0.12,0.4,16.4,0.0,0,0,1.3,1.3,0.08,0.7,0.7,Match Report,2024,Arsenal
2024-03-31,16:30,Premier League,Matchweek 30,Sun,Away,D,0.0,0.0,Manchester City,0,6.0,2.0,33.3,0.0,0.0,14.2,0.0,0,0,0.7,0.7,0.11,-0.7,-0.7,Match Report,2024,Arsenal
2024-04-03,19:30,Premier League,Matchweek 31,Wed,Home,W,2.0,0.0,Luton Town,1,13.0,4.0,30.8,0.08,0.25,17.8,0.0,0,0,0.7,0.7,0.06,0.3,0.3,Match Report,2024,Arsenal
2024-04-06,17:30,Premier League,Matchweek 32,Sat,Away,W,3.0,0.0,Brighton,3,19.0,6.0,31.6,0.11,0.33,12.4,0.0,1,1,3.4,2.6,0.14,-0.4,-0.6,Match Report,2024,Arsenal
2024-04-14,16:30,Premier League,Matchweek 33,Sun,Home,L,0.0,2.0,Aston Villa,0,18.0,4.0,22.2,0.0,0.0,17.2,1.0,0,0,1.6,1.6,0.1,-1.6,-1.6,Match Report,2024,Arsenal
2024-04-20,19:30,Premier League,Matchweek 34,Sat,Away,W,2.0,0.0,Wolves,2,24.0,9.0,37.5,0.08,0.22,17.8,0.0,0,0,1.2,1.2,0.05,0.8,0.8,Match Report,2024,Arsenal
2024-04-23,20:00,Premier League,Matchweek 29,Tue,Home,W,5.0,0.0,Chelsea,5,27.0,10.0,37.0,0.19,0.5,16.3,0.0,0,0,3.3,3.3,0.13,1.7,1.7,Match Report,2024,Arsenal
2024-04-28,14:00,Premier League,Matchweek 35,Sun,Away,W,3.0,2.0,Tottenham,2,9.0,3.0,33.3,0.22,0.67,14.3,1.0,0,0,1.0,1.0,0.11,1.0,1.0,Match Report,2024,Arsenal
2024-05-04,12:30,Premier League,Matchweek 36,Sat,Home,W,3.0,0.0,Bournemouth,3,24.0,8.0,33.3,0.08,0.25,14.0,0.0,1,1,3.3,2.5,0.11,-0.3,-0.5,Match Report,2024,Arsenal
2024-05-12,16:30,Premier League,Matchweek 37,Sun,Away,W,1.0,0.0,Manchester Utd,1,11.0,5.0,45.5,0.09,0.2,13.4,0.0,0,0,1.5,1.5,0.14,-0.5,-0.5,Match Report,2024,Arsenal
2024-05-19,16:00,Premier League,Matchweek 38,Sun,Home,W,2.0,1.0,Everton,2,26.0,5.0,19.2,0.08,0.4,14.1,0.0,0,0,2.9,2.9,0.12,-0.9,-0.9,Match Report,2024,Arsenal
2023-08-13,16:30,Premier League,Matchweek 1,Sun,Away,D,1.0,1.0,Chelsea,1,13.0,1.0,7.7,0.08,1.0,17.8,0.0,0,0,1.3,1.3,0.1,-0.3,-0.3,Match Report,2024,Liverpool
2023-08-19,15:00,Premier League,Matchweek 2,Sat,Home,W,3.0,1.0,Bournemouth,3,25.0,9.0,36.0,0.12,0.33,16.8,1.0,0,1,3.0,2.1,0.09,0.0,0.9,Match Report,2024,Liverpool
2023-08-27,16:30,Premier League,Matchweek 3,Sun,Away,W,2.0,1.0,Newcastle Utd,2,9.0,4.0,44.4,0.22,0.5,17.2,1.0,0,0,0.9,0.9,0.1,1.1,1.1,Match Report,2024,Liverpool
2023-09-03,14:00,Premier League,Matchweek 4,Sun,Home,W,3.0,0.0,Aston Villa,2,17.0,4.0,23.5,0.12,0.5,14.7,0.0,0,0,2.5,2.5,0.15,-0.5,-0.5,Match Report,2024,Liverpool
2023-09-16,12:30,Premier League,Matchweek 5,Sat,Away,W,3.0,1.0,Wolves,2,16.0,5.0,31.3,0.13,0.4,15.8,0.0,0,0,2.5,2.5,0.16,-0.5,-0.5,Match Report,2024,Liverpool
2023-09-24,14:00,Premier League,Matchweek 6,Sun,Home,W,3.0,1.0,West Ham,3,21.0,6.0,28.6,0.1,0.33,19.3,2.0,1,1,3.0,2.2,0.11,0.0,-0.2,Match Report,2024,Liverpool
2023-09-30,17:30,Premier League,Matchweek 7,Sat,Away,L,1.0,2.0,Tottenham,1,12.0,4.0,33.3,0.08,0.25,14.9,0.0,0,0,1.3,1.3,0.11,-0.3,-0.3,Match Report,2024,Liverpool
2023-10-08,14:00,Premier League,Matchweek 8,Sun,Away,D,2.0,2.0,Brighton,2,13.0,3.0,23.1,0.08,0.33,18.8,0.0,1,1,2.3,1.6,0.12,-0.3,-0.6,Match Report,2024,Liverpool
2023-10-21,12:30,Premier League,Matchweek 9,Sat,Home,W,2.0,0.0,Everton,2,25.0,5.0,20.0,0.04,0.2,22.4,1.0,1,1,2.2,1.4,0.06,-0.2,-0.4,Match Report,2024,Liverpool
2023-10-29,14:00,Premier League,Matchweek 10,Sun,Home,W,3.0,0.0,Nott'ham Forest,3,21.0,8.0,38.1,0.14,0.38,19.5,2.0,0,0,3.2,3.2,0.16,-0.2,-0.2,Match Report,2024,Liverpool
2023-11-05,16:30,Premier League,Matchweek 11,Sun,Away,D,1.0,1.0,Luton Town,1,24.0,6.0,25.0,0.04,0.17,17.5,0.0,0,0,2.6,2.6,0.12,-1.6,-1.6,Match Report,2024,Liverpool
2023-11-12,14:00,Premier League,Matchweek 12,Sun,Home,W,3.0,0.0,Brentford,3,17.0,10.0,58.8,0.18,0.3,19.0,0.0,0,0,1.7,1.7,0.1,1.3,1.3,Match Report,2024,Liverpool
2023-11-25,12:30,Premier League,Matchweek 13,Sat,Away,D,1.0,1.0,Manchester City,1,8.0,3.0,37.5,0.13,0.33,15.9,0.0,0,0,0.6,0.6,0.07,0.4,0.4,Match Report,2024,Liverpool
2023-12-03,14:00,Premier League,Matchweek 14,Sun,Home,W,4.0,3.0,Fulham,3,26.0,12.0,46.2,0.12,0.25,18.9,1.0,0,0,2.1,2.1,0.09,0.9,0.9,Match Report,2024,Liverpool
2023-12-06,19:30,Premier League,Matchweek 15,Wed,Away,W,2.0,0.0,Sheffield Utd,2,15.0,8.0,53.3,0.13,0.25,16.4,0.0,0,0,1.7,1.7,0.11,0.3,0.3,Match Report,2024,Liverpool
2023-12-09,12:30,Premier League,Matchweek 16,Sat,Away,W,2.0,1.0,Crystal Palace,2,14.0,2.0,14.3,0.14,1.0,17.4,0.0,0,0,1.2,1.2,0.09,0.8,0.8,Match Report,2024,Liverpool
2023-12-17,16:30,Premier League,Matchweek 17,Sun,Home,D,0.0,0.0,Manchester Utd,0,34.0,8.0,23.5,0.0,0.0,17.7,0.0,0,0,2.3,2.3,0.07,-2.3,-2.3,Match Report,2024,Liverpool
2023-12-23,17:30,Premier League,Matchweek 18,Sat,Home,D,1.0,1.0,Arsenal,1,13.0,3.0,23.1,0.08,0.33,20.1,1.0,0,0,1.0,1.0,0.07,0.0,0.0,Match Report,2024,Liverpool
2023-12-26,17:30,Premier League,Matchweek 19,Tue,Away,W,2.0,0.0,Burnley,2,19.0,10.0,52.6,0.11,0.2,17.4,0.0,0,0,1.8,1.8,0.1,0.2,0.2,Match Report,2024,Liverpool
2024-01-01,20:00,Premier League,Matchweek 20,Mon,Home,W,4.0,2.0,Newcastle Utd,4,32.0,12.0,37.5,0.09,0.25,16.2,0.0,1,2,7.0,5.4,0.17,-3.0,-2.4,Match Report,2024,Liverpool
2024-01-21,16:30,Premier League,Matchweek 21,Sun,Away,W,4.0,0.0,Bournemouth,4,14.0,7.0,50.0,0.29,0.57,19.2,0.0,0,0,1.5,1.5,0.11,2.5,2.5,Match Report,2024,Liverpool
2024-01-31,20:15,Premier League,Matchweek 22,Wed,Home,W,4.0,1.0,Chelsea,4,27.0,13.0,48.1,0.15,0.31,19.9,2.0,0,1,2.9,2.1,0.08,1.1,1.9,Match Report,2024,Liverpool
2024-02-04,16:30,Premier League,Matchweek 23,Sun,Away,L,1.0,3.0,Arsenal,0,10.0,1.0,10.0,0.0,0.0,19.7,0.0,0,0,0.4,0.4,0.04,-0.4,-0.4,Match Report,2024,Liverpool
2024-02-10,15:00,Premier League,Matchweek 24,Sat,Home,W,3.0,1.0,Burnley,3,25.0,10.0,40.0,0.12,0.3,15.4,0.0,0,0,2.8,2.8,0.11,0.2,0.2,Match Report,2024,Liverpool
2024-02-17,12:30,Premier League,Matchweek 25,Sat,Away,W,4.0,1.0,Brentford,4,15.0,8.0,53.3,0.27,0.5,15.9,1.0,0,0,2.8,2.8,0.19,1.2,1.2,Match Report,2024,Liverpool
2024-02-21,19:30,Premier League,Matchweek 26,Wed,Home,W,4.0,1.0,Luton Town,4,29.0,13.0,44.8,0.14,0.31,16.9,0.0,0,0,3.3,3.3,0.11,0.7,0.7,Match Report,2024,Liverpool
2024-03-02,15:00,Premier League,Matchweek 27,Sat,Away,W,1.0,0.0,Nott'ham Forest,1,22.0,1.0,4.5,0.05,1.0,14.6,0.0,0,0,2.0,2.0,0.09,-1.0,-1.0,Match Report,2024,Liverpool
2024-03-10,15:45,Premier League,Matchweek 28,Sun,Home,D,1.0,1.0,Manchester City,1,18.0,5.0,27.8,0.0,0.0,19.0,1.0,1,1,2.7,1.9,0.11,-1.7,-1.9,Match Report,2024,Liverpool
2024-03-31,14:00,Premier League,Matchweek 30,Sun,Home,W,2.0,1.0,Brighton,2,30.0,8.0,26.7,0.07,0.25,16.6,0.0,0,0,2.8,2.8,0.09,-0.8,-0.8,Match Report,2024,Liverpool
2024-04-04,19:30,Premier League,Matchweek 31,Thu,Home,W,3.0,1.0,Sheffield Utd,3,29.0,9.0,31.0,0.1,0.33,18.1,1.0,0,0,1.8,1.8,0.06,1.2,1.2,Match Report,2024,Liverpool
2024-04-07,15:30,Premier League,Matchweek 32,Sun,Away,D,2.0,2.0,Manchester Utd,2,27.0,6.0,22.2,0.04,0.17,17.5,0.0,1,1,3.6,2.9,0.11,-1.6,-1.9,Match Report,2024,Liverpool
2024-04-14,14:00,Premier League,Matchweek 33,Sun,Home,L,0.0,1.0,Crystal Palace,0,21.0,5.0,23.8,0.0,0.0,12.5,1.0,0,0,2.7,2.7,0.13,-2.7,-2.7,Match Report,2024,Liverpool
2024-04-21,16:30,Premier League,Matchweek 34,Sun,Away,W,3.0,1.0,Fulham,3,14.0,7.0,50.0,0.21,0.43,18.8,2.0,0,0,1.0,1.0,0.07,2.0,2.0,Match Report,2024,Liverpool
2024-04-24,20:00,Premier League,Matchweek 29,Wed,Away,L,0.0,2.0,Everton,0,23.0,7.0,30.4,0.0,0.0,16.8,0.0,0,0,2.1,2.1,0.09,-2.1,-2.1,Match Report,2024,Liverpool
2024-04-27,12:30,Premier League,Matchweek 35,Sat,Away,D,2.0,2.0,West Ham,1,28.0,8.0,28.6,0.04,0.13,16.6,1.0,0,0,1.7,1.7,0.06,-0.7,-0.7,Match Report,2024,Liverpool
2024-05-05,16:30,Premier League,Matchweek 36,Sun,Home,W,4.0,2.0,Tottenham,4,25.0,12.0,48.0,0.16,0.33,15.3,0.0,0,0,3.3,3.3,0.15,0.7,0.7,Match Report,2024,Liverpool
2024-05-13,20:00,Premier League,Matchweek 37,Mon,Away,D,3.0,3.0,Aston Villa,2,14.0,7.0,50.0,0.14,0.29,17.1,0.0,0,0,1.7,1.7,0.13,0.3,0.3,Match Report,2024,Liverpool
2024-05-19,16:00,Premier League,Matchweek 38,Sun,Home,W,2.0,0.0,Wolves,2,36.0,13.0,36.1,0.06,0.15,14.8,0.0,0,0,4.5,4.5,0.14,-2.5,-2.5,Match Report,2024,Liverpool
2023-08-12,17:30,Premier League,Matchweek 1,Sat,Away,L,1.0,5.0,Newcastle Utd,1,16.0,6.0,37.5,0.06,0.17,14.5,1.0,0,0,1.8,1.8,0.12,-0.8,-0.8,Match Report,2024,Aston Villa
2023-08-20,14:00,Premier League,Matchweek 2,Sun,Home,W,4.0,0.0,Everton,4,12.0,6.0,50.0,0.25,0.5,18.5,0.0,1,1,2.9,2.2,0.18,1.1,0.8,Match Report,2024,Aston Villa
2023-08-27,14:00,Premier League,Matchweek 3,Sun,Away,W,3.0,1.0,Burnley,3,16.0,6.0,37.5,0.19,0.5,13.4,0.0,0,0,2.5,2.5,0.17,0.5,0.5,Match Report,2024,Aston Villa
2023-09-03,14:00,Premier League,Matchweek 4,Sun,Away,L,0.0,3.0,Liverpool,0,9.0,3.0,33.3,0.0,0.0,12.5,0.0,0,0,0.7,0.7,0.07,-0.7,-0.7,Match Report,2024,Aston Villa
2023-09-16,15:00,Premier League,Matchweek 5,Sat,Home,W,3.0,1.0,Crystal Palace,3,15.0,4.0,26.7,0.13,0.5,16.2,0.0,1,1,3.0,2.3,0.16,0.0,-0.3,Match Report,2024,Aston Villa
2023-09-24,14:00,Premier League,Matchweek 6,Sun,Away,W,1.0,0.0,Chelsea,1,15.0,7.0,46.7,0.07,0.14,18.2,1.0,0,0,1.0,1.0,0.07,0.0,0.0,Match Report,2024,Aston Villa
2023-09-30,12:30,Premier League,Matchweek 7,Sat,Home,W,6.0,1.0,Brighton,5,19.0,9.0,47.4,0.26,0.56,17.9,1.0,0,0,1.6,1.6,0.09,3.4,3.4,Match Report,2024,Aston Villa
2023-10-08,14:00,Premier League,Matchweek 8,Sun,Away,D,1.0,1.0,Wolves,1,18.0,4.0,22.2,0.06,0.25,16.6,0.0,0,0,1.6,1.6,0.09,-0.6,-0.6,Match Report,2024,Aston Villa
2023-10-22,16:30,Premier League,Matchweek 9,Sun,Home,W,4.0,1.0,West Ham,4,14.0,6.0,42.9,0.21,0.5,19.6,0.0,1,1,1.9,1.1,0.08,2.1,1.9,Match Report,2024,Aston Villa
2023-10-29,14:00,Premier League,Matchweek 10,Sun,Home,W,3.0,1.0,Luton Town,2,17.0,6.0,35.3,0.12,0.33,14.5,0.0,0,0,2.3,2.3,0.14,-0.3,-0.3,Match Report,2024,Aston Villa
2023-11-05,14:00,Premier League,Matchweek 11,Sun,Away,L,0.0,2.0,Nott'ham Forest,0,13.0,3.0,23.1,0.0,0.0,14.0,0.0,0,0,1.2,1.2,0.09,-1.2,-1.2,Match Report,2024,Aston Villa
2023-11-12,14:00,Premier League,Matchweek 12,Sun,Home,W,3.0,1.0,Fulham,2,12.0,6.0,50.0,0.17,0.33,13.5,0.0,0,0,3.0,3.0,0.26,-1.0,-1.0,Match Report,2024,Aston Villa
2023-11-26,14:00,Premier League,Matchweek 13,Sun,Away,W,2.0,1.0,Tottenham,2,15.0,5.0,33.3,0.13,0.4,16.6,1.0,0,0,1.7,1.7,0.12,0.3,0.3,Match Report,2024,Aston Villa
2023-12-03,14:00,Premier League,Matchweek 14,Sun,Away,D,2.0,2.0,Bournemouth,2,11.0,3.0,27.3,0.18,0.67,19.2,1.0,0,0,0.7,0.7,0.06,1.3,1.3,Match Report,2024,Aston Villa
2023-12-06,20:15,Premier League,Matchweek 15,Wed,Home,W,1.0,0.0,Manchester City,1,22.0,7.0,31.8,0.05,0.14,18.9,0.0,0,0,2.3,2.3,0.11,-1.3,-1.3,Match Report,2024,Aston Villa
2023-12-09,17:30,Premier League,Matchweek 16,Sat,Home,W,1.0,0.0,Arsenal,1,10.0,3.0,30.0,0.1,0.33,20.8,1.0,0,0,0.6,0.6,0.06,0.4,0.4,Match Report,2024,Aston Villa
2023-12-17,14:00,Premier League,Matchweek 17,Sun,Away,W,2.0,1.0,Brentford,2,15.0,5.0,33.3,0.13,0.4,16.7,0.0,0,0,1.4,1.4,0.09,0.6,0.6,Match Report,2024,Aston Villa
2023-12-22,20:00,Premier League,Matchweek 18,Fri,Home,D,1.0,1.0,Sheffield Utd,1,12.0,4.0,33.3,0.08,0.25,17.5,0.0,0,0,0.9,0.9,0.07,0.1,0.1,Match Report,2024,Aston Villa
2023-12-26,20:00,Premier League,Matchweek 19,Tue,Away,L,2.0,3.0,Manchester Utd,2,10.0,3.0,30.0,0.2,0.67,14.6,1.0,0,0,1.7,1.7,0.17,0.3,0.3,Match Report,2024,Aston Villa
2023-12-30,15:00,Premier League,Matchweek 20,Sat,Home,W,3.0,2.0,Burnley,3,18.0,6.0,33.3,0.11,0.33,16.9,1.0,1,1,3.2,2.4,0.14,-0.2,-0.4,Match Report,2024,Aston Villa
2024-01-14,14:00,Premier League,Matchweek 21,Sun,Away,D,0.0,0.0,Everton,0,16.0,4.0,25.0,0.0,0.0,14.2,0.0,0,0,1.2,1.2,0.08,-1.2,-1.2,Match Report,2024,Aston Villa
2024-01-30,20:15,Premier League,Matchweek 22,Tue,Home,L,1.0,3.0,Newcastle Utd,1,12.0,5.0,41.7,0.08,0.2,14.3,0.0,0,0,1.4,1.4,0.12,-0.4,-0.4,Match Report,2024,Aston Villa
2024-02-03,17:30,Premier League,Matchweek 23,Sat,Away,W,5.0,0.0,Sheffield Utd,5,14.0,9.0,64.3,0.36,0.56,15.8,1.0,0,0,2.2,2.2,0.18,2.8,2.8,Match Report,2024,Aston Villa
2024-02-11,16:30,Premier League,Matchweek 24,Sun,Home,L,1.0,2.0,Manchester Utd,1,23.0,9.0,39.1,0.04,0.11,16.7,1.0,0,0,2.4,2.4,0.11,-1.4,-1.4,Match Report,2024,Aston Villa
2024-02-17,15:00,Premier League,Matchweek 25,Sat,Away,W,2.0,1.0,Fulham,2,12.0,3.0,25.0,0.17,0.67,16.8,1.0,0,0,1.5,1.5,0.13,0.5,0.5,Match Report,2024,Aston Villa
2024-02-24,15:00,Premier League,Matchweek 26,Sat,Home,W,4.0,2.0,Nott'ham Forest,4,16.0,6.0,37.5,0.25,0.67,14.3,2.0,0,0,3.6,3.6,0.23,0.4,0.4,Match Report,2024,Aston Villa
2024-03-02,17:30,Premier League,Matchweek 27,Sat,Away,W,3.0,2.0,Luton Town,3,12.0,8.0,66.7,0.25,0.38,12.5,0.0,0,0,1.9,1.9,0.16,1.1,1.1,Match Report,2024,Aston Villa
2024-03-10,13:00,Premier League,Matchweek 28,Sun,Home,L,0.0,4.0,Tottenham,0,10.0,1.0,10.0,0.0,0.0,14.1,0.0,0,0,0.8,0.8,0.08,-0.8,-0.8,Match Report,2024,Aston Villa
2024-03-17,14:00,Premier League,Matchweek 29,Sun,Away,D,1.0,1.0,West Ham,1,13.0,5.0,38.5,0.08,0.2,20.6,0.0,0,0,0.7,0.7,0.05,0.3,0.3,Match Report,2024,Aston Villa
2024-03-30,17:30,Premier League,Matchweek 30,Sat,Home,W,2.0,0.0,Wolves,2,11.0,5.0,45.5,0.18,0.4,14.7,0.0,0,0,1.0,1.0,0.09,1.0,1.0,Match Report,2024,Aston Villa
2024-04-03,20:15,Premier League,Matchweek 31,Wed,Away,L,1.0,4.0,Manchester City,1,8.0,3.0,37.5,0.13,0.33,12.4,0.0,0,0,0.8,0.8,0.1,0.2,0.2,Match Report,2024,Aston Villa
2024-04-06,15:00,Premier League,Matchweek 32,Sat,Home,D,3.0,3.0,Brentford,3,11.0,3.0,27.3,0.27,1.0,12.1,1.0,0,0,1.5,1.5,0.14,1.5,1.5,Match Report,2024,Aston Villa
2024-04-14,16:30,Premier League,Matchweek 33,Sun,Away,W,2.0,0.0,Arsenal,2,11.0,2.0,18.2,0.18,1.0,18.8,1.0,0,0,0.9,0.9,0.09,1.1,1.1,Match Report,2024,Aston Villa
2024-04-21,15:00,Premier League,Matchweek 34,Sun,Home,W,3.0,1.0,Bournemouth,3,15.0,5.0,33.3,0.2,0.6,14.8,0.0,0,0,2.4,2.4,0.17,0.6,0.6,Match Report,2024,Aston Villa
2024-04-27,20:00,Premier League,Matchweek 35,Sat,Home,D,2.0,2.0,Chelsea,1,9.0,4.0,44.4,0.11,0.25,15.0,0.0,0,0,1.1,1.1,0.12,-0.1,-0.1,Match Report,2024,Aston Villa
2024-05-05,14:00,Premier League,Matchweek 36,Sun,Away,L,0.0,1.0,Brighton,0,2.0,1.0,50.0,0.0,0.0,23.2,0.0,0,0,0.1,0.1,0.03,-0.1,-0.1,Match Report,2024,Aston Villa
2024-05-13,20:00,Premier League,Matchweek 37,Mon,Home,D,3.0,3.0,Liverpool,3,19.0,5.0,26.3,0.16,0.6,15.2,0.0,0,0,3.1,3.1,0.17,-0.1,-0.1,Match Report,2024,Aston Villa
2024-05-19,16:00,Premier League,Matchweek 38,Sun,Away,L,0.0,5.0,Crystal Palace,0,8.0,2.0,25.0,0.0,0.0,13.8,0.0,0,0,0.9,0.9,0.13,-0.9,-0.9,Match Report,2024,Aston Villa
2023-08-13,14:00,Premier League,Matchweek 1,Sun,Away,D,2.0,2.0,Brentford,2,18.0,6.0,33.3,0.11,0.33,19.6,0.0,0,0,1.3,1.3,0.07,0.7,0.7,Match Report,2024,Tottenham Hotspur
2023-08-19,17:30,Premier League,Matchweek 2,Sat,Home,W,2.0,0.0,Manchester Utd,1,17.0,6.0,35.3,0.06,0.17,13.8,0.0,0,0,1.7,1.7,0.1,-0.7,-0.7,Match Report,2024,Tottenham Hotspur
2023-08-26,12:30,Premier League,Matchweek 3,Sat,Away,W,2.0,0.0,Bournemouth,2,17.0,6.0,35.3,0.12,0.33,16.6,1.0,0,0,2.1,2.1,0.12,-0.1,-0.1,Match Report,2024,Tottenham Hotspur
2023-09-02,15:00,Premier League,Matchweek 4,Sat,Away,W,5.0,2.0,Burnley,5,21.0,11.0,52.4,0.24,0.45,19.3,0.0,0,0,2.2,2.2,0.11,2.8,2.8,Match Report,2024,Tottenham Hotspur
2023-09-16,15:00,Premier League,Matchweek 5,Sat,Home,W,2.0,1.0,Sheffield Utd,2,28.0,10.0,35.7,0.07,0.2,16.4,0.0,0,0,2.1,2.1,0.08,-0.1,-0.1,Match Report,2024,Tottenham Hotspur
2023-09-24,14:00,Premier League,Matchweek 6,Sun,Away,D,2.0,2.0,Arsenal,2,13.0,5.0,38.5,0.15,0.4,16.0,0.0,0,0,1.4,1.4,0.11,0.6,0.6,Match Report,2024,Tottenham Hotspur
2023-09-30,17:30,Premier League,Matchweek 7,Sat,Home,W,2.0,1.0,Liverpool,1,24.0,8.0,33.3,0.04,0.13,19.8,0.0,0,0,2.2,2.2,0.09,-1.2,-1.2,Match Report,2024,Tottenham Hotspur
2023-10-07,12:30,Premier League,Matchweek 8,Sat,Away,W,1.0,0.0,Luton Town,1,15.0,4.0,26.7,0.07,0.25,16.9,1.0,0,0,1.9,1.9,0.13,-0.9,-0.9,Match Report,2024,Tottenham Hotspur
2023-10-23,20:00,Premier League,Matchweek 9,Mon,Home,W,2.0,0.0,Fulham,2,15.0,5.0,33.3,0.13,0.4,17.2,0.0,0,0,1.5,1.5,0.1,0.5,0.5,Match Report,2024,Tottenham Hotspur
2023-10-27,20:00,Premier League,Matchweek 10,Fri,Away,W,2.0,1.0,Crystal Palace,1,10.0,1.0,10.0,0.1,1.0,19.5,1.0,0,0,1.1,1.1,0.11,-0.1,-0.1,Match Report,2024,Tottenham Hotspur
2023-11-06,20:00,Premier League,Matchweek 11,Mon,Home,L,1.0,4.0,Chelsea,1,8.0,5.0,62.5,0.13,0.2,23.5,1.0,0,0,0.9,0.9,0.11,0.1,0.1,Match Report,2024,Tottenham Hotspur
2023-11-11,12:30,Premier League,Matchweek 12,Sat,Away,L,1.0,2.0,Wolves,1,6.0,2.0,33.3,0.17,0.5,17.5,0.0,0,0,0.7,0.7,0.12,0.3,0.3,Match Report,2024,Tottenham Hotspur
2023-11-26,14:00,Premier League,Matchweek 13,Sun,Home,L,1.0,2.0,Aston Villa,1,18.0,7.0,38.9,0.06,0.14,14.0,0.0,0,0,2.3,2.3,0.14,-1.3,-1.3,Match Report,2024,Tottenham Hotspur
2023-12-03,16:30,Premier League,Matchweek 14,Sun,Away,D,3.0,3.0,Manchester City,3,8.0,4.0,50.0,0.38,0.75,20.7,0.0,0,0,0.5,0.5,0.06,2.5,2.5,Match Report,2024,Tottenham Hotspur
2023-12-07,20:15,Premier League,Matchweek 15,Thu,Home,L,1.0,2.0,West Ham,1,23.0,6.0,26.1,0.04,0.17,17.1,1.0,0,0,1.8,1.8,0.08,-0.8,-0.8,Match Report,2024,Tottenham Hotspur
2023-12-10,16:30,Premier League,Matchweek 16,Sun,Home,W,4.0,1.0,Newcastle Utd,4,22.0,10.0,45.5,0.14,0.3,15.5,0.0,1,1,3.8,3.0,0.14,0.2,0.0,Match Report,2024,Tottenham Hotspur
2023-12-15,20:00,Premier League,Matchweek 17,Fri,Away,W,2.0,0.0,Nott'ham Forest,2,12.0,6.0,50.0,0.17,0.33,12.5,0.0,0,0,1.5,1.5,0.13,0.5,0.5,Match Report,2024,Tottenham Hotspur
2023-12-23,15:00,Premier League,Matchweek 18,Sat,Home,W,2.0,1.0,Everton,2,13.0,6.0,46.2,0.15,0.33,15.1,0.0,0,0,1.5,1.5,0.11,0.5,0.5,Match Report,2024,Tottenham Hotspur
2023-12-28,19:30,Premier League,Matchweek 19,Thu,Away,L,2.0,4.0,Brighton,2,19.0,3.0,15.8,0.11,0.67,15.2,1.0,0,0,2.3,2.3,0.12,-0.3,-0.3,Match Report,2024,Tottenham Hotspur
2023-12-31,14:00,Premier League,Matchweek 20,Sun,Home,W,3.0,1.0,Bournemouth,3,12.0,6.0,50.0,0.25,0.5,14.7,0.0,0,0,2.3,2.3,0.19,0.7,0.7,Match Report,2024,Tottenham Hotspur
2024-01-14,16:30,Premier League,Matchweek 21,Sun,Away,D,2.0,2.0,Manchester Utd,2,16.0,5.0,31.3,0.13,0.4,14.4,0.0,0,0,1.2,1.2,0.08,0.8,0.8,Match Report,2024,Tottenham Hotspur
2024-01-31,19:30,Premier League,Matchweek 22,Wed,Home,W,3.0,2.0,Brentford,3,19.0,5.0,26.3,0.16,0.6,14.3,0.0,0,0,2.9,2.9,0.16,0.1,0.1,Match Report,2024,Tottenham Hotspur
2024-02-03,12:30,Premier League,Matchweek 23,Sat,Away,D,2.0,2.0,Everton,2,9.0,6.0,66.7,0.22,0.33,17.8,0.0,0,0,1.0,1.0,0.11,1.0,1.0,Match Report,2024,Tottenham Hotspur
2024-02-10,15:00,Premier League,Matchweek 24,Sat,Home,W,2.0,1.0,Brighton,2,16.0,6.0,37.5,0.13,0.33,17.1,1.0,0,0,1.6,1.6,0.1,0.4,0.4,Match Report,2024,Tottenham Hotspur
2024-02-17,15:00,Premier League,Matchweek 25,Sat,Home,L,1.0,2.0,Wolves,1,15.0,4.0,26.7,0.07,0.25,14.3,0.0,0,0,1.6,1.6,0.11,-0.6,-0.6,Match Report,2024,Tottenham Hotspur
2024-03-02,15:00,Premier League,Matchweek 27,Sat,Home,W,3.0,1.0,Crystal Palace,3,14.0,6.0,42.9,0.21,0.5,13.5,0.0,0,0,1.9,1.9,0.14,1.1,1.1,Match Report,2024,Tottenham Hotspur
2024-03-10,13:00,Premier League,Matchweek 28,Sun,Away,W,4.0,0.0,Aston Villa,4,9.0,5.0,55.6,0.44,0.8,14.9,0.0,0,0,1.5,1.5,0.17,2.5,2.5,Match Report,2024,Tottenham Hotspur
2024-03-16,17:30,Premier League,Matchweek 29,Sat,Away,L,0.0,3.0,Fulham,0,14.0,5.0,35.7,0.0,0.0,14.0,0.0,0,0,2.4,2.4,0.17,-2.4,-2.4,Match Report,2024,Tottenham Hotspur
2024-03-30,15:00,Premier League,Matchweek 30,Sat,Home,W,2.0,1.0,Luton Town,1,17.0,2.0,11.8,0.06,0.5,14.5,1.0,0,0,2.9,2.9,0.18,-1.9,-1.9,Match Report,2024,Tottenham Hotspur
2024-04-02,20:15,Premier League,Matchweek 31,Tue,Away,D,1.0,1.0,West Ham,1,13.0,4.0,30.8,0.08,0.25,17.4,0.0,0,0,1.0,1.0,0.07,0.0,0.0,Match Report,2024,Tottenham Hotspur
2024-04-07,18:00,Premier League,Matchweek 32,Sun,Home,W,3.0,1.0,Nott'ham Forest,2,17.0,7.0,41.2,0.12,0.29,20.2,1.0,0,0,1.5,1.5,0.09,0.5,0.5,Match Report,2024,Tottenham Hotspur
2024-04-13,12:30,Premier League,Matchweek 33,Sat,Away,L,0.0,4.0,Newcastle Utd,0,11.0,2.0,18.2,0.0,0.0,19.0,0.0,0,0,0.8,0.8,0.07,-0.8,-0.8,Match Report,2024,Tottenham Hotspur
2024-04-28,14:00,Premier League,Matchweek 35,Sun,Home,L,2.0,3.0,Arsenal,2,14.0,1.0,7.1,0.07,1.0,16.8,0.0,1,1,2.3,1.6,0.12,-0.3,-0.6,Match Report,2024,Tottenham Hotspur
2024-05-02,19:30,Premier League,Matchweek 26,Thu,Away,L,0.0,2.0,Chelsea,0,19.0,3.0,15.8,0.0,0.0,16.9,0.0,0,0,1.6,1.6,0.09,-1.6,-1.6,Match Report,2024,Tottenham Hotspur
2024-05-05,16:30,Premier League,Matchweek 36,Sun,Away,L,2.0,4.0,Liverpool,2,11.0,6.0,54.5,0.18,0.33,21.6,1.0,0,0,1.2,1.2,0.11,0.8,0.8,Match Report,2024,Tottenham Hotspur
2024-05-11,15:00,Premier League,Matchweek 37,Sat,Home,W,2.0,1.0,Burnley,2,21.0,9.0,42.9,0.1,0.22,16.0,0.0,0,0,2.7,2.7,0.13,-0.7,-0.7,Match Report,2024,Tottenham Hotspur
2024-05-14,20:00,Premier League,Matchweek 34,Tue,Home,L,0.0,2.0,Manchester City,0,10.0,5.0,50.0,0.0,0.0,15.0,0.0,0,0,1.7,1.7,0.17,-1.7,-1.7,Match Report,2024,Tottenham Hotspur
2024-05-19,16:00,Premier League,Matchweek 38,Sun,Away,W,3.0,0.0,Sheffield Utd,3,18.0,9.0,50.0,0.17,0.33,14.4,1.0,0,0,3.1,3.1,0.18,-0.1,-0.1,Match Report,2024,Tottenham Hotspur
2023-08-13,16:30,Premier League,Matchweek 1,Sun,Home,D,1.0,1.0,Liverpool,1,10.0,4.0,40.0,0.1,0.25,13.2,1.0,0,0,1.4,1.4,0.14,-0.4,-0.4,Match Report,2024,Chelsea
2023-08-20,16:30,Premier League,Matchweek 2,Sun,Away,L,1.0,3.0,West Ham,1,16.0,3.0,18.8,0.06,0.33,17.1,0.0,0,1,2.5,1.7,0.11,-1.5,-0.7,Match Report,2024,Chelsea
2023-08-25,20:00,Premier League,Matchweek 3,Fri,Home,W,3.0,0.0,Luton Town,3,19.0,8.0,42.1,0.16,0.38,14.2,1.0,0,0,2.2,2.2,0.12,0.8,0.8,Match Report,2024,Chelsea
2023-09-02,15:00,Premier League,Matchweek 4,Sat,Home,L,0.0,1.0,Nott'ham Forest,0,21.0,2.0,9.5,0.0,0.0,17.7,2.0,0,0,2.3,2.3,0.11,-2.3,-2.3,Match Report,2024,Chelsea
2023-09-17,14:00,Premier League,Matchweek 5,Sun,Away,D,0.0,0.0,Bournemouth,0,14.0,6.0,42.9,0.0,0.0,15.0,1.0,0,0,1.8,1.8,0.14,-1.8,-1.8,Match Report,2024,Chelsea
2023-09-24,14:00,Premier League,Matchweek 6,Sun,Home,L,0.0,1.0,Aston Villa,0,10.0,4.0,40.0,0.0,0.0,17.8,0.0,0,0,1.3,1.3,0.13,-1.3,-1.3,Match Report,2024,Chelsea
2023-10-02,20:00,Premier League,Matchweek 7,Mon,Away,W,2.0,0.0,Fulham,2,11.0,4.0,36.4,0.18,0.5,19.8,1.0,0,0,1.7,1.7,0.16,0.3,0.3,Match Report,2024,Chelsea
2023-10-07,15:00,Premier League,Matchweek 8,Sat,Away,W,4.0,1.0,Burnley,3,8.0,4.0,50.0,0.25,0.5,18.1,0.0,1,1,1.9,1.1,0.13,1.1,0.9,Match Report,2024,Chelsea
2023-10-21,17:30,Premier League,Matchweek 9,Sat,Home,D,2.0,2.0,Arsenal,2,10.0,4.0,40.0,0.1,0.25,20.4,0.0,1,1,1.3,0.6,0.06,0.7,0.4,Match Report,2024,Chelsea
2023-10-28,12:30,Premier League,Matchweek 10,Sat,Home,L,0.0,2.0,Brentford,0,17.0,2.0,11.8,0.0,0.0,16.1,1.0,0,0,1.9,1.9,0.12,-1.9,-1.9,Match Report,2024,Chelsea
2023-11-06,20:00,Premier League,Matchweek 11,Mon,Away,W,4.0,1.0,Tottenham,4,16.0,6.0,37.5,0.19,0.5,16.8,0.0,1,1,4.1,3.3,0.21,-0.1,-0.3,Match Report,2024,Chelsea
2023-11-12,16:30,Premier League,Matchweek 12,Sun,Home,D,4.0,4.0,Manchester City,4,16.0,8.0,50.0,0.19,0.38,19.1,1.0,1,1,2.9,2.2,0.14,1.1,0.8,Match Report,2024,Chelsea
2023-11-25,15:00,Premier League,Matchweek 13,Sat,Away,L,1.0,4.0,Newcastle Utd,1,7.0,4.0,57.1,0.14,0.25,18.4,2.0,0,0,0.5,0.5,0.08,0.5,0.5,Match Report,2024,Chelsea
2023-12-03,14:00,Premier League,Matchweek 14,Sun,Home,W,3.0,2.0,Brighton,3,7.0,3.0,42.9,0.29,0.67,19.6,0.0,1,1,2.1,1.3,0.19,0.9,0.7,Match Report,2024,Chelsea
2023-12-06,20:15,Premier League,Matchweek 15,Wed,Away,L,1.0,2.0,Manchester Utd,1,13.0,3.0,23.1,0.08,0.33,15.0,0.0,0,0,1.5,1.5,0.12,-0.5,-0.5,Match Report,2024,Chelsea
2023-12-10,14:00,Premier League,Matchweek 16,Sun,Away,L,0.0,2.0,Everton,0,16.0,4.0,25.0,0.0,0.0,18.5,1.0,0,0,0.9,0.9,0.06,-0.9,-0.9,Match Report,2024,Chelsea
2023-12-16,15:00,Premier League,Matchweek 17,Sat,Home,W,2.0,0.0,Sheffield Utd,2,15.0,6.0,40.0,0.13,0.33,17.2,1.0,0,0,3.1,3.1,0.2,-1.1,-1.1,Match Report,2024,Chelsea
2023-12-24,13:00,Premier League,Matchweek 18,Sun,Away,L,1.0,2.0,Wolves,1,16.0,4.0,25.0,0.06,0.25,17.4,1.0,0,0,2.0,2.0,0.13,-1.0,-1.0,Match Report,2024,Chelsea
2023-12-27,19:30,Premier League,Matchweek 19,Wed,Home,W,2.0,1.0,Crystal Palace,2,8.0,2.0,25.0,0.13,0.5,15.3,0.0,1,1,2.6,1.8,0.22,-0.6,-0.8,Match Report,2024,Chelsea
2023-12-30,12:30,Premier League,Matchweek 20,Sat,Away,W,3.0,2.0,Luton Town,3,12.0,8.0,66.7,0.25,0.38,17.5,0.0,0,0,1.5,1.5,0.12,1.5,1.5,Match Report,2024,Chelsea
2024-01-13,12:30,Premier League,Matchweek 21,Sat,Home,W,1.0,0.0,Fulham,1,16.0,2.0,12.5,0.0,0.0,17.5,0.0,1,1,2.2,1.4,0.09,-1.2,-1.4,Match Report,2024,Chelsea
2024-01-31,20:15,Premier League,Matchweek 22,Wed,Away,L,1.0,4.0,Liverpool,1,4.0,3.0,75.0,0.25,0.33,18.8,0.0,0,0,0.6,0.6,0.15,0.4,0.4,Match Report,2024,Chelsea
2024-02-04,14:00,Premier League,Matchweek 23,Sun,Home,L,2.0,4.0,Wolves,2,15.0,4.0,26.7,0.13,0.5,14.5,0.0,0,0,1.7,1.7,0.12,0.3,0.3,Match Report,2024,Chelsea
2024-02-12,20:00,Premier League,Matchweek 24,Mon,Away,W,3.0,1.0,Crystal Palace,3,14.0,5.0,35.7,0.21,0.6,15.3,0.0,0,0,1.4,1.4,0.1,1.6,1.6,Match Report,2024,Chelsea
2024-02-17,17:30,Premier League,Matchweek 25,Sat,Away,D,1.0,1.0,Manchester City,1,9.0,6.0,66.7,0.11,0.17,12.8,0.0,0,0,1.4,1.4,0.16,-0.4,-0.4,Match Report,2024,Chelsea
2024-03-02,15:00,Premier League,Matchweek 27,Sat,Away,D,2.0,2.0,Brentford,2,17.0,5.0,29.4,0.12,0.4,19.5,0.0,0,0,1.8,1.8,0.11,0.2,0.2,Match Report,2024,Chelsea
2024-03-11,20:00,Premier League,Matchweek 28,Mon,Home,W,3.0,2.0,Newcastle Utd,3,12.0,7.0,58.3,0.25,0.43,19.7,0.0,0,0,1.6,1.6,0.13,1.4,1.4,Match Report,2024,Chelsea
2024-03-30,15:00,Premier League,Matchweek 30,Sat,Home,D,2.0,2.0,Burnley,2,32.0,12.0,37.5,0.03,0.08,17.8,0.0,1,1,4.2,3.4,0.11,-2.2,-2.4,Match Report,2024,Chelsea
2024-04-04,20:15,Premier League,Matchweek 31,Thu,Home,W,4.0,3.0,Manchester Utd,4,26.0,8.0,30.8,0.08,0.25,19.0,1.0,2,2,3.0,1.4,0.06,1.0,0.6,Match Report,2024,Chelsea
2024-04-07,17:30,Premier League,Matchweek 32,Sun,Away,D,2.0,2.0,Sheffield Utd,2,6.0,3.0,50.0,0.33,0.67,18.5,0.0,0,0,0.3,0.3,0.06,1.7,1.7,Match Report,2024,Chelsea
2024-04-15,20:00,Premier League,Matchweek 33,Mon,Home,W,6.0,0.0,Everton,6,13.0,9.0,69.2,0.38,0.56,18.8,0.0,1,1,3.1,2.3,0.2,2.9,2.7,Match Report,2024,Chelsea
2024-04-23,20:00,Premier League,Matchweek 29,Tue,Away,L,0.0,5.0,Arsenal,0,7.0,1.0,14.3,0.0,0.0,13.0,1.0,0,0,1.6,1.6,0.24,-1.6,-1.6,Match Report,2024,Chelsea
2024-04-27,20:00,Premier League,Matchweek 35,Sat,Away,D,2.0,2.0,Aston Villa,2,21.0,5.0,23.8,0.1,0.4,21.7,1.0,0,0,1.6,1.6,0.07,0.4,0.4,Match Report,2024,Chelsea
2024-05-02,19:30,Premier League,Matchweek 26,Thu,Home,W,2.0,0.0,Tottenham,2,16.0,4.0,25.0,0.13,0.5,16.1,2.0,0,0,2.2,2.2,0.16,-0.2,-0.2,Match Report,2024,Chelsea
2024-05-05,14:00,Premier League,Matchweek 36,Sun,Home,W,5.0,0.0,West Ham,5,25.0,14.0,56.0,0.2,0.36,15.7,1.0,0,0,4.1,4.1,0.17,0.9,0.9,Match Report,2024,Chelsea
2024-05-11,17:30,Premier League,Matchweek 37,Sat,Away,W,3.0,2.0,Nott'ham Forest,3,12.0,5.0,41.7,0.25,0.6,12.0,1.0,0,0,1.6,1.6,0.13,1.4,1.4,Match Report,2024,Chelsea
2024-05-15,19:45,Premier League,Matchweek 34,Wed,Away,W,2.0,1.0,Brighton,2,14.0,6.0,42.9,0.14,0.33,20.3,2.0,0,0,1.5,1.5,0.11,0.5,0.5,Match Report,2024,Chelsea
2024-05-19,16:00,Premier League,Matchweek 38,Sun,Home,W,2.0,1.0,Bournemouth,2,16.0,6.0,37.5,0.13,0.33,18.2,0.0,0,0,1.1,1.1,0.07,0.9,0.9,Match Report,2024,Chelsea
2023-08-12,17:30,Premier League,Matchweek 1,Sat,Home,W,5.0,1.0,Aston Villa,5,17.0,12.0,70.6,0.29,0.42,13.2,0.0,0,0,3.3,3.3,0.2,1.7,1.7,Match Report,2024,Newcastle United
2023-08-19,20:00,Premier League,Matchweek 2,Sat,Away,L,0.0,1.0,Manchester City,0,7.0,1.0,14.3,0.0,0.0,20.3,0.0,0,0,0.3,0.3,0.04,-0.3,-0.3,Match Report,2024,Newcastle United
2023-08-27,16:30,Premier League,Matchweek 3,Sun,Home,L,1.0,2.0,Liverpool,1,23.0,8.0,34.8,0.04,0.13,18.3,1.0,0,0,2.0,2.0,0.09,-1.0,-1.0,Match Report,2024,Newcastle United
2023-09-02,17:30,Premier League,Matchweek 4,Sat,Away,L,1.0,3.0,Brighton,1,9.0,2.0,22.2,0.11,0.5,14.6,0.0,0,0,1.2,1.2,0.14,-0.2,-0.2,Match Report,2024,Newcastle United
2023-09-16,17:30,Premier League,Matchweek 5,Sat,Home,W,1.0,0.0,Brentford,1,8.0,1.0,12.5,0.0,0.0,20.2,0.0,1,1,1.4,0.6,0.08,-0.4,-0.6,Match Report,2024,Newcastle United
2023-09-24,16:30,Premier League,Matchweek 6,Sun,Away,W,8.0,0.0,Sheffield Utd,8,22.0,15.0,68.2,0.36,0.53,14.2,0.0,0,0,3.9,3.9,0.18,4.1,4.1,Match Report,2024,Newcastle United
2023-09-30,15:00,Premier League,Matchweek 7,Sat,Home,W,2.0,0.0,Burnley,2,19.0,6.0,31.6,0.05,0.17,15.8,0.0,1,1,3.1,2.4,0.13,-1.1,-1.4,Match Report,2024,Newcastle United
2023-10-08,14:00,Premier League,Matchweek 8,Sun,Away,D,2.0,2.0,West Ham,2,10.0,3.0,30.0,0.2,0.67,12.1,0.0,0,0,2.0,2.0,0.2,0.0,0.0,Match Report,2024,Newcastle United
2023-10-21,15:00,Premier League,Matchweek 9,Sat,Home,W,4.0,0.0,Crystal Palace,4,10.0,7.0,70.0,0.4,0.57,10.2,0.0,0,0,2.4,2.4,0.24,1.6,1.6,Match Report,2024,Newcastle United
2023-10-28,17:30,Premier League,Matchweek 10,Sat,Away,D,2.0,2.0,Wolves,2,12.0,3.0,25.0,0.08,0.33,14.2,0.0,1,1,2.2,1.4,0.14,-0.2,-0.4,Match Report,2024,Newcastle United
2023-11-04,17:30,Premier League,Matchweek 11,Sat,Home,W,1.0,0.0,Arsenal,1,9.0,1.0,11.1,0.11,1.0,18.6,0.0,0,0,1.0,1.0,0.14,0.0,0.0,Match Report,2024,Newcastle United
2023-11-11,17:30,Premier League,Matchweek 12,Sat,Away,L,0.0,2.0,Bournemouth,0,8.0,5.0,62.5,0.0,0.0,19.5,0.0,0,0,0.5,0.5,0.06,-0.5,-0.5,Match Report,2024,Newcastle United
2023-11-25,15:00,Premier League,Matchweek 13,Sat,Home,W,4.0,1.0,Chelsea,4,14.0,5.0,35.7,0.29,0.8,17.0,1.0,0,0,2.4,2.4,0.17,1.6,1.6,Match Report,2024,Newcastle United
2023-12-02,20:00,Premier League,Matchweek 14,Sat,Home,W,1.0,0.0,Manchester Utd,1,22.0,4.0,18.2,0.05,0.25,16.4,1.0,0,0,2.4,2.4,0.11,-1.4,-1.4,Match Report,2024,Newcastle United
2023-12-07,19:30,Premier League,Matchweek 15,Thu,Away,L,0.0,3.0,Everton,0,13.0,3.0,23.1,0.0,0.0,19.3,1.0,0,0,1.5,1.5,0.12,-1.5,-1.5,Match Report,2024,Newcastle United
2023-12-10,16:30,Premier League,Matchweek 16,Sun,Away,L,1.0,4.0,Tottenham,1,9.0,3.0,33.3,0.11,0.33,14.4,0.0,0,0,1.7,1.7,0.19,-0.7,-0.7,Match Report,2024,Newcastle United
2023-12-16,15:00,Premier League,Matchweek 17,Sat,Home,W,3.0,0.0,Fulham,3,27.0,10.0,37.0,0.11,0.3,14.4,0.0,0,0,3.5,3.5,0.14,-0.5,-0.5,Match Report,2024,Newcastle United
2023-12-23,15:00,Premier League,Matchweek 18,Sat,Away,L,0.0,1.0,Luton Town,0,15.0,2.0,13.3,0.0,0.0,12.2,0.0,0,0,1.4,1.4,0.1,-1.4,-1.4,Match Report,2024,Newcastle United
2023-12-26,12:30,Premier League,Matchweek 19,Tue,Home,L,1.0,3.0,Nott'ham Forest,1,18.0,5.0,27.8,0.0,0.0,15.1,1.0,1,1,2.4,1.6,0.1,-1.4,-1.6,Match Report,2024,Newcastle United
2024-01-01,20:00,Premier League,Matchweek 20,Mon,Away,L,2.0,4.0,Liverpool,2,5.0,3.0,60.0,0.4,0.67,16.1,0.0,0,0,0.6,0.6,0.12,1.4,1.4,Match Report,2024,Newcastle United
2024-01-13,17:30,Premier League,Matchweek 21,Sat,Home,L,2.0,3.0,Manchester City,2,12.0,5.0,41.7,0.17,0.4,14.7,0.0,0,0,1.3,1.3,0.11,0.7,0.7,Match Report,2024,Newcastle United
2024-01-30,20:15,Premier League,Matchweek 22,Tue,Away,W,3.0,1.0,Aston Villa,2,14.0,5.0,35.7,0.14,0.4,11.9,0.0,0,0,2.6,2.6,0.19,-0.6,-0.6,Match Report,2024,Newcastle United
2024-02-03,15:00,Premier League,Matchweek 23,Sat,Home,D,4.0,4.0,Luton Town,4,19.0,6.0,31.6,0.21,0.67,16.3,0.0,0,0,2.3,2.3,0.13,1.7,1.7,Match Report,2024,Newcastle United
2024-02-10,17:30,Premier League,Matchweek 24,Sat,Away,W,3.0,2.0,Nott'ham Forest,3,7.0,5.0,71.4,0.43,0.6,19.2,0.0,0,0,0.5,0.5,0.07,2.5,2.5,Match Report,2024,Newcastle United
2024-02-17,15:00,Premier League,Matchweek 25,Sat,Home,D,2.0,2.0,Bournemouth,2,16.0,4.0,25.0,0.06,0.25,19.4,0.0,1,1,2.2,1.4,0.09,-0.2,-0.4,Match Report,2024,Newcastle United
2024-02-24,20:00,Premier League,Matchweek 26,Sat,Away,L,1.0,4.0,Arsenal,1,3.0,2.0,66.7,0.33,0.5,14.5,0.0,0,0,0.2,0.2,0.05,0.8,0.8,Match Report,2024,Newcastle United
2024-03-02,15:00,Premier League,Matchweek 27,Sat,Home,W,3.0,0.0,Wolves,3,14.0,6.0,42.9,0.21,0.5,16.3,1.0,0,0,2.1,2.1,0.16,0.9,0.9,Match Report,2024,Newcastle United
2024-03-11,20:00,Premier League,Matchweek 28,Mon,Away,L,2.0,3.0,Chelsea,2,11.0,3.0,27.3,0.18,0.67,16.0,0.0,0,0,0.7,0.7,0.07,1.3,1.3,Match Report,2024,Newcastle United
2024-03-30,12:30,Premier League,Matchweek 30,Sat,Home,W,4.0,3.0,West Ham,4,22.0,7.0,31.8,0.09,0.29,17.6,0.0,2,2,4.1,2.5,0.11,-0.1,-0.5,Match Report,2024,Newcastle United
2024-04-02,19:30,Premier League,Matchweek 31,Tue,Home,D,1.0,1.0,Everton,1,18.0,5.0,27.8,0.06,0.2,15.7,0.0,0,0,2.4,2.4,0.14,-1.4,-1.4,Match Report,2024,Newcastle United
2024-04-06,15:00,Premier League,Matchweek 32,Sat,Away,W,1.0,0.0,Fulham,1,12.0,5.0,41.7,0.08,0.2,16.8,0.0,0,0,1.0,1.0,0.08,0.0,0.0,Match Report,2024,Newcastle United
2024-04-13,12:30,Premier League,Matchweek 33,Sat,Home,W,4.0,0.0,Tottenham,4,18.0,5.0,27.8,0.22,0.8,11.1,0.0,0,0,2.8,2.8,0.16,1.2,1.2,Match Report,2024,Newcastle United
2024-04-24,20:00,Premier League,Matchweek 29,Wed,Away,L,0.0,2.0,Crystal Palace,0,7.0,2.0,28.6,0.0,0.0,14.2,0.0,0,0,0.4,0.4,0.05,-0.4,-0.4,Match Report,2024,Newcastle United
2024-04-27,15:00,Premier League,Matchweek 35,Sat,Home,W,5.0,1.0,Sheffield Utd,4,19.0,6.0,31.6,0.16,0.5,16.0,0.0,1,1,3.1,2.3,0.12,0.9,0.7,Match Report,2024,Newcastle United
2024-05-04,15:00,Premier League,Matchweek 36,Sat,Away,W,4.0,1.0,Burnley,4,22.0,10.0,45.5,0.18,0.4,17.6,1.0,0,1,3.4,2.7,0.14,0.6,1.3,Match Report,2024,Newcastle United
2024-05-11,15:00,Premier League,Matchweek 37,Sat,Home,D,1.0,1.0,Brighton,1,18.0,7.0,38.9,0.06,0.14,15.8,0.0,0,0,2.2,2.2,0.12,-1.2,-1.2,Match Report,2024,Newcastle United
2024-05-15,20:00,Premier League,Matchweek 34,Wed,Away,L,2.0,3.0,Manchester Utd,2,21.0,7.0,33.3,0.1,0.29,14.6,0.0,0,0,2.2,2.2,0.1,-0.2,-0.2,Match Report,2024,Newcastle United
2024-05-19,16:00,Premier League,Matchweek 38,Sun,Away,W,4.0,2.0,Brentford,4,12.0,7.0,58.3,0.33,0.57,15.4,2.0,0,0,3.4,3.4,0.29,0.6,0.6,Match Report,2024,Newcastle United
2023-08-14,20:00,Premier League,Matchweek 1,Mon,Home,W,1.0,0.0,Wolves,1,15.0,2.0,13.3,0.07,0.5,14.7,0.0,0,0,2.2,2.2,0.15,-1.2,-1.2,Match Report,2024,Manchester United
2023-08-19,17:30,Premier League,Matchweek 2,Sat,Away,L,0.0,2.0,Tottenham,0,22.0,6.0,27.3,0.0,0.0,15.6,1.0,0,0,2.1,2.1,0.09,-2.1,-2.1,Match Report,2024,Manchester United
2023-08-26,15:00,Premier League,Matchweek 3,Sat,Home,W,3.0,2.0,Nott'ham Forest,3,17.0,8.0,47.1,0.12,0.25,20.3,0.0,1,1,2.8,2.0,0.12,0.2,0.0,Match Report,2024,Manchester United
2023-09-03,16:30,Premier League,Matchweek 4,Sun,Away,L,1.0,3.0,Arsenal,1,10.0,2.0,20.0,0.1,0.5,16.5,0.0,0,0,0.9,0.9,0.09,0.1,0.1,Match Report,2024,Manchester United
2023-09-16,15:00,Premier League,Matchweek 5,Sat,Home,L,1.0,3.0,Brighton,1,14.0,4.0,28.6,0.07,0.25,18.6,1.0,0,0,1.0,1.0,0.07,0.0,0.0,Match Report,2024,Manchester United
2023-09-23,20:00,Premier League,Matchweek 6,Sat,Away,W,1.0,0.0,Burnley,1,11.0,4.0,36.4,0.09,0.25,15.0,0.0,0,0,1.0,1.0,0.09,0.0,0.0,Match Report,2024,Manchester United
2023-09-30,15:00,Premier League,Matchweek 7,Sat,Home,L,0.0,1.0,Crystal Palace,0,19.0,3.0,15.8,0.0,0.0,15.5,0.0,0,0,1.3,1.3,0.07,-1.3,-1.3,Match Report,2024,Manchester United
2023-10-07,15:00,Premier League,Matchweek 8,Sat,Home,W,2.0,1.0,Brentford,2,21.0,8.0,38.1,0.1,0.25,18.3,1.0,0,0,1.4,1.4,0.07,0.6,0.6,Match Report,2024,Manchester United
2023-10-21,20:00,Premier League,Matchweek 9,Sat,Away,W,2.0,1.0,Sheffield Utd,2,14.0,5.0,35.7,0.14,0.4,20.6,1.0,0,0,1.1,1.1,0.08,0.9,0.9,Match Report,2024,Manchester United
2023-10-29,15:30,Premier League,Matchweek 10,Sun,Home,L,0.0,3.0,Manchester City,0,7.0,3.0,42.9,0.0,0.0,15.2,0.0,0,0,0.9,0.9,0.14,-0.9,-0.9,Match Report,2024,Manchester United
2023-11-04,12:30,Premier League,Matchweek 11,Sat,Away,W,1.0,0.0,Fulham,1,12.0,5.0,41.7,0.08,0.2,18.3,1.0,0,0,0.7,0.7,0.06,0.3,0.3,Match Report,2024,Manchester United
2023-11-11,15:00,Premier League,Matchweek 12,Sat,Home,W,1.0,0.0,Luton Town,1,15.0,4.0,26.7,0.07,0.25,14.0,1.0,0,0,2.2,2.2,0.15,-1.2,-1.2,Match Report,2024,Manchester United
2023-11-26,16:30,Premier League,Matchweek 13,Sun,Away,W,3.0,0.0,Everton,3,8.0,3.0,37.5,0.25,0.67,17.4,0.0,1,1,2.2,1.4,0.18,0.8,0.6,Match Report,2024,Manchester United
2023-12-02,20:00,Premier League,Matchweek 14,Sat,Away,L,0.0,1.0,Newcastle Utd,0,8.0,1.0,12.5,0.0,0.0,18.2,0.0,0,0,0.5,0.5,0.06,-0.5,-0.5,Match Report,2024,Manchester United
2023-12-06,20:15,Premier League,Matchweek 15,Wed,Home,W,2.0,1.0,Chelsea,2,27.0,8.0,29.6,0.07,0.25,15.4,1.0,0,1,4.1,3.3,0.13,-2.1,-1.3,Match Report,2024,Manchester United
2023-12-09,15:00,Premier League,Matchweek 16,Sat,Home,L,0.0,3.0,Bournemouth,0,20.0,3.0,15.0,0.0,0.0,15.4,0.0,0,0,1.1,1.1,0.06,-1.1,-1.1,Match Report,2024,Manchester United
2023-12-17,16:30,Premier League,Matchweek 17,Sun,Away,D,0.0,0.0,Liverpool,0,6.0,1.0,16.7,0.0,0.0,16.3,0.0,0,0,0.8,0.8,0.14,-0.8,-0.8,Match Report,2024,Manchester United
2023-12-23,12:30,Premier League,Matchweek 18,Sat,Away,L,0.0,2.0,West Ham,0,11.0,3.0,27.3,0.0,0.0,18.1,0.0,0,0,1.0,1.0,0.09,-1.0,-1.0,Match Report,2024,Manchester United
2023-12-26,20:00,Premier League,Matchweek 19,Tue,Home,W,3.0,2.0,Aston Villa,3,13.0,7.0,53.8,0.23,0.43,18.0,1.0,0,0,1.1,1.1,0.09,1.9,1.9,Match Report,2024,Manchester United
2023-12-30,17:30,Premier League,Matchweek 20,Sat,Away,L,1.0,2.0,Nott'ham Forest,1,10.0,5.0,50.0,0.1,0.2,17.5,0.0,0,0,0.8,0.8,0.08,0.2,0.2,Match Report,2024,Manchester United
2024-01-14,16:30,Premier League,Matchweek 21,Sun,Home,D,2.0,2.0,Tottenham,2,9.0,2.0,22.2,0.22,1.0,14.5,1.0,0,0,0.8,0.8,0.08,1.2,1.2,Match Report,2024,Manchester United
2024-02-01,20:15,Premier League,Matchweek 22,Thu,Away,W,4.0,3.0,Wolves,4,21.0,8.0,38.1,0.19,0.5,18.2,2.0,0,0,3.3,3.3,0.16,0.7,0.7,Match Report,2024,Manchester United
2024-02-04,14:00,Premier League,Matchweek 23,Sun,Home,W,3.0,0.0,West Ham,3,12.0,5.0,41.7,0.25,0.6,20.4,0.0,0,0,0.7,0.7,0.06,2.3,2.3,Match Report,2024,Manchester United
2024-02-11,16:30,Premier League,Matchweek 24,Sun,Away,W,2.0,1.0,Aston Villa,2,17.0,5.0,29.4,0.12,0.4,14.6,0.0,0,0,1.8,1.8,0.11,0.2,0.2,Match Report,2024,Manchester United
2024-02-18,16:30,Premier League,Matchweek 25,Sun,Away,W,2.0,1.0,Luton Town,2,21.0,8.0,38.1,0.1,0.25,19.8,2.0,0,0,2.9,2.9,0.14,-0.9,-0.9,Match Report,2024,Manchester United
2024-02-24,15:00,Premier League,Matchweek 26,Sat,Home,L,1.0,2.0,Fulham,1,21.0,8.0,38.1,0.05,0.13,17.3,0.0,0,0,1.7,1.7,0.08,-0.7,-0.7,Match Report,2024,Manchester United
2024-03-03,15:30,Premier League,Matchweek 27,Sun,Away,L,1.0,3.0,Manchester City,1,3.0,1.0,33.3,0.33,1.0,16.7,0.0,0,0,0.2,0.2,0.08,0.8,0.8,Match Report,2024,Manchester United
2024-03-09,12:30,Premier League,Matchweek 28,Sat,Home,W,2.0,0.0,Everton,2,13.0,6.0,46.2,0.0,0.0,17.6,1.0,2,2,2.7,1.1,0.09,-0.7,-1.1,Match Report,2024,Manchester United
2024-03-30,20:00,Premier League,Matchweek 30,Sat,Away,D,1.0,1.0,Brentford,1,11.0,5.0,45.5,0.09,0.2,22.5,0.0,0,0,0.6,0.6,0.05,0.4,0.4,Match Report,2024,Manchester United
2024-04-04,20:15,Premier League,Matchweek 31,Thu,Away,L,3.0,4.0,Chelsea,3,19.0,5.0,26.3,0.16,0.6,16.8,0.0,0,0,1.5,1.5,0.08,1.5,1.5,Match Report,2024,Manchester United
2024-04-07,15:30,Premier League,Matchweek 32,Sun,Home,D,2.0,2.0,Liverpool,2,9.0,5.0,55.6,0.22,0.4,18.1,0.0,0,0,0.7,0.7,0.08,1.3,1.3,Match Report,2024,Manchester United
2024-04-13,17:30,Premier League,Matchweek 33,Sat,Away,D,2.0,2.0,Bournemouth,2,7.0,1.0,14.3,0.14,1.0,20.6,0.0,1,1,1.2,0.5,0.07,0.8,0.5,Match Report,2024,Manchester United
2024-04-24,20:00,Premier League,Matchweek 29,Wed,Home,W,4.0,2.0,Sheffield Utd,4,24.0,12.0,50.0,0.13,0.25,16.9,0.0,1,1,2.9,2.1,0.09,1.1,0.9,Match Report,2024,Manchester United
2024-04-27,15:00,Premier League,Matchweek 35,Sat,Home,D,1.0,1.0,Burnley,1,27.0,10.0,37.0,0.04,0.1,18.0,0.0,0,0,2.7,2.7,0.1,-1.7,-1.7,Match Report,2024,Manchester United
2024-05-06,20:00,Premier League,Matchweek 36,Mon,Away,L,0.0,4.0,Crystal Palace,0,7.0,2.0,28.6,0.0,0.0,16.7,1.0,0,0,0.4,0.4,0.05,-0.4,-0.4,Match Report,2024,Manchester United
2024-05-12,16:30,Premier League,Matchweek 37,Sun,Home,L,0.0,1.0,Arsenal,0,14.0,2.0,14.3,0.0,0.0,22.9,0.0,0,0,0.5,0.5,0.04,-0.5,-0.5,Match Report,2024,Manchester United
2024-05-15,20:00,Premier League,Matchweek 34,Wed,Home,W,3.0,2.0,Newcastle Utd,3,17.0,8.0,47.1,0.18,0.38,15.2,0.0,0,0,1.5,1.5,0.09,1.5,1.5,Match Report,2024,Manchester United
2024-05-19,16:00,Premier League,Matchweek 38,Sun,Away,W,2.0,0.0,Brighton,2,11.0,4.0,36.4,0.18,0.5,17.0,0.0,0,0,1.3,1.3,0.12,0.7,0.7,Match Report,2024,Manchester United
2023-08-12,15:00,Premier League,Matchweek 1,Sat,Away,D,1.0,1.0,Bournemouth,1,16.0,2.0,12.5,0.06,0.5,16.1,0.0,0,0,1.1,1.1,0.07,-0.1,-0.1,Match Report,2024,West Ham United
2023-08-20,16:30,Premier League,Matchweek 2,Sun,Home,W,3.0,1.0,Chelsea,3,11.0,5.0,45.5,0.18,0.4,19.6,0.0,1,1,1.8,1.0,0.09,1.2,1.0,Match Report,2024,West Ham United
2023-08-26,17:30,Premier League,Matchweek 3,Sat,Away,W,3.0,1.0,Brighton,3,12.0,7.0,58.3,0.25,0.43,12.3,0.0,0,0,3.0,3.0,0.27,0.0,0.0,Match Report,2024,West Ham United
2023-09-01,20:00,Premier League,Matchweek 4,Fri,Away,W,2.0,1.0,Luton Town,2,9.0,3.0,33.3,0.22,0.67,16.3,0.0,0,0,1.0,1.0,0.11,1.0,1.0,Match Report,2024,West Ham United
2023-09-16,15:00,Premier League,Matchweek 5,Sat,Home,L,1.0,3.0,Manchester City,1,6.0,3.0,50.0,0.17,0.33,12.1,0.0,0,0,0.9,0.9,0.16,0.1,0.1,Match Report,2024,West Ham United
2023-09-24,14:00,Premier League,Matchweek 6,Sun,Away,L,1.0,3.0,Liverpool,1,11.0,4.0,36.4,0.09,0.25,13.5,0.0,0,0,1.1,1.1,0.1,-0.1,-0.1,Match Report,2024,West Ham United
2023-09-30,15:00,Premier League,Matchweek 7,Sat,Home,W,2.0,0.0,Sheffield Utd,2,20.0,8.0,40.0,0.1,0.25,12.6,1.0,0,0,2.1,2.1,0.11,-0.1,-0.1,Match Report,2024,West Ham United
2023-10-08,14:00,Premier League,Matchweek 8,Sun,Home,D,2.0,2.0,Newcastle Utd,2,5.0,3.0,60.0,0.4,0.67,14.9,1.0,0,0,1.2,1.2,0.23,0.8,0.8,Match Report,2024,West Ham United
2023-10-22,16:30,Premier League,Matchweek 9,Sun,Away,L,1.0,4.0,Aston Villa,1,14.0,4.0,28.6,0.07,0.25,15.2,1.0,0,0,1.1,1.1,0.08,-0.1,-0.1,Match Report,2024,West Ham United
2023-10-29,13:00,Premier League,Matchweek 10,Sun,Home,L,0.0,1.0,Everton,0,12.0,2.0,16.7,0.0,0.0,17.3,0.0,0,0,0.7,0.7,0.06,-0.7,-0.7,Match Report,2024,West Ham United
2023-11-04,15:00,Premier League,Matchweek 11,Sat,Away,L,2.0,3.0,Brentford,2,12.0,2.0,16.7,0.17,1.0,15.3,0.0,0,0,1.8,1.8,0.17,0.2,0.2,Match Report,2024,West Ham United
2023-11-12,14:00,Premier League,Matchweek 12,Sun,Home,W,3.0,2.0,Nott'ham Forest,3,16.0,6.0,37.5,0.19,0.5,18.0,1.0,0,0,1.8,1.8,0.11,1.2,1.2,Match Report,2024,West Ham United
2023-11-25,15:00,Premier League,Matchweek 13,Sat,Away,W,2.0,1.0,Burnley,1,11.0,3.0,27.3,0.09,0.33,13.2,0.0,0,0,0.9,0.9,0.08,0.1,0.1,Match Report,2024,West Ham United
2023-12-03,14:00,Premier League,Matchweek 14,Sun,Home,D,1.0,1.0,Crystal Palace,1,9.0,3.0,33.3,0.11,0.33,15.7,1.0,0,0,1.1,1.1,0.13,-0.1,-0.1,Match Report,2024,West Ham United
2023-12-07,20:15,Premier League,Matchweek 15,Thu,Away,W,2.0,1.0,Tottenham,2,11.0,5.0,45.5,0.18,0.4,15.0,0.0,0,0,2.2,2.2,0.22,-0.2,-0.2,Match Report,2024,West Ham United
2023-12-10,14:00,Premier League,Matchweek 16,Sun,Away,L,0.0,5.0,Fulham,0,9.0,5.0,55.6,0.0,0.0,19.2,1.0,0,0,1.3,1.3,0.15,-1.3,-1.3,Match Report,2024,West Ham United
2023-12-17,14:00,Premier League,Matchweek 17,Sun,Home,W,3.0,0.0,Wolves,3,13.0,4.0,30.8,0.23,0.75,19.8,2.0,0,0,1.1,1.1,0.09,1.9,1.9,Match Report,2024,West Ham United
2023-12-23,12:30,Premier League,Matchweek 18,Sat,Home,W,2.0,0.0,Manchester Utd,2,12.0,5.0,41.7,0.17,0.4,13.8,0.0,0,0,1.2,1.2,0.11,0.8,0.8,Match Report,2024,West Ham United
2023-12-28,20:15,Premier League,Matchweek 19,Thu,Away,W,2.0,0.0,Arsenal,2,5.0,2.0,40.0,0.4,1.0,17.4,0.0,0,1,1.4,0.6,0.13,0.6,1.4,Match Report,2024,West Ham United
2024-01-02,19:30,Premier League,Matchweek 20,Tue,Home,D,0.0,0.0,Brighton,0,6.0,2.0,33.3,0.0,0.0,16.0,0.0,0,0,0.7,0.7,0.11,-0.7,-0.7,Match Report,2024,West Ham United
2024-01-21,14:00,Premier League,Matchweek 21,Sun,Away,D,2.0,2.0,Sheffield Utd,2,15.0,4.0,26.7,0.07,0.25,14.9,0.0,1,1,2.3,1.5,0.1,-0.3,-0.5,Match Report,2024,West Ham United
2024-02-01,19:30,Premier League,Matchweek 22,Thu,Home,D,1.0,1.0,Bournemouth,1,8.0,2.0,25.0,0.0,0.0,17.1,0.0,1,1,1.4,0.6,0.07,-0.4,-0.6,Match Report,2024,West Ham United
2024-02-04,14:00,Premier League,Matchweek 23,Sun,Away,L,0.0,3.0,Manchester Utd,0,22.0,3.0,13.6,0.0,0.0,18.9,1.0,0,0,1.4,1.4,0.06,-1.4,-1.4,Match Report,2024,West Ham United
2024-02-11,14:00,Premier League,Matchweek 24,Sun,Home,L,0.0,6.0,Arsenal,0,5.0,1.0,20.0,0.0,0.0,19.9,0.0,0,0,0.2,0.2,0.04,-0.2,-0.2,Match Report,2024,West Ham United
2024-02-17,15:00,Premier League,Matchweek 25,Sat,Away,L,0.0,2.0,Nott'ham Forest,0,10.0,3.0,30.0,0.0,0.0,18.9,1.0,0,0,0.5,0.5,0.05,-0.5,-0.5,Match Report,2024,West Ham United
2024-02-26,20:00,Premier League,Matchweek 26,Mon,Home,W,4.0,2.0,Brentford,4,17.0,6.0,35.3,0.24,0.67,17.7,0.0,0,0,1.7,1.7,0.1,2.3,2.3,Match Report,2024,West Ham United
2024-03-02,15:00,Premier League,Matchweek 27,Sat,Away,W,3.0,1.0,Everton,3,12.0,5.0,41.7,0.25,0.6,14.2,0.0,0,0,1.9,1.9,0.16,1.1,1.1,Match Report,2024,West Ham United
2024-03-10,14:00,Premier League,Matchweek 28,Sun,Home,D,2.0,2.0,Burnley,2,22.0,4.0,18.2,0.09,0.5,14.8,0.0,0,0,2.1,2.1,0.1,-0.1,-0.1,Match Report,2024,West Ham United
2024-03-17,14:00,Premier League,Matchweek 29,Sun,Home,D,1.0,1.0,Aston Villa,1,13.0,4.0,30.8,0.08,0.25,15.9,1.0,0,0,2.0,2.0,0.16,-1.0,-1.0,Match Report,2024,West Ham United
2024-03-30,12:30,Premier League,Matchweek 30,Sat,Away,L,3.0,4.0,Newcastle Utd,3,10.0,4.0,40.0,0.3,0.75,14.1,0.0,0,0,1.4,1.4,0.14,1.6,1.6,Match Report,2024,West Ham United
2024-04-02,20:15,Premier League,Matchweek 31,Tue,Home,D,1.0,1.0,Tottenham,1,11.0,4.0,36.4,0.09,0.25,16.6,1.0,0,0,1.5,1.5,0.14,-0.5,-0.5,Match Report,2024,West Ham United
2024-04-06,15:00,Premier League,Matchweek 32,Sat,Away,W,2.0,1.0,Wolves,2,10.0,3.0,30.0,0.1,0.33,24.6,2.0,1,1,1.2,0.4,0.04,0.8,0.6,Match Report,2024,West Ham United
2024-04-14,14:00,Premier League,Matchweek 33,Sun,Home,L,0.0,2.0,Fulham,0,15.0,4.0,26.7,0.0,0.0,16.2,0.0,0,0,0.9,0.9,0.06,-0.9,-0.9,Match Report,2024,West Ham United
2024-04-21,15:00,Premier League,Matchweek 34,Sun,Away,L,2.0,5.0,Crystal Palace,1,4.0,1.0,25.0,0.25,1.0,10.8,0.0,0,0,1.3,1.3,0.32,-0.3,-0.3,Match Report,2024,West Ham United
2024-04-27,12:30,Premier League,Matchweek 35,Sat,Home,D,2.0,2.0,Liverpool,2,11.0,8.0,72.7,0.18,0.25,17.0,0.0,0,0,0.7,0.7,0.06,1.3,1.3,Match Report,2024,West Ham United
2024-05-05,14:00,Premier League,Matchweek 36,Sun,Away,L,0.0,5.0,Chelsea,0,13.0,2.0,15.4,0.0,0.0,17.6,2.0,0,0,0.9,0.9,0.07,-0.9,-0.9,Match Report,2024,West Ham United
2024-05-11,15:00,Premier League,Matchweek 37,Sat,Home,W,3.0,1.0,Luton Town,3,24.0,8.0,33.3,0.13,0.38,16.5,1.0,0,0,3.2,3.2,0.13,-0.2,-0.2,Match Report,2024,West Ham United
2024-05-19,16:00,Premier League,Matchweek 38,Sun,Away,L,1.0,3.0,Manchester City,1,3.0,2.0,66.7,0.33,0.5,10.3,0.0,0,0,0.4,0.4,0.12,0.6,0.6,Match Report,2024,West Ham United
2023-08-12,15:00,Premier League,Matchweek 1,Sat,Away,W,1.0,0.0,Sheffield Utd,1,24.0,8.0,33.3,0.04,0.13,18.5,1.0,0,0,1.9,1.9,0.08,-0.9,-0.9,Match Report,2024,Crystal Palace
2023-08-21,20:00,Premier League,Matchweek 2,Mon,Home,L,0.0,1.0,Arsenal,0,14.0,2.0,14.3,0.0,0.0,16.4,1.0,0,0,1.0,1.0,0.07,-1.0,-1.0,Match Report,2024,Crystal Palace
2023-08-26,15:00,Premier League,Matchweek 3,Sat,Away,D,1.0,1.0,Brentford,1,15.0,5.0,33.3,0.07,0.2,16.9,1.0,0,0,0.8,0.8,0.05,0.2,0.2,Match Report,2024,Crystal Palace
2023-09-03,14:00,Premier League,Matchweek 4,Sun,Home,W,3.0,2.0,Wolves,3,16.0,10.0,62.5,0.19,0.3,13.8,1.0,0,0,2.1,2.1,0.13,0.9,0.9,Match Report,2024,Crystal Palace
2023-09-16,15:00,Premier League,Matchweek 5,Sat,Away,L,1.0,3.0,Aston Villa,1,6.0,3.0,50.0,0.17,0.33,16.1,0.0,0,0,1.2,1.2,0.2,-0.2,-0.2,Match Report,2024,Crystal Palace
2023-09-23,15:00,Premier League,Matchweek 6,Sat,Home,D,0.0,0.0,Fulham,0,7.0,3.0,42.9,0.0,0.0,18.9,1.0,0,0,0.3,0.3,0.04,-0.3,-0.3,Match Report,2024,Crystal Palace
2023-09-30,15:00,Premier League,Matchweek 7,Sat,Away,W,1.0,0.0,Manchester Utd,1,8.0,2.0,25.0,0.13,0.5,13.5,0.0,0,0,0.9,0.9,0.11,0.1,0.1,Match Report,2024,Crystal Palace
2023-10-07,17:30,Premier League,Matchweek 8,Sat,Home,D,0.0,0.0,Nott'ham Forest,0,8.0,2.0,25.0,0.0,0.0,15.2,0.0,0,0,0.8,0.8,0.1,-0.8,-0.8,Match Report,2024,Crystal Palace
2023-10-21,15:00,Premier League,Matchweek 9,Sat,Away,L,0.0,4.0,Newcastle Utd,0,17.0,3.0,17.6,0.0,0.0,17.8,1.0,0,0,1.2,1.2,0.07,-1.2,-1.2,Match Report,2024,Crystal Palace
2023-10-27,20:00,Premier League,Matchweek 10,Fri,Home,L,1.0,2.0,Tottenham,1,13.0,3.0,23.1,0.08,0.33,17.2,0.0,0,0,0.6,0.6,0.05,0.4,0.4,Match Report,2024,Crystal Palace
2023-11-04,15:00,Premier League,Matchweek 11,Sat,Away,W,2.0,0.0,Burnley,2,4.0,3.0,75.0,0.5,0.67,13.9,0.0,0,0,1.3,1.3,0.33,0.7,0.7,Match Report,2024,Crystal Palace
2023-11-11,15:00,Premier League,Matchweek 12,Sat,Home,L,2.0,3.0,Everton,2,12.0,3.0,25.0,0.08,0.33,17.9,0.0,1,1,2.2,1.4,0.11,-0.2,-0.4,Match Report,2024,Crystal Palace
2023-11-25,15:00,Premier League,Matchweek 13,Sat,Away,L,1.0,2.0,Luton Town,1,16.0,8.0,50.0,0.06,0.13,16.3,1.0,0,0,1.6,1.6,0.1,-0.6,-0.6,Match Report,2024,Crystal Palace
2023-12-03,14:00,Premier League,Matchweek 14,Sun,Away,D,1.0,1.0,West Ham,1,9.0,2.0,22.2,0.11,0.5,17.4,1.0,0,0,0.9,0.9,0.1,0.1,0.1,Match Report,2024,Crystal Palace
2023-12-06,19:30,Premier League,Matchweek 15,Wed,Home,L,0.0,2.0,Bournemouth,0,16.0,3.0,18.8,0.0,0.0,18.9,1.0,0,0,1.0,1.0,0.06,-1.0,-1.0,Match Report,2024,Crystal Palace
2023-12-09,12:30,Premier League,Matchweek 16,Sat,Home,L,1.0,2.0,Liverpool,1,7.0,3.0,42.9,0.0,0.0,17.4,0.0,1,1,1.7,0.9,0.14,-0.7,-0.9,Match Report,2024,Crystal Palace
2023-12-16,15:00,Premier League,Matchweek 17,Sat,Away,D,2.0,2.0,Manchester City,2,4.0,1.0,25.0,0.25,1.0,21.1,1.0,1,1,1.8,1.0,0.26,0.2,0.0,Match Report,2024,Crystal Palace
2023-12-21,20:00,Premier League,Matchweek 18,Thu,Home,D,1.0,1.0,Brighton,1,11.0,3.0,27.3,0.09,0.33,13.4,0.0,0,0,1.3,1.3,0.12,-0.3,-0.3,Match Report,2024,Crystal Palace
2023-12-27,19:30,Premier League,Matchweek 19,Wed,Away,L,1.0,2.0,Chelsea,1,13.0,5.0,38.5,0.08,0.2,19.6,2.0,0,0,1.1,1.1,0.09,-0.1,-0.1,Match Report,2024,Crystal Palace
2023-12-30,15:00,Premier League,Matchweek 20,Sat,Home,W,3.0,1.0,Brentford,3,13.0,6.0,46.2,0.23,0.5,16.2,0.0,0,0,1.0,1.0,0.08,2.0,2.0,Match Report,2024,Crystal Palace
2024-01-20,12:30,Premier League,Matchweek 21,Sat,Away,L,0.0,5.0,Arsenal,0,12.0,5.0,41.7,0.0,0.0,24.4,2.0,0,0,0.3,0.3,0.03,-0.3,-0.3,Match Report,2024,Crystal Palace
2024-01-30,20:00,Premier League,Matchweek 22,Tue,Home,W,3.0,2.0,Sheffield Utd,3,12.0,4.0,33.3,0.25,0.75,17.1,0.0,0,0,1.1,1.1,0.1,1.9,1.9,Match Report,2024,Crystal Palace
2024-02-03,15:00,Premier League,Matchweek 23,Sat,Away,L,1.0,4.0,Brighton,1,7.0,5.0,71.4,0.14,0.2,20.6,0.0,0,0,0.3,0.3,0.04,0.7,0.7,Match Report,2024,Crystal Palace
2024-02-12,20:00,Premier League,Matchweek 24,Mon,Home,L,1.0,3.0,Chelsea,1,13.0,4.0,30.8,0.08,0.25,18.7,0.0,0,0,0.6,0.6,0.04,0.4,0.4,Match Report,2024,Crystal Palace
2024-02-19,20:00,Premier League,Matchweek 25,Mon,Away,D,1.0,1.0,Everton,1,10.0,3.0,30.0,0.1,0.33,13.0,0.0,0,0,0.7,0.7,0.07,0.3,0.3,Match Report,2024,Crystal Palace
2024-02-24,15:00,Premier League,Matchweek 26,Sat,Home,W,3.0,0.0,Burnley,3,14.0,5.0,35.7,0.14,0.4,15.3,1.0,1,1,2.4,1.6,0.12,0.6,0.4,Match Report,2024,Crystal Palace
2024-03-02,15:00,Premier League,Matchweek 27,Sat,Away,L,1.0,3.0,Tottenham,1,4.0,1.0,25.0,0.25,1.0,18.6,1.0,0,0,0.3,0.3,0.08,0.7,0.7,Match Report,2024,Crystal Palace
2024-03-09,15:00,Premier League,Matchweek 28,Sat,Home,D,1.0,1.0,Luton Town,1,21.0,4.0,19.0,0.05,0.25,16.5,0.0,0,0,2.7,2.7,0.13,-1.7,-1.7,Match Report,2024,Crystal Palace
2024-03-30,15:00,Premier League,Matchweek 30,Sat,Away,D,1.0,1.0,Nott'ham Forest,1,10.0,3.0,30.0,0.1,0.33,18.4,0.0,0,0,1.2,1.2,0.12,-0.2,-0.2,Match Report,2024,Crystal Palace
2024-04-02,19:45,Premier League,Matchweek 31,Tue,Away,L,0.0,1.0,Bournemouth,0,3.0,2.0,66.7,0.0,0.0,15.0,0.0,0,0,0.2,0.2,0.06,-0.2,-0.2,Match Report,2024,Crystal Palace
2024-04-06,12:30,Premier League,Matchweek 32,Sat,Home,L,2.0,4.0,Manchester City,2,7.0,4.0,57.1,0.29,0.5,16.8,0.0,0,0,1.1,1.1,0.15,0.9,0.9,Match Report,2024,Crystal Palace
2024-04-14,14:00,Premier League,Matchweek 33,Sun,Away,W,1.0,0.0,Liverpool,1,8.0,4.0,50.0,0.13,0.25,14.1,0.0,0,0,2.0,2.0,0.25,-1.0,-1.0,Match Report,2024,Crystal Palace
2024-04-21,15:00,Premier League,Matchweek 34,Sun,Home,W,5.0,2.0,West Ham,4,18.0,7.0,38.9,0.22,0.57,16.6,1.0,0,0,2.4,2.4,0.13,1.6,1.6,Match Report,2024,Crystal Palace
2024-04-24,20:00,Premier League,Matchweek 29,Wed,Home,W,2.0,0.0,Newcastle Utd,2,20.0,7.0,35.0,0.1,0.29,21.2,3.0,0,0,0.9,0.9,0.04,1.1,1.1,Match Report,2024,Crystal Palace
2024-04-27,15:00,Premier League,Matchweek 35,Sat,Away,D,1.0,1.0,Fulham,1,14.0,4.0,28.6,0.07,0.25,19.7,0.0,0,0,1.0,1.0,0.07,0.0,0.0,Match Report,2024,Crystal Palace
2024-05-06,20:00,Premier League,Matchweek 36,Mon,Home,W,4.0,0.0,Manchester Utd,4,18.0,10.0,55.6,0.22,0.4,16.8,0.0,0,0,1.7,1.7,0.1,2.3,2.3,Match Report,2024,Crystal Palace
2024-05-11,15:00,Premier League,Matchweek 37,Sat,Away,W,3.0,1.0,Wolves,3,13.0,3.0,23.1,0.23,1.0,13.6,0.0,0,0,2.6,2.6,0.21,0.4,0.4,Match Report,2024,Crystal Palace
2024-05-19,16:00,Premier League,Matchweek 38,Sun,Home,W,5.0,0.0,Aston Villa,5,15.0,9.0,60.0,0.33,0.56,16.8,0.0,0,0,2.5,2.5,0.17,2.5,2.5,Match Report,2024,Crystal Palace
2023-08-12,15:00,Premier League,Matchweek 1,Sat,Home,W,4.0,1.0,Luton Town,4,26.0,11.0,42.3,0.12,0.27,17.0,0.0,1,1,4.0,3.2,0.12,0.0,-0.2,Match Report,2024,Brighton and Hove Albion
2023-08-19,15:00,Premier League,Matchweek 2,Sat,Away,W,4.0,1.0,Wolves,4,16.0,8.0,50.0,0.25,0.5,15.6,0.0,0,0,2.2,2.2,0.14,1.8,1.8,Match Report,2024,Brighton and Hove Albion
2023-08-26,17:30,Premier League,Matchweek 3,Sat,Home,L,1.0,3.0,West Ham,1,25.0,10.0,40.0,0.04,0.1,19.5,1.0,0,0,1.5,1.5,0.06,-0.5,-0.5,Match Report,2024,Brighton and Hove Albion
2023-09-02,17:30,Premier League,Matchweek 4,Sat,Home,W,3.0,1.0,Newcastle Utd,3,15.0,6.0,40.0,0.2,0.5,17.3,0.0,0,0,1.3,1.3,0.09,1.7,1.7,Match Report,2024,Brighton and Hove Albion
2023-09-16,15:00,Premier League,Matchweek 5,Sat,Away,W,3.0,1.0,Manchester Utd,3,10.0,8.0,80.0,0.3,0.38,17.1,0.0,0,0,1.7,1.7,0.17,1.3,1.3,Match Report,2024,Brighton and Hove Albion
2023-09-24,14:00,Premier League,Matchweek 6,Sun,Home,W,3.0,1.0,Bournemouth,2,13.0,4.0,30.8,0.15,0.5,17.1,0.0,0,0,1.9,1.9,0.14,0.1,0.1,Match Report,2024,Brighton and Hove Albion
2023-09-30,12:30,Premier League,Matchweek 7,Sat,Away,L,1.0,6.0,Aston Villa,1,11.0,3.0,27.3,0.09,0.33,15.4,0.0,0,0,1.7,1.7,0.16,-0.7,-0.7,Match Report,2024,Brighton and Hove Albion
2023-10-08,14:00,Premier League,Matchweek 8,Sun,Home,D,2.0,2.0,Liverpool,2,14.0,3.0,21.4,0.14,0.67,16.9,2.0,0,0,2.3,2.3,0.17,-0.3,-0.3,Match Report,2024,Brighton and Hove Albion
2023-10-21,15:00,Premier League,Matchweek 9,Sat,Away,L,1.0,2.0,Manchester City,1,5.0,3.0,60.0,0.2,0.33,12.1,0.0,0,0,0.8,0.8,0.17,0.2,0.2,Match Report,2024,Brighton and Hove Albion
2023-10-29,14:00,Premier League,Matchweek 10,Sun,Home,D,1.0,1.0,Fulham,1,18.0,6.0,33.3,0.06,0.17,18.1,1.0,0,0,1.4,1.4,0.08,-0.4,-0.4,Match Report,2024,Brighton and Hove Albion
2023-11-04,15:00,Premier League,Matchweek 11,Sat,Away,D,1.0,1.0,Everton,0,7.0,2.0,28.6,0.0,0.0,15.6,1.0,0,0,0.5,0.5,0.07,-0.5,-0.5,Match Report,2024,Brighton and Hove Albion
2023-11-12,14:00,Premier League,Matchweek 12,Sun,Home,D,1.0,1.0,Sheffield Utd,1,11.0,6.0,54.5,0.09,0.17,16.5,0.0,0,0,1.5,1.5,0.14,-0.5,-0.5,Match Report,2024,Brighton and Hove Albion
2023-11-25,15:00,Premier League,Matchweek 13,Sat,Away,W,3.0,2.0,Nott'ham Forest,3,9.0,4.0,44.4,0.22,0.5,19.9,1.0,1,1,1.3,0.6,0.06,1.7,1.4,Match Report,2024,Brighton and Hove Albion
2023-12-03,14:00,Premier League,Matchweek 14,Sun,Away,L,2.0,3.0,Chelsea,2,18.0,9.0,50.0,0.11,0.22,18.6,1.0,0,0,1.1,1.1,0.06,0.9,0.9,Match Report,2024,Brighton and Hove Albion
2023-12-06,19:30,Premier League,Matchweek 15,Wed,Home,W,2.0,1.0,Brentford,2,18.0,7.0,38.9,0.11,0.29,16.1,0.0,0,0,1.5,1.5,0.09,0.5,0.5,Match Report,2024,Brighton and Hove Albion
2023-12-09,15:00,Premier League,Matchweek 16,Sat,Home,D,1.0,1.0,Burnley,1,29.0,11.0,37.9,0.03,0.09,14.2,2.0,0,0,2.6,2.6,0.1,-1.6,-1.6,Match Report,2024,Brighton and Hove Albion
2023-12-17,14:00,Premier League,Matchweek 17,Sun,Away,L,0.0,2.0,Arsenal,0,6.0,1.0,16.7,0.0,0.0,16.9,0.0,0,0,0.7,0.7,0.11,-0.7,-0.7,Match Report,2024,Brighton and Hove Albion
2023-12-21,20:00,Premier League,Matchweek 18,Thu,Away,D,1.0,1.0,Crystal Palace,1,18.0,6.0,33.3,0.06,0.17,17.6,0.0,0,0,1.2,1.2,0.07,-0.2,-0.2,Match Report,2024,Brighton and Hove Albion
2023-12-28,19:30,Premier League,Matchweek 19,Thu,Home,W,4.0,2.0,Tottenham,4,13.0,7.0,53.8,0.15,0.29,15.2,0.0,2,2,3.2,1.9,0.16,0.8,0.1,Match Report,2024,Brighton and Hove Albion
2024-01-02,19:30,Premier League,Matchweek 20,Tue,Away,D,0.0,0.0,West Ham,0,22.0,8.0,36.4,0.0,0.0,14.4,0.0,0,0,2.3,2.3,0.11,-2.3,-2.3,Match Report,2024,Brighton and Hove Albion
2024-01-22,19:45,Premier League,Matchweek 21,Mon,Home,D,0.0,0.0,Wolves,0,11.0,3.0,27.3,0.0,0.0,14.2,0.0,0,0,1.0,1.0,0.1,-1.0,-1.0,Match Report,2024,Brighton and Hove Albion
2024-01-30,19:45,Premier League,Matchweek 22,Tue,Away,L,0.0,4.0,Luton Town,0,9.0,2.0,22.2,0.0,0.0,13.9,0.0,0,0,0.9,0.9,0.11,-0.9,-0.9,Match Report,2024,Brighton and Hove Albion
2024-02-03,15:00,Premier League,Matchweek 23,Sat,Home,W,4.0,1.0,Crystal Palace,4,13.0,6.0,46.2,0.31,0.67,16.7,0.0,0,0,1.4,1.4,0.11,2.6,2.6,Match Report,2024,Brighton and Hove Albion
2024-02-10,15:00,Premier League,Matchweek 24,Sat,Away,L,1.0,2.0,Tottenham,1,5.0,2.0,40.0,0.0,0.0,17.8,0.0,1,1,1.2,0.4,0.09,-0.2,-0.4,Match Report,2024,Brighton and Hove Albion
2024-02-18,14:00,Premier League,Matchweek 25,Sun,Away,W,5.0,0.0,Sheffield Utd,4,24.0,9.0,37.5,0.17,0.44,15.1,0.0,0,0,2.9,2.9,0.13,1.1,1.1,Match Report,2024,Brighton and Hove Albion
2024-02-24,15:00,Premier League,Matchweek 26,Sat,Home,D,1.0,1.0,Everton,1,23.0,7.0,30.4,0.04,0.14,16.3,1.0,0,0,1.4,1.4,0.06,-0.4,-0.4,Match Report,2024,Brighton and Hove Albion
2024-03-02,15:00,Premier League,Matchweek 27,Sat,Away,L,0.0,3.0,Fulham,0,15.0,5.0,33.3,0.0,0.0,17.6,0.0,0,0,1.3,1.3,0.09,-1.3,-1.3,Match Report,2024,Brighton and Hove Albion
2024-03-10,14:00,Premier League,Matchweek 28,Sun,Home,W,1.0,0.0,Nott'ham Forest,0,10.0,3.0,30.0,0.0,0.0,17.5,0.0,0,0,0.4,0.4,0.04,-0.4,-0.4,Match Report,2024,Brighton and Hove Albion
2024-03-31,14:00,Premier League,Matchweek 30,Sun,Away,L,1.0,2.0,Liverpool,1,9.0,3.0,33.3,0.11,0.33,17.2,0.0,0,0,0.5,0.5,0.05,0.5,0.5,Match Report,2024,Brighton and Hove Albion
2024-04-03,19:30,Premier League,Matchweek 31,Wed,Away,D,0.0,0.0,Brentford,0,24.0,6.0,25.0,0.0,0.0,20.1,0.0,0,0,1.1,1.1,0.05,-1.1,-1.1,Match Report,2024,Brighton and Hove Albion
2024-04-06,17:30,Premier League,Matchweek 32,Sat,Home,L,0.0,3.0,Arsenal,0,10.0,2.0,20.0,0.0,0.0,19.2,0.0,0,0,0.5,0.5,0.05,-0.5,-0.5,Match Report,2024,Brighton and Hove Albion
2024-04-13,15:00,Premier League,Matchweek 33,Sat,Away,D,1.0,1.0,Burnley,0,20.0,8.0,40.0,0.0,0.0,18.4,1.0,0,0,0.9,0.9,0.04,-0.9,-0.9,Match Report,2024,Brighton and Hove Albion
2024-04-25,20:00,Premier League,Matchweek 29,Thu,Home,L,0.0,4.0,Manchester City,0,7.0,3.0,42.9,0.0,0.0,16.0,0.0,0,0,0.6,0.6,0.09,-0.6,-0.6,Match Report,2024,Brighton and Hove Albion
2024-04-28,14:00,Premier League,Matchweek 35,Sun,Away,L,0.0,3.0,Bournemouth,0,13.0,1.0,7.7,0.0,0.0,16.5,0.0,0,0,0.9,0.9,0.07,-0.9,-0.9,Match Report,2024,Brighton and Hove Albion
2024-05-05,14:00,Premier League,Matchweek 36,Sun,Home,W,1.0,0.0,Aston Villa,1,14.0,7.0,50.0,0.07,0.14,16.3,0.0,0,1,2.5,1.6,0.12,-1.5,-0.6,Match Report,2024,Brighton and Hove Albion
2024-05-11,15:00,Premier League,Matchweek 37,Sat,Away,D,1.0,1.0,Newcastle Utd,1,15.0,4.0,26.7,0.07,0.25,16.2,0.0,0,0,1.4,1.4,0.09,-0.4,-0.4,Match Report,2024,Brighton and Hove Albion
2024-05-15,19:45,Premier League,Matchweek 34,Wed,Home,L,1.0,2.0,Chelsea,1,12.0,2.0,16.7,0.08,0.5,15.3,0.0,0,0,1.3,1.3,0.11,-0.3,-0.3,Match Report,2024,Brighton and Hove Albion
2024-05-19,16:00,Premier League,Matchweek 38,Sun,Home,L,0.0,2.0,Manchester Utd,0,17.0,2.0,11.8,0.0,0.0,14.2,0.0,0,0,1.7,1.7,0.11,-1.7,-1.7,Match Report,2024,Brighton and Hove Albion
2023-08-12,15:00,Premier League,Matchweek 1,Sat,Home,D,1.0,1.0,West Ham,1,14.0,5.0,35.7,0.07,0.2,20.7,1.0,0,0,1.3,1.3,0.1,-0.3,-0.3,Match Report,2024,Bournemouth
2023-08-19,15:00,Premier League,Matchweek 2,Sat,Away,L,1.0,3.0,Liverpool,1,13.0,5.0,38.5,0.08,0.2,19.7,1.0,0,0,1.3,1.3,0.1,-0.3,-0.3,Match Report,2024,Bournemouth
2023-08-26,12:30,Premier League,Matchweek 3,Sat,Home,L,0.0,2.0,Tottenham,0,11.0,3.0,27.3,0.0,0.0,17.8,0.0,0,0,0.7,0.7,0.06,-0.7,-0.7,Match Report,2024,Bournemouth
2023-09-02,15:00,Premier League,Matchweek 4,Sat,Away,D,2.0,2.0,Brentford,2,12.0,5.0,41.7,0.17,0.4,15.1,0.0,0,0,2.1,2.1,0.17,-0.1,-0.1,Match Report,2024,Bournemouth
2023-09-17,14:00,Premier League,Matchweek 5,Sun,Home,D,0.0,0.0,Chelsea,0,13.0,4.0,30.8,0.0,0.0,16.7,1.0,0,0,1.0,1.0,0.08,-1.0,-1.0,Match Report,2024,Bournemouth
2023-09-24,14:00,Premier League,Matchweek 6,Sun,Away,L,1.0,3.0,Brighton,1,12.0,3.0,25.0,0.08,0.33,17.6,1.0,0,0,1.1,1.1,0.1,-0.1,-0.1,Match Report,2024,Bournemouth
2023-09-30,15:00,Premier League,Matchweek 7,Sat,Home,L,0.0,4.0,Arsenal,0,8.0,1.0,12.5,0.0,0.0,14.1,0.0,0,0,0.6,0.6,0.08,-0.6,-0.6,Match Report,2024,Bournemouth
2023-10-07,15:00,Premier League,Matchweek 8,Sat,Away,L,0.0,3.0,Everton,0,11.0,3.0,27.3,0.0,0.0,16.2,0.0,0,0,0.7,0.7,0.06,-0.7,-0.7,Match Report,2024,Bournemouth
2023-10-21,15:00,Premier League,Matchweek 9,Sat,Home,L,1.0,2.0,Wolves,1,7.0,4.0,57.1,0.14,0.25,17.1,0.0,0,0,0.6,0.6,0.09,0.4,0.4,Match Report,2024,Bournemouth
2023-10-28,15:00,Premier League,Matchweek 10,Sat,Home,W,2.0,1.0,Burnley,2,13.0,6.0,46.2,0.15,0.33,19.5,2.0,0,0,1.1,1.1,0.09,0.9,0.9,Match Report,2024,Bournemouth
2023-11-04,15:00,Premier League,Matchweek 11,Sat,Away,L,1.0,6.0,Manchester City,1,5.0,1.0,20.0,0.2,1.0,11.4,0.0,0,0,0.9,0.9,0.18,0.1,0.1,Match Report,2024,Bournemouth
2023-11-11,17:30,Premier League,Matchweek 12,Sat,Home,W,2.0,0.0,Newcastle Utd,2,19.0,10.0,52.6,0.11,0.2,14.9,0.0,0,0,2.4,2.4,0.13,-0.4,-0.4,Match Report,2024,Bournemouth
2023-11-25,15:00,Premier League,Matchweek 13,Sat,Away,W,3.0,1.0,Sheffield Utd,3,23.0,11.0,47.8,0.13,0.27,15.7,0.0,0,0,2.9,2.9,0.13,0.1,0.1,Match Report,2024,Bournemouth
2023-12-03,14:00,Premier League,Matchweek 14,Sun,Home,D,2.0,2.0,Aston Villa,2,15.0,7.0,46.7,0.13,0.29,13.6,0.0,0,0,2.0,2.0,0.13,0.0,0.0,Match Report,2024,Bournemouth
2023-12-06,19:30,Premier League,Matchweek 15,Wed,Away,W,2.0,0.0,Crystal Palace,2,11.0,4.0,36.4,0.18,0.5,11.5,0.0,0,0,1.8,1.8,0.17,0.2,0.2,Match Report,2024,Bournemouth
2023-12-09,15:00,Premier League,Matchweek 16,Sat,Away,W,3.0,0.0,Manchester Utd,3,10.0,4.0,40.0,0.3,0.75,12.7,0.0,0,0,1.5,1.5,0.15,1.5,1.5,Match Report,2024,Bournemouth
2023-12-23,15:00,Premier League,Matchweek 18,Sat,Away,W,3.0,2.0,Nott'ham Forest,3,18.0,6.0,33.3,0.17,0.5,15.9,1.0,0,0,1.6,1.6,0.09,1.4,1.4,Match Report,2024,Bournemouth
2023-12-26,15:00,Premier League,Matchweek 19,Tue,Home,W,3.0,0.0,Fulham,3,15.0,3.0,20.0,0.13,0.67,18.5,0.0,1,1,1.8,1.0,0.07,1.2,1.0,Match Report,2024,Bournemouth
2023-12-31,14:00,Premier League,Matchweek 20,Sun,Away,L,1.0,3.0,Tottenham,1,24.0,4.0,16.7,0.04,0.25,17.2,1.0,0,0,1.7,1.7,0.07,-0.7,-0.7,Match Report,2024,Bournemouth
2024-01-21,16:30,Premier League,Matchweek 21,Sun,Home,L,0.0,4.0,Liverpool,0,11.0,1.0,9.1,0.0,0.0,19.8,0.0,0,0,1.4,1.4,0.12,-1.4,-1.4,Match Report,2024,Bournemouth
2024-02-01,19:30,Premier League,Matchweek 22,Thu,Away,D,1.0,1.0,West Ham,1,9.0,4.0,44.4,0.11,0.25,17.2,0.0,0,0,1.2,1.2,0.13,-0.2,-0.2,Match Report,2024,Bournemouth
2024-02-04,14:00,Premier League,Matchweek 23,Sun,Home,D,1.0,1.0,Nott'ham Forest,1,9.0,1.0,11.1,0.11,1.0,16.7,1.0,0,0,1.3,1.3,0.17,-0.3,-0.3,Match Report,2024,Bournemouth
2024-02-10,15:00,Premier League,Matchweek 24,Sat,Away,L,1.0,3.0,Fulham,1,25.0,4.0,16.0,0.04,0.25,16.7,1.0,0,0,1.8,1.8,0.07,-0.8,-0.8,Match Report,2024,Bournemouth
2024-02-17,15:00,Premier League,Matchweek 25,Sat,Away,D,2.0,2.0,Newcastle Utd,2,12.0,6.0,50.0,0.17,0.33,20.3,0.0,0,0,2.2,2.2,0.18,-0.2,-0.2,Match Report,2024,Bournemouth
2024-02-24,17:30,Premier League,Matchweek 26,Sat,Home,L,0.0,1.0,Manchester City,0,13.0,4.0,30.8,0.0,0.0,17.1,0.0,0,0,0.9,0.9,0.07,-0.9,-0.9,Match Report,2024,Bournemouth
2024-03-03,13:00,Premier League,Matchweek 27,Sun,Away,W,2.0,0.0,Burnley,2,10.0,3.0,30.0,0.2,0.67,15.1,1.0,0,0,1.1,1.1,0.11,0.9,0.9,Match Report,2024,Bournemouth
2024-03-09,15:00,Premier League,Matchweek 28,Sat,Home,D,2.0,2.0,Sheffield Utd,2,31.0,11.0,35.5,0.06,0.18,16.9,0.0,0,1,3.3,2.6,0.08,-1.3,-0.6,Match Report,2024,Bournemouth
2024-03-13,19:30,Premier League,Matchweek 17,Wed,Home,W,4.0,3.0,Luton Town,4,24.0,9.0,37.5,0.17,0.44,15.5,0.0,0,0,2.3,2.3,0.1,1.7,1.7,Match Report,2024,Bournemouth
2024-03-30,15:00,Premier League,Matchweek 30,Sat,Home,W,2.0,1.0,Everton,1,11.0,4.0,36.4,0.09,0.25,15.6,1.0,0,0,1.3,1.3,0.12,-0.3,-0.3,Match Report,2024,Bournemouth
2024-04-02,19:45,Premier League,Matchweek 31,Tue,Home,W,1.0,0.0,Crystal Palace,1,11.0,6.0,54.5,0.09,0.17,18.7,2.0,0,0,1.1,1.1,0.1,-0.1,-0.1,Match Report,2024,Bournemouth
2024-04-06,15:00,Premier League,Matchweek 32,Sat,Away,L,1.0,2.0,Luton Town,1,8.0,1.0,12.5,0.13,1.0,19.1,1.0,0,0,0.4,0.4,0.05,0.6,0.6,Match Report,2024,Bournemouth
2024-04-13,17:30,Premier League,Matchweek 33,Sat,Home,D,2.0,2.0,Manchester Utd,2,20.0,5.0,25.0,0.1,0.4,16.8,1.0,0,0,1.6,1.6,0.09,0.4,0.4,Match Report,2024,Bournemouth
2024-04-21,15:00,Premier League,Matchweek 34,Sun,Away,L,1.0,3.0,Aston Villa,1,13.0,4.0,30.8,0.0,0.0,16.4,0.0,1,1,1.8,1.0,0.08,-0.8,-1.0,Match Report,2024,Bournemouth
2024-04-24,19:45,Premier League,Matchweek 29,Wed,Away,W,1.0,0.0,Wolves,1,21.0,6.0,28.6,0.05,0.17,16.7,0.0,0,0,1.9,1.9,0.09,-0.9,-0.9,Match Report,2024,Bournemouth
2024-04-28,14:00,Premier League,Matchweek 35,Sun,Home,W,3.0,0.0,Brighton,3,15.0,6.0,40.0,0.2,0.5,14.4,1.0,0,0,1.9,1.9,0.14,1.1,1.1,Match Report,2024,Bournemouth
2024-05-04,12:30,Premier League,Matchweek 36,Sat,Away,L,0.0,3.0,Arsenal,0,7.0,2.0,28.6,0.0,0.0,20.4,1.0,0,0,0.5,0.5,0.07,-0.5,-0.5,Match Report,2024,Bournemouth
2024-05-11,15:00,Premier League,Matchweek 37,Sat,Home,L,1.0,2.0,Brentford,1,13.0,4.0,30.8,0.08,0.25,17.1,0.0,0,0,0.7,0.7,0.05,0.3,0.3,Match Report,2024,Bournemouth
2024-05-19,16:00,Premier League,Matchweek 38,Sun,Away,L,1.0,2.0,Chelsea,0,22.0,5.0,22.7,0.0,0.0,16.8,0.0,0,0,2.2,2.2,0.11,-2.2,-2.2,Match Report,2024,Bournemouth
2023-08-12,15:00,Premier League,Matchweek 1,Sat,Away,W,1.0,0.0,Everton,1,9.0,2.0,22.2,0.11,0.5,13.2,0.0,0,0,1.5,1.5,0.17,-0.5,-0.5,Match Report,2024,Fulham
2023-08-19,15:00,Premier League,Matchweek 2,Sat,Home,L,0.0,3.0,Brentford,0,10.0,2.0,20.0,0.0,0.0,22.3,1.0,0,0,0.5,0.5,0.05,-0.5,-0.5,Match Report,2024,Fulham
2023-08-26,15:00,Premier League,Matchweek 3,Sat,Away,D,2.0,2.0,Arsenal,2,8.0,3.0,37.5,0.25,0.67,17.8,0.0,0,0,0.6,0.6,0.07,1.4,1.4,Match Report,2024,Fulham
2023-09-02,15:00,Premier League,Matchweek 4,Sat,Away,L,1.0,5.0,Manchester City,1,6.0,4.0,66.7,0.17,0.25,11.4,0.0,0,0,1.4,1.4,0.31,-0.4,-0.4,Match Report,2024,Fulham
2023-09-16,15:00,Premier League,Matchweek 5,Sat,Home,W,1.0,0.0,Luton Town,1,13.0,2.0,15.4,0.08,0.5,19.5,2.0,0,0,1.0,1.0,0.07,0.0,0.0,Match Report,2024,Fulham
2023-09-23,15:00,Premier League,Matchweek 6,Sat,Away,D,0.0,0.0,Crystal Palace,0,10.0,5.0,50.0,0.0,0.0,18.7,1.0,0,0,0.6,0.6,0.06,-0.6,-0.6,Match Report,2024,Fulham
2023-10-02,20:00,Premier League,Matchweek 7,Mon,Home,L,0.0,2.0,Chelsea,0,10.0,3.0,30.0,0.0,0.0,13.2,0.0,0,0,1.1,1.1,0.11,-1.1,-1.1,Match Report,2024,Fulham
2023-10-07,15:00,Premier League,Matchweek 8,Sat,Home,W,3.0,1.0,Sheffield Utd,2,20.0,6.0,30.0,0.1,0.33,20.2,0.0,0,0,2.2,2.2,0.11,-0.2,-0.2,Match Report,2024,Fulham
2023-10-23,20:00,Premier League,Matchweek 9,Mon,Away,L,0.0,2.0,Tottenham,0,10.0,3.0,30.0,0.0,0.0,17.6,0.0,0,0,1.0,1.0,0.1,-1.0,-1.0,Match Report,2024,Fulham
2023-10-29,14:00,Premier League,Matchweek 10,Sun,Away,D,1.0,1.0,Brighton,1,10.0,5.0,50.0,0.1,0.2,19.3,0.0,0,0,0.7,0.7,0.07,0.3,0.3,Match Report,2024,Fulham
2023-11-04,12:30,Premier League,Matchweek 11,Sat,Home,L,0.0,1.0,Manchester Utd,0,18.0,2.0,11.1,0.0,0.0,18.6,1.0,0,0,1.0,1.0,0.06,-1.0,-1.0,Match Report,2024,Fulham
2023-11-12,14:00,Premier League,Matchweek 12,Sun,Away,L,1.0,3.0,Aston Villa,1,9.0,5.0,55.6,0.11,0.2,19.5,0.0,0,0,0.9,0.9,0.1,0.1,0.1,Match Report,2024,Fulham
2023-11-27,20:00,Premier League,Matchweek 13,Mon,Home,W,3.0,2.0,Wolves,3,10.0,4.0,40.0,0.1,0.25,22.9,0.0,2,2,2.9,1.3,0.13,0.1,-0.3,Match Report,2024,Fulham
2023-12-03,14:00,Premier League,Matchweek 14,Sun,Away,L,3.0,4.0,Liverpool,3,9.0,5.0,55.6,0.33,0.6,13.3,0.0,0,0,1.2,1.2,0.13,1.8,1.8,Match Report,2024,Fulham
2023-12-06,19:30,Premier League,Matchweek 15,Wed,Home,W,5.0,0.0,Nott'ham Forest,5,14.0,6.0,42.9,0.36,0.83,17.3,1.0,0,0,2.5,2.5,0.18,2.5,2.5,Match Report,2024,Fulham
2023-12-10,14:00,Premier League,Matchweek 16,Sun,Home,W,5.0,0.0,West Ham,5,14.0,8.0,57.1,0.36,0.63,17.7,0.0,0,0,2.3,2.3,0.17,2.7,2.7,Match Report,2024,Fulham
2023-12-16,15:00,Premier League,Matchweek 17,Sat,Away,L,0.0,3.0,Newcastle Utd,0,6.0,4.0,66.7,0.0,0.0,23.1,0.0,0,0,0.3,0.3,0.05,-0.3,-0.3,Match Report,2024,Fulham
2023-12-23,15:00,Premier League,Matchweek 18,Sat,Home,L,0.0,2.0,Burnley,0,19.0,5.0,26.3,0.0,0.0,16.3,1.0,0,0,1.3,1.3,0.07,-1.3,-1.3,Match Report,2024,Fulham
2023-12-26,15:00,Premier League,Matchweek 19,Tue,Away,L,0.0,3.0,Bournemouth,0,8.0,3.0,37.5,0.0,0.0,21.6,1.0,0,0,0.3,0.3,0.03,-0.3,-0.3,Match Report,2024,Fulham
2023-12-31,14:00,Premier League,Matchweek 20,Sun,Home,W,2.0,1.0,Arsenal,2,15.0,4.0,26.7,0.13,0.5,18.2,1.0,0,0,1.2,1.2,0.08,0.8,0.8,Match Report,2024,Fulham
2024-01-13,12:30,Premier League,Matchweek 21,Sat,Away,L,0.0,1.0,Chelsea,0,14.0,4.0,28.6,0.0,0.0,22.0,2.0,0,0,0.8,0.8,0.06,-0.8,-0.8,Match Report,2024,Fulham
2024-01-30,19:45,Premier League,Matchweek 22,Tue,Home,D,0.0,0.0,Everton,0,25.0,5.0,20.0,0.0,0.0,17.3,0.0,0,0,1.6,1.6,0.07,-1.6,-1.6,Match Report,2024,Fulham
2024-02-03,15:00,Premier League,Matchweek 23,Sat,Away,D,2.0,2.0,Burnley,2,15.0,7.0,46.7,0.13,0.29,13.2,0.0,0,0,1.5,1.5,0.1,0.5,0.5,Match Report,2024,Fulham
2024-02-10,15:00,Premier League,Matchweek 24,Sat,Home,W,3.0,1.0,Bournemouth,3,7.0,6.0,85.7,0.43,0.5,11.4,0.0,0,0,1.6,1.6,0.22,1.4,1.4,Match Report,2024,Fulham
2024-02-17,15:00,Premier League,Matchweek 25,Sat,Home,L,1.0,2.0,Aston Villa,1,15.0,4.0,26.7,0.07,0.25,14.7,0.0,0,0,1.5,1.5,0.1,-0.5,-0.5,Match Report,2024,Fulham
2024-02-24,15:00,Premier League,Matchweek 26,Sat,Away,W,2.0,1.0,Manchester Utd,2,17.0,5.0,29.4,0.12,0.4,17.1,0.0,0,0,1.2,1.2,0.07,0.8,0.8,Match Report,2024,Fulham
2024-03-02,15:00,Premier League,Matchweek 27,Sat,Home,W,3.0,0.0,Brighton,3,12.0,5.0,41.7,0.25,0.6,14.6,0.0,0,0,1.3,1.3,0.11,1.7,1.7,Match Report,2024,Fulham
2024-03-09,15:00,Premier League,Matchweek 28,Sat,Away,L,1.0,2.0,Wolves,1,23.0,6.0,26.1,0.04,0.17,14.1,0.0,0,0,2.6,2.6,0.12,-1.6,-1.6,Match Report,2024,Fulham
2024-03-16,17:30,Premier League,Matchweek 29,Sat,Home,W,3.0,0.0,Tottenham,3,16.0,7.0,43.8,0.19,0.43,12.7,0.0,0,0,2.6,2.6,0.18,0.4,0.4,Match Report,2024,Fulham
2024-03-30,15:00,Premier League,Matchweek 30,Sat,Away,D,3.0,3.0,Sheffield Utd,3,24.0,9.0,37.5,0.13,0.33,17.6,0.0,0,0,1.3,1.3,0.06,1.7,1.7,Match Report,2024,Fulham
2024-04-02,19:30,Premier League,Matchweek 31,Tue,Away,L,1.0,3.0,Nott'ham Forest,1,18.0,3.0,16.7,0.06,0.33,12.3,0.0,0,0,1.5,1.5,0.08,-0.5,-0.5,Match Report,2024,Fulham
2024-04-06,15:00,Premier League,Matchweek 32,Sat,Home,L,0.0,1.0,Newcastle Utd,0,14.0,4.0,28.6,0.0,0.0,17.6,0.0,0,0,1.2,1.2,0.09,-1.2,-1.2,Match Report,2024,Fulham
2024-04-14,14:00,Premier League,Matchweek 33,Sun,Away,W,2.0,0.0,West Ham,2,18.0,10.0,55.6,0.11,0.2,15.1,0.0,0,0,3.2,3.2,0.18,-1.2,-1.2,Match Report,2024,Fulham
2024-04-21,16:30,Premier League,Matchweek 34,Sun,Home,L,1.0,3.0,Liverpool,1,12.0,5.0,41.7,0.08,0.2,17.1,1.0,0,0,0.8,0.8,0.07,0.2,0.2,Match Report,2024,Fulham
2024-04-27,15:00,Premier League,Matchweek 35,Sat,Home,D,1.0,1.0,Crystal Palace,1,9.0,2.0,22.2,0.11,0.5,14.9,0.0,0,0,1.1,1.1,0.13,-0.1,-0.1,Match Report,2024,Fulham
2024-05-04,15:00,Premier League,Matchweek 36,Sat,Away,D,0.0,0.0,Brentford,0,15.0,3.0,20.0,0.0,0.0,17.4,0.0,0,0,1.3,1.3,0.09,-1.3,-1.3,Match Report,2024,Fulham
2024-05-11,12:30,Premier League,Matchweek 37,Sat,Home,L,0.0,4.0,Manchester City,0,1.0,1.0,100.0,0.0,0.0,9.6,0.0,0,0,0.1,0.1,0.12,-0.1,-0.1,Match Report,2024,Fulham
2024-05-19,16:00,Premier League,Matchweek 38,Sun,Away,W,4.0,2.0,Luton Town,4,16.0,8.0,50.0,0.25,0.5,21.6,2.0,0,0,1.1,1.1,0.07,2.9,2.9,Match Report,2024,Fulham
2023-08-14,20:00,Premier League,Matchweek 1,Mon,Away,L,0.0,1.0,Manchester Utd,0,23.0,6.0,26.1,0.0,0.0,15.3,0.0,0,0,2.2,2.2,0.1,-2.2,-2.2,Match Report,2024,Wolverhampton Wanderers
2023-08-19,15:00,Premier League,Matchweek 2,Sat,Home,L,1.0,4.0,Brighton,1,16.0,5.0,31.3,0.06,0.2,16.1,0.0,0,0,2.1,2.1,0.15,-1.1,-1.1,Match Report,2024,Wolverhampton Wanderers
2023-08-26,15:00,Premier League,Matchweek 3,Sat,Away,W,1.0,0.0,Everton,1,11.0,2.0,18.2,0.09,0.5,17.8,1.0,0,0,1.1,1.1,0.1,-0.1,-0.1,Match Report,2024,Wolverhampton Wanderers
2023-09-03,14:00,Premier League,Matchweek 4,Sun,Away,L,2.0,3.0,Crystal Palace,2,12.0,4.0,33.3,0.17,0.5,16.2,0.0,0,0,1.2,1.2,0.1,0.8,0.8,Match Report,2024,Wolverhampton Wanderers
2023-09-16,12:30,Premier League,Matchweek 5,Sat,Home,L,1.0,3.0,Liverpool,1,11.0,2.0,18.2,0.09,0.5,18.7,0.0,0,0,0.6,0.6,0.06,0.4,0.4,Match Report,2024,Wolverhampton Wanderers
2023-09-23,15:00,Premier League,Matchweek 6,Sat,Away,D,1.0,1.0,Luton Town,1,3.0,3.0,100.0,0.33,0.33,7.0,0.0,0,0,0.6,0.6,0.21,0.4,0.4,Match Report,2024,Wolverhampton Wanderers
2023-09-30,15:00,Premier League,Matchweek 7,Sat,Home,W,2.0,1.0,Manchester City,1,3.0,1.0,33.3,0.33,1.0,11.4,0.0,0,0,0.4,0.4,0.16,0.6,0.6,Match Report,2024,Wolverhampton Wanderers
2023-10-08,14:00,Premier League,Matchweek 8,Sun,Home,D,1.0,1.0,Aston Villa,1,8.0,3.0,37.5,0.13,0.33,16.0,0.0,0,0,1.7,1.7,0.21,-0.7,-0.7,Match Report,2024,Wolverhampton Wanderers
2023-10-21,15:00,Premier League,Matchweek 9,Sat,Away,W,2.0,1.0,Bournemouth,2,21.0,7.0,33.3,0.1,0.29,16.2,0.0,0,0,2.4,2.4,0.12,-0.4,-0.4,Match Report,2024,Wolverhampton Wanderers
2023-10-28,17:30,Premier League,Matchweek 10,Sat,Home,D,2.0,2.0,Newcastle Utd,2,11.0,6.0,54.5,0.18,0.33,17.2,1.0,0,0,0.9,0.9,0.08,1.1,1.1,Match Report,2024,Wolverhampton Wanderers
2023-11-04,15:00,Premier League,Matchweek 11,Sat,Away,L,1.0,2.0,Sheffield Utd,1,10.0,3.0,30.0,0.1,0.33,17.5,1.0,0,0,1.2,1.2,0.13,-0.2,-0.2,Match Report,2024,Wolverhampton Wanderers
2023-11-11,12:30,Premier League,Matchweek 12,Sat,Home,W,2.0,1.0,Tottenham,2,17.0,4.0,23.5,0.12,0.5,18.5,0.0,0,0,2.1,2.1,0.13,-0.1,-0.1,Match Report,2024,Wolverhampton Wanderers
2023-11-27,20:00,Premier League,Matchweek 13,Mon,Away,L,2.0,3.0,Fulham,2,9.0,5.0,55.6,0.11,0.2,16.6,0.0,1,1,1.4,0.6,0.06,0.6,0.4,Match Report,2024,Wolverhampton Wanderers
2023-12-02,15:00,Premier League,Matchweek 14,Sat,Away,L,1.0,2.0,Arsenal,1,6.0,3.0,50.0,0.17,0.33,10.8,0.0,0,0,0.7,0.7,0.12,0.3,0.3,Match Report,2024,Wolverhampton Wanderers
2023-12-05,19:30,Premier League,Matchweek 15,Tue,Home,W,1.0,0.0,Burnley,1,7.0,4.0,57.1,0.14,0.25,15.8,1.0,0,0,0.8,0.8,0.12,0.2,0.2,Match Report,2024,Wolverhampton Wanderers
2023-12-09,15:00,Premier League,Matchweek 16,Sat,Home,D,1.0,1.0,Nott'ham Forest,1,10.0,4.0,40.0,0.1,0.25,15.2,0.0,0,0,1.2,1.2,0.12,-0.2,-0.2,Match Report,2024,Wolverhampton Wanderers
2023-12-17,14:00,Premier League,Matchweek 17,Sun,Away,L,0.0,3.0,West Ham,0,14.0,3.0,21.4,0.0,0.0,20.5,0.0,0,0,0.7,0.7,0.05,-0.7,-0.7,Match Report,2024,Wolverhampton Wanderers
2023-12-24,13:00,Premier League,Matchweek 18,Sun,Home,W,2.0,1.0,Chelsea,2,14.0,6.0,42.9,0.14,0.33,16.7,1.0,0,0,1.3,1.3,0.09,0.7,0.7,Match Report,2024,Wolverhampton Wanderers
2023-12-27,19:30,Premier League,Matchweek 19,Wed,Away,W,4.0,1.0,Brentford,4,11.0,5.0,45.5,0.36,0.8,17.8,0.0,0,0,2.4,2.4,0.22,1.6,1.6,Match Report,2024,Wolverhampton Wanderers
2023-12-30,15:00,Premier League,Matchweek 20,Sat,Home,W,3.0,0.0,Everton,3,12.0,6.0,50.0,0.25,0.5,13.4,0.0,0,0,1.9,1.9,0.17,1.1,1.1,Match Report,2024,Wolverhampton Wanderers
2024-01-22,19:45,Premier League,Matchweek 21,Mon,Away,D,0.0,0.0,Brighton,0,8.0,3.0,37.5,0.0,0.0,18.6,0.0,0,0,1.1,1.1,0.15,-1.1,-1.1,Match Report,2024,Wolverhampton Wanderers
2024-02-01,20:15,Premier League,Matchweek 22,Thu,Home,L,3.0,4.0,Manchester Utd,3,15.0,5.0,33.3,0.13,0.4,16.6,1.0,1,1,2.1,1.3,0.09,0.9,0.7,Match Report,2024,Wolverhampton Wanderers
2024-02-04,14:00,Premier League,Matchweek 23,Sun,Away,W,4.0,2.0,Chelsea,3,13.0,6.0,46.2,0.15,0.33,16.6,2.0,1,1,2.0,1.2,0.09,1.0,0.8,Match Report,2024,Wolverhampton Wanderers
2024-02-10,15:00,Premier League,Matchweek 24,Sat,Home,L,0.0,2.0,Brentford,0,17.0,5.0,29.4,0.0,0.0,17.2,1.0,0,0,1.0,1.0,0.06,-1.0,-1.0,Match Report,2024,Wolverhampton Wanderers
2024-02-17,15:00,Premier League,Matchweek 25,Sat,Away,W,2.0,1.0,Tottenham,2,12.0,7.0,58.3,0.17,0.29,15.9,0.0,0,0,1.8,1.8,0.15,0.2,0.2,Match Report,2024,Wolverhampton Wanderers
2024-02-25,13:30,Premier League,Matchweek 26,Sun,Home,W,1.0,0.0,Sheffield Utd,1,13.0,2.0,15.4,0.08,0.5,14.6,0.0,0,0,1.3,1.3,0.1,-0.3,-0.3,Match Report,2024,Wolverhampton Wanderers
2024-03-02,15:00,Premier League,Matchweek 27,Sat,Away,L,0.0,3.0,Newcastle Utd,0,12.0,3.0,25.0,0.0,0.0,15.9,0.0,0,0,0.8,0.8,0.07,-0.8,-0.8,Match Report,2024,Wolverhampton Wanderers
2024-03-09,15:00,Premier League,Matchweek 28,Sat,Home,W,2.0,1.0,Fulham,1,8.0,3.0,37.5,0.13,0.33,16.3,0.0,0,0,0.8,0.8,0.1,0.2,0.2,Match Report,2024,Wolverhampton Wanderers
2024-03-30,17:30,Premier League,Matchweek 30,Sat,Away,L,0.0,2.0,Aston Villa,0,13.0,3.0,23.1,0.0,0.0,14.6,1.0,0,0,1.5,1.5,0.11,-1.5,-1.5,Match Report,2024,Wolverhampton Wanderers
2024-04-02,19:45,Premier League,Matchweek 31,Tue,Away,D,1.0,1.0,Burnley,1,8.0,2.0,25.0,0.13,0.5,12.4,0.0,0,0,0.9,0.9,0.11,0.1,0.1,Match Report,2024,Wolverhampton Wanderers
2024-04-06,15:00,Premier League,Matchweek 32,Sat,Home,L,1.0,2.0,West Ham,1,13.0,6.0,46.2,0.0,0.0,25.4,1.0,1,1,1.5,0.7,0.05,-0.5,-0.7,Match Report,2024,Wolverhampton Wanderers
2024-04-13,15:00,Premier League,Matchweek 33,Sat,Away,D,2.0,2.0,Nott'ham Forest,2,11.0,3.0,27.3,0.18,0.67,16.1,0.0,0,0,1.0,1.0,0.11,1.0,1.0,Match Report,2024,Wolverhampton Wanderers
2024-04-20,19:30,Premier League,Matchweek 34,Sat,Home,L,0.0,2.0,Arsenal,0,5.0,3.0,60.0,0.0,0.0,20.1,0.0,0,0,0.2,0.2,0.03,-0.2,-0.2,Match Report,2024,Wolverhampton Wanderers
2024-04-24,19:45,Premier League,Matchweek 29,Wed,Home,L,0.0,1.0,Bournemouth,0,15.0,4.0,26.7,0.0,0.0,20.1,0.0,0,0,0.5,0.5,0.04,-0.5,-0.5,Match Report,2024,Wolverhampton Wanderers
2024-04-27,15:00,Premier League,Matchweek 35,Sat,Home,W,2.0,1.0,Luton Town,2,13.0,5.0,38.5,0.15,0.4,18.8,0.0,0,0,1.2,1.2,0.09,0.8,0.8,Match Report,2024,Wolverhampton Wanderers
2024-05-04,17:30,Premier League,Matchweek 36,Sat,Away,L,1.0,5.0,Manchester City,1,2.0,1.0,50.0,0.5,1.0,9.0,0.0,0,0,0.3,0.3,0.17,0.7,0.7,Match Report,2024,Wolverhampton Wanderers
2024-05-11,15:00,Premier League,Matchweek 37,Sat,Home,L,1.0,3.0,Crystal Palace,1,14.0,8.0,57.1,0.07,0.13,14.6,0.0,0,0,1.6,1.6,0.11,-0.6,-0.6,Match Report,2024,Wolverhampton Wanderers
2024-05-19,16:00,Premier League,Matchweek 38,Sun,Away,L,0.0,2.0,Liverpool,0,4.0,2.0,50.0,0.0,0.0,19.0,1.0,0,0,0.5,0.5,0.12,-0.5,-0.5,Match Report,2024,Wolverhampton Wanderers
2023-08-12,15:00,Premier League,Matchweek 1,Sat,Home,L,0.0,1.0,Fulham,0,19.0,9.0,47.4,0.0,0.0,15.8,0.0,0,0,2.7,2.7,0.14,-2.7,-2.7,Match Report,2024,Everton
2023-08-20,14:00,Premier League,Matchweek 2,Sun,Away,L,0.0,4.0,Aston Villa,0,9.0,2.0,22.2,0.0,0.0,14.7,0.0,0,0,0.6,0.6,0.07,-0.6,-0.6,Match Report,2024,Everton
2023-08-26,15:00,Premier League,Matchweek 3,Sat,Home,L,0.0,1.0,Wolves,0,15.0,7.0,46.7,0.0,0.0,13.8,0.0,0,0,1.3,1.3,0.09,-1.3,-1.3,Match Report,2024,Everton
2023-09-02,12:30,Premier League,Matchweek 4,Sat,Away,D,2.0,2.0,Sheffield Utd,2,16.0,6.0,37.5,0.13,0.33,14.8,2.0,0,0,2.5,2.5,0.21,-0.5,-0.5,Match Report,2024,Everton
2023-09-17,16:30,Premier League,Matchweek 5,Sun,Home,L,0.0,1.0,Arsenal,0,8.0,1.0,12.5,0.0,0.0,21.6,0.0,0,0,0.3,0.3,0.04,-0.3,-0.3,Match Report,2024,Everton
2023-09-23,17:30,Premier League,Matchweek 6,Sat,Away,W,3.0,1.0,Brentford,3,18.0,6.0,33.3,0.17,0.5,17.8,0.0,0,0,1.9,1.9,0.11,1.1,1.1,Match Report,2024,Everton
2023-09-30,15:00,Premier League,Matchweek 7,Sat,Home,L,1.0,2.0,Luton Town,1,23.0,4.0,17.4,0.04,0.25,14.4,0.0,0,0,2.9,2.9,0.16,-1.9,-1.9,Match Report,2024,Everton
2023-10-07,15:00,Premier League,Matchweek 8,Sat,Home,W,3.0,0.0,Bournemouth,3,25.0,8.0,32.0,0.12,0.38,15.8,0.0,0,0,2.4,2.4,0.1,0.6,0.6,Match Report,2024,Everton
2023-10-21,12:30,Premier League,Matchweek 9,Sat,Away,L,0.0,2.0,Liverpool,0,6.0,1.0,16.7,0.0,0.0,35.2,0.0,0,0,0.1,0.1,0.02,-0.1,-0.1,Match Report,2024,Everton
2023-10-29,13:00,Premier League,Matchweek 10,Sun,Away,W,1.0,0.0,West Ham,1,10.0,4.0,40.0,0.1,0.25,17.4,0.0,0,0,0.8,0.8,0.08,0.2,0.2,Match Report,2024,Everton
2023-11-04,15:00,Premier League,Matchweek 11,Sat,Home,D,1.0,1.0,Brighton,1,10.0,4.0,40.0,0.1,0.25,14.4,1.0,0,0,0.7,0.7,0.07,0.3,0.3,Match Report,2024,Everton
2023-11-11,15:00,Premier League,Matchweek 12,Sat,Away,W,3.0,2.0,Crystal Palace,3,8.0,4.0,50.0,0.38,0.75,14.5,0.0,0,0,1.5,1.5,0.19,1.5,1.5,Match Report,2024,Everton
2023-11-26,16:30,Premier League,Matchweek 13,Sun,Home,L,0.0,3.0,Manchester Utd,0,24.0,6.0,25.0,0.0,0.0,16.9,0.0,0,0,2.4,2.4,0.11,-2.4,-2.4,Match Report,2024,Everton
2023-12-02,17:30,Premier League,Matchweek 14,Sat,Away,W,1.0,0.0,Nott'ham Forest,1,12.0,2.0,16.7,0.08,0.5,20.8,1.0,0,0,0.7,0.7,0.06,0.3,0.3,Match Report,2024,Everton
2023-12-07,19:30,Premier League,Matchweek 15,Thu,Home,W,3.0,0.0,Newcastle Utd,3,21.0,6.0,28.6,0.14,0.5,13.3,0.0,0,0,3.3,3.3,0.16,-0.3,-0.3,Match Report,2024,Everton
2023-12-10,14:00,Premier League,Matchweek 16,Sun,Home,W,2.0,0.0,Chelsea,2,9.0,5.0,55.6,0.22,0.4,16.4,0.0,0,0,1.2,1.2,0.15,0.8,0.8,Match Report,2024,Everton
2023-12-16,17:30,Premier League,Matchweek 17,Sat,Away,W,2.0,0.0,Burnley,2,9.0,6.0,66.7,0.22,0.33,11.8,1.0,0,0,1.4,1.4,0.17,0.6,0.6,Match Report,2024,Everton
2023-12-23,15:00,Premier League,Matchweek 18,Sat,Away,L,1.0,2.0,Tottenham,1,18.0,8.0,44.4,0.06,0.13,15.8,0.0,0,0,1.8,1.8,0.1,-0.8,-0.8,Match Report,2024,Everton
2023-12-27,20:15,Premier League,Matchweek 19,Wed,Home,L,1.0,3.0,Manchester City,1,7.0,2.0,28.6,0.14,0.5,12.5,0.0,0,0,1.0,1.0,0.14,0.0,0.0,Match Report,2024,Everton
2023-12-30,15:00,Premier League,Matchweek 20,Sat,Away,L,0.0,3.0,Wolves,0,10.0,0.0,0.0,0.0,,20.7,0.0,0,0,0.4,0.4,0.05,-0.4,-0.4,Match Report,2024,Everton
2024-01-14,14:00,Premier League,Matchweek 21,Sun,Home,D,0.0,0.0,Aston Villa,0,10.0,2.0,20.0,0.0,0.0,17.2,1.0,0,0,1.1,1.1,0.12,-1.1,-1.1,Match Report,2024,Everton
2024-01-30,19:45,Premier League,Matchweek 22,Tue,Away,D,0.0,0.0,Fulham,0,21.0,2.0,9.5,0.0,0.0,14.4,2.0,0,0,1.9,1.9,0.11,-1.9,-1.9,Match Report,2024,Everton
2024-02-03,12:30,Premier League,Matchweek 23,Sat,Home,D,2.0,2.0,Tottenham,2,14.0,4.0,28.6,0.14,0.5,14.3,0.0,0,0,2.6,2.6,0.23,-0.6,-0.6,Match Report,2024,Everton
2024-02-10,12:30,Premier League,Matchweek 24,Sat,Away,L,0.0,2.0,Manchester City,0,5.0,1.0,20.0,0.0,0.0,22.9,0.0,0,0,0.3,0.3,0.06,-0.3,-0.3,Match Report,2024,Everton
2024-02-19,20:00,Premier League,Matchweek 25,Mon,Home,D,1.0,1.0,Crystal Palace,1,19.0,4.0,21.1,0.05,0.25,16.4,1.0,0,0,1.7,1.7,0.09,-0.7,-0.7,Match Report,2024,Everton
2024-02-24,15:00,Premier League,Matchweek 26,Sat,Away,D,1.0,1.0,Brighton,1,6.0,2.0,33.3,0.17,0.5,16.0,0.0,0,0,0.3,0.3,0.05,0.7,0.7,Match Report,2024,Everton
2024-03-02,15:00,Premier League,Matchweek 27,Sat,Home,L,1.0,3.0,West Ham,1,21.0,9.0,42.9,0.05,0.11,21.8,0.0,0,1,2.7,1.9,0.09,-1.7,-0.9,Match Report,2024,Everton
2024-03-09,12:30,Premier League,Matchweek 28,Sat,Away,L,0.0,2.0,Manchester Utd,0,23.0,6.0,26.1,0.0,0.0,16.9,1.0,0,0,1.6,1.6,0.07,-1.6,-1.6,Match Report,2024,Everton
2024-03-30,15:00,Premier League,Matchweek 30,Sat,Away,L,1.0,2.0,Bournemouth,1,7.0,3.0,42.9,0.14,0.33,16.0,0.0,0,0,1.0,1.0,0.14,0.0,0.0,Match Report,2024,Everton
2024-04-02,19:30,Premier League,Matchweek 31,Tue,Away,D,1.0,1.0,Newcastle Utd,1,9.0,2.0,22.2,0.0,0.0,17.4,0.0,1,1,1.4,0.7,0.07,-0.4,-0.7,Match Report,2024,Everton
2024-04-06,15:00,Premier League,Matchweek 32,Sat,Home,W,1.0,0.0,Burnley,1,12.0,3.0,25.0,0.08,0.33,20.0,1.0,0,0,0.9,0.9,0.08,0.1,0.1,Match Report,2024,Everton
2024-04-15,20:00,Premier League,Matchweek 33,Mon,Away,L,0.0,6.0,Chelsea,0,10.0,2.0,20.0,0.0,0.0,13.7,0.0,0,0,1.5,1.5,0.15,-1.5,-1.5,Match Report,2024,Everton
2024-04-21,13:30,Premier League,Matchweek 34,Sun,Home,W,2.0,0.0,Nott'ham Forest,2,7.0,4.0,57.1,0.29,0.5,18.7,0.0,0,0,0.3,0.3,0.05,1.7,1.7,Match Report,2024,Everton
2024-04-24,20:00,Premier League,Matchweek 29,Wed,Home,W,2.0,0.0,Liverpool,2,16.0,6.0,37.5,0.13,0.33,14.9,0.0,0,0,1.2,1.2,0.08,0.8,0.8,Match Report,2024,Everton
2024-04-27,17:30,Premier League,Matchweek 35,Sat,Home,W,1.0,0.0,Brentford,1,18.0,1.0,5.6,0.06,1.0,19.1,1.0,0,0,0.8,0.8,0.05,0.2,0.2,Match Report,2024,Everton
2024-05-03,20:00,Premier League,Matchweek 36,Fri,Away,D,1.0,1.0,Luton Town,1,9.0,2.0,22.2,0.0,0.0,18.7,0.0,1,1,1.4,0.6,0.07,-0.4,-0.6,Match Report,2024,Everton
2024-05-11,15:00,Premier League,Matchweek 37,Sat,Home,W,1.0,0.0,Sheffield Utd,1,15.0,6.0,40.0,0.07,0.17,17.1,0.0,0,0,2.3,2.3,0.16,-1.3,-1.3,Match Report,2024,Everton
2024-05-19,16:00,Premier League,Matchweek 38,Sun,Away,L,1.0,2.0,Arsenal,1,5.0,2.0,40.0,0.2,0.5,20.3,2.0,0,0,0.6,0.6,0.13,0.4,0.4,Match Report,2024,Everton
2023-08-13,14:00,Premier League,Matchweek 1,Sun,Home,D,2.0,2.0,Tottenham,2,10.0,5.0,50.0,0.1,0.2,18.0,0.0,1,1,2.2,1.4,0.14,-0.2,-0.4,Match Report,2024,Brentford
2023-08-19,15:00,Premier League,Matchweek 2,Sat,Away,W,3.0,0.0,Fulham,3,16.0,7.0,43.8,0.13,0.29,13.8,1.0,1,1,3.7,3.1,0.2,-0.7,-1.1,Match Report,2024,Brentford
2023-08-26,15:00,Premier League,Matchweek 3,Sat,Home,D,1.0,1.0,Crystal Palace,1,12.0,1.0,8.3,0.08,1.0,13.7,0.0,0,0,1.0,1.0,0.08,0.0,0.0,Match Report,2024,Brentford
2023-09-02,15:00,Premier League,Matchweek 4,Sat,Home,D,2.0,2.0,Bournemouth,2,21.0,7.0,33.3,0.1,0.29,14.7,1.0,0,0,2.9,2.9,0.14,-0.9,-0.9,Match Report,2024,Brentford
2023-09-16,17:30,Premier League,Matchweek 5,Sat,Away,L,0.0,1.0,Newcastle Utd,0,11.0,2.0,18.2,0.0,0.0,15.7,0.0,0,0,0.5,0.5,0.05,-0.5,-0.5,Match Report,2024,Brentford
2023-09-23,17:30,Premier League,Matchweek 6,Sat,Home,L,1.0,3.0,Everton,1,12.0,2.0,16.7,0.08,0.5,13.9,1.0,0,0,1.0,1.0,0.09,0.0,0.0,Match Report,2024,Brentford
2023-10-01,14:00,Premier League,Matchweek 7,Sun,Away,D,1.0,1.0,Nott'ham Forest,1,18.0,3.0,16.7,0.06,0.33,14.1,0.0,0,0,1.6,1.6,0.09,-0.6,-0.6,Match Report,2024,Brentford
2023-10-07,15:00,Premier League,Matchweek 8,Sat,Away,L,1.0,2.0,Manchester Utd,1,11.0,3.0,27.3,0.09,0.33,17.3,0.0,0,0,0.9,0.9,0.09,0.1,0.1,Match Report,2024,Brentford
2023-10-21,15:00,Premier League,Matchweek 9,Sat,Home,W,3.0,0.0,Burnley,3,23.0,9.0,39.1,0.13,0.33,15.0,1.0,0,0,3.1,3.1,0.14,-0.1,-0.1,Match Report,2024,Brentford
2023-10-28,12:30,Premier League,Matchweek 10,Sat,Away,W,2.0,0.0,Chelsea,2,7.0,5.0,71.4,0.29,0.4,12.7,0.0,0,0,2.2,2.2,0.31,-0.2,-0.2,Match Report,2024,Brentford
2023-11-04,15:00,Premier League,Matchweek 11,Sat,Home,W,3.0,2.0,West Ham,2,16.0,4.0,25.0,0.13,0.5,15.7,1.0,0,0,1.5,1.5,0.1,0.5,0.5,Match Report,2024,Brentford
2023-11-12,14:00,Premier League,Matchweek 12,Sun,Away,L,0.0,3.0,Liverpool,0,16.0,3.0,18.8,0.0,0.0,17.0,2.0,0,0,1.6,1.6,0.1,-1.6,-1.6,Match Report,2024,Brentford
2023-11-25,17:30,Premier League,Matchweek 13,Sat,Home,L,0.0,1.0,Arsenal,0,9.0,1.0,11.1,0.0,0.0,13.9,0.0,0,0,1.1,1.1,0.14,-1.1,-1.1,Match Report,2024,Brentford
2023-12-02,15:00,Premier League,Matchweek 14,Sat,Home,W,3.0,1.0,Luton Town,3,27.0,6.0,22.2,0.11,0.5,15.4,0.0,0,0,3.1,3.1,0.13,-0.1,-0.1,Match Report,2024,Brentford
2023-12-06,19:30,Premier League,Matchweek 15,Wed,Away,L,1.0,2.0,Brighton,1,7.0,0.0,0.0,0.0,,17.6,0.0,1,1,1.5,0.7,0.1,-0.5,-0.7,Match Report,2024,Brentford
2023-12-09,15:00,Premier League,Matchweek 16,Sat,Away,L,0.0,1.0,Sheffield Utd,0,10.0,4.0,40.0,0.0,0.0,16.7,0.0,0,0,0.6,0.6,0.07,-0.6,-0.6,Match Report,2024,Brentford
2023-12-17,14:00,Premier League,Matchweek 17,Sun,Home,L,1.0,2.0,Aston Villa,1,4.0,3.0,75.0,0.25,0.33,13.3,0.0,0,0,0.5,0.5,0.13,0.5,0.5,Match Report,2024,Brentford
2023-12-27,19:30,Premier League,Matchweek 19,Wed,Home,L,1.0,4.0,Wolves,1,14.0,4.0,28.6,0.07,0.25,13.8,0.0,0,0,2.2,2.2,0.16,-1.2,-1.2,Match Report,2024,Brentford
2023-12-30,15:00,Premier League,Matchweek 20,Sat,Away,L,1.0,3.0,Crystal Palace,1,9.0,4.0,44.4,0.11,0.25,16.0,0.0,0,0,1.4,1.4,0.15,-0.4,-0.4,Match Report,2024,Brentford
2024-01-20,17:30,Premier League,Matchweek 21,Sat,Home,W,3.0,2.0,Nott'ham Forest,3,11.0,5.0,45.5,0.27,0.6,14.8,1.0,0,0,1.2,1.2,0.11,1.8,1.8,Match Report,2024,Brentford
2024-01-31,19:30,Premier League,Matchweek 22,Wed,Away,L,2.0,3.0,Tottenham,2,9.0,5.0,55.6,0.22,0.4,12.9,0.0,0,0,1.6,1.6,0.18,0.4,0.4,Match Report,2024,Brentford
2024-02-05,20:00,Premier League,Matchweek 23,Mon,Home,L,1.0,3.0,Manchester City,1,9.0,2.0,22.2,0.11,0.5,15.3,0.0,0,0,1.0,1.0,0.12,0.0,0.0,Match Report,2024,Brentford
2024-02-10,15:00,Premier League,Matchweek 24,Sat,Away,W,2.0,0.0,Wolves,2,9.0,6.0,66.7,0.22,0.33,14.0,0.0,0,0,1.9,1.9,0.22,0.1,0.1,Match Report,2024,Brentford
2024-02-17,12:30,Premier League,Matchweek 25,Sat,Home,L,1.0,4.0,Liverpool,1,15.0,6.0,40.0,0.07,0.17,19.8,3.0,0,0,1.6,1.6,0.12,-0.6,-0.6,Match Report,2024,Brentford
2024-02-20,19:30,Premier League,Matchweek 18,Tue,Away,L,0.0,1.0,Manchester City,0,6.0,2.0,33.3,0.0,0.0,19.4,1.0,0,0,0.4,0.4,0.06,-0.4,-0.4,Match Report,2024,Brentford
2024-02-26,20:00,Premier League,Matchweek 26,Mon,Away,L,2.0,4.0,West Ham,2,14.0,7.0,50.0,0.14,0.29,16.7,0.0,0,0,0.9,0.9,0.07,1.1,1.1,Match Report,2024,Brentford
2024-03-02,15:00,Premier League,Matchweek 27,Sat,Home,D,2.0,2.0,Chelsea,2,14.0,5.0,35.7,0.14,0.4,14.5,0.0,0,0,1.8,1.8,0.13,0.2,0.2,Match Report,2024,Brentford
2024-03-09,17:30,Premier League,Matchweek 28,Sat,Away,L,1.0,2.0,Arsenal,1,9.0,4.0,44.4,0.11,0.25,17.1,0.0,0,0,1.0,1.0,0.11,0.0,0.0,Match Report,2024,Brentford
2024-03-16,15:00,Premier League,Matchweek 29,Sat,Away,L,1.0,2.0,Burnley,1,9.0,5.0,55.6,0.11,0.2,14.7,0.0,0,0,1.1,1.1,0.13,-0.1,-0.1,Match Report,2024,Brentford
2024-03-30,20:00,Premier League,Matchweek 30,Sat,Home,D,1.0,1.0,Manchester Utd,1,31.0,5.0,16.1,0.03,0.2,15.0,1.0,0,0,3.2,3.2,0.11,-2.2,-2.2,Match Report,2024,Brentford
2024-04-03,19:30,Premier League,Matchweek 31,Wed,Home,D,0.0,0.0,Brighton,0,5.0,2.0,40.0,0.0,0.0,17.1,1.0,0,0,0.6,0.6,0.11,-0.6,-0.6,Match Report,2024,Brentford
2024-04-06,15:00,Premier League,Matchweek 32,Sat,Away,D,3.0,3.0,Aston Villa,3,8.0,3.0,37.5,0.38,1.0,16.5,2.0,0,0,1.5,1.5,0.2,1.5,1.5,Match Report,2024,Brentford
2024-04-13,15:00,Premier League,Matchweek 33,Sat,Home,W,2.0,0.0,Sheffield Utd,1,9.0,5.0,55.6,0.11,0.2,18.7,0.0,0,0,1.0,1.0,0.11,0.0,0.0,Match Report,2024,Brentford
2024-04-20,15:00,Premier League,Matchweek 34,Sat,Away,W,5.0,1.0,Luton Town,5,21.0,9.0,42.9,0.24,0.56,18.0,0.0,0,0,3.1,3.1,0.15,1.9,1.9,Match Report,2024,Brentford
2024-04-27,17:30,Premier League,Matchweek 35,Sat,Away,L,0.0,1.0,Everton,0,10.0,4.0,40.0,0.0,0.0,16.6,0.0,0,0,0.9,0.9,0.09,-0.9,-0.9,Match Report,2024,Brentford
2024-05-04,15:00,Premier League,Matchweek 36,Sat,Home,D,0.0,0.0,Fulham,0,7.0,2.0,28.6,0.0,0.0,12.9,0.0,0,0,0.6,0.6,0.09,-0.6,-0.6,Match Report,2024,Brentford
2024-05-11,15:00,Premier League,Matchweek 37,Sat,Away,W,2.0,1.0,Bournemouth,2,11.0,4.0,36.4,0.18,0.5,15.7,0.0,0,0,1.1,1.1,0.1,0.9,0.9,Match Report,2024,Brentford
2024-05-19,16:00,Premier League,Matchweek 38,Sun,Home,L,2.0,4.0,Newcastle Utd,2,10.0,5.0,50.0,0.2,0.4,15.9,1.0,0,0,1.1,1.1,0.11,0.9,0.9,Match Report,2024,Brentford
2023-08-12,12:30,Premier League,Matchweek 1,Sat,Away,L,1.0,2.0,Arsenal,1,6.0,2.0,33.3,0.17,0.5,17.3,0.0,0,0,1.2,1.2,0.2,-0.2,-0.2,Match Report,2024,Nottingham Forest
2023-08-18,19:45,Premier League,Matchweek 2,Fri,Home,W,2.0,1.0,Sheffield Utd,2,16.0,4.0,25.0,0.13,0.5,15.6,0.0,0,0,1.4,1.4,0.09,0.6,0.6,Match Report,2024,Nottingham Forest
2023-08-26,15:00,Premier League,Matchweek 3,Sat,Away,L,2.0,3.0,Manchester Utd,2,9.0,4.0,44.4,0.22,0.5,14.7,0.0,0,0,1.2,1.2,0.13,0.8,0.8,Match Report,2024,Nottingham Forest
2023-09-02,15:00,Premier League,Matchweek 4,Sat,Away,W,1.0,0.0,Chelsea,1,7.0,3.0,42.9,0.14,0.33,19.0,0.0,0,0,0.8,0.8,0.11,0.2,0.2,Match Report,2024,Nottingham Forest
2023-09-18,19:45,Premier League,Matchweek 5,Mon,Home,D,1.0,1.0,Burnley,1,14.0,4.0,28.6,0.07,0.25,18.8,0.0,0,0,0.7,0.7,0.05,0.3,0.3,Match Report,2024,Nottingham Forest
2023-09-23,15:00,Premier League,Matchweek 6,Sat,Away,L,0.0,2.0,Manchester City,0,10.0,3.0,30.0,0.0,0.0,17.8,1.0,0,0,1.0,1.0,0.1,-1.0,-1.0,Match Report,2024,Nottingham Forest
2023-10-01,14:00,Premier League,Matchweek 7,Sun,Home,D,1.0,1.0,Brentford,1,6.0,1.0,16.7,0.17,1.0,15.4,0.0,0,0,0.5,0.5,0.08,0.5,0.5,Match Report,2024,Nottingham Forest
2023-10-07,17:30,Premier League,Matchweek 8,Sat,Away,D,0.0,0.0,Crystal Palace,0,16.0,5.0,31.3,0.0,0.0,18.4,0.0,0,0,1.0,1.0,0.07,-1.0,-1.0,Match Report,2024,Nottingham Forest
2023-10-21,15:00,Premier League,Matchweek 9,Sat,Home,D,2.0,2.0,Luton Town,2,19.0,8.0,42.1,0.11,0.25,11.1,0.0,0,0,2.9,2.9,0.16,-0.9,-0.9,Match Report,2024,Nottingham Forest
2023-10-29,14:00,Premier League,Matchweek 10,Sun,Away,L,0.0,3.0,Liverpool,0,9.0,1.0,11.1,0.0,0.0,15.6,0.0,0,0,0.4,0.4,0.05,-0.4,-0.4,Match Report,2024,Nottingham Forest
2023-11-05,14:00,Premier League,Matchweek 11,Sun,Home,W,2.0,0.0,Aston Villa,2,5.0,3.0,60.0,0.4,0.67,21.1,0.0,0,0,0.4,0.4,0.08,1.6,1.6,Match Report,2024,Nottingham Forest
2023-11-12,14:00,Premier League,Matchweek 12,Sun,Away,L,2.0,3.0,West Ham,2,10.0,5.0,50.0,0.2,0.4,15.6,0.0,0,0,1.7,1.7,0.18,0.3,0.3,Match Report,2024,Nottingham Forest
2023-11-25,15:00,Premier League,Matchweek 13,Sat,Home,L,2.0,3.0,Brighton,2,17.0,4.0,23.5,0.06,0.25,14.7,0.0,1,1,1.9,1.1,0.07,0.1,-0.1,Match Report,2024,Nottingham Forest
2023-12-02,17:30,Premier League,Matchweek 14,Sat,Home,L,0.0,1.0,Everton,0,13.0,2.0,15.4,0.0,0.0,16.1,0.0,0,0,0.7,0.7,0.06,-0.7,-0.7,Match Report,2024,Nottingham Forest
2023-12-06,19:30,Premier League,Matchweek 15,Wed,Away,L,0.0,5.0,Fulham,0,4.0,1.0,25.0,0.0,0.0,15.3,0.0,0,0,0.3,0.3,0.07,-0.3,-0.3,Match Report,2024,Nottingham Forest
2023-12-09,15:00,Premier League,Matchweek 16,Sat,Away,D,1.0,1.0,Wolves,1,8.0,2.0,25.0,0.13,0.5,12.7,0.0,0,0,1.3,1.3,0.16,-0.3,-0.3,Match Report,2024,Nottingham Forest
2023-12-15,20:00,Premier League,Matchweek 17,Fri,Home,L,0.0,2.0,Tottenham,0,15.0,1.0,6.7,0.0,0.0,16.1,0.0,0,0,1.3,1.3,0.09,-1.3,-1.3,Match Report,2024,Nottingham Forest
2023-12-23,15:00,Premier League,Matchweek 18,Sat,Home,L,2.0,3.0,Bournemouth,2,11.0,4.0,36.4,0.18,0.5,14.5,0.0,0,0,1.0,1.0,0.09,1.0,1.0,Match Report,2024,Nottingham Forest
2023-12-26,12:30,Premier League,Matchweek 19,Tue,Away,W,3.0,1.0,Newcastle Utd,3,15.0,6.0,40.0,0.2,0.5,15.8,0.0,0,0,3.5,3.5,0.23,-0.5,-0.5,Match Report,2024,Nottingham Forest
2023-12-30,17:30,Premier League,Matchweek 20,Sat,Home,W,2.0,1.0,Manchester Utd,2,8.0,2.0,25.0,0.25,1.0,18.3,0.0,0,0,0.7,0.7,0.09,1.3,1.3,Match Report,2024,Nottingham Forest
2024-01-20,17:30,Premier League,Matchweek 21,Sat,Away,L,2.0,3.0,Brentford,2,12.0,3.0,25.0,0.17,0.67,20.5,0.0,0,0,1.2,1.2,0.1,0.8,0.8,Match Report,2024,Nottingham Forest
2024-01-30,19:30,Premier League,Matchweek 22,Tue,Home,L,1.0,2.0,Arsenal,1,9.0,3.0,33.3,0.11,0.33,18.7,0.0,0,0,0.5,0.5,0.05,0.5,0.5,Match Report,2024,Nottingham Forest
2024-02-04,14:00,Premier League,Matchweek 23,Sun,Away,D,1.0,1.0,Bournemouth,1,8.0,6.0,75.0,0.13,0.17,19.9,0.0,0,0,0.5,0.5,0.07,0.5,0.5,Match Report,2024,Nottingham Forest
2024-02-10,17:30,Premier League,Matchweek 24,Sat,Home,L,2.0,3.0,Newcastle Utd,2,13.0,3.0,23.1,0.15,0.67,21.8,0.0,0,0,1.5,1.5,0.12,0.5,0.5,Match Report,2024,Nottingham Forest
2024-02-17,15:00,Premier League,Matchweek 25,Sat,Home,W,2.0,0.0,West Ham,2,19.0,8.0,42.1,0.11,0.25,16.5,0.0,0,0,2.8,2.8,0.15,-0.8,-0.8,Match Report,2024,Nottingham Forest
2024-02-24,15:00,Premier League,Matchweek 26,Sat,Away,L,2.0,4.0,Aston Villa,2,10.0,3.0,30.0,0.2,0.67,16.4,0.0,0,0,2.6,2.6,0.26,-0.6,-0.6,Match Report,2024,Nottingham Forest
2024-03-02,15:00,Premier League,Matchweek 27,Sat,Home,L,0.0,1.0,Liverpool,0,8.0,2.0,25.0,0.0,0.0,19.3,0.0,0,0,1.0,1.0,0.12,-1.0,-1.0,Match Report,2024,Nottingham Forest
2024-03-10,14:00,Premier League,Matchweek 28,Sun,Away,L,0.0,1.0,Brighton,0,9.0,4.0,44.4,0.0,0.0,19.3,2.0,0,0,0.7,0.7,0.08,-0.7,-0.7,Match Report,2024,Nottingham Forest
2024-03-16,15:00,Premier League,Matchweek 29,Sat,Away,D,1.0,1.0,Luton Town,1,16.0,3.0,18.8,0.06,0.33,22.0,2.0,0,0,2.0,2.0,0.12,-1.0,-1.0,Match Report,2024,Nottingham Forest
2024-03-30,15:00,Premier League,Matchweek 30,Sat,Home,D,1.0,1.0,Crystal Palace,1,12.0,5.0,41.7,0.08,0.2,20.5,0.0,0,0,0.9,0.9,0.08,0.1,0.1,Match Report,2024,Nottingham Forest
2024-04-02,19:30,Premier League,Matchweek 31,Tue,Home,W,3.0,1.0,Fulham,3,16.0,4.0,25.0,0.19,0.75,18.5,0.0,0,0,1.5,1.5,0.1,1.5,1.5,Match Report,2024,Nottingham Forest
2024-04-07,18:00,Premier League,Matchweek 32,Sun,Away,L,1.0,3.0,Tottenham,1,13.0,6.0,46.2,0.08,0.17,22.9,1.0,0,0,1.5,1.5,0.13,-0.5,-0.5,Match Report,2024,Nottingham Forest
2024-04-13,15:00,Premier League,Matchweek 33,Sat,Home,D,2.0,2.0,Wolves,2,18.0,9.0,50.0,0.11,0.22,17.0,0.0,0,0,1.9,1.9,0.11,0.1,0.1,Match Report,2024,Nottingham Forest
2024-04-21,13:30,Premier League,Matchweek 34,Sun,Away,L,0.0,2.0,Everton,0,8.0,3.0,37.5,0.0,0.0,13.7,0.0,0,0,0.9,0.9,0.12,-0.9,-0.9,Match Report,2024,Nottingham Forest
2024-04-28,16:30,Premier League,Matchweek 35,Sun,Home,L,0.0,2.0,Manchester City,0,14.0,2.0,14.3,0.0,0.0,15.0,1.0,0,0,1.9,1.9,0.14,-1.9,-1.9,Match Report,2024,Nottingham Forest
2024-05-04,15:00,Premier League,Matchweek 36,Sat,Away,W,3.0,1.0,Sheffield Utd,3,15.0,4.0,26.7,0.2,0.75,17.2,0.0,0,0,1.4,1.4,0.1,1.6,1.6,Match Report,2024,Nottingham Forest
2024-05-11,17:30,Premier League,Matchweek 37,Sat,Home,L,2.0,3.0,Chelsea,2,20.0,4.0,20.0,0.1,0.5,17.2,0.0,0,0,1.5,1.5,0.08,0.5,0.5,Match Report,2024,Nottingham Forest
2024-05-19,16:00,Premier League,Matchweek 38,Sun,Away,W,2.0,1.0,Burnley,2,12.0,6.0,50.0,0.17,0.33,17.2,0.0,0,0,1.7,1.7,0.15,0.3,0.3,Match Report,2024,Nottingham Forest
2023-08-12,15:00,Premier League,Matchweek 1,Sat,Away,L,1.0,4.0,Brighton,1,8.0,2.0,25.0,0.0,0.0,16.6,0.0,1,1,1.5,0.7,0.09,-0.5,-0.7,Match Report,2024,Luton Town
2023-08-25,20:00,Premier League,Matchweek 3,Fri,Away,L,0.0,3.0,Chelsea,0,11.0,1.0,9.1,0.0,0.0,19.0,1.0,0,0,0.4,0.4,0.04,-0.4,-0.4,Match Report,2024,Luton Town
2023-09-01,20:00,Premier League,Matchweek 4,Fri,Home,L,1.0,2.0,West Ham,1,16.0,1.0,6.3,0.06,1.0,11.9,0.0,0,0,1.4,1.4,0.09,-0.4,-0.4,Match Report,2024,Luton Town
2023-09-16,15:00,Premier League,Matchweek 5,Sat,Away,L,0.0,1.0,Fulham,0,7.0,2.0,28.6,0.0,0.0,10.0,0.0,0,0,1.1,1.1,0.16,-1.1,-1.1,Match Report,2024,Luton Town
2023-09-23,15:00,Premier League,Matchweek 6,Sat,Home,D,1.0,1.0,Wolves,1,19.0,3.0,15.8,0.0,0.0,17.3,0.0,1,1,2.1,1.4,0.07,-1.1,-1.4,Match Report,2024,Luton Town
2023-09-30,15:00,Premier League,Matchweek 7,Sat,Away,W,2.0,1.0,Everton,2,9.0,2.0,22.2,0.22,1.0,13.4,0.0,0,0,0.9,0.9,0.1,1.1,1.1,Match Report,2024,Luton Town
2023-10-03,19:30,Premier League,Matchweek 2,Tue,Home,L,1.0,2.0,Burnley,1,18.0,2.0,11.1,0.06,0.5,13.1,0.0,0,0,1.3,1.3,0.07,-0.3,-0.3,Match Report,2024,Luton Town
2023-10-07,12:30,Premier League,Matchweek 8,Sat,Home,L,0.0,1.0,Tottenham,0,12.0,2.0,16.7,0.0,0.0,16.3,0.0,0,0,0.8,0.8,0.06,-0.8,-0.8,Match Report,2024,Luton Town
2023-10-21,15:00,Premier League,Matchweek 9,Sat,Away,D,2.0,2.0,Nott'ham Forest,2,13.0,4.0,30.8,0.15,0.5,17.6,0.0,0,0,1.7,1.7,0.13,0.3,0.3,Match Report,2024,Luton Town
2023-10-29,14:00,Premier League,Matchweek 10,Sun,Away,L,1.0,3.0,Aston Villa,0,7.0,1.0,14.3,0.0,0.0,17.3,0.0,0,0,0.5,0.5,0.07,-0.5,-0.5,Match Report,2024,Luton Town
2023-11-05,16:30,Premier League,Matchweek 11,Sun,Home,D,1.0,1.0,Liverpool,1,8.0,5.0,62.5,0.13,0.2,17.9,0.0,0,0,0.8,0.8,0.1,0.2,0.2,Match Report,2024,Luton Town
2023-11-11,15:00,Premier League,Matchweek 12,Sat,Away,L,0.0,1.0,Manchester Utd,0,10.0,4.0,40.0,0.0,0.0,21.9,1.0,0,0,0.4,0.4,0.04,-0.4,-0.4,Match Report,2024,Luton Town
2023-11-25,15:00,Premier League,Matchweek 13,Sat,Home,W,2.0,1.0,Crystal Palace,2,8.0,3.0,37.5,0.25,0.67,14.2,0.0,0,0,0.9,0.9,0.12,1.1,1.1,Match Report,2024,Luton Town
2023-12-02,15:00,Premier League,Matchweek 14,Sat,Away,L,1.0,3.0,Brentford,1,7.0,1.0,14.3,0.14,1.0,23.8,0.0,0,0,0.2,0.2,0.03,0.8,0.8,Match Report,2024,Luton Town
2023-12-05,20:15,Premier League,Matchweek 15,Tue,Home,L,3.0,4.0,Arsenal,3,6.0,4.0,66.7,0.5,0.75,18.8,0.0,0,0,0.5,0.5,0.08,2.5,2.5,Match Report,2024,Luton Town
2023-12-10,14:00,Premier League,Matchweek 16,Sun,Home,L,1.0,2.0,Manchester City,1,4.0,2.0,50.0,0.25,0.5,19.2,0.0,0,0,0.3,0.3,0.08,0.7,0.7,Match Report,2024,Luton Town
2023-12-23,15:00,Premier League,Matchweek 18,Sat,Home,W,1.0,0.0,Newcastle Utd,1,16.0,5.0,31.3,0.06,0.2,19.4,0.0,0,0,1.4,1.4,0.09,-0.4,-0.4,Match Report,2024,Luton Town
2023-12-26,15:00,Premier League,Matchweek 19,Tue,Away,W,3.0,2.0,Sheffield Utd,1,12.0,4.0,33.3,0.08,0.25,17.9,1.0,0,0,0.6,0.6,0.05,0.4,0.4,Match Report,2024,Luton Town
2023-12-30,12:30,Premier League,Matchweek 20,Sat,Home,L,2.0,3.0,Chelsea,2,15.0,6.0,40.0,0.13,0.33,11.6,1.0,0,0,2.3,2.3,0.17,-0.3,-0.3,Match Report,2024,Luton Town
2024-01-12,19:45,Premier League,Matchweek 21,Fri,Away,D,1.0,1.0,Burnley,1,14.0,5.0,35.7,0.07,0.2,18.2,0.0,0,0,0.9,0.9,0.07,0.1,0.1,Match Report,2024,Luton Town
2024-01-30,19:45,Premier League,Matchweek 22,Tue,Home,W,4.0,0.0,Brighton,4,18.0,8.0,44.4,0.22,0.5,13.8,1.0,0,0,3.1,3.1,0.18,0.9,0.9,Match Report,2024,Luton Town
2024-02-03,15:00,Premier League,Matchweek 23,Sat,Away,D,4.0,4.0,Newcastle Utd,4,10.0,7.0,70.0,0.3,0.43,14.0,0.0,1,1,2.4,1.6,0.16,1.6,1.4,Match Report,2024,Luton Town
2024-02-10,15:00,Premier League,Matchweek 24,Sat,Home,L,1.0,3.0,Sheffield Utd,1,19.0,4.0,21.1,0.0,0.0,17.3,0.0,1,1,1.8,1.1,0.06,-0.8,-1.1,Match Report,2024,Luton Town
2024-02-18,16:30,Premier League,Matchweek 25,Sun,Home,L,1.0,2.0,Manchester Utd,1,22.0,4.0,18.2,0.05,0.25,18.6,1.0,0,0,1.8,1.8,0.08,-0.8,-0.8,Match Report,2024,Luton Town
2024-02-21,19:30,Premier League,Matchweek 26,Wed,Away,L,1.0,4.0,Liverpool,1,12.0,3.0,25.0,0.08,0.33,19.0,1.0,0,0,0.9,0.9,0.08,0.1,0.1,Match Report,2024,Luton Town
2024-03-02,17:30,Premier League,Matchweek 27,Sat,Home,L,2.0,3.0,Aston Villa,2,14.0,4.0,28.6,0.14,0.5,11.4,1.0,0,0,1.8,1.8,0.16,0.2,0.2,Match Report,2024,Luton Town
2024-03-09,15:00,Premier League,Matchweek 28,Sat,Away,D,1.0,1.0,Crystal Palace,1,8.0,2.0,25.0,0.13,0.5,11.9,0.0,0,0,0.8,0.8,0.11,0.2,0.2,Match Report,2024,Luton Town
2024-03-13,19:30,Premier League,Matchweek 17,Wed,Away,L,3.0,4.0,Bournemouth,3,8.0,4.0,50.0,0.38,0.75,8.4,0.0,0,0,2.0,2.0,0.26,1.0,1.0,Match Report,2024,Luton Town
2024-03-16,15:00,Premier League,Matchweek 29,Sat,Home,D,1.0,1.0,Nott'ham Forest,1,10.0,4.0,40.0,0.1,0.25,18.5,0.0,0,0,0.6,0.6,0.06,0.4,0.4,Match Report,2024,Luton Town
2024-03-30,15:00,Premier League,Matchweek 30,Sat,Away,L,1.0,2.0,Tottenham,1,7.0,3.0,42.9,0.14,0.33,17.7,0.0,0,0,0.5,0.5,0.07,0.5,0.5,Match Report,2024,Luton Town
2024-04-03,19:30,Premier League,Matchweek 31,Wed,Away,L,0.0,2.0,Arsenal,0,5.0,1.0,20.0,0.0,0.0,15.9,1.0,0,0,0.3,0.3,0.07,-0.3,-0.3,Match Report,2024,Luton Town
2024-04-06,15:00,Premier League,Matchweek 32,Sat,Home,W,2.0,1.0,Bournemouth,2,19.0,9.0,47.4,0.11,0.22,18.2,0.0,0,0,1.5,1.5,0.08,0.5,0.5,Match Report,2024,Luton Town
2024-04-13,15:00,Premier League,Matchweek 33,Sat,Away,L,1.0,5.0,Manchester City,1,4.0,2.0,50.0,0.25,0.5,9.3,0.0,0,0,0.5,0.5,0.13,0.5,0.5,Match Report,2024,Luton Town
2024-04-20,15:00,Premier League,Matchweek 34,Sat,Home,L,1.0,5.0,Brentford,1,6.0,3.0,50.0,0.17,0.33,17.0,0.0,0,0,0.6,0.6,0.1,0.4,0.4,Match Report,2024,Luton Town
2024-04-27,15:00,Premier League,Matchweek 35,Sat,Away,L,1.0,2.0,Wolves,1,9.0,6.0,66.7,0.11,0.17,17.4,0.0,0,0,0.6,0.6,0.07,0.4,0.4,Match Report,2024,Luton Town
2024-05-03,20:00,Premier League,Matchweek 36,Fri,Home,D,1.0,1.0,Everton,1,18.0,5.0,27.8,0.06,0.2,18.4,0.0,0,0,0.8,0.8,0.04,0.2,0.2,Match Report,2024,Luton Town
2024-05-11,15:00,Premier League,Matchweek 37,Sat,Away,L,1.0,3.0,West Ham,1,4.0,1.0,25.0,0.25,1.0,12.5,0.0,0,0,0.3,0.3,0.08,0.7,0.7,Match Report,2024,Luton Town
2024-05-19,16:00,Premier League,Matchweek 38,Sun,Home,L,2.0,4.0,Fulham,2,14.0,5.0,35.7,0.07,0.2,19.3,2.0,1,1,2.0,1.3,0.09,0.0,-0.3,Match Report,2024,Luton Town
2023-08-11,20:00,Premier League,Matchweek 1,Fri,Home,L,0.0,3.0,Manchester City,0,6.0,1.0,16.7,0.0,0.0,14.9,0.0,0,0,0.3,0.3,0.05,-0.3,-0.3,Match Report,2024,Burnley
2023-08-27,14:00,Premier League,Matchweek 3,Sun,Home,L,1.0,3.0,Aston Villa,1,9.0,2.0,22.2,0.11,0.5,17.7,0.0,0,0,0.7,0.7,0.08,0.3,0.3,Match Report,2024,Burnley
2023-09-02,15:00,Premier League,Matchweek 4,Sat,Home,L,2.0,5.0,Tottenham,2,16.0,4.0,25.0,0.13,0.5,17.9,1.0,0,0,1.3,1.3,0.08,0.7,0.7,Match Report,2024,Burnley
2023-09-18,19:45,Premier League,Matchweek 5,Mon,Away,D,1.0,1.0,Nott'ham Forest,1,10.0,3.0,30.0,0.1,0.33,18.9,0.0,0,0,0.5,0.5,0.06,0.5,0.5,Match Report,2024,Burnley
2023-09-23,20:00,Premier League,Matchweek 6,Sat,Home,L,0.0,1.0,Manchester Utd,0,12.0,4.0,33.3,0.0,0.0,15.6,0.0,0,0,1.1,1.1,0.09,-1.1,-1.1,Match Report,2024,Burnley
2023-09-30,15:00,Premier League,Matchweek 7,Sat,Away,L,0.0,2.0,Newcastle Utd,0,8.0,2.0,25.0,0.0,0.0,16.3,0.0,0,0,0.6,0.6,0.08,-0.6,-0.6,Match Report,2024,Burnley
2023-10-03,19:30,Premier League,Matchweek 2,Tue,Away,W,2.0,1.0,Luton Town,2,14.0,4.0,28.6,0.14,0.5,20.2,0.0,0,0,1.1,1.1,0.08,0.9,0.9,Match Report,2024,Burnley
2023-10-07,15:00,Premier League,Matchweek 8,Sat,Home,L,1.0,4.0,Chelsea,1,10.0,3.0,30.0,0.1,0.33,18.2,1.0,0,0,0.7,0.7,0.08,0.3,0.3,Match Report,2024,Burnley
2023-10-21,15:00,Premier League,Matchweek 9,Sat,Away,L,0.0,3.0,Brentford,0,6.0,1.0,16.7,0.0,0.0,20.2,0.0,0,0,1.1,1.1,0.19,-1.1,-1.1,Match Report,2024,Burnley
2023-10-28,15:00,Premier League,Matchweek 10,Sat,Away,L,1.0,2.0,Bournemouth,1,6.0,3.0,50.0,0.17,0.33,18.0,0.0,0,0,0.8,0.8,0.14,0.2,0.2,Match Report,2024,Burnley
2023-11-04,15:00,Premier League,Matchweek 11,Sat,Home,L,0.0,2.0,Crystal Palace,0,17.0,5.0,29.4,0.0,0.0,13.3,0.0,0,0,1.1,1.1,0.07,-1.1,-1.1,Match Report,2024,Burnley
2023-11-11,15:00,Premier League,Matchweek 12,Sat,Away,L,1.0,3.0,Arsenal,1,8.0,5.0,62.5,0.13,0.2,19.3,0.0,0,0,0.3,0.3,0.04,0.7,0.7,Match Report,2024,Burnley
2023-11-25,15:00,Premier League,Matchweek 13,Sat,Home,L,1.0,2.0,West Ham,1,10.0,4.0,40.0,0.0,0.0,17.2,0.0,1,1,1.3,0.5,0.05,-0.3,-0.5,Match Report,2024,Burnley
2023-12-02,15:00,Premier League,Matchweek 14,Sat,Home,W,5.0,0.0,Sheffield Utd,5,19.0,7.0,36.8,0.26,0.71,15.9,0.0,0,0,1.8,1.8,0.1,3.2,3.2,Match Report,2024,Burnley
2023-12-05,19:30,Premier League,Matchweek 15,Tue,Away,L,0.0,1.0,Wolves,0,12.0,3.0,25.0,0.0,0.0,21.9,2.0,0,0,0.9,0.9,0.07,-0.9,-0.9,Match Report,2024,Burnley
2023-12-09,15:00,Premier League,Matchweek 16,Sat,Away,D,1.0,1.0,Brighton,1,6.0,3.0,50.0,0.17,0.33,12.9,0.0,0,0,0.6,0.6,0.1,0.4,0.4,Match Report,2024,Burnley
2023-12-16,17:30,Premier League,Matchweek 17,Sat,Home,L,0.0,2.0,Everton,0,14.0,2.0,14.3,0.0,0.0,18.8,1.0,0,0,0.7,0.7,0.05,-0.7,-0.7,Match Report,2024,Burnley
2023-12-23,15:00,Premier League,Matchweek 18,Sat,Away,W,2.0,0.0,Fulham,2,7.0,2.0,28.6,0.29,1.0,19.5,0.0,0,0,0.4,0.4,0.05,1.6,1.6,Match Report,2024,Burnley
2023-12-26,17:30,Premier League,Matchweek 19,Tue,Home,L,0.0,2.0,Liverpool,0,9.0,0.0,0.0,0.0,,16.7,0.0,0,0,0.8,0.8,0.09,-0.8,-0.8,Match Report,2024,Burnley
2023-12-30,15:00,Premier League,Matchweek 20,Sat,Away,L,2.0,3.0,Aston Villa,2,9.0,5.0,55.6,0.22,0.4,15.4,0.0,0,0,1.2,1.2,0.13,0.8,0.8,Match Report,2024,Burnley
2024-01-12,19:45,Premier League,Matchweek 21,Fri,Home,D,1.0,1.0,Luton Town,1,13.0,7.0,53.8,0.08,0.14,18.8,1.0,0,0,1.1,1.1,0.08,-0.1,-0.1,Match Report,2024,Burnley
2024-01-31,19:30,Premier League,Matchweek 22,Wed,Away,L,1.0,3.0,Manchester City,1,8.0,3.0,37.5,0.13,0.33,14.7,0.0,0,0,1.4,1.4,0.18,-0.4,-0.4,Match Report,2024,Burnley
2024-02-03,15:00,Premier League,Matchweek 23,Sat,Home,D,2.0,2.0,Fulham,2,12.0,4.0,33.3,0.17,0.5,15.4,0.0,0,0,1.8,1.8,0.15,0.2,0.2,Match Report,2024,Burnley
2024-02-10,15:00,Premier League,Matchweek 24,Sat,Away,L,1.0,3.0,Liverpool,1,9.0,4.0,44.4,0.11,0.25,17.6,0.0,0,0,1.3,1.3,0.16,-0.3,-0.3,Match Report,2024,Burnley
2024-02-17,15:00,Premier League,Matchweek 25,Sat,Home,L,0.0,5.0,Arsenal,0,8.0,0.0,0.0,0.0,,18.6,0.0,0,0,0.3,0.3,0.04,-0.3,-0.3,Match Report,2024,Burnley
2024-02-24,15:00,Premier League,Matchweek 26,Sat,Away,L,0.0,3.0,Crystal Palace,0,2.0,0.0,0.0,0.0,,12.0,0.0,0,0,0.1,0.1,0.04,-0.1,-0.1,Match Report,2024,Burnley
2024-03-03,13:00,Premier League,Matchweek 27,Sun,Home,L,0.0,2.0,Bournemouth,0,20.0,5.0,25.0,0.0,0.0,18.9,1.0,0,0,1.5,1.5,0.08,-1.5,-1.5,Match Report,2024,Burnley
2024-03-10,14:00,Premier League,Matchweek 28,Sun,Away,D,2.0,2.0,West Ham,1,11.0,4.0,36.4,0.09,0.25,24.8,1.0,0,0,0.7,0.7,0.06,0.3,0.3,Match Report,2024,Burnley
2024-03-16,15:00,Premier League,Matchweek 29,Sat,Home,W,2.0,1.0,Brentford,2,16.0,5.0,31.3,0.06,0.2,19.2,0.0,1,1,2.8,2.0,0.12,-0.8,-1.0,Match Report,2024,Burnley
2024-03-30,15:00,Premier League,Matchweek 30,Sat,Away,D,2.0,2.0,Chelsea,2,18.0,6.0,33.3,0.11,0.33,14.4,2.0,0,0,1.6,1.6,0.1,0.4,0.4,Match Report,2024,Burnley
2024-04-02,19:45,Premier League,Matchweek 31,Tue,Home,D,1.0,1.0,Wolves,1,13.0,6.0,46.2,0.08,0.17,18.4,0.0,0,0,1.3,1.3,0.1,-0.3,-0.3,Match Report,2024,Burnley
2024-04-06,15:00,Premier League,Matchweek 32,Sat,Away,L,0.0,1.0,Everton,0,6.0,1.0,16.7,0.0,0.0,16.5,1.0,0,0,0.5,0.5,0.08,-0.5,-0.5,Match Report,2024,Burnley
2024-04-13,15:00,Premier League,Matchweek 33,Sat,Home,D,1.0,1.0,Brighton,1,11.0,3.0,27.3,0.09,0.33,17.1,0.0,0,0,1.7,1.7,0.16,-0.7,-0.7,Match Report,2024,Burnley
2024-04-20,15:00,Premier League,Matchweek 34,Sat,Away,W,4.0,1.0,Sheffield Utd,4,16.0,9.0,56.3,0.25,0.44,16.0,0.0,0,0,2.2,2.2,0.14,1.8,1.8,Match Report,2024,Burnley
2024-04-27,15:00,Premier League,Matchweek 35,Sat,Away,D,1.0,1.0,Manchester Utd,1,15.0,6.0,40.0,0.0,0.0,19.3,1.0,1,1,2.1,1.3,0.08,-1.1,-1.3,Match Report,2024,Burnley
2024-05-04,15:00,Premier League,Matchweek 36,Sat,Home,L,1.0,4.0,Newcastle Utd,1,17.0,5.0,29.4,0.06,0.2,18.2,0.0,0,0,1.0,1.0,0.06,0.0,0.0,Match Report,2024,Burnley
2024-05-11,15:00,Premier League,Matchweek 37,Sat,Away,L,1.0,2.0,Tottenham,1,7.0,3.0,42.9,0.14,0.33,11.8,0.0,0,0,0.7,0.7,0.1,0.3,0.3,Match Report,2024,Burnley
2024-05-19,16:00,Premier League,Matchweek 38,Sun,Home,L,1.0,2.0,Nott'ham Forest,1,20.0,3.0,15.0,0.05,0.33,22.4,1.0,0,0,1.2,1.2,0.06,-0.2,-0.2,Match Report,2024,Burnley
2023-08-12,15:00,Premier League,Matchweek 1,Sat,Home,L,0.0,1.0,Crystal Palace,0,8.0,1.0,12.5,0.0,0.0,19.4,0.0,0,0,0.5,0.5,0.06,-0.5,-0.5,Match Report,2024,Sheffield United
2023-08-18,19:45,Premier League,Matchweek 2,Fri,Away,L,1.0,2.0,Nott'ham Forest,1,7.0,3.0,42.9,0.14,0.33,18.8,0.0,0,0,0.5,0.5,0.07,0.5,0.5,Match Report,2024,Sheffield United
2023-08-27,14:00,Premier League,Matchweek 3,Sun,Home,L,1.0,2.0,Manchester City,1,6.0,1.0,16.7,0.17,1.0,16.1,0.0,0,0,0.7,0.7,0.11,0.3,0.3,Match Report,2024,Sheffield United
2023-09-02,12:30,Premier League,Matchweek 4,Sat,Home,D,2.0,2.0,Everton,1,13.0,7.0,53.8,0.08,0.14,14.1,0.0,0,0,1.2,1.2,0.1,-0.2,-0.2,Match Report,2024,Sheffield United
2023-09-16,15:00,Premier League,Matchweek 5,Sat,Away,L,1.0,2.0,Tottenham,1,7.0,5.0,71.4,0.14,0.2,17.6,0.0,0,0,0.7,0.7,0.09,0.3,0.3,Match Report,2024,Sheffield United
2023-09-24,16:30,Premier League,Matchweek 6,Sun,Home,L,0.0,8.0,Newcastle Utd,0,9.0,1.0,11.1,0.0,0.0,13.7,0.0,0,0,0.9,0.9,0.1,-0.9,-0.9,Match Report,2024,Sheffield United
2023-09-30,15:00,Premier League,Matchweek 7,Sat,Away,L,0.0,2.0,West Ham,0,16.0,2.0,12.5,0.0,0.0,15.7,0.0,0,0,1.1,1.1,0.07,-1.1,-1.1,Match Report,2024,Sheffield United
2023-10-07,15:00,Premier League,Matchweek 8,Sat,Away,L,1.0,3.0,Fulham,0,5.0,2.0,40.0,0.0,0.0,16.6,0.0,0,0,0.6,0.6,0.11,-0.6,-0.6,Match Report,2024,Sheffield United
2023-10-21,20:00,Premier League,Matchweek 9,Sat,Home,L,1.0,2.0,Manchester Utd,1,11.0,5.0,45.5,0.0,0.0,25.8,0.0,1,1,1.4,0.6,0.06,-0.4,-0.6,Match Report,2024,Sheffield United
2023-10-28,15:00,Premier League,Matchweek 10,Sat,Away,L,0.0,5.0,Arsenal,0,2.0,0.0,0.0,0.0,,39.9,0.0,0,0,0.0,0.0,0.02,0.0,0.0,Match Report,2024,Sheffield United
2023-11-04,15:00,Premier League,Matchweek 11,Sat,Home,W,2.0,1.0,Wolves,2,10.0,1.0,10.0,0.1,1.0,27.6,1.0,1,1,1.0,0.3,0.03,1.0,0.7,Match Report,2024,Sheffield United
2023-11-12,14:00,Premier League,Matchweek 12,Sun,Away,D,1.0,1.0,Brighton,0,9.0,1.0,11.1,0.0,0.0,19.3,0.0,0,0,1.1,1.1,0.12,-1.1,-1.1,Match Report,2024,Sheffield United
2023-11-25,15:00,Premier League,Matchweek 13,Sat,Home,L,1.0,3.0,Bournemouth,1,10.0,2.0,20.0,0.1,0.5,14.9,0.0,0,0,0.8,0.8,0.08,0.2,0.2,Match Report,2024,Sheffield United
2023-12-02,15:00,Premier League,Matchweek 14,Sat,Away,L,0.0,5.0,Burnley,0,6.0,3.0,50.0,0.0,0.0,18.9,0.0,0,0,0.4,0.4,0.07,-0.4,-0.4,Match Report,2024,Sheffield United
2023-12-06,19:30,Premier League,Matchweek 15,Wed,Home,L,0.0,2.0,Liverpool,0,6.0,1.0,16.7,0.0,0.0,14.6,1.0,0,0,1.0,1.0,0.16,-1.0,-1.0,Match Report,2024,Sheffield United
2023-12-09,15:00,Premier League,Matchweek 16,Sat,Home,W,1.0,0.0,Brentford,1,9.0,4.0,44.4,0.11,0.25,21.7,0.0,0,0,0.8,0.8,0.09,0.2,0.2,Match Report,2024,Sheffield United
2023-12-16,15:00,Premier League,Matchweek 17,Sat,Away,L,0.0,2.0,Chelsea,0,6.0,1.0,16.7,0.0,0.0,19.7,1.0,0,0,0.4,0.4,0.06,-0.4,-0.4,Match Report,2024,Sheffield United
2023-12-22,20:00,Premier League,Matchweek 18,Fri,Away,D,1.0,1.0,Aston Villa,1,5.0,2.0,40.0,0.2,0.5,19.7,0.0,0,0,0.6,0.6,0.12,0.4,0.4,Match Report,2024,Sheffield United
2023-12-26,15:00,Premier League,Matchweek 19,Tue,Home,L,2.0,3.0,Luton Town,2,21.0,4.0,19.0,0.1,0.5,16.3,1.0,0,0,2.4,2.4,0.14,-0.4,-0.4,Match Report,2024,Sheffield United
2023-12-30,15:00,Premier League,Matchweek 20,Sat,Away,L,0.0,2.0,Manchester City,0,4.0,2.0,50.0,0.0,0.0,14.9,0.0,0,0,0.3,0.3,0.08,-0.3,-0.3,Match Report,2024,Sheffield United
2024-01-21,14:00,Premier League,Matchweek 21,Sun,Home,D,2.0,2.0,West Ham,2,20.0,5.0,25.0,0.05,0.2,18.5,1.0,1,1,2.5,1.7,0.09,-0.5,-0.7,Match Report,2024,Sheffield United
2024-01-30,20:00,Premier League,Matchweek 22,Tue,Away,L,2.0,3.0,Crystal Palace,2,9.0,5.0,55.6,0.22,0.4,16.5,0.0,0,0,0.8,0.8,0.08,1.2,1.2,Match Report,2024,Sheffield United
2024-02-03,17:30,Premier League,Matchweek 23,Sat,Home,L,0.0,5.0,Aston Villa,0,10.0,4.0,40.0,0.0,0.0,10.0,0.0,0,0,1.4,1.4,0.17,-1.4,-1.4,Match Report,2024,Sheffield United
2024-02-10,15:00,Premier League,Matchweek 24,Sat,Away,W,3.0,1.0,Luton Town,3,6.0,2.0,33.3,0.33,1.0,22.4,0.0,1,1,1.7,1.0,0.17,1.3,1.0,Match Report,2024,Sheffield United
2024-02-18,14:00,Premier League,Matchweek 25,Sun,Home,L,0.0,5.0,Brighton,0,6.0,1.0,16.7,0.0,0.0,18.7,0.0,0,0,0.6,0.6,0.1,-0.6,-0.6,Match Report,2024,Sheffield United
2024-02-25,13:30,Premier League,Matchweek 26,Sun,Away,L,0.0,1.0,Wolves,0,12.0,4.0,33.3,0.0,0.0,16.3,0.0,0,0,0.6,0.6,0.05,-0.6,-0.6,Match Report,2024,Sheffield United
2024-03-04,20:00,Premier League,Matchweek 27,Mon,Home,L,0.0,6.0,Arsenal,0,4.0,0.0,0.0,0.0,,21.8,0.0,0,0,0.2,0.2,0.06,-0.2,-0.2,Match Report,2024,Sheffield United
2024-03-09,15:00,Premier League,Matchweek 28,Sat,Away,D,2.0,2.0,Bournemouth,2,13.0,9.0,69.2,0.15,0.22,14.3,0.0,0,0,1.2,1.2,0.1,0.8,0.8,Match Report,2024,Sheffield United
2024-03-30,15:00,Premier League,Matchweek 30,Sat,Home,D,3.0,3.0,Fulham,3,8.0,4.0,50.0,0.38,0.75,15.7,0.0,0,0,1.9,1.9,0.24,1.1,1.1,Match Report,2024,Sheffield United
2024-04-04,19:30,Premier League,Matchweek 31,Thu,Away,L,1.0,3.0,Liverpool,0,5.0,3.0,60.0,0.0,0.0,13.6,1.0,0,0,0.6,0.6,0.12,-0.6,-0.6,Match Report,2024,Sheffield United
2024-04-07,17:30,Premier League,Matchweek 32,Sun,Home,D,2.0,2.0,Chelsea,2,11.0,5.0,45.5,0.18,0.4,15.2,0.0,0,0,1.4,1.4,0.13,0.6,0.6,Match Report,2024,Sheffield United
2024-04-13,15:00,Premier League,Matchweek 33,Sat,Away,L,0.0,2.0,Brentford,0,8.0,2.0,25.0,0.0,0.0,15.1,0.0,0,0,0.8,0.8,0.1,-0.8,-0.8,Match Report,2024,Sheffield United
2024-04-20,15:00,Premier League,Matchweek 34,Sat,Home,L,1.0,4.0,Burnley,1,18.0,11.0,61.1,0.06,0.09,14.9,0.0,0,0,2.4,2.4,0.14,-1.4,-1.4,Match Report,2024,Sheffield United
2024-04-24,20:00,Premier League,Matchweek 29,Wed,Away,L,2.0,4.0,Manchester Utd,2,10.0,4.0,40.0,0.2,0.5,17.8,1.0,0,0,0.8,0.8,0.08,1.2,1.2,Match Report,2024,Sheffield United
2024-04-27,15:00,Premier League,Matchweek 35,Sat,Away,L,1.0,5.0,Newcastle Utd,1,15.0,4.0,26.7,0.07,0.25,13.5,0.0,0,0,1.5,1.5,0.1,-0.5,-0.5,Match Report,2024,Sheffield United
2024-05-04,15:00,Premier League,Matchweek 36,Sat,Home,L,1.0,3.0,Nott'ham Forest,1,16.0,4.0,25.0,0.0,0.0,18.1,0.0,1,1,2.2,1.4,0.1,-1.2,-1.4,Match Report,2024,Sheffield United
2024-05-11,15:00,Premier League,Matchweek 37,Sat,Away,L,0.0,1.0,Everton,0,13.0,1.0,7.7,0.0,0.0,21.0,0.0,0,0,0.6,0.6,0.05,-0.6,-0.6,Match Report,2024,Sheffield United
2024-05-19,16:00,Premier League,Matchweek 38,Sun,Home,L,0.0,3.0,Tottenham,0,6.0,1.0,16.7,0.0,0.0,18.0,1.0,0,0,1.0,1.0,0.16,-1.0,-1.0,Match Report,2024,Sheffield United
2022-08-07,16:30,Premier League,Matchweek 1,Sun,Away,W,2.0,0.0,West Ham,2,13.0,1.0,7.7,0.08,1.0,18.7,1.0,1,1,2.2,1.4,0.11,-0.2,-0.4,Match Report,2023,Manchester City
2022-08-13,15:00,Premier League,Matchweek 2,Sat,Home,W,4.0,0.0,Bournemouth,3,19.0,7.0,36.8,0.16,0.43,17.5,0.0,0,0,1.7,1.7,0.09,1.3,1.3,Match Report,2023,Manchester City
2022-08-21,16:30,Premier League,Matchweek 3,Sun,Away,D,3.0,3.0,Newcastle Utd,3,21.0,10.0,47.6,0.14,0.3,16.2,1.0,0,0,2.1,2.1,0.1,0.9,0.9,Match Report,2023,Manchester City
2022-08-27,15:00,Premier League,Matchweek 4,Sat,Home,W,4.0,2.0,Crystal Palace,4,18.0,5.0,27.8,0.22,0.8,14.1,0.0,0,0,2.2,2.2,0.13,1.8,1.8,Match Report,2023,Manchester City
2022-08-31,19:30,Premier League,Matchweek 5,Wed,Home,W,6.0,0.0,Nott'ham Forest,6,17.0,9.0,52.9,0.35,0.67,14.8,0.0,0,0,3.3,3.3,0.2,2.7,2.7,Match Report,2023,Manchester City
2022-09-03,17:30,Premier League,Matchweek 6,Sat,Away,D,1.0,1.0,Aston Villa,1,13.0,4.0,30.8,0.08,0.25,16.8,1.0,0,0,2.1,2.1,0.16,-1.1,-1.1,Match Report,2023,Manchester City
2022-09-17,12:30,Premier League,Matchweek 8,Sat,Away,W,3.0,0.0,Wolves,3,16.0,7.0,43.8,0.19,0.43,19.4,0.0,0,0,1.1,1.1,0.07,1.9,1.9,Match Report,2023,Manchester City
2022-10-02,14:00,Premier League,Matchweek 9,Sun,Home,W,6.0,3.0,Manchester Utd,6,22.0,9.0,40.9,0.27,0.67,14.2,1.0,0,0,3.2,3.2,0.15,2.8,2.8,Match Report,2023,Manchester City
2022-10-08,15:00,Premier League,Matchweek 10,Sat,Home,W,4.0,0.0,Southampton,4,21.0,8.0,38.1,0.19,0.5,13.9,0.0,0,0,2.4,2.4,0.12,1.6,1.6,Match Report,2023,Manchester City
2022-10-16,16:30,Premier League,Matchweek 11,Sun,Away,L,0.0,1.0,Liverpool,0,16.0,6.0,37.5,0.0,0.0,18.4,0.0,0,0,1.0,1.0,0.06,-1.0,-1.0,Match Report,2023,Manchester City
2022-10-22,15:00,Premier League,Matchweek 13,Sat,Home,W,3.0,1.0,Brighton,3,9.0,3.0,33.3,0.22,0.67,15.0,0.0,1,1,1.6,0.8,0.09,1.4,1.2,Match Report,2023,Manchester City
2022-10-29,12:30,Premier League,Matchweek 14,Sat,Away,W,1.0,0.0,Leicester City,1,15.0,5.0,33.3,0.07,0.2,20.8,1.0,0,0,1.0,1.0,0.07,0.0,0.0,Match Report,2023,Manchester City
2022-11-05,15:00,Premier League,Matchweek 15,Sat,Home,W,2.0,1.0,Fulham,2,15.0,4.0,26.7,0.07,0.25,18.1,1.0,1,1,2.1,1.3,0.09,-0.1,-0.3,Match Report,2023,Manchester City
2022-11-12,12:30,Premier League,Matchweek 16,Sat,Home,L,1.0,2.0,Brentford,1,29.0,6.0,20.7,0.03,0.17,20.9,0.0,0,0,1.6,1.6,0.06,-0.6,-0.6,Match Report,2023,Manchester City
2022-12-28,20:00,Premier League,Matchweek 17,Wed,Away,W,3.0,1.0,Leeds United,3,26.0,9.0,34.6,0.12,0.33,16.0,0.0,0,0,4.3,4.3,0.17,-1.3,-1.3,Match Report,2023,Manchester City
2022-12-31,15:00,Premier League,Matchweek 18,Sat,Home,D,1.0,1.0,Everton,1,16.0,3.0,18.8,0.06,0.33,15.4,0.0,0,0,1.7,1.7,0.11,-0.7,-0.7,Match Report,2023,Manchester City
2023-01-05,20:00,Premier League,Matchweek 19,Thu,Away,W,1.0,0.0,Chelsea,1,12.0,3.0,25.0,0.08,0.33,16.0,0.0,0,0,2.0,2.0,0.17,-1.0,-1.0,Match Report,2023,Manchester City
2023-01-14,12:30,Premier League,Matchweek 20,Sat,Away,L,1.0,2.0,Manchester Utd,1,5.0,1.0,20.0,0.2,1.0,19.2,0.0,0,0,0.6,0.6,0.13,0.4,0.4,Match Report,2023,Manchester City
2023-01-19,20:00,Premier League,Matchweek 7,Thu,Home,W,4.0,2.0,Tottenham,4,16.0,6.0,37.5,0.25,0.67,16.3,1.0,0,0,2.3,2.3,0.15,1.7,1.7,Match Report,2023,Manchester City
2023-01-22,14:00,Premier League,Matchweek 21,Sun,Home,W,3.0,0.0,Wolves,3,12.0,5.0,41.7,0.17,0.4,14.8,0.0,1,1,2.8,2.0,0.17,0.2,0.0,Match Report,2023,Manchester City
2023-02-05,16:30,Premier League,Matchweek 22,Sun,Away,L,0.0,1.0,Tottenham,0,15.0,5.0,33.3,0.0,0.0,17.7,1.0,0,0,1.3,1.3,0.09,-1.3,-1.3,Match Report,2023,Manchester City
2023-02-12,16:30,Premier League,Matchweek 23,Sun,Home,W,3.0,1.0,Aston Villa,3,16.0,7.0,43.8,0.13,0.29,15.4,1.0,1,1,3.3,2.6,0.16,-0.3,-0.6,Match Report,2023,Manchester City
2023-02-15,19:30,Premier League,Matchweek 12,Wed,Away,W,3.0,1.0,Arsenal,3,9.0,5.0,55.6,0.33,0.6,12.1,0.0,0,0,1.8,1.8,0.21,1.2,1.2,Match Report,2023,Manchester City
2023-02-18,15:00,Premier League,Matchweek 24,Sat,Away,D,1.0,1.0,Nott'ham Forest,1,23.0,6.0,26.1,0.04,0.17,18.0,2.0,0,0,2.4,2.4,0.12,-1.4,-1.4,Match Report,2023,Manchester City
2023-02-25,17:30,Premier League,Matchweek 25,Sat,Away,W,4.0,1.0,Bournemouth,3,20.0,5.0,25.0,0.15,0.6,15.3,1.0,0,0,2.4,2.4,0.13,0.6,0.6,Match Report,2023,Manchester City
2023-03-04,12:30,Premier League,Matchweek 26,Sat,Home,W,2.0,0.0,Newcastle Utd,2,11.0,3.0,27.3,0.18,0.67,15.8,2.0,0,0,1.3,1.3,0.12,0.7,0.7,Match Report,2023,Manchester City
2023-03-11,17:30,Premier League,Matchweek 27,Sat,Away,W,1.0,0.0,Crystal Palace,1,13.0,3.0,23.1,0.0,0.0,19.0,1.0,1,1,2.1,1.3,0.1,-1.1,-1.3,Match Report,2023,Manchester City
2023-04-01,12:30,Premier League,Matchweek 29,Sat,Home,W,4.0,1.0,Liverpool,4,17.0,8.0,47.1,0.24,0.5,14.5,1.0,0,0,2.9,2.9,0.17,1.1,1.1,Match Report,2023,Manchester City
2023-04-08,17:30,Premier League,Matchweek 30,Sat,Away,W,4.0,1.0,Southampton,4,12.0,7.0,58.3,0.25,0.43,13.2,0.0,1,1,2.9,2.1,0.18,1.1,0.9,Match Report,2023,Manchester City
2023-04-15,17:30,Premier League,Matchweek 31,Sat,Home,W,3.0,1.0,Leicester City,3,11.0,3.0,27.3,0.18,0.67,17.8,0.0,1,1,1.6,1.2,0.12,1.4,0.8,Match Report,2023,Manchester City
2023-04-26,20:00,Premier League,Matchweek 33,Wed,Home,W,4.0,1.0,Arsenal,4,14.0,9.0,64.3,0.29,0.44,15.9,0.0,0,0,2.5,2.5,0.18,1.5,1.5,Match Report,2023,Manchester City
2023-04-30,14:00,Premier League,Matchweek 34,Sun,Away,W,2.0,1.0,Fulham,2,11.0,8.0,72.7,0.09,0.13,14.1,0.0,1,1,2.5,1.7,0.16,-0.5,-0.7,Match Report,2023,Manchester City
2023-05-03,20:00,Premier League,Matchweek 28,Wed,Home,W,3.0,0.0,West Ham,3,16.0,7.0,43.8,0.19,0.43,16.3,0.0,0,0,2.3,2.3,0.14,0.7,0.7,Match Report,2023,Manchester City
2023-05-06,15:00,Premier League,Matchweek 35,Sat,Home,W,2.0,1.0,Leeds United,2,17.0,6.0,35.3,0.12,0.33,18.7,2.0,0,1,2.6,1.8,0.1,-0.6,0.2,Match Report,2023,Manchester City
2023-05-14,14:00,Premier League,Matchweek 36,Sun,Away,W,3.0,0.0,Everton,3,9.0,4.0,44.4,0.33,0.75,19.3,2.0,0,0,0.8,0.8,0.08,2.2,2.2,Match Report,2023,Manchester City
2023-05-21,16:00,Premier League,Matchweek 37,Sun,Home,W,1.0,0.0,Chelsea,1,15.0,2.0,13.3,0.07,0.5,18.8,0.0,0,0,1.2,1.2,0.08,-0.2,-0.2,Match Report,2023,Manchester City
2023-05-24,20:00,Premier League,Matchweek 32,Wed,Away,D,1.0,1.0,Brighton,1,13.0,4.0,30.8,0.08,0.25,13.9,0.0,0,0,1.8,1.8,0.14,-0.8,-0.8,Match Report,2023,Manchester City
2023-05-28,16:30,Premier League,Matchweek 38,Sun,Away,L,0.0,1.0,Brentford,0,17.0,2.0,11.8,0.0,0.0,16.8,0.0,0,0,1.6,1.6,0.11,-1.6,-1.6,Match Report,2023,Manchester City
2022-08-05,20:00,Premier League,Matchweek 1,Fri,Away,W,2.0,0.0,Crystal Palace,1,10.0,2.0,20.0,0.1,0.5,14.6,1.0,0,0,1.0,1.0,0.1,0.0,0.0,Match Report,2023,Arsenal
2022-08-13,15:00,Premier League,Matchweek 2,Sat,Home,W,4.0,2.0,Leicester City,4,19.0,7.0,36.8,0.21,0.57,13.0,0.0,0,0,2.7,2.7,0.16,1.3,1.3,Match Report,2023,Arsenal
2022-08-20,17:30,Premier League,Matchweek 3,Sat,Away,W,3.0,0.0,Bournemouth,3,14.0,6.0,42.9,0.21,0.5,14.8,0.0,0,0,1.3,1.3,0.1,1.7,1.7,Match Report,2023,Arsenal
2022-08-27,17:30,Premier League,Matchweek 4,Sat,Home,W,2.0,1.0,Fulham,2,22.0,8.0,36.4,0.09,0.25,15.5,1.0,0,0,2.6,2.6,0.12,-0.6,-0.6,Match Report,2023,Arsenal
2022-08-31,19:30,Premier League,Matchweek 5,Wed,Home,W,2.0,1.0,Aston Villa,2,22.0,8.0,36.4,0.09,0.25,16.3,1.0,0,0,2.4,2.4,0.12,-0.4,-0.4,Match Report,2023,Arsenal
2022-09-04,16:30,Premier League,Matchweek 6,Sun,Away,L,1.0,3.0,Manchester Utd,1,16.0,3.0,18.8,0.06,0.33,18.6,1.0,0,0,1.3,1.3,0.08,-0.3,-0.3,Match Report,2023,Arsenal
2022-09-18,12:00,Premier League,Matchweek 8,Sun,Away,W,3.0,0.0,Brentford,3,13.0,7.0,53.8,0.23,0.43,18.2,0.0,0,0,1.5,1.5,0.12,1.5,1.5,Match Report,2023,Arsenal
2022-10-01,12:30,Premier League,Matchweek 9,Sat,Home,W,3.0,1.0,Tottenham,3,22.0,9.0,40.9,0.14,0.33,18.6,1.0,0,0,2.4,2.4,0.11,0.6,0.6,Match Report,2023,Arsenal
2022-10-09,16:30,Premier League,Matchweek 10,Sun,Home,W,3.0,2.0,Liverpool,3,10.0,6.0,60.0,0.2,0.33,14.3,0.0,1,1,2.7,2.3,0.24,0.3,-0.3,Match Report,2023,Arsenal
2022-10-16,14:00,Premier League,Matchweek 11,Sun,Away,W,1.0,0.0,Leeds United,1,9.0,4.0,44.4,0.11,0.25,16.6,1.0,0,0,0.5,0.5,0.06,0.5,0.5,Match Report,2023,Arsenal
2022-10-23,14:00,Premier League,Matchweek 13,Sun,Away,D,1.0,1.0,Southampton,1,12.0,3.0,25.0,0.08,0.33,17.2,0.0,0,0,1.0,1.0,0.08,0.0,0.0,Match Report,2023,Arsenal
2022-10-30,14:00,Premier League,Matchweek 14,Sun,Home,W,5.0,0.0,Nott'ham Forest,5,24.0,9.0,37.5,0.21,0.56,16.0,1.0,0,0,2.3,2.3,0.1,2.7,2.7,Match Report,2023,Arsenal
2022-11-06,12:00,Premier League,Matchweek 15,Sun,Away,W,1.0,0.0,Chelsea,1,14.0,2.0,14.3,0.07,0.5,14.5,0.0,0,0,2.1,2.1,0.16,-1.1,-1.1,Match Report,2023,Arsenal
2022-11-12,19:45,Premier League,Matchweek 16,Sat,Away,W,2.0,0.0,Wolves,2,14.0,3.0,21.4,0.14,0.67,13.7,0.0,0,0,2.1,2.1,0.15,-0.1,-0.1,Match Report,2023,Arsenal
2022-12-26,20:00,Premier League,Matchweek 17,Mon,Home,W,3.0,1.0,West Ham,3,16.0,5.0,31.3,0.19,0.6,18.2,1.0,0,0,2.1,2.1,0.14,0.9,0.9,Match Report,2023,Arsenal
2022-12-31,17:30,Premier League,Matchweek 18,Sat,Away,W,4.0,2.0,Brighton,4,14.0,7.0,50.0,0.29,0.57,11.2,0.0,0,0,2.9,2.9,0.22,1.1,1.1,Match Report,2023,Arsenal
2023-01-03,19:45,Premier League,Matchweek 19,Tue,Home,D,0.0,0.0,Newcastle Utd,0,17.0,4.0,23.5,0.0,0.0,17.0,0.0,0,0,1.1,1.1,0.07,-1.1,-1.1,Match Report,2023,Arsenal
2023-01-15,16:30,Premier League,Matchweek 20,Sun,Away,W,2.0,0.0,Tottenham,1,14.0,5.0,35.7,0.07,0.2,17.9,2.0,0,0,1.8,1.8,0.13,-0.8,-0.8,Match Report,2023,Arsenal
2023-01-22,16:30,Premier League,Matchweek 21,Sun,Home,W,3.0,2.0,Manchester Utd,3,25.0,5.0,20.0,0.12,0.6,14.2,0.0,0,0,3.1,3.1,0.13,-0.1,-0.1,Match Report,2023,Arsenal
2023-02-04,12:30,Premier League,Matchweek 22,Sat,Away,L,0.0,1.0,Everton,0,15.0,2.0,13.3,0.0,0.0,17.6,0.0,0,0,0.9,0.9,0.06,-0.9,-0.9,Match Report,2023,Arsenal
2023-02-11,15:00,Premier League,Matchweek 23,Sat,Home,D,1.0,1.0,Brentford,1,23.0,7.0,30.4,0.04,0.14,19.6,0.0,0,0,1.6,1.6,0.07,-0.6,-0.6,Match Report,2023,Arsenal
2023-02-15,19:30,Premier League,Matchweek 12,Wed,Home,L,1.0,3.0,Manchester City,1,9.0,0.0,0.0,0.0,,19.2,0.0,1,1,1.6,0.9,0.09,-0.6,-0.9,Match Report,2023,Arsenal
2023-02-18,12:30,Premier League,Matchweek 24,Sat,Away,W,4.0,2.0,Aston Villa,3,20.0,5.0,25.0,0.15,0.6,15.7,0.0,0,0,3.2,3.2,0.16,-0.2,-0.2,Match Report,2023,Arsenal
2023-02-25,15:00,Premier League,Matchweek 25,Sat,Away,W,1.0,0.0,Leicester City,1,10.0,2.0,20.0,0.1,0.5,19.4,1.0,0,0,0.7,0.7,0.07,0.3,0.3,Match Report,2023,Arsenal
2023-03-01,19:45,Premier League,Matchweek 7,Wed,Home,W,4.0,0.0,Everton,4,15.0,5.0,33.3,0.27,0.8,12.9,0.0,0,0,2.4,2.4,0.16,1.6,1.6,Match Report,2023,Arsenal
2023-03-04,15:00,Premier League,Matchweek 26,Sat,Home,W,3.0,2.0,Bournemouth,3,31.0,9.0,29.0,0.1,0.33,18.1,2.0,0,0,2.1,2.1,0.07,0.9,0.9,Match Report,2023,Arsenal
2023-03-12,14:00,Premier League,Matchweek 27,Sun,Away,W,3.0,0.0,Fulham,3,15.0,7.0,46.7,0.2,0.43,15.2,1.0,0,0,2.3,2.3,0.16,0.7,0.7,Match Report,2023,Arsenal
2023-03-19,14:00,Premier League,Matchweek 28,Sun,Home,W,4.0,1.0,Crystal Palace,4,15.0,5.0,33.3,0.27,0.8,16.4,0.0,0,0,1.6,1.6,0.1,2.4,2.4,Match Report,2023,Arsenal
2023-04-01,15:00,Premier League,Matchweek 29,Sat,Home,W,4.0,1.0,Leeds United,4,12.0,4.0,33.3,0.25,0.75,13.9,0.0,1,1,3.8,3.0,0.25,0.2,0.0,Match Report,2023,Arsenal
2023-04-09,16:30,Premier League,Matchweek 30,Sun,Away,D,2.0,2.0,Liverpool,2,9.0,5.0,55.6,0.22,0.4,15.7,0.0,0,0,1.4,1.4,0.16,0.6,0.6,Match Report,2023,Arsenal
2023-04-16,14:00,Premier League,Matchweek 31,Sun,Away,D,2.0,2.0,West Ham,2,10.0,5.0,50.0,0.2,0.4,13.9,0.0,0,1,2.7,2.0,0.2,-0.7,0.0,Match Report,2023,Arsenal
2023-04-21,20:00,Premier League,Matchweek 32,Fri,Home,D,3.0,3.0,Southampton,3,25.0,5.0,20.0,0.12,0.6,15.3,0.0,0,0,2.4,2.4,0.1,0.6,0.6,Match Report,2023,Arsenal
2023-04-26,20:00,Premier League,Matchweek 33,Wed,Away,L,1.0,4.0,Manchester City,1,8.0,2.0,25.0,0.13,0.5,18.0,1.0,0,0,0.5,0.5,0.06,0.5,0.5,Match Report,2023,Arsenal
2023-05-02,20:00,Premier League,Matchweek 34,Tue,Home,W,3.0,1.0,Chelsea,3,16.0,9.0,56.3,0.19,0.33,13.0,0.0,0,0,1.7,1.7,0.11,1.3,1.3,Match Report,2023,Arsenal
2023-05-07,16:30,Premier League,Matchweek 35,Sun,Away,W,2.0,0.0,Newcastle Utd,1,10.0,6.0,60.0,0.1,0.17,16.6,0.0,0,0,1.3,1.3,0.13,-0.3,-0.3,Match Report,2023,Arsenal
2023-05-14,16:30,Premier League,Matchweek 36,Sun,Home,L,0.0,3.0,Brighton,0,14.0,2.0,14.3,0.0,0.0,16.4,0.0,0,0,0.9,0.9,0.07,-0.9,-0.9,Match Report,2023,Arsenal
2023-05-20,17:30,Premier League,Matchweek 37,Sat,Away,L,0.0,1.0,Nott'ham Forest,0,11.0,3.0,27.3,0.0,0.0,16.4,0.0,0,0,0.6,0.6,0.06,-0.6,-0.6,Match Report,2023,Arsenal
2023-05-28,16:30,Premier League,Matchweek 38,Sun,Home,W,5.0,0.0,Wolves,5,14.0,8.0,57.1,0.36,0.63,13.7,1.0,0,0,2.8,2.8,0.2,2.2,2.2,Match Report,2023,Arsenal
2022-08-07,14:00,Premier League,Matchweek 1,Sun,Home,L,1.0,2.0,Brighton,0,17.0,5.0,29.4,0.0,0.0,15.5,0.0,0,0,1.4,1.4,0.08,-1.4,-1.4,Match Report,2023,Manchester United
2022-08-13,17:30,Premier League,Matchweek 2,Sat,Away,L,0.0,4.0,Brentford,0,15.0,4.0,26.7,0.0,0.0,19.6,0.0,0,0,0.9,0.9,0.06,-0.9,-0.9,Match Report,2023,Manchester United
2022-08-22,20:00,Premier League,Matchweek 3,Mon,Home,W,2.0,1.0,Liverpool,2,13.0,5.0,38.5,0.15,0.4,19.5,2.0,0,0,1.8,1.8,0.14,0.2,0.2,Match Report,2023,Manchester United
2022-08-27,12:30,Premier League,Matchweek 4,Sat,Away,W,1.0,0.0,Southampton,1,11.0,4.0,36.4,0.09,0.25,15.5,1.0,0,0,1.1,1.1,0.15,-0.1,-0.1,Match Report,2023,Manchester United
2022-09-01,20:00,Premier League,Matchweek 5,Thu,Away,W,1.0,0.0,Leicester City,1,9.0,2.0,22.2,0.11,0.5,16.8,0.0,0,0,1.5,1.5,0.17,-0.5,-0.5,Match Report,2023,Manchester United
2022-09-04,16:30,Premier League,Matchweek 6,Sun,Home,W,3.0,1.0,Arsenal,3,10.0,6.0,60.0,0.3,0.5,15.5,0.0,0,0,1.5,1.5,0.16,1.5,1.5,Match Report,2023,Manchester United
2022-10-02,14:00,Premier League,Matchweek 9,Sun,Away,L,3.0,6.0,Manchester City,3,11.0,7.0,63.6,0.18,0.29,22.2,0.0,1,1,1.7,0.9,0.08,1.3,1.1,Match Report,2023,Manchester United
2022-10-09,19:00,Premier League,Matchweek 10,Sun,Away,W,2.0,1.0,Everton,2,12.0,4.0,33.3,0.17,0.5,18.8,0.0,0,0,1.4,1.4,0.12,0.6,0.6,Match Report,2023,Manchester United
2022-10-16,14:00,Premier League,Matchweek 11,Sun,Home,D,0.0,0.0,Newcastle Utd,0,15.0,2.0,13.3,0.0,0.0,19.4,1.0,0,0,0.8,0.8,0.05,-0.8,-0.8,Match Report,2023,Manchester United
2022-10-19,20:15,Premier League,Matchweek 12,Wed,Home,W,2.0,0.0,Tottenham,2,28.0,10.0,35.7,0.07,0.2,21.4,1.0,0,0,1.5,1.5,0.06,0.5,0.5,Match Report,2023,Manchester United
2022-10-22,17:30,Premier League,Matchweek 13,Sat,Away,D,1.0,1.0,Chelsea,1,13.0,6.0,46.2,0.08,0.17,22.1,1.0,0,0,0.8,0.8,0.06,0.2,0.2,Match Report,2023,Manchester United
2022-10-30,16:15,Premier League,Matchweek 14,Sun,Home,W,1.0,0.0,West Ham,1,16.0,3.0,18.8,0.06,0.33,18.1,0.0,0,0,1.2,1.2,0.08,-0.2,-0.2,Match Report,2023,Manchester United
2022-11-06,14:00,Premier League,Matchweek 15,Sun,Away,L,1.0,3.0,Aston Villa,0,8.0,3.0,37.5,0.0,0.0,19.7,1.0,0,0,0.5,0.5,0.06,-0.5,-0.5,Match Report,2023,Manchester United
2022-11-13,16:30,Premier League,Matchweek 16,Sun,Away,W,2.0,1.0,Fulham,2,14.0,9.0,64.3,0.14,0.22,17.7,0.0,0,0,2.5,2.5,0.19,-0.5,-0.5,Match Report,2023,Manchester United
2022-12-27,20:00,Premier League,Matchweek 17,Tue,Home,W,3.0,0.0,Nott'ham Forest,3,17.0,8.0,47.1,0.18,0.38,15.9,0.0,0,0,2.4,2.4,0.15,0.6,0.6,Match Report,2023,Manchester United
2022-12-31,12:30,Premier League,Matchweek 18,Sat,Away,W,1.0,0.0,Wolves,1,16.0,6.0,37.5,0.06,0.17,14.9,1.0,0,0,2.0,2.0,0.12,-1.0,-1.0,Match Report,2023,Manchester United
2023-01-03,20:00,Premier League,Matchweek 19,Tue,Home,W,3.0,0.0,Bournemouth,3,18.0,6.0,33.3,0.17,0.5,16.7,2.0,0,0,2.2,2.2,0.13,0.8,0.8,Match Report,2023,Manchester United
2023-01-14,12:30,Premier League,Matchweek 20,Sat,Home,W,2.0,1.0,Manchester City,2,8.0,3.0,37.5,0.25,0.67,14.8,0.0,0,0,1.7,1.7,0.21,0.3,0.3,Match Report,2023,Manchester United
2023-01-18,20:00,Premier League,Matchweek 7,Wed,Away,D,1.0,1.0,Crystal Palace,1,15.0,4.0,26.7,0.07,0.25,19.5,1.0,0,0,2.1,2.1,0.14,-1.1,-1.1,Match Report,2023,Manchester United
2023-01-22,16:30,Premier League,Matchweek 21,Sun,Away,L,2.0,3.0,Arsenal,2,6.0,4.0,66.7,0.33,0.5,18.2,0.0,0,0,0.4,0.4,0.06,1.6,1.6,Match Report,2023,Manchester United
2023-02-04,15:00,Premier League,Matchweek 22,Sat,Home,W,2.0,1.0,Crystal Palace,2,13.0,4.0,30.8,0.08,0.25,16.4,0.0,1,1,2.0,1.2,0.1,0.0,-0.2,Match Report,2023,Manchester United
2023-02-08,20:00,Premier League,Matchweek 8,Wed,Home,D,2.0,2.0,Leeds United,2,24.0,6.0,25.0,0.08,0.33,16.7,0.0,0,0,2.0,2.0,0.09,0.0,0.0,Match Report,2023,Manchester United
2023-02-12,14:00,Premier League,Matchweek 23,Sun,Away,W,2.0,0.0,Leeds United,2,11.0,5.0,45.5,0.18,0.4,16.4,0.0,0,0,1.1,1.1,0.1,0.9,0.9,Match Report,2023,Manchester United
2023-02-19,14:00,Premier League,Matchweek 24,Sun,Home,W,3.0,0.0,Leicester City,3,26.0,8.0,30.8,0.12,0.38,15.5,1.0,0,0,4.4,4.4,0.17,-1.4,-1.4,Match Report,2023,Manchester United
2023-03-05,16:30,Premier League,Matchweek 26,Sun,Away,L,0.0,7.0,Liverpool,0,8.0,4.0,50.0,0.0,0.0,15.4,0.0,0,0,0.8,0.8,0.1,-0.8,-0.8,Match Report,2023,Manchester United
2023-03-12,14:00,Premier League,Matchweek 27,Sun,Home,D,0.0,0.0,Southampton,0,10.0,4.0,40.0,0.0,0.0,15.4,0.0,0,0,0.8,0.8,0.09,-0.8,-0.8,Match Report,2023,Manchester United
2023-04-02,16:30,Premier League,Matchweek 29,Sun,Away,L,0.0,2.0,Newcastle Utd,0,6.0,1.0,16.7,0.0,0.0,14.2,0.0,0,0,0.4,0.4,0.07,-0.4,-0.4,Match Report,2023,Manchester United
2023-04-05,20:00,Premier League,Matchweek 25,Wed,Home,W,1.0,0.0,Brentford,1,18.0,3.0,16.7,0.06,0.33,19.9,1.0,0,0,1.2,1.2,0.07,-0.2,-0.2,Match Report,2023,Manchester United
2023-04-08,12:30,Premier League,Matchweek 30,Sat,Home,W,2.0,0.0,Everton,2,29.0,11.0,37.9,0.07,0.18,16.5,0.0,0,0,3.4,3.4,0.12,-1.4,-1.4,Match Report,2023,Manchester United
2023-04-16,16:30,Premier League,Matchweek 31,Sun,Away,W,2.0,0.0,Nott'ham Forest,2,22.0,7.0,31.8,0.09,0.29,15.4,1.0,0,0,3.5,3.5,0.18,-1.5,-1.5,Match Report,2023,Manchester United
2023-04-27,20:15,Premier League,Matchweek 33,Thu,Away,D,2.0,2.0,Tottenham,2,17.0,7.0,41.2,0.12,0.29,17.9,2.0,0,0,2.0,2.0,0.12,0.0,0.0,Match Report,2023,Manchester United
2023-04-30,14:00,Premier League,Matchweek 34,Sun,Home,W,1.0,0.0,Aston Villa,1,14.0,6.0,42.9,0.07,0.17,19.0,0.0,0,0,1.2,1.2,0.09,-0.2,-0.2,Match Report,2023,Manchester United
2023-05-04,20:00,Premier League,Matchweek 28,Thu,Away,L,0.0,1.0,Brighton,0,16.0,5.0,31.3,0.0,0.0,18.5,1.0,0,0,1.4,1.4,0.09,-1.4,-1.4,Match Report,2023,Manchester United
2023-05-07,19:00,Premier League,Matchweek 35,Sun,Away,L,0.0,1.0,West Ham,0,19.0,4.0,21.1,0.0,0.0,18.2,0.0,0,0,1.2,1.2,0.06,-1.2,-1.2,Match Report,2023,Manchester United
2023-05-13,15:00,Premier League,Matchweek 36,Sat,Home,W,2.0,0.0,Wolves,2,27.0,9.0,33.3,0.07,0.22,19.3,2.0,0,0,3.2,3.2,0.12,-1.2,-1.2,Match Report,2023,Manchester United
2023-05-20,15:00,Premier League,Matchweek 37,Sat,Away,W,1.0,0.0,Bournemouth,1,20.0,5.0,25.0,0.05,0.2,18.7,0.0,0,0,1.4,1.4,0.07,-0.4,-0.4,Match Report,2023,Manchester United
2023-05-25,20:00,Premier League,Matchweek 32,Thu,Home,W,4.0,1.0,Chelsea,4,17.0,8.0,47.1,0.18,0.38,15.3,0.0,1,1,5.2,4.4,0.29,-1.2,-1.4,Match Report,2023,Manchester United
2023-05-28,16:30,Premier League,Matchweek 38,Sun,Home,W,2.0,1.0,Fulham,2,21.0,8.0,38.1,0.1,0.25,20.7,1.0,0,0,2.9,2.9,0.14,-0.9,-0.9,Match Report,2023,Manchester United
2022-08-06,15:00,Premier League,Matchweek 1,Sat,Home,W,2.0,0.0,Nott'ham Forest,2,23.0,9.0,39.1,0.09,0.22,16.0,1.0,0,0,1.7,1.7,0.08,0.3,0.3,Match Report,2023,Newcastle United
2022-08-13,15:00,Premier League,Matchweek 2,Sat,Away,D,0.0,0.0,Brighton,0,4.0,1.0,25.0,0.0,0.0,17.8,0.0,0,0,0.2,0.2,0.06,-0.2,-0.2,Match Report,2023,Newcastle United
2022-08-21,16:30,Premier League,Matchweek 3,Sun,Home,D,3.0,3.0,Manchester City,3,12.0,5.0,41.7,0.25,0.6,14.8,1.0,0,0,1.8,1.8,0.15,1.2,1.2,Match Report,2023,Newcastle United
2022-08-28,14:00,Premier League,Matchweek 4,Sun,Away,D,1.0,1.0,Wolves,1,21.0,6.0,28.6,0.05,0.17,18.1,1.0,0,0,1.7,1.7,0.08,-0.7,-0.7,Match Report,2023,Newcastle United
2022-08-31,20:00,Premier League,Matchweek 5,Wed,Away,L,1.0,2.0,Liverpool,1,5.0,2.0,40.0,0.2,0.5,18.2,1.0,0,0,0.7,0.7,0.14,0.3,0.3,Match Report,2023,Newcastle United
2022-09-03,15:00,Premier League,Matchweek 6,Sat,Home,D,0.0,0.0,Crystal Palace,0,23.0,5.0,21.7,0.0,0.0,12.8,1.0,0,0,2.8,2.8,0.13,-2.8,-2.8,Match Report,2023,Newcastle United
2022-09-17,15:00,Premier League,Matchweek 8,Sat,Home,D,1.0,1.0,Bournemouth,1,19.0,6.0,31.6,0.0,0.0,20.0,1.0,1,1,1.9,1.1,0.06,-0.9,-1.1,Match Report,2023,Newcastle United
2022-10-01,15:00,Premier League,Matchweek 9,Sat,Away,W,4.0,1.0,Fulham,4,19.0,10.0,52.6,0.21,0.4,12.9,0.0,0,0,3.3,3.3,0.19,0.7,0.7,Match Report,2023,Newcastle United
2022-10-08,15:00,Premier League,Matchweek 10,Sat,Home,W,5.0,1.0,Brentford,4,16.0,6.0,37.5,0.25,0.67,18.6,0.0,0,0,1.5,1.5,0.1,2.5,2.5,Match Report,2023,Newcastle United
2022-10-16,14:00,Premier League,Matchweek 11,Sun,Away,D,0.0,0.0,Manchester Utd,0,9.0,2.0,22.2,0.0,0.0,14.7,1.0,0,0,0.8,0.8,0.1,-0.8,-0.8,Match Report,2023,Newcastle United
2022-10-19,19:30,Premier League,Matchweek 12,Wed,Home,W,1.0,0.0,Everton,1,16.0,4.0,25.0,0.06,0.25,14.2,0.0,0,0,1.5,1.5,0.09,-0.5,-0.5,Match Report,2023,Newcastle United
2022-10-23,16:30,Premier League,Matchweek 13,Sun,Away,W,2.0,1.0,Tottenham,2,13.0,5.0,38.5,0.15,0.4,18.4,0.0,0,0,1.2,1.2,0.09,0.8,0.8,Match Report,2023,Newcastle United
2022-10-29,15:00,Premier League,Matchweek 14,Sat,Home,W,4.0,0.0,Aston Villa,4,19.0,6.0,31.6,0.16,0.5,16.3,0.0,1,1,3.4,2.6,0.14,0.6,0.4,Match Report,2023,Newcastle United
2022-11-06,14:00,Premier League,Matchweek 15,Sun,Away,W,4.0,1.0,Southampton,4,7.0,4.0,57.1,0.57,1.0,15.4,0.0,0,0,0.9,0.9,0.12,3.1,3.1,Match Report,2023,Newcastle United
2022-11-12,17:30,Premier League,Matchweek 16,Sat,Home,W,1.0,0.0,Chelsea,1,10.0,3.0,30.0,0.1,0.33,15.4,0.0,0,0,1.0,1.0,0.11,0.0,0.0,Match Report,2023,Newcastle United
2022-12-26,15:00,Premier League,Matchweek 17,Mon,Away,W,3.0,0.0,Leicester City,3,11.0,4.0,36.4,0.18,0.5,16.8,0.0,1,1,1.9,1.1,0.1,1.1,0.9,Match Report,2023,Newcastle United
2022-12-31,15:00,Premier League,Matchweek 18,Sat,Home,D,0.0,0.0,Leeds United,0,16.0,5.0,31.3,0.0,0.0,15.4,1.0,0,0,2.2,2.2,0.14,-2.2,-2.2,Match Report,2023,Newcastle United
2023-01-03,19:45,Premier League,Matchweek 19,Tue,Away,D,0.0,0.0,Arsenal,0,8.0,1.0,12.5,0.0,0.0,13.4,0.0,0,0,1.0,1.0,0.13,-1.0,-1.0,Match Report,2023,Newcastle United
2023-01-15,14:00,Premier League,Matchweek 20,Sun,Home,W,1.0,0.0,Fulham,1,20.0,5.0,25.0,0.05,0.2,16.7,2.0,0,0,2.2,2.2,0.12,-1.2,-1.2,Match Report,2023,Newcastle United
2023-01-21,17:30,Premier League,Matchweek 21,Sat,Away,D,0.0,0.0,Crystal Palace,0,16.0,7.0,43.8,0.0,0.0,13.1,0.0,0,0,1.2,1.2,0.08,-1.2,-1.2,Match Report,2023,Newcastle United
2023-02-04,17:30,Premier League,Matchweek 22,Sat,Home,D,1.0,1.0,West Ham,1,8.0,2.0,25.0,0.13,0.5,13.5,0.0,0,0,1.0,1.0,0.13,0.0,0.0,Match Report,2023,Newcastle United
2023-02-11,17:30,Premier League,Matchweek 23,Sat,Away,D,1.0,1.0,Bournemouth,1,15.0,7.0,46.7,0.07,0.14,16.9,0.0,0,0,1.3,1.3,0.1,-0.3,-0.3,Match Report,2023,Newcastle United
2023-02-18,17:30,Premier League,Matchweek 24,Sat,Home,L,0.0,2.0,Liverpool,0,14.0,4.0,28.6,0.0,0.0,12.9,0.0,0,0,2.0,2.0,0.15,-2.0,-2.0,Match Report,2023,Newcastle United
2023-03-04,12:30,Premier League,Matchweek 26,Sat,Away,L,0.0,2.0,Manchester City,0,5.0,2.0,40.0,0.0,0.0,15.0,1.0,0,0,0.4,0.4,0.09,-0.4,-0.4,Match Report,2023,Newcastle United
2023-03-12,16:30,Premier League,Matchweek 27,Sun,Home,W,2.0,1.0,Wolves,2,19.0,8.0,42.1,0.11,0.25,15.9,2.0,0,0,1.8,1.8,0.1,0.2,0.2,Match Report,2023,Newcastle United
2023-03-17,20:00,Premier League,Matchweek 28,Fri,Away,W,2.0,1.0,Nott'ham Forest,2,14.0,3.0,21.4,0.07,0.33,15.2,0.0,1,1,2.4,1.7,0.12,-0.4,-0.7,Match Report,2023,Newcastle United
2023-04-02,16:30,Premier League,Matchweek 29,Sun,Home,W,2.0,0.0,Manchester Utd,2,22.0,6.0,27.3,0.09,0.33,13.2,0.0,0,0,3.7,3.7,0.17,-1.7,-1.7,Match Report,2023,Newcastle United
2023-04-05,20:00,Premier League,Matchweek 7,Wed,Away,W,5.0,1.0,West Ham,5,15.0,7.0,46.7,0.33,0.71,20.4,0.0,0,0,3.3,3.3,0.22,1.7,1.7,Match Report,2023,Newcastle United
2023-04-08,15:00,Premier League,Matchweek 30,Sat,Away,W,2.0,1.0,Brentford,1,10.0,4.0,40.0,0.1,0.25,14.8,0.0,0,0,1.3,1.3,0.13,-0.3,-0.3,Match Report,2023,Newcastle United
2023-04-15,12:30,Premier League,Matchweek 31,Sat,Away,L,0.0,3.0,Aston Villa,0,8.0,2.0,25.0,0.0,0.0,16.8,0.0,0,0,0.5,0.5,0.06,-0.5,-0.5,Match Report,2023,Newcastle United
2023-04-23,14:00,Premier League,Matchweek 32,Sun,Home,W,6.0,1.0,Tottenham,6,25.0,8.0,32.0,0.24,0.75,14.3,0.0,0,0,3.7,3.7,0.16,2.3,2.3,Match Report,2023,Newcastle United
2023-04-27,19:45,Premier League,Matchweek 33,Thu,Away,W,4.0,1.0,Everton,4,15.0,7.0,46.7,0.27,0.57,14.3,0.0,0,0,2.4,2.4,0.16,1.6,1.6,Match Report,2023,Newcastle United
2023-04-30,14:00,Premier League,Matchweek 34,Sun,Home,W,3.0,1.0,Southampton,2,22.0,5.0,22.7,0.09,0.4,13.3,0.0,0,0,4.3,4.3,0.22,-2.3,-2.3,Match Report,2023,Newcastle United
2023-05-07,16:30,Premier League,Matchweek 35,Sun,Home,L,0.0,2.0,Arsenal,0,12.0,5.0,41.7,0.0,0.0,14.8,0.0,0,0,1.3,1.3,0.11,-1.3,-1.3,Match Report,2023,Newcastle United
2023-05-13,12:30,Premier League,Matchweek 36,Sat,Away,D,2.0,2.0,Leeds United,2,16.0,3.0,18.8,0.0,0.0,19.1,1.0,2,2,2.3,0.7,0.04,-0.3,-0.7,Match Report,2023,Newcastle United
2023-05-18,19:30,Premier League,Matchweek 25,Thu,Home,W,4.0,1.0,Brighton,3,22.0,8.0,36.4,0.14,0.38,13.3,1.0,0,0,3.6,3.6,0.17,-0.6,-0.6,Match Report,2023,Newcastle United
2023-05-22,20:00,Premier League,Matchweek 37,Mon,Home,D,0.0,0.0,Leicester City,0,23.0,3.0,13.0,0.0,0.0,15.9,0.0,0,0,2.1,2.1,0.1,-2.1,-2.1,Match Report,2023,Newcastle United
2023-05-28,16:30,Premier League,Matchweek 38,Sun,Away,D,1.0,1.0,Chelsea,1,13.0,4.0,30.8,0.08,0.25,17.1,0.0,0,0,1.7,1.7,0.13,-0.7,-0.7,Match Report,2023,Newcastle United
2022-08-06,12:30,Premier League,Matchweek 1,Sat,Away,D,2.0,2.0,Fulham,2,11.0,3.0,27.3,0.18,0.67,12.4,0.0,0,0,1.2,1.2,0.11,0.8,0.8,Match Report,2023,Liverpool
2022-08-15,20:00,Premier League,Matchweek 2,Mon,Home,D,1.0,1.0,Crystal Palace,1,24.0,4.0,16.7,0.04,0.25,17.4,0.0,0,0,2.0,2.0,0.09,-1.0,-1.0,Match Report,2023,Liverpool
2022-08-22,20:00,Premier League,Matchweek 3,Mon,Away,L,1.0,2.0,Manchester Utd,1,17.0,5.0,29.4,0.06,0.2,14.4,0.0,0,0,1.3,1.3,0.08,-0.3,-0.3,Match Report,2023,Liverpool
2022-08-27,15:00,Premier League,Matchweek 4,Sat,Home,W,9.0,0.0,Bournemouth,8,19.0,12.0,63.2,0.42,0.67,11.6,0.0,0,0,3.3,3.3,0.18,4.7,4.7,Match Report,2023,Liverpool
2022-08-31,20:00,Premier League,Matchweek 5,Wed,Home,W,2.0,1.0,Newcastle Utd,2,23.0,6.0,26.1,0.09,0.33,17.8,0.0,0,0,1.5,1.5,0.07,0.5,0.5,Match Report,2023,Liverpool
2022-09-03,12:30,Premier League,Matchweek 6,Sat,Away,D,0.0,0.0,Everton,0,23.0,8.0,34.8,0.0,0.0,13.1,0.0,0,0,2.1,2.1,0.1,-2.1,-2.1,Match Report,2023,Liverpool
2022-10-01,15:00,Premier League,Matchweek 9,Sat,Home,D,3.0,3.0,Brighton,2,15.0,7.0,46.7,0.13,0.29,16.8,1.0,0,0,1.5,1.5,0.1,0.5,0.5,Match Report,2023,Liverpool
2022-10-09,16:30,Premier League,Matchweek 10,Sun,Away,L,2.0,3.0,Arsenal,2,8.0,3.0,37.5,0.25,0.67,18.0,0.0,0,0,1.1,1.1,0.14,0.9,0.9,Match Report,2023,Liverpool
2022-10-16,16:30,Premier League,Matchweek 11,Sun,Home,W,1.0,0.0,Manchester City,1,13.0,2.0,15.4,0.08,0.5,17.5,0.0,0,0,2.1,2.1,0.16,-1.1,-1.1,Match Report,2023,Liverpool
2022-10-19,19:30,Premier League,Matchweek 12,Wed,Home,W,1.0,0.0,West Ham,1,22.0,7.0,31.8,0.05,0.14,17.5,0.0,0,0,1.7,1.7,0.08,-0.7,-0.7,Match Report,2023,Liverpool
2022-10-22,12:30,Premier League,Matchweek 13,Sat,Away,L,0.0,1.0,Nott'ham Forest,0,15.0,7.0,46.7,0.0,0.0,10.4,0.0,0,0,1.6,1.6,0.11,-1.6,-1.6,Match Report,2023,Liverpool
2022-10-29,19:45,Premier League,Matchweek 14,Sat,Home,L,1.0,2.0,Leeds United,1,22.0,10.0,45.5,0.05,0.1,16.4,0.0,0,0,1.7,1.7,0.08,-0.7,-0.7,Match Report,2023,Liverpool
2022-11-06,16:30,Premier League,Matchweek 15,Sun,Away,W,2.0,1.0,Tottenham,2,13.0,6.0,46.2,0.15,0.33,21.2,0.0,0,0,1.2,1.2,0.09,0.8,0.8,Match Report,2023,Liverpool
2022-11-12,15:00,Premier League,Matchweek 16,Sat,Home,W,3.0,1.0,Southampton,3,15.0,7.0,46.7,0.2,0.43,12.4,0.0,0,0,1.9,1.9,0.13,1.1,1.1,Match Report,2023,Liverpool
2022-12-26,17:30,Premier League,Matchweek 17,Mon,Away,W,3.0,1.0,Aston Villa,3,16.0,9.0,56.3,0.19,0.33,17.0,0.0,0,0,2.7,2.7,0.17,0.3,0.3,Match Report,2023,Liverpool
2022-12-30,20:00,Premier League,Matchweek 18,Fri,Home,W,2.0,1.0,Leicester City,0,21.0,5.0,23.8,0.0,0.0,18.4,1.0,0,0,2.2,2.2,0.11,-2.2,-2.2,Match Report,2023,Liverpool
2023-01-02,17:30,Premier League,Matchweek 19,Mon,Away,L,1.0,3.0,Brentford,1,16.0,5.0,31.3,0.06,0.2,15.3,0.0,0,0,0.9,0.9,0.06,0.1,0.1,Match Report,2023,Liverpool
2023-01-14,15:00,Premier League,Matchweek 20,Sat,Away,L,0.0,3.0,Brighton,0,6.0,2.0,33.3,0.0,0.0,12.8,0.0,0,0,1.0,1.0,0.17,-1.0,-1.0,Match Report,2023,Liverpool
2023-01-21,12:30,Premier League,Matchweek 21,Sat,Home,D,0.0,0.0,Chelsea,0,15.0,3.0,20.0,0.0,0.0,15.5,0.0,0,0,1.4,1.4,0.09,-1.4,-1.4,Match Report,2023,Liverpool
2023-02-04,15:00,Premier League,Matchweek 22,Sat,Away,L,0.0,3.0,Wolves,0,22.0,2.0,9.1,0.0,0.0,19.5,1.0,0,0,1.8,1.8,0.09,-1.8,-1.8,Match Report,2023,Liverpool
2023-02-13,20:00,Premier League,Matchweek 23,Mon,Home,W,2.0,0.0,Everton,2,15.0,6.0,40.0,0.13,0.33,16.7,1.0,0,0,2.3,2.3,0.16,-0.3,-0.3,Match Report,2023,Liverpool
2023-02-18,17:30,Premier League,Matchweek 24,Sat,Away,W,2.0,0.0,Newcastle Utd,2,13.0,7.0,53.8,0.15,0.29,16.4,1.0,0,0,1.9,1.9,0.14,0.1,0.1,Match Report,2023,Liverpool
2023-02-25,19:45,Premier League,Matchweek 25,Sat,Away,D,0.0,0.0,Crystal Palace,0,12.0,4.0,33.3,0.0,0.0,16.0,1.0,0,0,0.9,0.9,0.07,-0.9,-0.9,Match Report,2023,Liverpool
2023-03-01,20:00,Premier League,Matchweek 7,Wed,Home,W,2.0,0.0,Wolves,2,15.0,6.0,40.0,0.13,0.33,13.6,0.0,0,0,2.6,2.6,0.18,-0.6,-0.6,Match Report,2023,Liverpool
2023-03-05,16:30,Premier League,Matchweek 26,Sun,Home,W,7.0,0.0,Manchester Utd,7,18.0,8.0,44.4,0.39,0.88,12.7,0.0,0,0,2.8,2.8,0.15,4.2,4.2,Match Report,2023,Liverpool
2023-03-11,12:30,Premier League,Matchweek 27,Sat,Away,L,0.0,1.0,Bournemouth,0,14.0,5.0,35.7,0.0,0.0,18.5,0.0,0,1,1.7,1.0,0.07,-1.7,-1.0,Match Report,2023,Liverpool
2023-04-01,12:30,Premier League,Matchweek 29,Sat,Away,L,1.0,4.0,Manchester City,1,4.0,1.0,25.0,0.25,1.0,15.9,0.0,0,0,0.3,0.3,0.08,0.7,0.7,Match Report,2023,Liverpool
2023-04-04,20:00,Premier League,Matchweek 8,Tue,Away,D,0.0,0.0,Chelsea,0,7.0,3.0,42.9,0.0,0.0,25.4,0.0,0,0,0.3,0.3,0.05,-0.3,-0.3,Match Report,2023,Liverpool
2023-04-09,16:30,Premier League,Matchweek 30,Sun,Home,D,2.0,2.0,Arsenal,2,20.0,6.0,30.0,0.1,0.33,14.0,0.0,0,1,3.9,3.1,0.16,-1.9,-1.1,Match Report,2023,Liverpool
2023-04-17,20:00,Premier League,Matchweek 31,Mon,Away,W,6.0,1.0,Leeds United,6,13.0,7.0,53.8,0.46,0.86,12.9,0.0,0,0,2.7,2.7,0.21,3.3,3.3,Match Report,2023,Liverpool
2023-04-22,15:00,Premier League,Matchweek 32,Sat,Home,W,3.0,2.0,Nott'ham Forest,3,18.0,5.0,27.8,0.17,0.6,12.5,0.0,0,0,2.8,2.8,0.16,0.2,0.2,Match Report,2023,Liverpool
2023-04-26,19:45,Premier League,Matchweek 33,Wed,Away,W,2.0,1.0,West Ham,2,20.0,4.0,20.0,0.1,0.5,16.8,0.0,0,0,1.9,1.9,0.11,0.1,0.1,Match Report,2023,Liverpool
2023-04-30,16:30,Premier League,Matchweek 34,Sun,Home,W,4.0,3.0,Tottenham,4,11.0,3.0,27.3,0.27,1.0,16.1,0.0,1,1,2.2,1.4,0.13,1.8,1.6,Match Report,2023,Liverpool
2023-05-03,20:00,Premier League,Matchweek 28,Wed,Home,W,1.0,0.0,Fulham,1,14.0,2.0,14.3,0.0,0.0,22.6,0.0,1,1,1.8,1.0,0.07,-0.8,-1.0,Match Report,2023,Liverpool
2023-05-06,17:30,Premier League,Matchweek 35,Sat,Home,W,1.0,0.0,Brentford,1,15.0,5.0,33.3,0.07,0.2,18.8,0.0,0,0,2.2,2.2,0.15,-1.2,-1.2,Match Report,2023,Liverpool
2023-05-15,20:00,Premier League,Matchweek 36,Mon,Away,W,3.0,0.0,Leicester City,3,16.0,5.0,31.3,0.19,0.6,17.5,1.0,0,0,2.2,2.2,0.13,0.8,0.8,Match Report,2023,Liverpool
2023-05-20,15:00,Premier League,Matchweek 37,Sat,Home,D,1.0,1.0,Aston Villa,1,10.0,5.0,50.0,0.1,0.2,18.2,0.0,0,0,0.7,0.7,0.07,0.3,0.3,Match Report,2023,Liverpool
2023-05-28,16:30,Premier League,Matchweek 38,Sun,Away,D,4.0,4.0,Southampton,4,30.0,8.0,26.7,0.13,0.5,18.5,0.0,0,0,4.0,4.0,0.14,0.0,0.0,Match Report,2023,Liverpool
2022-08-07,14:00,Premier League,Matchweek 1,Sun,Away,W,2.0,1.0,Manchester Utd,2,15.0,4.0,26.7,0.13,0.5,17.4,0.0,0,0,1.5,1.5,0.1,0.5,0.5,Match Report,2023,Brighton and Hove Albion
2022-08-13,15:00,Premier League,Matchweek 2,Sat,Home,D,0.0,0.0,Newcastle Utd,0,13.0,5.0,38.5,0.0,0.0,17.3,0.0,0,0,1.5,1.5,0.12,-1.5,-1.5,Match Report,2023,Brighton and Hove Albion
2022-08-21,14:00,Premier League,Matchweek 3,Sun,Away,W,2.0,0.0,West Ham,2,10.0,1.0,10.0,0.1,1.0,18.8,0.0,1,1,1.7,0.9,0.09,0.3,0.1,Match Report,2023,Brighton and Hove Albion
2022-08-27,15:00,Premier League,Matchweek 4,Sat,Home,W,1.0,0.0,Leeds United,1,13.0,4.0,30.8,0.08,0.25,13.6,0.0,0,0,2.0,2.0,0.16,-1.0,-1.0,Match Report,2023,Brighton and Hove Albion
2022-08-30,19:30,Premier League,Matchweek 5,Tue,Away,L,1.0,2.0,Fulham,1,6.0,2.0,33.3,0.0,0.0,15.3,0.0,1,1,1.4,0.6,0.11,-0.4,-0.6,Match Report,2023,Brighton and Hove Albion
2022-09-04,14:00,Premier League,Matchweek 6,Sun,Home,W,5.0,2.0,Leicester City,4,22.0,10.0,45.5,0.14,0.3,19.6,2.0,1,1,2.6,2.0,0.09,1.4,1.0,Match Report,2023,Brighton and Hove Albion
2022-10-01,15:00,Premier League,Matchweek 9,Sat,Away,D,3.0,3.0,Liverpool,3,6.0,6.0,100.0,0.5,0.5,10.0,0.0,0,0,1.4,1.4,0.23,1.6,1.6,Match Report,2023,Brighton and Hove Albion
2022-10-08,17:30,Premier League,Matchweek 10,Sat,Home,L,0.0,1.0,Tottenham,0,14.0,4.0,28.6,0.0,0.0,18.5,0.0,0,0,0.7,0.7,0.05,-0.7,-0.7,Match Report,2023,Brighton and Hove Albion
2022-10-14,20:00,Premier League,Matchweek 11,Fri,Away,L,0.0,2.0,Brentford,0,21.0,7.0,33.3,0.0,0.0,17.2,0.0,0,0,1.9,1.9,0.09,-1.9,-1.9,Match Report,2023,Brighton and Hove Albion
2022-10-18,19:30,Premier League,Matchweek 12,Tue,Home,D,0.0,0.0,Nott'ham Forest,0,19.0,7.0,36.8,0.0,0.0,15.7,0.0,0,0,1.7,1.7,0.09,-1.7,-1.7,Match Report,2023,Brighton and Hove Albion
2022-10-22,15:00,Premier League,Matchweek 13,Sat,Away,L,1.0,3.0,Manchester City,1,8.0,2.0,25.0,0.13,0.5,19.8,0.0,0,0,0.5,0.5,0.06,0.5,0.5,Match Report,2023,Brighton and Hove Albion
2022-10-29,15:00,Premier League,Matchweek 14,Sat,Home,W,4.0,1.0,Chelsea,2,19.0,7.0,36.8,0.11,0.29,15.9,0.0,0,0,2.4,2.4,0.13,-0.4,-0.4,Match Report,2023,Brighton and Hove Albion
2022-11-05,15:00,Premier League,Matchweek 15,Sat,Away,W,3.0,2.0,Wolves,3,19.0,8.0,42.1,0.16,0.38,17.2,3.0,0,0,1.5,1.5,0.08,1.5,1.5,Match Report,2023,Brighton and Hove Albion
2022-11-13,14:00,Premier League,Matchweek 16,Sun,Home,L,1.0,2.0,Aston Villa,1,7.0,2.0,28.6,0.14,0.5,18.2,0.0,0,0,0.6,0.6,0.09,0.4,0.4,Match Report,2023,Brighton and Hove Albion
2022-12-26,15:00,Premier League,Matchweek 17,Mon,Away,W,3.0,1.0,Southampton,2,7.0,4.0,57.1,0.29,0.5,13.7,0.0,0,0,0.6,0.6,0.09,1.4,1.4,Match Report,2023,Brighton and Hove Albion
2022-12-31,17:30,Premier League,Matchweek 18,Sat,Home,L,2.0,4.0,Arsenal,2,9.0,5.0,55.6,0.22,0.4,13.5,0.0,0,0,1.2,1.2,0.13,0.8,0.8,Match Report,2023,Brighton and Hove Albion
2023-01-03,19:45,Premier League,Matchweek 19,Tue,Away,W,4.0,1.0,Everton,4,19.0,8.0,42.1,0.21,0.5,18.9,1.0,0,0,2.2,2.2,0.11,1.8,1.8,Match Report,2023,Brighton and Hove Albion
2023-01-14,15:00,Premier League,Matchweek 20,Sat,Home,W,3.0,0.0,Liverpool,3,16.0,8.0,50.0,0.19,0.38,16.3,0.0,0,0,1.9,1.9,0.12,1.1,1.1,Match Report,2023,Brighton and Hove Albion
2023-01-21,15:00,Premier League,Matchweek 21,Sat,Away,D,2.0,2.0,Leicester City,2,13.0,4.0,30.8,0.15,0.5,17.0,0.0,0,0,1.7,1.7,0.16,0.3,0.3,Match Report,2023,Brighton and Hove Albion
2023-02-04,15:00,Premier League,Matchweek 22,Sat,Home,W,1.0,0.0,Bournemouth,1,20.0,6.0,30.0,0.05,0.17,16.3,0.0,0,0,2.2,2.2,0.13,-1.2,-1.2,Match Report,2023,Brighton and Hove Albion
2023-02-11,15:00,Premier League,Matchweek 23,Sat,Away,D,1.0,1.0,Crystal Palace,1,17.0,7.0,41.2,0.06,0.14,13.6,1.0,0,0,2.5,2.5,0.15,-1.5,-1.5,Match Report,2023,Brighton and Hove Albion
2023-02-18,15:00,Premier League,Matchweek 24,Sat,Home,L,0.0,1.0,Fulham,0,21.0,7.0,33.3,0.0,0.0,15.6,1.0,0,0,2.2,2.2,0.11,-2.2,-2.2,Match Report,2023,Brighton and Hove Albion
2023-03-04,15:00,Premier League,Matchweek 26,Sat,Home,W,4.0,0.0,West Ham,4,19.0,8.0,42.1,0.16,0.38,16.3,0.0,1,1,3.5,2.7,0.15,0.5,0.3,Match Report,2023,Brighton and Hove Albion
2023-03-11,15:00,Premier League,Matchweek 27,Sat,Away,D,2.0,2.0,Leeds United,2,15.0,3.0,20.0,0.13,0.67,16.0,0.0,0,0,2.7,2.7,0.19,-0.7,-0.7,Match Report,2023,Brighton and Hove Albion
2023-03-15,19:30,Premier League,Matchweek 8,Wed,Home,W,1.0,0.0,Crystal Palace,1,11.0,5.0,45.5,0.09,0.2,20.5,1.0,0,0,0.6,0.6,0.05,0.4,0.4,Match Report,2023,Brighton and Hove Albion
2023-04-01,15:00,Premier League,Matchweek 29,Sat,Home,D,3.0,3.0,Brentford,3,32.0,13.0,40.6,0.06,0.15,16.7,1.0,1,1,4.2,3.6,0.12,-1.2,-1.6,Match Report,2023,Brighton and Hove Albion
2023-04-04,19:45,Premier League,Matchweek 7,Tue,Away,W,2.0,0.0,Bournemouth,2,16.0,6.0,37.5,0.13,0.33,16.9,0.0,0,0,2.7,2.7,0.17,-0.7,-0.7,Match Report,2023,Brighton and Hove Albion
2023-04-08,15:00,Premier League,Matchweek 30,Sat,Away,L,1.0,2.0,Tottenham,1,17.0,4.0,23.5,0.06,0.25,16.4,0.0,0,0,1.4,1.4,0.08,-0.4,-0.4,Match Report,2023,Brighton and Hove Albion
2023-04-15,15:00,Premier League,Matchweek 31,Sat,Away,W,2.0,1.0,Chelsea,2,26.0,10.0,38.5,0.08,0.2,17.2,0.0,0,0,2.9,2.9,0.12,-0.9,-0.9,Match Report,2023,Brighton and Hove Albion
2023-04-26,19:30,Premier League,Matchweek 33,Wed,Away,L,1.0,3.0,Nott'ham Forest,1,17.0,7.0,41.2,0.06,0.14,17.2,0.0,0,0,2.3,2.3,0.14,-1.3,-1.3,Match Report,2023,Brighton and Hove Albion
2023-04-29,15:00,Premier League,Matchweek 34,Sat,Home,W,6.0,0.0,Wolves,6,22.0,8.0,36.4,0.27,0.75,16.5,0.0,0,0,3.3,3.3,0.15,2.7,2.7,Match Report,2023,Brighton and Hove Albion
2023-05-04,20:00,Premier League,Matchweek 28,Thu,Home,W,1.0,0.0,Manchester Utd,1,21.0,5.0,23.8,0.0,0.0,19.3,0.0,1,1,2.3,1.5,0.07,-1.3,-1.5,Match Report,2023,Brighton and Hove Albion
2023-05-08,17:30,Premier League,Matchweek 35,Mon,Home,L,1.0,5.0,Everton,1,23.0,5.0,21.7,0.04,0.2,13.3,0.0,0,0,3.2,3.2,0.15,-2.2,-2.2,Match Report,2023,Brighton and Hove Albion
2023-05-14,16:30,Premier League,Matchweek 36,Sun,Away,W,3.0,0.0,Arsenal,3,12.0,6.0,50.0,0.25,0.5,18.3,0.0,0,0,1.7,1.7,0.14,1.3,1.3,Match Report,2023,Brighton and Hove Albion
2023-05-18,19:30,Premier League,Matchweek 25,Thu,Away,L,1.0,4.0,Newcastle Utd,1,8.0,2.0,25.0,0.13,0.5,17.2,0.0,0,0,0.5,0.5,0.06,0.5,0.5,Match Report,2023,Brighton and Hove Albion
2023-05-21,14:00,Premier League,Matchweek 37,Sun,Home,W,3.0,1.0,Southampton,3,26.0,8.0,30.8,0.12,0.38,17.4,0.0,0,0,2.5,2.5,0.1,0.5,0.5,Match Report,2023,Brighton and Hove Albion
2023-05-24,20:00,Premier League,Matchweek 32,Wed,Home,D,1.0,1.0,Manchester City,1,20.0,7.0,35.0,0.05,0.14,17.4,2.0,0,0,2.2,2.2,0.12,-1.2,-1.2,Match Report,2023,Brighton and Hove Albion
2023-05-28,16:30,Premier League,Matchweek 38,Sun,Away,L,1.0,2.0,Aston Villa,1,8.0,4.0,50.0,0.13,0.25,18.2,0.0,0,0,1.4,1.4,0.17,-0.4,-0.4,Match Report,2023,Brighton and Hove Albion
2022-08-06,15:00,Premier League,Matchweek 1,Sat,Away,L,0.0,2.0,Bournemouth,0,15.0,2.0,13.3,0.0,0.0,24.6,0.0,0,0,0.7,0.7,0.04,-0.7,-0.7,Match Report,2023,Aston Villa
2022-08-13,12:30,Premier League,Matchweek 2,Sat,Home,W,2.0,1.0,Everton,2,12.0,3.0,25.0,0.17,0.67,13.3,0.0,0,0,2.3,2.3,0.19,-0.3,-0.3,Match Report,2023,Aston Villa
2022-08-20,15:00,Premier League,Matchweek 3,Sat,Away,L,1.0,3.0,Crystal Palace,1,13.0,5.0,38.5,0.08,0.2,17.8,0.0,0,0,0.9,0.9,0.07,0.1,0.1,Match Report,2023,Aston Villa
2022-08-28,14:00,Premier League,Matchweek 4,Sun,Home,L,0.0,1.0,West Ham,0,9.0,3.0,33.3,0.0,0.0,20.5,0.0,0,0,0.5,0.5,0.05,-0.5,-0.5,Match Report,2023,Aston Villa
2022-08-31,19:30,Premier League,Matchweek 5,Wed,Away,L,1.0,2.0,Arsenal,1,4.0,3.0,75.0,0.25,0.33,19.2,0.0,0,0,0.4,0.4,0.11,0.6,0.6,Match Report,2023,Aston Villa
2022-09-03,17:30,Premier League,Matchweek 6,Sat,Home,D,1.0,1.0,Manchester City,1,3.0,1.0,33.3,0.33,1.0,16.8,0.0,0,0,0.3,0.3,0.11,0.7,0.7,Match Report,2023,Aston Villa
2022-09-16,20:00,Premier League,Matchweek 8,Fri,Home,W,1.0,0.0,Southampton,1,11.0,3.0,27.3,0.09,0.33,20.7,1.0,0,0,1.5,1.5,0.14,-0.5,-0.5,Match Report,2023,Aston Villa
2022-10-02,16:30,Premier League,Matchweek 9,Sun,Away,D,0.0,0.0,Leeds United,0,19.0,6.0,31.6,0.0,0.0,17.8,0.0,0,0,2.2,2.2,0.12,-2.2,-2.2,Match Report,2023,Aston Villa
2022-10-10,20:00,Premier League,Matchweek 10,Mon,Away,D,1.0,1.0,Nott'ham Forest,1,12.0,2.0,16.7,0.08,0.5,20.2,3.0,0,0,0.7,0.7,0.06,0.3,0.3,Match Report,2023,Aston Villa
2022-10-16,14:00,Premier League,Matchweek 11,Sun,Home,L,0.0,2.0,Chelsea,0,18.0,7.0,38.9,0.0,0.0,15.3,1.0,0,0,1.8,1.8,0.1,-1.8,-1.8,Match Report,2023,Aston Villa
2022-10-20,19:30,Premier League,Matchweek 12,Thu,Away,L,0.0,3.0,Fulham,0,12.0,6.0,50.0,0.0,0.0,15.0,0.0,0,0,1.2,1.2,0.1,-1.2,-1.2,Match Report,2023,Aston Villa
2022-10-23,14:00,Premier League,Matchweek 13,Sun,Home,W,4.0,0.0,Brentford,4,18.0,10.0,55.6,0.17,0.3,18.7,0.0,1,1,2.8,2.1,0.13,1.2,0.9,Match Report,2023,Aston Villa
2022-10-29,15:00,Premier League,Matchweek 14,Sat,Away,L,0.0,4.0,Newcastle Utd,0,3.0,0.0,0.0,0.0,,13.9,0.0,0,0,0.4,0.4,0.12,-0.4,-0.4,Match Report,2023,Aston Villa
2022-11-06,14:00,Premier League,Matchweek 15,Sun,Home,W,3.0,1.0,Manchester Utd,3,6.0,4.0,66.7,0.5,0.75,22.7,1.0,0,0,0.6,0.6,0.11,2.4,2.4,Match Report,2023,Aston Villa
2022-11-13,14:00,Premier League,Matchweek 16,Sun,Away,W,2.0,1.0,Brighton,2,7.0,1.0,14.3,0.14,1.0,25.1,0.0,1,1,1.5,0.7,0.1,0.5,0.3,Match Report,2023,Aston Villa
2022-12-26,17:30,Premier League,Matchweek 17,Mon,Home,L,1.0,3.0,Liverpool,1,12.0,6.0,50.0,0.08,0.17,15.3,0.0,0,0,1.4,1.4,0.12,-0.4,-0.4,Match Report,2023,Aston Villa
2023-01-01,14:00,Premier League,Matchweek 18,Sun,Away,W,2.0,0.0,Tottenham,2,13.0,4.0,30.8,0.15,0.5,20.8,1.0,0,0,1.0,1.0,0.08,1.0,1.0,Match Report,2023,Aston Villa
2023-01-04,20:00,Premier League,Matchweek 19,Wed,Home,D,1.0,1.0,Wolves,1,13.0,3.0,23.1,0.08,0.33,19.2,1.0,0,0,1.8,1.8,0.14,-0.8,-0.8,Match Report,2023,Aston Villa
2023-01-13,20:00,Premier League,Matchweek 20,Fri,Home,W,2.0,1.0,Leeds United,2,11.0,5.0,45.5,0.18,0.4,16.9,0.0,0,0,1.2,1.2,0.11,0.8,0.8,Match Report,2023,Aston Villa
2023-01-21,15:00,Premier League,Matchweek 21,Sat,Away,W,1.0,0.0,Southampton,1,16.0,5.0,31.3,0.06,0.2,17.0,1.0,0,0,1.4,1.4,0.09,-0.4,-0.4,Match Report,2023,Aston Villa
2023-02-04,15:00,Premier League,Matchweek 22,Sat,Home,L,2.0,4.0,Leicester City,1,19.0,4.0,21.1,0.05,0.25,17.5,0.0,0,0,1.7,1.7,0.09,-0.7,-0.7,Match Report,2023,Aston Villa
2023-02-12,16:30,Premier League,Matchweek 23,Sun,Away,L,1.0,3.0,Manchester City,1,6.0,2.0,33.3,0.17,0.5,22.8,0.0,0,0,0.3,0.3,0.05,0.7,0.7,Match Report,2023,Aston Villa
2023-02-18,12:30,Premier League,Matchweek 24,Sat,Home,L,2.0,4.0,Arsenal,2,7.0,5.0,71.4,0.29,0.4,23.3,1.0,0,0,0.5,0.5,0.07,1.5,1.5,Match Report,2023,Aston Villa
2023-02-25,15:00,Premier League,Matchweek 25,Sat,Away,W,2.0,0.0,Everton,2,8.0,4.0,50.0,0.13,0.25,22.1,1.0,1,1,1.9,1.1,0.14,0.1,-0.1,Match Report,2023,Aston Villa
2023-03-04,15:00,Premier League,Matchweek 26,Sat,Home,W,1.0,0.0,Crystal Palace,0,8.0,1.0,12.5,0.0,0.0,14.8,0.0,0,0,1.2,1.2,0.15,-1.2,-1.2,Match Report,2023,Aston Villa
2023-03-12,14:00,Premier League,Matchweek 27,Sun,Away,D,1.0,1.0,West Ham,1,12.0,4.0,33.3,0.08,0.25,13.3,0.0,0,0,1.5,1.5,0.13,-0.5,-0.5,Match Report,2023,Aston Villa
2023-03-18,15:00,Premier League,Matchweek 28,Sat,Home,W,3.0,0.0,Bournemouth,3,20.0,9.0,45.0,0.15,0.33,13.9,0.0,0,0,3.5,3.5,0.18,-0.5,-0.5,Match Report,2023,Aston Villa
2023-04-01,17:30,Premier League,Matchweek 29,Sat,Away,W,2.0,0.0,Chelsea,2,5.0,2.0,40.0,0.4,1.0,22.5,0.0,0,0,0.9,0.9,0.18,1.1,1.1,Match Report,2023,Aston Villa
2023-04-04,19:45,Premier League,Matchweek 7,Tue,Away,W,2.0,1.0,Leicester City,2,15.0,5.0,33.3,0.13,0.4,20.3,1.0,0,0,1.0,1.0,0.07,1.0,1.0,Match Report,2023,Aston Villa
2023-04-08,15:00,Premier League,Matchweek 30,Sat,Home,W,2.0,0.0,Nott'ham Forest,2,8.0,3.0,37.5,0.25,0.67,12.4,0.0,0,0,1.3,1.3,0.16,0.7,0.7,Match Report,2023,Aston Villa
2023-04-15,12:30,Premier League,Matchweek 31,Sat,Home,W,3.0,0.0,Newcastle Utd,3,16.0,6.0,37.5,0.19,0.5,18.3,0.0,0,0,1.9,1.9,0.12,1.1,1.1,Match Report,2023,Aston Villa
2023-04-22,15:00,Premier League,Matchweek 32,Sat,Away,D,1.0,1.0,Brentford,1,14.0,2.0,14.3,0.07,0.5,18.6,0.0,0,0,1.5,1.5,0.12,-0.5,-0.5,Match Report,2023,Aston Villa
2023-04-25,19:45,Premier League,Matchweek 33,Tue,Home,W,1.0,0.0,Fulham,1,14.0,3.0,21.4,0.07,0.33,16.4,0.0,0,0,1.0,1.0,0.07,0.0,0.0,Match Report,2023,Aston Villa
2023-04-30,14:00,Premier League,Matchweek 34,Sun,Away,L,0.0,1.0,Manchester Utd,0,7.0,1.0,14.3,0.0,0.0,17.7,0.0,0,0,0.6,0.6,0.08,-0.6,-0.6,Match Report,2023,Aston Villa
2023-05-06,15:00,Premier League,Matchweek 35,Sat,Away,L,0.0,1.0,Wolves,0,16.0,3.0,18.8,0.0,0.0,16.0,1.0,0,0,1.5,1.5,0.09,-1.5,-1.5,Match Report,2023,Aston Villa
2023-05-13,15:00,Premier League,Matchweek 36,Sat,Home,W,2.0,1.0,Tottenham,2,8.0,4.0,50.0,0.25,0.5,15.4,1.0,0,0,1.2,1.2,0.15,0.8,0.8,Match Report,2023,Aston Villa
2023-05-20,15:00,Premier League,Matchweek 37,Sat,Away,D,1.0,1.0,Liverpool,1,5.0,3.0,60.0,0.2,0.33,19.5,0.0,0,1,1.3,0.6,0.11,-0.3,0.4,Match Report,2023,Aston Villa
2023-05-28,16:30,Premier League,Matchweek 38,Sun,Home,W,2.0,1.0,Brighton,2,12.0,5.0,41.7,0.17,0.4,18.2,4.0,0,0,2.8,2.8,0.24,-0.8,-0.8,Match Report,2023,Aston Villa
2022-08-06,15:00,Premier League,Matchweek 1,Sat,Home,W,4.0,1.0,Southampton,3,18.0,8.0,44.4,0.17,0.38,16.5,0.0,0,0,1.5,1.5,0.09,1.5,1.5,Match Report,2023,Tottenham Hotspur
2022-08-14,16:30,Premier League,Matchweek 2,Sun,Away,D,2.0,2.0,Chelsea,2,10.0,5.0,50.0,0.2,0.4,13.4,0.0,0,0,1.0,1.0,0.1,1.0,1.0,Match Report,2023,Tottenham Hotspur
2022-08-20,12:30,Premier League,Matchweek 3,Sat,Home,W,1.0,0.0,Wolves,1,11.0,4.0,36.4,0.09,0.25,11.7,0.0,0,0,1.7,1.7,0.15,-0.7,-0.7,Match Report,2023,Tottenham Hotspur
2022-08-28,16:30,Premier League,Matchweek 4,Sun,Away,W,2.0,0.0,Nott'ham Forest,2,17.0,5.0,29.4,0.12,0.4,19.7,0.0,0,1,2.4,1.6,0.1,-0.4,0.4,Match Report,2023,Tottenham Hotspur
2022-08-31,19:45,Premier League,Matchweek 5,Wed,Away,D,1.0,1.0,West Ham,0,12.0,3.0,25.0,0.0,0.0,16.8,0.0,0,0,0.6,0.6,0.05,-0.6,-0.6,Match Report,2023,Tottenham Hotspur
2022-09-03,15:00,Premier League,Matchweek 6,Sat,Home,W,2.0,1.0,Fulham,2,23.0,10.0,43.5,0.09,0.2,15.5,1.0,0,0,2.9,2.9,0.14,-0.9,-0.9,Match Report,2023,Tottenham Hotspur
2022-09-17,17:30,Premier League,Matchweek 8,Sat,Home,W,6.0,2.0,Leicester City,6,16.0,11.0,68.8,0.38,0.55,16.5,0.0,0,0,2.2,2.2,0.14,3.8,3.8,Match Report,2023,Tottenham Hotspur
2022-10-01,12:30,Premier League,Matchweek 9,Sat,Away,L,1.0,3.0,Arsenal,1,6.0,2.0,33.3,0.0,0.0,19.9,0.0,1,1,1.6,0.8,0.13,-0.6,-0.8,Match Report,2023,Tottenham Hotspur
2022-10-08,17:30,Premier League,Matchweek 10,Sat,Away,W,1.0,0.0,Brighton,1,8.0,3.0,37.5,0.13,0.33,18.7,1.0,0,0,0.8,0.8,0.1,0.2,0.2,Match Report,2023,Tottenham Hotspur
2022-10-15,17:30,Premier League,Matchweek 11,Sat,Home,W,2.0,0.0,Everton,2,20.0,6.0,30.0,0.05,0.17,17.2,1.0,1,1,2.2,1.5,0.07,-0.2,-0.5,Match Report,2023,Tottenham Hotspur
2022-10-19,20:15,Premier League,Matchweek 12,Wed,Away,L,0.0,2.0,Manchester Utd,0,9.0,2.0,22.2,0.0,0.0,14.9,0.0,0,0,0.6,0.6,0.07,-0.6,-0.6,Match Report,2023,Tottenham Hotspur
2022-10-23,16:30,Premier League,Matchweek 13,Sun,Home,L,1.0,2.0,Newcastle Utd,1,17.0,4.0,23.5,0.06,0.25,16.9,0.0,0,0,1.6,1.6,0.1,-0.6,-0.6,Match Report,2023,Tottenham Hotspur
2022-10-29,15:00,Premier League,Matchweek 14,Sat,Away,W,3.0,2.0,Bournemouth,3,23.0,7.0,30.4,0.13,0.43,15.1,1.0,0,0,2.0,2.0,0.09,1.0,1.0,Match Report,2023,Tottenham Hotspur
2022-11-06,16:30,Premier League,Matchweek 15,Sun,Home,L,1.0,2.0,Liverpool,1,14.0,5.0,35.7,0.07,0.2,14.4,0.0,0,0,1.2,1.2,0.09,-0.2,-0.2,Match Report,2023,Tottenham Hotspur
2022-11-12,15:00,Premier League,Matchweek 16,Sat,Home,W,4.0,3.0,Leeds United,4,14.0,7.0,50.0,0.29,0.57,14.5,0.0,0,0,1.8,1.8,0.13,2.2,2.2,Match Report,2023,Tottenham Hotspur
2022-12-26,12:30,Premier League,Matchweek 17,Mon,Away,D,2.0,2.0,Brentford,2,15.0,8.0,53.3,0.13,0.25,19.7,1.0,0,0,1.1,1.1,0.07,0.9,0.9,Match Report,2023,Tottenham Hotspur
2023-01-01,14:00,Premier League,Matchweek 18,Sun,Home,L,0.0,2.0,Aston Villa,0,6.0,1.0,16.7,0.0,0.0,15.2,1.0,0,0,0.7,0.7,0.11,-0.7,-0.7,Match Report,2023,Tottenham Hotspur
2023-01-04,20:00,Premier League,Matchweek 19,Wed,Away,W,4.0,0.0,Crystal Palace,4,14.0,6.0,42.9,0.29,0.67,16.2,0.0,0,0,1.4,1.4,0.1,2.6,2.6,Match Report,2023,Tottenham Hotspur
2023-01-15,16:30,Premier League,Matchweek 20,Sun,Home,L,0.0,2.0,Arsenal,0,17.0,7.0,41.2,0.0,0.0,16.3,1.0,0,0,1.6,1.6,0.09,-1.6,-1.6,Match Report,2023,Tottenham Hotspur
2023-01-19,20:00,Premier League,Matchweek 7,Thu,Away,L,2.0,4.0,Manchester City,2,9.0,3.0,33.3,0.22,0.67,16.5,0.0,0,0,0.8,0.8,0.09,1.2,1.2,Match Report,2023,Tottenham Hotspur
2023-01-23,20:00,Premier League,Matchweek 21,Mon,Away,W,1.0,0.0,Fulham,1,10.0,3.0,30.0,0.1,0.33,17.0,1.0,0,0,0.9,0.9,0.09,0.1,0.1,Match Report,2023,Tottenham Hotspur
2023-02-05,16:30,Premier League,Matchweek 22,Sun,Home,W,1.0,0.0,Manchester City,1,12.0,3.0,25.0,0.08,0.33,14.7,0.0,0,0,1.4,1.4,0.12,-0.4,-0.4,Match Report,2023,Tottenham Hotspur
2023-02-11,15:00,Premier League,Matchweek 23,Sat,Away,L,1.0,4.0,Leicester City,1,11.0,4.0,36.4,0.09,0.25,16.8,2.0,0,0,1.3,1.3,0.12,-0.3,-0.3,Match Report,2023,Tottenham Hotspur
2023-02-19,16:30,Premier League,Matchweek 24,Sun,Home,W,2.0,0.0,West Ham,2,16.0,6.0,37.5,0.13,0.33,21.5,0.0,0,0,1.5,1.5,0.1,0.5,0.5,Match Report,2023,Tottenham Hotspur
2023-02-26,13:30,Premier League,Matchweek 25,Sun,Home,W,2.0,0.0,Chelsea,2,8.0,3.0,37.5,0.25,0.67,16.5,0.0,0,0,0.8,0.8,0.1,1.2,1.2,Match Report,2023,Tottenham Hotspur
2023-03-04,15:00,Premier League,Matchweek 26,Sat,Away,L,0.0,1.0,Wolves,0,21.0,6.0,28.6,0.0,0.0,20.6,2.0,0,0,1.2,1.2,0.06,-1.2,-1.2,Match Report,2023,Tottenham Hotspur
2023-03-11,15:00,Premier League,Matchweek 27,Sat,Home,W,3.0,1.0,Nott'ham Forest,3,14.0,6.0,42.9,0.14,0.33,14.8,0.0,1,1,2.0,1.2,0.09,1.0,0.8,Match Report,2023,Tottenham Hotspur
2023-03-18,15:00,Premier League,Matchweek 28,Sat,Away,D,3.0,3.0,Southampton,3,17.0,3.0,17.6,0.18,1.0,15.8,0.0,0,0,2.3,2.3,0.13,0.7,0.7,Match Report,2023,Tottenham Hotspur
2023-04-03,20:00,Premier League,Matchweek 29,Mon,Away,D,1.0,1.0,Everton,1,7.0,0.0,0.0,0.0,,19.6,0.0,1,1,1.4,0.6,0.09,-0.4,-0.6,Match Report,2023,Tottenham Hotspur
2023-04-08,15:00,Premier League,Matchweek 30,Sat,Home,W,2.0,1.0,Brighton,2,9.0,3.0,33.3,0.22,0.67,15.2,0.0,0,0,0.8,0.8,0.09,1.2,1.2,Match Report,2023,Tottenham Hotspur
2023-04-15,15:00,Premier League,Matchweek 31,Sat,Home,L,2.0,3.0,Bournemouth,2,24.0,8.0,33.3,0.08,0.25,17.9,1.0,0,0,2.2,2.2,0.09,-0.2,-0.2,Match Report,2023,Tottenham Hotspur
2023-04-23,14:00,Premier League,Matchweek 32,Sun,Away,L,1.0,6.0,Newcastle Utd,1,11.0,3.0,27.3,0.09,0.33,17.2,0.0,0,0,1.0,1.0,0.09,0.0,0.0,Match Report,2023,Tottenham Hotspur
2023-04-27,20:15,Premier League,Matchweek 33,Thu,Home,D,2.0,2.0,Manchester Utd,2,18.0,7.0,38.9,0.11,0.29,16.5,0.0,0,0,2.5,2.5,0.14,-0.5,-0.5,Match Report,2023,Tottenham Hotspur
2023-04-30,16:30,Premier League,Matchweek 34,Sun,Away,L,3.0,4.0,Liverpool,3,10.0,6.0,60.0,0.3,0.5,20.1,0.0,0,0,2.0,2.0,0.2,1.0,1.0,Match Report,2023,Tottenham Hotspur
2023-05-06,15:00,Premier League,Matchweek 35,Sat,Home,W,1.0,0.0,Crystal Palace,1,8.0,3.0,37.5,0.13,0.33,12.7,0.0,0,0,0.9,0.9,0.11,0.1,0.1,Match Report,2023,Tottenham Hotspur
2023-05-13,15:00,Premier League,Matchweek 36,Sat,Away,L,1.0,2.0,Aston Villa,1,4.0,1.0,25.0,0.0,0.0,20.3,0.0,1,1,1.4,0.6,0.14,-0.4,-0.6,Match Report,2023,Tottenham Hotspur
2023-05-20,12:30,Premier League,Matchweek 37,Sat,Home,L,1.0,3.0,Brentford,1,22.0,7.0,31.8,0.05,0.14,15.4,1.0,0,0,1.7,1.7,0.08,-0.7,-0.7,Match Report,2023,Tottenham Hotspur
2023-05-28,16:30,Premier League,Matchweek 38,Sun,Away,W,4.0,1.0,Leeds United,4,11.0,7.0,63.6,0.36,0.57,14.5,0.0,0,0,2.2,2.2,0.2,1.8,1.8,Match Report,2023,Tottenham Hotspur
2022-08-07,14:00,Premier League,Matchweek 1,Sun,Away,D,2.0,2.0,Leicester City,2,8.0,3.0,37.5,0.25,0.67,17.0,0.0,0,0,0.8,0.8,0.1,1.2,1.2,Match Report,2023,Brentford
2022-08-13,17:30,Premier League,Matchweek 2,Sat,Home,W,4.0,0.0,Manchester Utd,4,13.0,7.0,53.8,0.31,0.57,18.6,1.0,0,0,1.6,1.6,0.12,2.4,2.4,Match Report,2023,Brentford
2022-08-20,15:00,Premier League,Matchweek 3,Sat,Away,L,2.0,3.0,Fulham,2,13.0,5.0,38.5,0.15,0.4,14.1,0.0,0,0,1.8,1.8,0.14,0.2,0.2,Match Report,2023,Brentford
2022-08-27,15:00,Premier League,Matchweek 4,Sat,Home,D,1.0,1.0,Everton,1,20.0,5.0,25.0,0.05,0.2,14.8,0.0,0,0,2.1,2.1,0.11,-1.1,-1.1,Match Report,2023,Brentford
2022-08-30,19:30,Premier League,Matchweek 5,Tue,Away,D,1.0,1.0,Crystal Palace,1,9.0,3.0,33.3,0.11,0.33,10.7,0.0,0,0,1.4,1.4,0.16,-0.4,-0.4,Match Report,2023,Brentford
2022-09-03,15:00,Premier League,Matchweek 6,Sat,Home,W,5.0,2.0,Leeds United,5,13.0,7.0,53.8,0.31,0.57,18.8,2.0,1,1,2.3,1.6,0.13,2.7,2.4,Match Report,2023,Brentford
2022-09-18,12:00,Premier League,Matchweek 8,Sun,Home,L,0.0,3.0,Arsenal,0,5.0,2.0,40.0,0.0,0.0,13.9,1.0,0,0,0.5,0.5,0.11,-0.5,-0.5,Match Report,2023,Brentford
2022-10-01,15:00,Premier League,Matchweek 9,Sat,Away,D,0.0,0.0,Bournemouth,0,13.0,4.0,30.8,0.0,0.0,15.2,1.0,0,0,0.9,0.9,0.07,-0.9,-0.9,Match Report,2023,Brentford
2022-10-08,15:00,Premier League,Matchweek 10,Sat,Away,L,1.0,5.0,Newcastle Utd,1,5.0,2.0,40.0,0.0,0.0,18.2,0.0,1,1,1.2,0.4,0.08,-0.2,-0.4,Match Report,2023,Brentford
2022-10-14,20:00,Premier League,Matchweek 11,Fri,Home,W,2.0,0.0,Brighton,2,6.0,1.0,16.7,0.17,1.0,16.3,0.0,1,1,1.5,0.7,0.11,0.5,0.3,Match Report,2023,Brentford
2022-10-19,19:30,Premier League,Matchweek 12,Wed,Home,D,0.0,0.0,Chelsea,0,8.0,5.0,62.5,0.0,0.0,14.5,0.0,0,0,1.3,1.3,0.16,-1.3,-1.3,Match Report,2023,Brentford
2022-10-23,14:00,Premier League,Matchweek 13,Sun,Away,L,0.0,4.0,Aston Villa,0,12.0,3.0,25.0,0.0,0.0,16.8,0.0,0,0,0.9,0.9,0.08,-0.9,-0.9,Match Report,2023,Brentford
2022-10-29,15:00,Premier League,Matchweek 14,Sat,Home,D,1.0,1.0,Wolves,1,12.0,3.0,25.0,0.08,0.33,15.4,0.0,0,0,1.4,1.4,0.12,-0.4,-0.4,Match Report,2023,Brentford
2022-11-05,15:00,Premier League,Matchweek 15,Sat,Away,D,2.0,2.0,Nott'ham Forest,2,5.0,1.0,20.0,0.2,1.0,20.3,0.0,1,1,1.5,0.7,0.13,0.5,0.3,Match Report,2023,Brentford
2022-11-12,12:30,Premier League,Matchweek 16,Sat,Away,W,2.0,1.0,Manchester City,2,10.0,7.0,70.0,0.2,0.29,15.2,0.0,0,0,1.3,1.3,0.13,0.7,0.7,Match Report,2023,Brentford
2022-12-26,12:30,Premier League,Matchweek 17,Mon,Home,D,2.0,2.0,Tottenham,2,9.0,4.0,44.4,0.22,0.5,10.2,0.0,0,0,2.0,2.0,0.24,0.0,0.0,Match Report,2023,Brentford
2022-12-30,19:45,Premier League,Matchweek 18,Fri,Away,W,2.0,0.0,West Ham,2,9.0,6.0,66.7,0.22,0.33,13.4,1.0,0,0,1.6,1.6,0.2,0.4,0.4,Match Report,2023,Brentford
2023-01-02,17:30,Premier League,Matchweek 19,Mon,Home,W,3.0,1.0,Liverpool,2,10.0,7.0,70.0,0.2,0.29,10.5,0.0,0,0,1.6,1.6,0.18,0.4,0.4,Match Report,2023,Brentford
2023-01-14,17:30,Premier League,Matchweek 20,Sat,Home,W,2.0,0.0,Bournemouth,2,11.0,3.0,27.3,0.09,0.33,23.3,0.0,1,1,1.4,0.6,0.06,0.6,0.4,Match Report,2023,Brentford
2023-01-22,14:00,Premier League,Matchweek 21,Sun,Away,D,0.0,0.0,Leeds United,0,6.0,0.0,0.0,0.0,,24.2,1.0,0,0,0.4,0.4,0.07,-0.4,-0.4,Match Report,2023,Brentford
2023-02-04,15:00,Premier League,Matchweek 22,Sat,Home,W,3.0,0.0,Southampton,3,14.0,3.0,21.4,0.21,1.0,12.1,0.0,0,0,2.0,2.0,0.14,1.0,1.0,Match Report,2023,Brentford
2023-02-11,15:00,Premier League,Matchweek 23,Sat,Away,D,1.0,1.0,Arsenal,1,9.0,2.0,22.2,0.11,0.5,12.9,0.0,0,0,2.0,2.0,0.22,-1.0,-1.0,Match Report,2023,Brentford
2023-02-18,15:00,Premier League,Matchweek 24,Sat,Home,D,1.0,1.0,Crystal Palace,1,12.0,5.0,41.7,0.08,0.2,19.0,0.0,0,0,0.9,0.9,0.07,0.1,0.1,Match Report,2023,Brentford
2023-03-06,20:00,Premier League,Matchweek 26,Mon,Home,W,3.0,2.0,Fulham,3,13.0,5.0,38.5,0.15,0.4,19.8,2.0,1,1,2.1,1.3,0.1,0.9,0.7,Match Report,2023,Brentford
2023-03-11,15:00,Premier League,Matchweek 27,Sat,Away,L,0.0,1.0,Everton,0,12.0,3.0,25.0,0.0,0.0,13.0,1.0,0,0,2.0,2.0,0.18,-2.0,-2.0,Match Report,2023,Brentford
2023-03-15,19:30,Premier League,Matchweek 7,Wed,Away,W,2.0,0.0,Southampton,2,11.0,4.0,36.4,0.18,0.5,18.3,0.0,0,0,1.9,1.9,0.18,0.1,0.1,Match Report,2023,Brentford
2023-03-18,15:00,Premier League,Matchweek 28,Sat,Home,D,1.0,1.0,Leicester City,1,11.0,2.0,18.2,0.09,0.5,17.5,0.0,0,0,0.6,0.6,0.06,0.4,0.4,Match Report,2023,Brentford
2023-04-01,15:00,Premier League,Matchweek 29,Sat,Away,D,3.0,3.0,Brighton,3,7.0,5.0,71.4,0.43,0.6,15.6,1.0,0,0,1.6,1.6,0.23,1.4,1.4,Match Report,2023,Brentford
2023-04-05,20:00,Premier League,Matchweek 25,Wed,Away,L,0.0,1.0,Manchester Utd,0,6.0,1.0,16.7,0.0,0.0,16.5,0.0,0,0,0.7,0.7,0.12,-0.7,-0.7,Match Report,2023,Brentford
2023-04-08,15:00,Premier League,Matchweek 30,Sat,Home,L,1.0,2.0,Newcastle Utd,1,10.0,4.0,40.0,0.0,0.0,15.5,0.0,1,2,2.6,1.0,0.1,-1.6,-1.0,Match Report,2023,Brentford
2023-04-15,15:00,Premier League,Matchweek 31,Sat,Away,L,0.0,2.0,Wolves,0,10.0,3.0,30.0,0.0,0.0,15.6,0.0,0,0,1.1,1.1,0.12,-1.1,-1.1,Match Report,2023,Brentford
2023-04-22,15:00,Premier League,Matchweek 32,Sat,Home,D,1.0,1.0,Aston Villa,1,16.0,5.0,31.3,0.06,0.2,16.0,1.0,0,0,2.7,2.7,0.17,-1.7,-1.7,Match Report,2023,Brentford
2023-04-26,19:45,Premier League,Matchweek 33,Wed,Away,W,2.0,0.0,Chelsea,1,7.0,1.0,14.3,0.14,1.0,11.5,0.0,0,0,1.1,1.1,0.16,-0.1,-0.1,Match Report,2023,Brentford
2023-04-29,15:00,Premier League,Matchweek 34,Sat,Home,W,2.0,1.0,Nott'ham Forest,2,14.0,8.0,57.1,0.14,0.25,16.8,1.0,0,0,1.6,1.6,0.12,0.4,0.4,Match Report,2023,Brentford
2023-05-06,17:30,Premier League,Matchweek 35,Sat,Away,L,0.0,1.0,Liverpool,0,5.0,1.0,20.0,0.0,0.0,19.5,1.0,0,0,0.2,0.2,0.04,-0.2,-0.2,Match Report,2023,Brentford
2023-05-14,14:00,Premier League,Matchweek 36,Sun,Home,W,2.0,0.0,West Ham,2,24.0,9.0,37.5,0.08,0.22,12.8,0.0,0,0,3.4,3.4,0.16,-1.4,-1.4,Match Report,2023,Brentford
2023-05-20,12:30,Premier League,Matchweek 37,Sat,Away,W,3.0,1.0,Tottenham,3,11.0,4.0,36.4,0.27,0.75,18.1,0.0,0,0,1.2,1.2,0.11,1.8,1.8,Match Report,2023,Brentford
2023-05-28,16:30,Premier League,Matchweek 38,Sun,Home,W,1.0,0.0,Manchester City,1,11.0,4.0,36.4,0.09,0.25,14.0,0.0,0,0,1.3,1.3,0.12,-0.3,-0.3,Match Report,2023,Brentford
2022-08-06,12:30,Premier League,Matchweek 1,Sat,Home,D,2.0,2.0,Liverpool,2,8.0,2.0,25.0,0.13,0.5,18.4,0.0,1,1,1.2,0.5,0.06,0.8,0.5,Match Report,2023,Fulham
2022-08-13,15:00,Premier League,Matchweek 2,Sat,Away,D,0.0,0.0,Wolves,0,8.0,2.0,25.0,0.0,0.0,15.7,0.0,0,1,1.5,0.7,0.09,-1.5,-0.7,Match Report,2023,Fulham
2022-08-20,15:00,Premier League,Matchweek 3,Sat,Home,W,3.0,2.0,Brentford,3,18.0,9.0,50.0,0.17,0.33,15.5,1.0,0,0,2.4,2.4,0.14,0.6,0.6,Match Report,2023,Fulham
2022-08-27,17:30,Premier League,Matchweek 4,Sat,Away,L,1.0,2.0,Arsenal,1,11.0,3.0,27.3,0.09,0.33,13.7,0.0,0,0,0.8,0.8,0.08,0.2,0.2,Match Report,2023,Fulham
2022-08-30,19:30,Premier League,Matchweek 5,Tue,Home,W,2.0,1.0,Brighton,1,10.0,3.0,30.0,0.1,0.33,15.3,1.0,0,0,0.7,0.7,0.07,0.3,0.3,Match Report,2023,Fulham
2022-09-03,15:00,Premier League,Matchweek 6,Sat,Away,L,1.0,2.0,Tottenham,1,9.0,3.0,33.3,0.11,0.33,17.1,0.0,0,0,0.7,0.7,0.08,0.3,0.3,Match Report,2023,Fulham
2022-09-16,20:00,Premier League,Matchweek 8,Fri,Away,W,3.0,2.0,Nott'ham Forest,3,15.0,7.0,46.7,0.2,0.43,17.3,2.0,0,0,0.9,0.9,0.06,2.1,2.1,Match Report,2023,Fulham
2022-10-01,15:00,Premier League,Matchweek 9,Sat,Home,L,1.0,4.0,Newcastle Utd,1,3.0,1.0,33.3,0.33,1.0,16.2,0.0,0,0,0.5,0.5,0.16,0.5,0.5,Match Report,2023,Fulham
2022-10-09,14:00,Premier League,Matchweek 10,Sun,Away,L,1.0,3.0,West Ham,1,8.0,2.0,25.0,0.13,0.5,16.6,1.0,0,0,0.7,0.7,0.09,0.3,0.3,Match Report,2023,Fulham
2022-10-15,15:00,Premier League,Matchweek 11,Sat,Home,D,2.0,2.0,Bournemouth,2,18.0,3.0,16.7,0.06,0.33,18.9,0.0,1,1,2.1,1.3,0.07,-0.1,-0.3,Match Report,2023,Fulham
2022-10-20,19:30,Premier League,Matchweek 12,Thu,Home,W,3.0,0.0,Aston Villa,2,17.0,6.0,35.3,0.06,0.17,16.7,1.0,1,1,2.1,1.3,0.08,-0.1,-0.3,Match Report,2023,Fulham
2022-10-23,14:00,Premier League,Matchweek 13,Sun,Away,W,3.0,2.0,Leeds United,3,11.0,4.0,36.4,0.27,0.75,11.9,0.0,0,0,1.8,1.8,0.17,1.2,1.2,Match Report,2023,Fulham
2022-10-29,17:30,Premier League,Matchweek 14,Sat,Home,D,0.0,0.0,Everton,0,24.0,6.0,25.0,0.0,0.0,16.4,0.0,0,0,1.9,1.9,0.08,-1.9,-1.9,Match Report,2023,Fulham
2022-11-05,15:00,Premier League,Matchweek 15,Sat,Away,L,1.0,2.0,Manchester City,1,3.0,1.0,33.3,0.0,0.0,26.2,0.0,1,1,1.0,0.2,0.05,0.0,-0.2,Match Report,2023,Fulham
2022-11-13,16:30,Premier League,Matchweek 16,Sun,Home,L,1.0,2.0,Manchester Utd,1,14.0,7.0,50.0,0.07,0.14,14.0,0.0,0,0,1.4,1.4,0.1,-0.4,-0.4,Match Report,2023,Fulham
2022-12-26,15:00,Premier League,Matchweek 17,Mon,Away,W,3.0,0.0,Crystal Palace,3,23.0,10.0,43.5,0.13,0.3,13.4,1.0,0,0,2.5,2.5,0.12,0.5,0.5,Match Report,2023,Fulham
2022-12-31,15:00,Premier League,Matchweek 18,Sat,Home,W,2.0,1.0,Southampton,1,7.0,1.0,14.3,0.14,1.0,18.8,0.0,0,1,1.5,0.7,0.1,-0.5,0.3,Match Report,2023,Fulham
2023-01-03,19:45,Premier League,Matchweek 19,Tue,Away,W,1.0,0.0,Leicester City,1,11.0,2.0,18.2,0.09,0.5,19.4,0.0,0,0,1.7,1.7,0.15,-0.7,-0.7,Match Report,2023,Fulham
2023-01-12,20:00,Premier League,Matchweek 7,Thu,Home,W,2.0,1.0,Chelsea,2,8.0,3.0,37.5,0.25,0.67,15.3,0.0,0,0,1.0,1.0,0.12,1.0,1.0,Match Report,2023,Fulham
2023-01-15,14:00,Premier League,Matchweek 20,Sun,Away,L,0.0,1.0,Newcastle Utd,0,4.0,0.0,0.0,0.0,,18.9,0.0,0,1,1.1,0.3,0.08,-1.1,-0.3,Match Report,2023,Fulham
2023-01-23,20:00,Premier League,Matchweek 21,Mon,Home,L,0.0,1.0,Tottenham,0,10.0,5.0,50.0,0.0,0.0,17.3,1.0,0,0,1.0,1.0,0.1,-1.0,-1.0,Match Report,2023,Fulham
2023-02-03,20:00,Premier League,Matchweek 22,Fri,Away,D,0.0,0.0,Chelsea,0,10.0,4.0,40.0,0.0,0.0,23.0,0.0,0,0,0.6,0.6,0.06,-0.6,-0.6,Match Report,2023,Fulham
2023-02-11,15:00,Premier League,Matchweek 23,Sat,Home,W,2.0,0.0,Nott'ham Forest,2,16.0,3.0,18.8,0.13,0.67,15.0,1.0,0,0,1.5,1.5,0.1,0.5,0.5,Match Report,2023,Fulham
2023-02-18,15:00,Premier League,Matchweek 24,Sat,Away,W,1.0,0.0,Brighton,1,5.0,2.0,40.0,0.2,0.5,16.0,0.0,0,0,0.3,0.3,0.07,0.7,0.7,Match Report,2023,Fulham
2023-02-24,20:00,Premier League,Matchweek 25,Fri,Home,D,1.0,1.0,Wolves,1,10.0,5.0,50.0,0.1,0.2,24.2,1.0,0,0,0.5,0.5,0.05,0.5,0.5,Match Report,2023,Fulham
2023-03-06,20:00,Premier League,Matchweek 26,Mon,Away,L,2.0,3.0,Brentford,2,9.0,5.0,55.6,0.22,0.4,17.4,1.0,0,0,1.4,1.4,0.18,0.6,0.6,Match Report,2023,Fulham
2023-03-12,14:00,Premier League,Matchweek 27,Sun,Home,L,0.0,3.0,Arsenal,0,12.0,2.0,16.7,0.0,0.0,17.4,0.0,0,0,0.8,0.8,0.07,-0.8,-0.8,Match Report,2023,Fulham
2023-04-01,15:00,Premier League,Matchweek 29,Sat,Away,L,1.0,2.0,Bournemouth,1,10.0,2.0,20.0,0.1,0.5,16.5,0.0,0,0,0.8,0.8,0.08,0.2,0.2,Match Report,2023,Fulham
2023-04-08,15:00,Premier League,Matchweek 30,Sat,Home,L,0.0,1.0,West Ham,0,16.0,3.0,18.8,0.0,0.0,20.5,0.0,0,0,0.7,0.7,0.04,-0.7,-0.7,Match Report,2023,Fulham
2023-04-15,15:00,Premier League,Matchweek 31,Sat,Away,W,3.0,1.0,Everton,3,21.0,7.0,33.3,0.14,0.43,17.9,0.0,0,0,1.8,1.8,0.09,1.2,1.2,Match Report,2023,Fulham
2023-04-22,12:30,Premier League,Matchweek 32,Sat,Home,W,2.0,1.0,Leeds United,2,12.0,5.0,41.7,0.17,0.4,24.4,3.0,0,0,1.7,1.7,0.14,0.3,0.3,Match Report,2023,Fulham
2023-04-25,19:45,Premier League,Matchweek 33,Tue,Away,L,0.0,1.0,Aston Villa,0,1.0,0.0,0.0,0.0,,14.7,0.0,0,0,0.1,0.1,0.1,-0.1,-0.1,Match Report,2023,Fulham
2023-04-30,14:00,Premier League,Matchweek 34,Sun,Home,L,1.0,2.0,Manchester City,1,4.0,1.0,25.0,0.25,1.0,22.4,0.0,0,0,0.2,0.2,0.05,0.8,0.8,Match Report,2023,Fulham
2023-05-03,20:00,Premier League,Matchweek 28,Wed,Away,L,0.0,1.0,Liverpool,0,9.0,3.0,33.3,0.0,0.0,16.8,0.0,0,0,0.9,0.9,0.1,-0.9,-0.9,Match Report,2023,Fulham
2023-05-08,15:00,Premier League,Matchweek 35,Mon,Home,W,5.0,3.0,Leicester City,5,17.0,7.0,41.2,0.29,0.71,17.5,1.0,0,0,1.6,1.6,0.1,3.4,3.4,Match Report,2023,Fulham
2023-05-13,15:00,Premier League,Matchweek 36,Sat,Away,W,2.0,0.0,Southampton,2,9.0,3.0,33.3,0.22,0.67,17.5,0.0,0,0,1.4,1.4,0.16,0.6,0.6,Match Report,2023,Fulham
2023-05-20,15:00,Premier League,Matchweek 37,Sat,Home,D,2.0,2.0,Crystal Palace,2,10.0,3.0,30.0,0.1,0.33,19.0,1.0,1,1,1.7,0.9,0.09,0.3,0.1,Match Report,2023,Fulham
2023-05-28,16:30,Premier League,Matchweek 38,Sun,Away,L,1.0,2.0,Manchester Utd,1,9.0,2.0,22.2,0.11,0.5,17.6,1.0,0,1,1.8,1.0,0.11,-0.8,0.0,Match Report,2023,Fulham
2022-08-05,20:00,Premier League,Matchweek 1,Fri,Home,L,0.0,2.0,Arsenal,0,10.0,2.0,20.0,0.0,0.0,14.2,0.0,0,0,1.2,1.2,0.12,-1.2,-1.2,Match Report,2023,Crystal Palace
2022-08-15,20:00,Premier League,Matchweek 2,Mon,Away,D,1.0,1.0,Liverpool,1,7.0,3.0,42.9,0.14,0.33,14.7,0.0,0,0,1.0,1.0,0.15,0.0,0.0,Match Report,2023,Crystal Palace
2022-08-20,15:00,Premier League,Matchweek 3,Sat,Home,W,3.0,1.0,Aston Villa,3,16.0,8.0,50.0,0.19,0.38,15.6,1.0,0,1,2.6,1.8,0.11,0.4,1.2,Match Report,2023,Crystal Palace
2022-08-27,15:00,Premier League,Matchweek 4,Sat,Away,L,2.0,4.0,Manchester City,1,2.0,2.0,100.0,0.5,0.5,20.6,0.0,0,0,0.1,0.1,0.06,0.9,0.9,Match Report,2023,Crystal Palace
2022-08-30,19:30,Premier League,Matchweek 5,Tue,Home,D,1.0,1.0,Brentford,1,13.0,4.0,30.8,0.08,0.25,19.2,0.0,0,0,1.0,1.0,0.08,0.0,0.0,Match Report,2023,Crystal Palace
2022-09-03,15:00,Premier League,Matchweek 6,Sat,Away,D,0.0,0.0,Newcastle Utd,0,19.0,9.0,47.4,0.0,0.0,20.0,0.0,0,0,1.0,1.0,0.05,-1.0,-1.0,Match Report,2023,Crystal Palace
2022-10-01,15:00,Premier League,Matchweek 9,Sat,Home,L,1.0,2.0,Chelsea,1,7.0,3.0,42.9,0.14,0.33,20.1,0.0,0,0,0.4,0.4,0.06,0.6,0.6,Match Report,2023,Crystal Palace
2022-10-09,14:00,Premier League,Matchweek 10,Sun,Home,W,2.0,1.0,Leeds United,2,13.0,5.0,38.5,0.15,0.4,17.7,2.0,0,0,1.1,1.1,0.08,0.9,0.9,Match Report,2023,Crystal Palace
2022-10-15,12:30,Premier League,Matchweek 11,Sat,Away,D,0.0,0.0,Leicester City,0,8.0,1.0,12.5,0.0,0.0,21.2,0.0,0,0,0.4,0.4,0.05,-0.4,-0.4,Match Report,2023,Crystal Palace
2022-10-18,20:15,Premier League,Matchweek 12,Tue,Home,W,2.0,1.0,Wolves,2,14.0,4.0,28.6,0.14,0.5,17.3,1.0,0,0,1.2,1.2,0.09,0.8,0.8,Match Report,2023,Crystal Palace
2022-10-22,15:00,Premier League,Matchweek 13,Sat,Away,L,0.0,3.0,Everton,0,9.0,2.0,22.2,0.0,0.0,17.1,2.0,0,0,0.9,0.9,0.11,-0.9,-0.9,Match Report,2023,Crystal Palace
2022-10-29,15:00,Premier League,Matchweek 14,Sat,Home,W,1.0,0.0,Southampton,1,12.0,3.0,25.0,0.08,0.33,20.0,1.0,0,0,0.9,0.9,0.07,0.1,0.1,Match Report,2023,Crystal Palace
2022-11-06,14:00,Premier League,Matchweek 15,Sun,Away,W,2.0,1.0,West Ham,2,15.0,6.0,40.0,0.13,0.33,20.5,2.0,0,0,1.0,1.0,0.07,1.0,1.0,Match Report,2023,Crystal Palace
2022-11-12,15:00,Premier League,Matchweek 16,Sat,Away,L,0.0,1.0,Nott'ham Forest,0,7.0,0.0,0.0,0.0,,16.9,0.0,0,1,1.2,0.4,0.06,-1.2,-0.4,Match Report,2023,Crystal Palace
2022-12-26,15:00,Premier League,Matchweek 17,Mon,Home,L,0.0,3.0,Fulham,0,4.0,0.0,0.0,0.0,,13.0,0.0,0,0,0.4,0.4,0.1,-0.4,-0.4,Match Report,2023,Crystal Palace
2022-12-31,15:00,Premier League,Matchweek 18,Sat,Away,W,2.0,0.0,Bournemouth,2,15.0,6.0,40.0,0.13,0.33,18.9,1.0,0,0,1.6,1.6,0.11,0.4,0.4,Match Report,2023,Crystal Palace
2023-01-04,20:00,Premier League,Matchweek 19,Wed,Home,L,0.0,4.0,Tottenham,0,19.0,4.0,21.1,0.0,0.0,20.1,0.0,0,0,0.8,0.8,0.04,-0.8,-0.8,Match Report,2023,Crystal Palace
2023-01-15,14:00,Premier League,Matchweek 20,Sun,Away,L,0.0,1.0,Chelsea,0,10.0,5.0,50.0,0.0,0.0,17.9,0.0,0,0,0.7,0.7,0.07,-0.7,-0.7,Match Report,2023,Crystal Palace
2023-01-18,20:00,Premier League,Matchweek 7,Wed,Home,D,1.0,1.0,Manchester Utd,1,10.0,5.0,50.0,0.1,0.2,18.2,2.0,0,0,0.5,0.5,0.05,0.5,0.5,Match Report,2023,Crystal Palace
2023-01-21,17:30,Premier League,Matchweek 21,Sat,Home,D,0.0,0.0,Newcastle Utd,0,6.0,1.0,16.7,0.0,0.0,19.9,0.0,0,0,0.3,0.3,0.05,-0.3,-0.3,Match Report,2023,Crystal Palace
2023-02-04,15:00,Premier League,Matchweek 22,Sat,Away,L,1.0,2.0,Manchester Utd,1,10.0,3.0,30.0,0.1,0.33,12.8,0.0,0,0,1.3,1.3,0.14,-0.3,-0.3,Match Report,2023,Crystal Palace
2023-02-11,15:00,Premier League,Matchweek 23,Sat,Home,D,1.0,1.0,Brighton,1,6.0,1.0,16.7,0.17,1.0,12.4,0.0,0,0,1.1,1.1,0.18,-0.1,-0.1,Match Report,2023,Crystal Palace
2023-02-18,15:00,Premier League,Matchweek 24,Sat,Away,D,1.0,1.0,Brentford,1,10.0,4.0,40.0,0.1,0.25,14.4,0.0,0,0,1.1,1.1,0.11,-0.1,-0.1,Match Report,2023,Crystal Palace
2023-02-25,19:45,Premier League,Matchweek 25,Sat,Home,D,0.0,0.0,Liverpool,0,6.0,0.0,0.0,0.0,,15.0,0.0,0,0,0.7,0.7,0.12,-0.7,-0.7,Match Report,2023,Crystal Palace
2023-03-04,15:00,Premier League,Matchweek 26,Sat,Away,L,0.0,1.0,Aston Villa,0,3.0,0.0,0.0,0.0,,16.9,0.0,0,0,0.2,0.2,0.06,-0.2,-0.2,Match Report,2023,Crystal Palace
2023-03-11,17:30,Premier League,Matchweek 27,Sat,Home,L,0.0,1.0,Manchester City,0,4.0,0.0,0.0,0.0,,17.5,0.0,0,0,0.2,0.2,0.05,-0.2,-0.2,Match Report,2023,Crystal Palace
2023-03-15,19:30,Premier League,Matchweek 8,Wed,Away,L,0.0,1.0,Brighton,0,11.0,3.0,27.3,0.0,0.0,17.3,1.0,0,0,1.1,1.1,0.11,-1.1,-1.1,Match Report,2023,Crystal Palace
2023-03-19,14:00,Premier League,Matchweek 28,Sun,Away,L,1.0,4.0,Arsenal,1,9.0,5.0,55.6,0.11,0.2,14.6,1.0,0,0,0.8,0.8,0.09,0.2,0.2,Match Report,2023,Crystal Palace
2023-04-01,15:00,Premier League,Matchweek 29,Sat,Home,W,2.0,1.0,Leicester City,1,31.0,9.0,29.0,0.03,0.11,19.0,2.0,0,0,2.3,2.3,0.08,-1.3,-1.3,Match Report,2023,Crystal Palace
2023-04-09,14:00,Premier League,Matchweek 30,Sun,Away,W,5.0,1.0,Leeds United,5,16.0,7.0,43.8,0.31,0.71,12.3,1.0,0,0,3.0,3.0,0.2,2.0,2.0,Match Report,2023,Crystal Palace
2023-04-15,15:00,Premier League,Matchweek 31,Sat,Away,W,2.0,0.0,Southampton,2,10.0,2.0,20.0,0.2,1.0,23.7,2.0,0,0,0.9,0.9,0.09,1.1,1.1,Match Report,2023,Crystal Palace
2023-04-22,15:00,Premier League,Matchweek 32,Sat,Home,D,0.0,0.0,Everton,0,12.0,2.0,16.7,0.0,0.0,19.8,0.0,0,0,0.5,0.5,0.04,-0.5,-0.5,Match Report,2023,Crystal Palace
2023-04-25,19:30,Premier League,Matchweek 33,Tue,Away,L,0.0,2.0,Wolves,0,14.0,4.0,28.6,0.0,0.0,18.3,0.0,0,0,0.8,0.8,0.06,-0.8,-0.8,Match Report,2023,Crystal Palace
2023-04-29,12:30,Premier League,Matchweek 34,Sat,Home,W,4.0,3.0,West Ham,4,15.0,5.0,33.3,0.2,0.6,18.1,1.0,1,1,2.1,1.3,0.09,1.9,1.7,Match Report,2023,Crystal Palace
2023-05-06,15:00,Premier League,Matchweek 35,Sat,Away,L,0.0,1.0,Tottenham,0,7.0,2.0,28.6,0.0,0.0,17.6,1.0,0,0,0.4,0.4,0.05,-0.4,-0.4,Match Report,2023,Crystal Palace
2023-05-13,15:00,Premier League,Matchweek 36,Sat,Home,W,2.0,0.0,Bournemouth,2,17.0,5.0,29.4,0.12,0.4,15.2,0.0,0,0,1.5,1.5,0.09,0.5,0.5,Match Report,2023,Crystal Palace
2023-05-20,15:00,Premier League,Matchweek 37,Sat,Away,D,2.0,2.0,Fulham,2,11.0,5.0,45.5,0.18,0.4,16.9,1.0,0,0,1.6,1.6,0.18,0.4,0.4,Match Report,2023,Crystal Palace
2023-05-28,16:30,Premier League,Matchweek 38,Sun,Home,D,1.0,1.0,Nott'ham Forest,1,15.0,3.0,20.0,0.07,0.33,17.3,1.0,0,0,1.4,1.4,0.1,-0.4,-0.4,Match Report,2023,Crystal Palace
2022-08-06,17:30,Premier League,Matchweek 1,Sat,Away,W,1.0,0.0,Everton,1,14.0,5.0,35.7,0.0,0.0,16.1,1.0,1,1,1.5,0.8,0.06,-0.5,-0.8,Match Report,2023,Chelsea
2022-08-14,16:30,Premier League,Matchweek 2,Sun,Home,D,2.0,2.0,Tottenham,2,16.0,3.0,18.8,0.13,0.67,17.2,0.0,0,0,1.6,1.6,0.1,0.4,0.4,Match Report,2023,Chelsea
2022-08-21,14:00,Premier League,Matchweek 3,Sun,Away,L,0.0,3.0,Leeds United,0,14.0,3.0,21.4,0.0,0.0,19.8,0.0,0,0,0.9,0.9,0.06,-0.9,-0.9,Match Report,2023,Chelsea
2022-08-27,15:00,Premier League,Matchweek 4,Sat,Home,W,2.0,1.0,Leicester City,2,7.0,4.0,57.1,0.29,0.5,14.6,0.0,0,0,1.8,1.8,0.25,0.2,0.2,Match Report,2023,Chelsea
2022-08-30,19:45,Premier League,Matchweek 5,Tue,Away,L,1.0,2.0,Southampton,1,10.0,4.0,40.0,0.1,0.25,14.5,0.0,0,0,1.1,1.1,0.11,-0.1,-0.1,Match Report,2023,Chelsea
2022-09-03,15:00,Premier League,Matchweek 6,Sat,Home,W,2.0,1.0,West Ham,2,8.0,3.0,37.5,0.25,0.67,17.2,0.0,0,0,0.9,0.9,0.11,1.1,1.1,Match Report,2023,Chelsea
2022-10-01,15:00,Premier League,Matchweek 9,Sat,Away,W,2.0,1.0,Crystal Palace,2,13.0,3.0,23.1,0.15,0.67,14.8,0.0,0,0,1.1,1.1,0.09,0.9,0.9,Match Report,2023,Chelsea
2022-10-08,15:00,Premier League,Matchweek 10,Sat,Home,W,3.0,0.0,Wolves,3,20.0,7.0,35.0,0.15,0.43,14.7,0.0,0,0,1.9,1.9,0.1,1.1,1.1,Match Report,2023,Chelsea
2022-10-16,14:00,Premier League,Matchweek 11,Sun,Away,W,2.0,0.0,Aston Villa,2,8.0,4.0,50.0,0.25,0.5,18.0,1.0,0,0,0.9,0.9,0.11,1.1,1.1,Match Report,2023,Chelsea
2022-10-19,19:30,Premier League,Matchweek 12,Wed,Away,D,0.0,0.0,Brentford,0,14.0,5.0,35.7,0.0,0.0,21.4,0.0,0,0,0.9,0.9,0.06,-0.9,-0.9,Match Report,2023,Chelsea
2022-10-22,17:30,Premier League,Matchweek 13,Sat,Home,D,1.0,1.0,Manchester Utd,1,5.0,1.0,20.0,0.0,0.0,19.7,0.0,1,1,1.1,0.3,0.06,-0.1,-0.3,Match Report,2023,Chelsea
2022-10-29,15:00,Premier League,Matchweek 14,Sat,Away,L,1.0,4.0,Brighton,1,15.0,7.0,46.7,0.07,0.14,18.3,0.0,0,0,1.4,1.4,0.09,-0.4,-0.4,Match Report,2023,Chelsea
2022-11-06,12:00,Premier League,Matchweek 15,Sun,Home,L,0.0,1.0,Arsenal,0,5.0,1.0,20.0,0.0,0.0,16.0,0.0,0,0,0.3,0.3,0.06,-0.3,-0.3,Match Report,2023,Chelsea
2022-11-12,17:30,Premier League,Matchweek 16,Sat,Away,L,0.0,1.0,Newcastle Utd,0,5.0,2.0,40.0,0.0,0.0,14.0,0.0,0,0,0.3,0.3,0.06,-0.3,-0.3,Match Report,2023,Chelsea
2022-12-27,17:30,Premier League,Matchweek 17,Tue,Home,W,2.0,0.0,Bournemouth,2,15.0,5.0,33.3,0.13,0.4,15.7,0.0,0,0,1.8,1.8,0.12,0.2,0.2,Match Report,2023,Chelsea
2023-01-01,16:30,Premier League,Matchweek 18,Sun,Away,D,1.0,1.0,Nott'ham Forest,1,7.0,2.0,28.6,0.14,0.5,11.6,0.0,0,0,0.9,0.9,0.13,0.1,0.1,Match Report,2023,Chelsea
2023-01-05,20:00,Premier League,Matchweek 19,Thu,Home,L,0.0,1.0,Manchester City,0,8.0,2.0,25.0,0.0,0.0,17.2,0.0,0,0,0.4,0.4,0.05,-0.4,-0.4,Match Report,2023,Chelsea
2023-01-12,20:00,Premier League,Matchweek 7,Thu,Away,L,1.0,2.0,Fulham,1,20.0,10.0,50.0,0.05,0.1,16.6,1.0,0,0,2.1,2.1,0.11,-1.1,-1.1,Match Report,2023,Chelsea
2023-01-15,14:00,Premier League,Matchweek 20,Sun,Home,W,1.0,0.0,Crystal Palace,1,15.0,5.0,33.3,0.07,0.2,14.8,0.0,0,0,1.5,1.5,0.1,-0.5,-0.5,Match Report,2023,Chelsea
2023-01-21,12:30,Premier League,Matchweek 21,Sat,Away,D,0.0,0.0,Liverpool,0,11.0,2.0,18.2,0.0,0.0,13.8,0.0,0,0,1.6,1.6,0.15,-1.6,-1.6,Match Report,2023,Chelsea
2023-02-03,20:00,Premier League,Matchweek 22,Fri,Home,D,0.0,0.0,Fulham,0,12.0,2.0,16.7,0.0,0.0,17.0,0.0,0,0,1.3,1.3,0.11,-1.3,-1.3,Match Report,2023,Chelsea
2023-02-11,12:30,Premier League,Matchweek 23,Sat,Away,D,1.0,1.0,West Ham,1,12.0,4.0,33.3,0.08,0.25,18.0,2.0,0,0,1.1,1.1,0.1,-0.1,-0.1,Match Report,2023,Chelsea
2023-02-18,15:00,Premier League,Matchweek 24,Sat,Home,L,0.0,1.0,Southampton,0,17.0,4.0,23.5,0.0,0.0,17.0,1.0,0,0,1.6,1.6,0.1,-1.6,-1.6,Match Report,2023,Chelsea
2023-02-26,13:30,Premier League,Matchweek 25,Sun,Away,L,0.0,2.0,Tottenham,0,10.0,2.0,20.0,0.0,0.0,23.8,0.0,0,0,0.4,0.4,0.04,-0.4,-0.4,Match Report,2023,Chelsea
2023-03-04,15:00,Premier League,Matchweek 26,Sat,Home,W,1.0,0.0,Leeds United,1,13.0,3.0,23.1,0.08,0.33,15.8,1.0,0,0,1.5,1.5,0.11,-0.5,-0.5,Match Report,2023,Chelsea
2023-03-11,15:00,Premier League,Matchweek 27,Sat,Away,W,3.0,1.0,Leicester City,3,12.0,6.0,50.0,0.25,0.5,15.1,0.0,0,0,1.6,1.6,0.13,1.4,1.4,Match Report,2023,Chelsea
2023-03-18,17:30,Premier League,Matchweek 28,Sat,Home,D,2.0,2.0,Everton,2,19.0,6.0,31.6,0.05,0.17,17.1,0.0,1,1,2.3,1.5,0.08,-0.3,-0.5,Match Report,2023,Chelsea
2023-04-01,17:30,Premier League,Matchweek 29,Sat,Home,L,0.0,2.0,Aston Villa,0,27.0,7.0,25.9,0.0,0.0,16.3,0.0,0,0,2.1,2.1,0.08,-2.1,-2.1,Match Report,2023,Chelsea
2023-04-04,20:00,Premier League,Matchweek 8,Tue,Home,D,0.0,0.0,Liverpool,0,12.0,2.0,16.7,0.0,0.0,16.1,0.0,0,0,2.2,2.2,0.18,-2.2,-2.2,Match Report,2023,Chelsea
2023-04-08,15:00,Premier League,Matchweek 30,Sat,Away,L,0.0,1.0,Wolves,0,13.0,1.0,7.7,0.0,0.0,16.7,0.0,0,0,1.1,1.1,0.09,-1.1,-1.1,Match Report,2023,Chelsea
2023-04-15,15:00,Premier League,Matchweek 31,Sat,Home,L,1.0,2.0,Brighton,1,8.0,2.0,25.0,0.13,0.5,18.9,0.0,0,0,0.5,0.5,0.07,0.5,0.5,Match Report,2023,Chelsea
2023-04-26,19:45,Premier League,Matchweek 33,Wed,Home,L,0.0,2.0,Brentford,0,15.0,4.0,26.7,0.0,0.0,16.5,0.0,0,0,1.3,1.3,0.08,-1.3,-1.3,Match Report,2023,Chelsea
2023-05-02,20:00,Premier League,Matchweek 34,Tue,Away,L,1.0,3.0,Arsenal,1,7.0,4.0,57.1,0.14,0.25,17.2,0.0,0,0,0.8,0.8,0.11,0.2,0.2,Match Report,2023,Chelsea
2023-05-06,15:00,Premier League,Matchweek 35,Sat,Away,W,3.0,1.0,Bournemouth,3,11.0,5.0,45.5,0.27,0.6,16.9,0.0,0,0,1.3,1.3,0.12,1.7,1.7,Match Report,2023,Chelsea
2023-05-13,15:00,Premier League,Matchweek 36,Sat,Home,D,2.0,2.0,Nott'ham Forest,2,14.0,6.0,42.9,0.14,0.33,17.4,1.0,0,0,1.2,1.2,0.08,0.8,0.8,Match Report,2023,Chelsea
2023-05-21,16:00,Premier League,Matchweek 37,Sun,Away,L,0.0,1.0,Manchester City,0,13.0,6.0,46.2,0.0,0.0,15.7,1.0,0,0,1.2,1.2,0.1,-1.2,-1.2,Match Report,2023,Chelsea
2023-05-25,20:00,Premier League,Matchweek 32,Thu,Away,L,1.0,4.0,Manchester Utd,1,14.0,5.0,35.7,0.07,0.2,19.2,0.0,0,0,1.9,1.9,0.14,-0.9,-0.9,Match Report,2023,Chelsea
2023-05-28,16:30,Premier League,Matchweek 38,Sun,Home,D,1.0,1.0,Newcastle Utd,0,22.0,4.0,18.2,0.0,0.0,17.8,1.0,0,0,2.2,2.2,0.1,-2.2,-2.2,Match Report,2023,Chelsea
2022-08-06,15:00,Premier League,Matchweek 1,Sat,Away,L,1.0,2.0,Leeds United,1,15.0,6.0,40.0,0.07,0.17,18.9,0.0,0,0,1.3,1.3,0.09,-0.3,-0.3,Match Report,2023,Wolverhampton Wanderers
2022-08-13,15:00,Premier League,Matchweek 2,Sat,Home,D,0.0,0.0,Fulham,0,7.0,1.0,14.3,0.0,0.0,18.7,1.0,0,0,0.9,0.9,0.13,-0.9,-0.9,Match Report,2023,Wolverhampton Wanderers
2022-08-20,12:30,Premier League,Matchweek 3,Sat,Away,L,0.0,1.0,Tottenham,0,20.0,3.0,15.0,0.0,0.0,21.9,1.0,0,0,0.7,0.7,0.04,-0.7,-0.7,Match Report,2023,Wolverhampton Wanderers
2022-08-28,14:00,Premier League,Matchweek 4,Sun,Home,D,1.0,1.0,Newcastle Utd,1,10.0,4.0,40.0,0.1,0.25,20.7,1.0,0,0,0.7,0.7,0.07,0.3,0.3,Match Report,2023,Wolverhampton Wanderers
2022-08-31,19:30,Premier League,Matchweek 5,Wed,Away,D,0.0,0.0,Bournemouth,0,17.0,3.0,17.6,0.0,0.0,17.7,1.0,0,0,1.5,1.5,0.09,-1.5,-1.5,Match Report,2023,Wolverhampton Wanderers
2022-09-03,15:00,Premier League,Matchweek 6,Sat,Home,W,1.0,0.0,Southampton,1,7.0,2.0,28.6,0.14,0.5,12.9,0.0,0,0,0.8,0.8,0.11,0.2,0.2,Match Report,2023,Wolverhampton Wanderers
2022-09-17,12:30,Premier League,Matchweek 8,Sat,Home,L,0.0,3.0,Manchester City,0,6.0,1.0,16.7,0.0,0.0,19.6,2.0,0,0,0.4,0.4,0.07,-0.4,-0.4,Match Report,2023,Wolverhampton Wanderers
2022-10-01,17:30,Premier League,Matchweek 9,Sat,Away,L,0.0,2.0,West Ham,0,15.0,4.0,26.7,0.0,0.0,21.6,0.0,0,0,0.7,0.7,0.05,-0.7,-0.7,Match Report,2023,Wolverhampton Wanderers
2022-10-08,15:00,Premier League,Matchweek 10,Sat,Away,L,0.0,3.0,Chelsea,0,8.0,2.0,25.0,0.0,0.0,14.5,1.0,0,0,1.1,1.1,0.14,-1.1,-1.1,Match Report,2023,Wolverhampton Wanderers
2022-10-15,15:00,Premier League,Matchweek 11,Sat,Home,W,1.0,0.0,Nott'ham Forest,1,8.0,1.0,12.5,0.0,0.0,16.8,0.0,1,1,1.3,0.5,0.07,-0.3,-0.5,Match Report,2023,Wolverhampton Wanderers
2022-10-18,20:15,Premier League,Matchweek 12,Tue,Away,L,1.0,2.0,Crystal Palace,1,10.0,4.0,40.0,0.1,0.25,16.3,1.0,0,0,0.8,0.8,0.08,0.2,0.2,Match Report,2023,Wolverhampton Wanderers
2022-10-23,14:00,Premier League,Matchweek 13,Sun,Home,L,0.0,4.0,Leicester City,0,21.0,5.0,23.8,0.0,0.0,15.7,1.0,0,0,2.1,2.1,0.1,-2.1,-2.1,Match Report,2023,Wolverhampton Wanderers
2022-10-29,15:00,Premier League,Matchweek 14,Sat,Away,D,1.0,1.0,Brentford,1,13.0,4.0,30.8,0.08,0.25,20.4,0.0,0,0,0.6,0.6,0.05,0.4,0.4,Match Report,2023,Wolverhampton Wanderers
2022-11-05,15:00,Premier League,Matchweek 15,Sat,Home,L,2.0,3.0,Brighton,2,7.0,4.0,57.1,0.14,0.25,18.3,0.0,1,1,1.2,0.4,0.06,0.8,0.6,Match Report,2023,Wolverhampton Wanderers
2022-11-12,19:45,Premier League,Matchweek 16,Sat,Home,L,0.0,2.0,Arsenal,0,11.0,2.0,18.2,0.0,0.0,20.0,1.0,0,0,0.7,0.7,0.06,-0.7,-0.7,Match Report,2023,Wolverhampton Wanderers
2022-12-26,15:00,Premier League,Matchweek 17,Mon,Away,W,2.0,1.0,Everton,2,7.0,4.0,57.1,0.29,0.5,18.6,0.0,0,0,0.8,0.8,0.11,1.2,1.2,Match Report,2023,Wolverhampton Wanderers
2022-12-31,12:30,Premier League,Matchweek 18,Sat,Home,L,0.0,1.0,Manchester Utd,0,10.0,3.0,30.0,0.0,0.0,17.3,2.0,0,0,0.7,0.7,0.07,-0.7,-0.7,Match Report,2023,Wolverhampton Wanderers
2023-01-04,20:00,Premier League,Matchweek 19,Wed,Away,D,1.0,1.0,Aston Villa,1,10.0,3.0,30.0,0.1,0.33,14.2,0.0,0,0,0.9,0.9,0.1,0.1,0.1,Match Report,2023,Wolverhampton Wanderers
2023-01-14,15:00,Premier League,Matchweek 20,Sat,Home,W,1.0,0.0,West Ham,1,17.0,4.0,23.5,0.06,0.25,20.0,0.0,0,0,0.9,0.9,0.05,0.1,0.1,Match Report,2023,Wolverhampton Wanderers
2023-01-22,14:00,Premier League,Matchweek 21,Sun,Away,L,0.0,3.0,Manchester City,0,10.0,1.0,10.0,0.0,0.0,16.4,0.0,0,0,0.8,0.8,0.08,-0.8,-0.8,Match Report,2023,Wolverhampton Wanderers
2023-02-04,15:00,Premier League,Matchweek 22,Sat,Home,W,3.0,0.0,Liverpool,2,12.0,5.0,41.7,0.17,0.4,18.3,0.0,0,0,2.0,2.0,0.17,0.0,0.0,Match Report,2023,Wolverhampton Wanderers
2023-02-11,15:00,Premier League,Matchweek 23,Sat,Away,W,2.0,1.0,Southampton,1,11.0,1.0,9.1,0.09,1.0,18.7,0.0,0,0,0.8,0.8,0.08,0.2,0.2,Match Report,2023,Wolverhampton Wanderers
2023-02-18,15:00,Premier League,Matchweek 24,Sat,Home,L,0.0,1.0,Bournemouth,0,15.0,4.0,26.7,0.0,0.0,13.3,0.0,0,0,1.3,1.3,0.09,-1.3,-1.3,Match Report,2023,Wolverhampton Wanderers
2023-02-24,20:00,Premier League,Matchweek 25,Fri,Away,D,1.0,1.0,Fulham,1,8.0,2.0,25.0,0.13,0.5,18.1,0.0,0,0,0.8,0.8,0.1,0.2,0.2,Match Report,2023,Wolverhampton Wanderers
2023-03-01,20:00,Premier League,Matchweek 7,Wed,Away,L,0.0,2.0,Liverpool,0,4.0,1.0,25.0,0.0,0.0,11.0,0.0,0,0,0.8,0.8,0.23,-0.8,-0.8,Match Report,2023,Wolverhampton Wanderers
2023-03-04,15:00,Premier League,Matchweek 26,Sat,Home,W,1.0,0.0,Tottenham,1,8.0,5.0,62.5,0.13,0.2,21.0,0.0,0,0,0.5,0.5,0.07,0.5,0.5,Match Report,2023,Wolverhampton Wanderers
2023-03-12,16:30,Premier League,Matchweek 27,Sun,Away,L,1.0,2.0,Newcastle Utd,1,7.0,4.0,57.1,0.14,0.25,19.5,1.0,0,0,1.1,1.1,0.16,-0.1,-0.1,Match Report,2023,Wolverhampton Wanderers
2023-03-18,15:00,Premier League,Matchweek 28,Sat,Home,L,2.0,4.0,Leeds United,2,23.0,8.0,34.8,0.09,0.25,16.1,1.0,0,0,2.7,2.7,0.12,-0.7,-0.7,Match Report,2023,Wolverhampton Wanderers
2023-04-01,15:00,Premier League,Matchweek 29,Sat,Away,D,1.0,1.0,Nott'ham Forest,1,8.0,1.0,12.5,0.13,1.0,17.2,0.0,0,0,0.5,0.5,0.06,0.5,0.5,Match Report,2023,Wolverhampton Wanderers
2023-04-08,15:00,Premier League,Matchweek 30,Sat,Home,W,1.0,0.0,Chelsea,1,9.0,4.0,44.4,0.11,0.25,24.2,0.0,0,0,0.6,0.6,0.06,0.4,0.4,Match Report,2023,Wolverhampton Wanderers
2023-04-15,15:00,Premier League,Matchweek 31,Sat,Home,W,2.0,0.0,Brentford,2,11.0,9.0,81.8,0.18,0.22,18.4,0.0,0,0,0.8,0.8,0.07,1.2,1.2,Match Report,2023,Wolverhampton Wanderers
2023-04-22,15:00,Premier League,Matchweek 32,Sat,Away,L,1.0,2.0,Leicester City,1,16.0,3.0,18.8,0.06,0.33,20.7,2.0,0,0,0.9,0.9,0.06,0.1,0.1,Match Report,2023,Wolverhampton Wanderers
2023-04-25,19:30,Premier League,Matchweek 33,Tue,Home,W,2.0,0.0,Crystal Palace,1,8.0,2.0,25.0,0.0,0.0,17.0,0.0,1,1,1.4,0.6,0.07,-0.4,-0.6,Match Report,2023,Wolverhampton Wanderers
2023-04-29,15:00,Premier League,Matchweek 34,Sat,Away,L,0.0,6.0,Brighton,0,10.0,2.0,20.0,0.0,0.0,18.7,0.0,0,0,0.8,0.8,0.08,-0.8,-0.8,Match Report,2023,Wolverhampton Wanderers
2023-05-06,15:00,Premier League,Matchweek 35,Sat,Home,W,1.0,0.0,Aston Villa,1,6.0,2.0,33.3,0.17,0.5,17.6,0.0,0,0,0.8,0.8,0.13,0.2,0.2,Match Report,2023,Wolverhampton Wanderers
2023-05-13,15:00,Premier League,Matchweek 36,Sat,Away,L,0.0,2.0,Manchester Utd,0,5.0,0.0,0.0,0.0,,10.5,0.0,0,0,0.3,0.3,0.07,-0.3,-0.3,Match Report,2023,Wolverhampton Wanderers
2023-05-20,15:00,Premier League,Matchweek 37,Sat,Home,D,1.0,1.0,Everton,1,13.0,5.0,38.5,0.08,0.2,17.9,1.0,0,0,1.6,1.6,0.13,-0.6,-0.6,Match Report,2023,Wolverhampton Wanderers
2023-05-28,16:30,Premier League,Matchweek 38,Sun,Away,L,0.0,5.0,Arsenal,0,6.0,0.0,0.0,0.0,,14.7,1.0,0,0,0.5,0.5,0.08,-0.5,-0.5,Match Report,2023,Wolverhampton Wanderers
2022-08-07,16:30,Premier League,Matchweek 1,Sun,Home,L,0.0,2.0,Manchester City,0,6.0,1.0,16.7,0.0,0.0,16.3,0.0,0,0,0.5,0.5,0.08,-0.5,-0.5,Match Report,2023,West Ham United
2022-08-14,14:00,Premier League,Matchweek 2,Sun,Away,L,0.0,1.0,Nott'ham Forest,0,18.0,3.0,16.7,0.0,0.0,19.3,2.0,0,1,2.1,1.5,0.08,-2.1,-1.5,Match Report,2023,West Ham United
2022-08-21,14:00,Premier League,Matchweek 3,Sun,Home,L,0.0,2.0,Brighton,0,13.0,3.0,23.1,0.0,0.0,16.5,0.0,0,0,0.8,0.8,0.07,-0.8,-0.8,Match Report,2023,West Ham United
2022-08-28,14:00,Premier League,Matchweek 4,Sun,Away,W,1.0,0.0,Aston Villa,1,7.0,2.0,28.6,0.14,0.5,24.8,1.0,0,0,0.6,0.6,0.08,0.4,0.4,Match Report,2023,West Ham United
2022-08-31,19:45,Premier League,Matchweek 5,Wed,Home,D,1.0,1.0,Tottenham,1,14.0,4.0,28.6,0.07,0.25,16.3,0.0,0,0,1.2,1.2,0.09,-0.2,-0.2,Match Report,2023,West Ham United
2022-09-03,15:00,Premier League,Matchweek 6,Sat,Away,L,1.0,2.0,Chelsea,1,6.0,3.0,50.0,0.17,0.33,15.9,0.0,0,0,1.1,1.1,0.21,-0.1,-0.1,Match Report,2023,West Ham United
2022-09-18,14:15,Premier League,Matchweek 8,Sun,Away,L,0.0,1.0,Everton,0,14.0,4.0,28.6,0.0,0.0,15.2,0.0,0,0,1.0,1.0,0.07,-1.0,-1.0,Match Report,2023,West Ham United
2022-10-01,17:30,Premier League,Matchweek 9,Sat,Home,W,2.0,0.0,Wolves,2,18.0,5.0,27.8,0.11,0.4,20.3,1.0,0,0,0.9,0.9,0.05,1.1,1.1,Match Report,2023,West Ham United
2022-10-09,14:00,Premier League,Matchweek 10,Sun,Home,W,3.0,1.0,Fulham,3,16.0,7.0,43.8,0.13,0.29,16.4,0.0,1,1,2.4,2.2,0.14,0.6,-0.2,Match Report,2023,West Ham United
2022-10-16,14:00,Premier League,Matchweek 11,Sun,Away,D,1.0,1.0,Southampton,1,25.0,4.0,16.0,0.04,0.25,18.8,0.0,0,0,1.7,1.7,0.07,-0.7,-0.7,Match Report,2023,West Ham United
2022-10-19,19:30,Premier League,Matchweek 12,Wed,Away,L,0.0,1.0,Liverpool,0,7.0,2.0,28.6,0.0,0.0,15.2,0.0,0,1,1.7,1.0,0.15,-1.7,-1.0,Match Report,2023,West Ham United
2022-10-24,20:00,Premier League,Matchweek 13,Mon,Home,W,2.0,0.0,Bournemouth,2,19.0,3.0,15.8,0.05,0.33,21.1,1.0,1,1,1.9,1.1,0.06,0.1,-0.1,Match Report,2023,West Ham United
2022-10-30,16:15,Premier League,Matchweek 14,Sun,Away,L,0.0,1.0,Manchester Utd,0,13.0,4.0,30.8,0.0,0.0,22.3,0.0,0,0,1.1,1.1,0.08,-1.1,-1.1,Match Report,2023,West Ham United
2022-11-06,14:00,Premier League,Matchweek 15,Sun,Home,L,1.0,2.0,Crystal Palace,1,5.0,2.0,40.0,0.2,0.5,16.7,0.0,0,0,0.3,0.3,0.05,0.7,0.7,Match Report,2023,West Ham United
2022-11-12,15:00,Premier League,Matchweek 16,Sat,Home,L,0.0,2.0,Leicester City,0,18.0,6.0,33.3,0.0,0.0,16.4,0.0,0,0,1.4,1.4,0.08,-1.4,-1.4,Match Report,2023,West Ham United
2022-12-26,20:00,Premier League,Matchweek 17,Mon,Away,L,1.0,3.0,Arsenal,1,7.0,3.0,42.9,0.0,0.0,24.2,0.0,1,1,1.0,0.2,0.04,0.0,-0.2,Match Report,2023,West Ham United
2022-12-30,19:45,Premier League,Matchweek 18,Fri,Home,L,0.0,2.0,Brentford,0,20.0,5.0,25.0,0.0,0.0,18.2,2.0,0,0,1.3,1.3,0.06,-1.3,-1.3,Match Report,2023,West Ham United
2023-01-04,19:45,Premier League,Matchweek 19,Wed,Away,D,2.0,2.0,Leeds United,2,14.0,1.0,7.1,0.07,1.0,22.5,0.0,1,1,1.4,0.6,0.05,0.6,0.4,Match Report,2023,West Ham United
2023-01-14,15:00,Premier League,Matchweek 20,Sat,Away,L,0.0,1.0,Wolves,0,16.0,3.0,18.8,0.0,0.0,18.4,0.0,0,0,1.1,1.1,0.07,-1.1,-1.1,Match Report,2023,West Ham United
2023-01-21,15:00,Premier League,Matchweek 21,Sat,Home,W,2.0,0.0,Everton,2,11.0,4.0,36.4,0.18,0.5,11.9,0.0,0,0,2.2,2.2,0.21,-0.2,-0.2,Match Report,2023,West Ham United
2023-02-04,17:30,Premier League,Matchweek 22,Sat,Away,D,1.0,1.0,Newcastle Utd,1,10.0,1.0,10.0,0.1,1.0,16.2,0.0,0,0,1.0,1.0,0.1,0.0,0.0,Match Report,2023,West Ham United
2023-02-11,12:30,Premier League,Matchweek 23,Sat,Home,D,1.0,1.0,Chelsea,1,10.0,2.0,20.0,0.1,0.5,13.8,1.0,0,0,1.3,1.3,0.14,-0.3,-0.3,Match Report,2023,West Ham United
2023-02-19,16:30,Premier League,Matchweek 24,Sun,Away,L,0.0,2.0,Tottenham,0,6.0,1.0,16.7,0.0,0.0,16.0,1.0,0,0,0.5,0.5,0.08,-0.5,-0.5,Match Report,2023,West Ham United
2023-02-25,15:00,Premier League,Matchweek 25,Sat,Home,W,4.0,0.0,Nott'ham Forest,4,18.0,5.0,27.8,0.22,0.8,14.9,0.0,0,0,2.7,2.7,0.15,1.3,1.3,Match Report,2023,West Ham United
2023-03-04,15:00,Premier League,Matchweek 26,Sat,Away,L,0.0,4.0,Brighton,0,3.0,2.0,66.7,0.0,0.0,12.1,0.0,0,0,0.3,0.3,0.11,-0.3,-0.3,Match Report,2023,West Ham United
2023-03-12,14:00,Premier League,Matchweek 27,Sun,Home,D,1.0,1.0,Aston Villa,1,16.0,4.0,25.0,0.0,0.0,16.7,0.0,1,1,2.1,1.4,0.09,-1.1,-1.4,Match Report,2023,West Ham United
2023-04-02,14:00,Premier League,Matchweek 29,Sun,Home,W,1.0,0.0,Southampton,1,12.0,2.0,16.7,0.08,0.5,14.2,1.0,0,0,1.4,1.4,0.12,-0.4,-0.4,Match Report,2023,West Ham United
2023-04-05,20:00,Premier League,Matchweek 7,Wed,Home,L,1.0,5.0,Newcastle Utd,1,7.0,2.0,28.6,0.14,0.5,19.0,1.0,0,0,1.0,1.0,0.14,0.0,0.0,Match Report,2023,West Ham United
2023-04-08,15:00,Premier League,Matchweek 30,Sat,Away,W,1.0,0.0,Fulham,0,9.0,5.0,55.6,0.0,0.0,14.1,0.0,0,0,1.1,1.1,0.12,-1.1,-1.1,Match Report,2023,West Ham United
2023-04-16,14:00,Premier League,Matchweek 31,Sun,Home,D,2.0,2.0,Arsenal,2,15.0,2.0,13.3,0.07,0.5,14.8,1.0,1,1,1.8,1.0,0.07,0.2,0.0,Match Report,2023,West Ham United
2023-04-23,14:00,Premier League,Matchweek 32,Sun,Away,W,4.0,0.0,Bournemouth,4,18.0,10.0,55.6,0.22,0.4,16.2,1.0,0,0,2.4,2.4,0.13,1.6,1.6,Match Report,2023,West Ham United
2023-04-26,19:45,Premier League,Matchweek 33,Wed,Home,L,1.0,2.0,Liverpool,1,7.0,2.0,28.6,0.14,0.5,15.5,0.0,0,0,0.8,0.8,0.11,0.2,0.2,Match Report,2023,West Ham United
2023-04-29,12:30,Premier League,Matchweek 34,Sat,Away,L,3.0,4.0,Crystal Palace,3,8.0,4.0,50.0,0.38,0.75,16.1,0.0,0,0,1.7,1.7,0.23,1.3,1.3,Match Report,2023,West Ham United
2023-05-03,20:00,Premier League,Matchweek 28,Wed,Away,L,0.0,3.0,Manchester City,0,6.0,2.0,33.3,0.0,0.0,24.2,0.0,0,0,0.4,0.4,0.07,-0.4,-0.4,Match Report,2023,West Ham United
2023-05-07,19:00,Premier League,Matchweek 35,Sun,Home,W,1.0,0.0,Manchester Utd,1,15.0,4.0,26.7,0.07,0.25,15.5,0.0,0,0,1.3,1.3,0.09,-0.3,-0.3,Match Report,2023,West Ham United
2023-05-14,14:00,Premier League,Matchweek 36,Sun,Away,L,0.0,2.0,Brentford,0,4.0,4.0,100.0,0.0,0.0,19.0,0.0,0,0,0.2,0.2,0.06,-0.2,-0.2,Match Report,2023,West Ham United
2023-05-21,13:30,Premier League,Matchweek 37,Sun,Home,W,3.0,1.0,Leeds United,3,19.0,9.0,47.4,0.16,0.33,14.6,0.0,0,0,2.1,2.1,0.11,0.9,0.9,Match Report,2023,West Ham United
2023-05-28,16:30,Premier League,Matchweek 38,Sun,Away,L,1.0,2.0,Leicester City,1,16.0,3.0,18.8,0.06,0.33,16.7,0.0,0,0,1.4,1.4,0.09,-0.4,-0.4,Match Report,2023,West Ham United
2022-08-06,15:00,Premier League,Matchweek 1,Sat,Home,W,2.0,0.0,Aston Villa,2,7.0,3.0,42.9,0.29,0.67,15.7,0.0,0,0,0.6,0.6,0.09,1.4,1.4,Match Report,2023,Bournemouth
2022-08-13,15:00,Premier League,Matchweek 2,Sat,Away,L,0.0,4.0,Manchester City,0,3.0,1.0,33.3,0.0,0.0,20.6,0.0,0,0,0.1,0.1,0.04,-0.1,-0.1,Match Report,2023,Bournemouth
2022-08-20,17:30,Premier League,Matchweek 3,Sat,Home,L,0.0,3.0,Arsenal,0,6.0,1.0,16.7,0.0,0.0,18.5,1.0,0,0,0.3,0.3,0.05,-0.3,-0.3,Match Report,2023,Bournemouth
2022-08-27,15:00,Premier League,Matchweek 4,Sat,Away,L,0.0,9.0,Liverpool,0,5.0,2.0,40.0,0.0,0.0,18.2,0.0,0,0,0.3,0.3,0.07,-0.3,-0.3,Match Report,2023,Bournemouth
2022-08-31,19:30,Premier League,Matchweek 5,Wed,Home,D,0.0,0.0,Wolves,0,5.0,2.0,40.0,0.0,0.0,16.1,0.0,0,0,0.4,0.4,0.08,-0.4,-0.4,Match Report,2023,Bournemouth
2022-09-03,15:00,Premier League,Matchweek 6,Sat,Away,W,3.0,2.0,Nott'ham Forest,3,8.0,3.0,37.5,0.38,1.0,17.5,0.0,0,0,0.8,0.8,0.1,2.2,2.2,Match Report,2023,Bournemouth
2022-09-17,15:00,Premier League,Matchweek 8,Sat,Away,D,1.0,1.0,Newcastle Utd,1,10.0,3.0,30.0,0.1,0.33,18.1,0.0,0,0,0.7,0.7,0.07,0.3,0.3,Match Report,2023,Bournemouth
2022-10-01,15:00,Premier League,Matchweek 9,Sat,Home,D,0.0,0.0,Brentford,0,7.0,0.0,0.0,0.0,,15.5,1.0,0,0,0.4,0.4,0.05,-0.4,-0.4,Match Report,2023,Bournemouth
2022-10-08,15:00,Premier League,Matchweek 10,Sat,Home,W,2.0,1.0,Leicester City,2,10.0,4.0,40.0,0.2,0.5,15.0,1.0,0,0,1.1,1.1,0.11,0.9,0.9,Match Report,2023,Bournemouth
2022-10-15,15:00,Premier League,Matchweek 11,Sat,Away,D,2.0,2.0,Fulham,2,10.0,6.0,60.0,0.2,0.33,13.0,0.0,0,0,1.0,1.0,0.11,1.0,1.0,Match Report,2023,Bournemouth
2022-10-19,19:30,Premier League,Matchweek 12,Wed,Home,L,0.0,1.0,Southampton,0,15.0,3.0,20.0,0.0,0.0,17.6,1.0,0,0,1.0,1.0,0.07,-1.0,-1.0,Match Report,2023,Bournemouth
2022-10-24,20:00,Premier League,Matchweek 13,Mon,Away,L,0.0,2.0,West Ham,0,5.0,3.0,60.0,0.0,0.0,13.6,0.0,0,0,0.4,0.4,0.08,-0.4,-0.4,Match Report,2023,Bournemouth
2022-10-29,15:00,Premier League,Matchweek 14,Sat,Home,L,2.0,3.0,Tottenham,2,6.0,4.0,66.7,0.33,0.5,14.0,0.0,0,0,0.5,0.5,0.09,1.5,1.5,Match Report,2023,Bournemouth
2022-11-05,15:00,Premier League,Matchweek 15,Sat,Away,L,3.0,4.0,Leeds United,3,9.0,5.0,55.6,0.33,0.6,12.4,0.0,0,0,1.5,1.5,0.16,1.5,1.5,Match Report,2023,Bournemouth
2022-11-12,15:00,Premier League,Matchweek 16,Sat,Home,W,3.0,0.0,Everton,3,16.0,8.0,50.0,0.19,0.38,13.6,0.0,0,0,2.4,2.4,0.16,0.6,0.6,Match Report,2023,Bournemouth
2022-12-27,17:30,Premier League,Matchweek 17,Tue,Away,L,0.0,2.0,Chelsea,0,9.0,4.0,44.4,0.0,0.0,21.0,2.0,0,0,0.5,0.5,0.06,-0.5,-0.5,Match Report,2023,Bournemouth
2022-12-31,15:00,Premier League,Matchweek 18,Sat,Home,L,0.0,2.0,Crystal Palace,0,6.0,2.0,33.3,0.0,0.0,14.8,0.0,0,0,0.6,0.6,0.1,-0.6,-0.6,Match Report,2023,Bournemouth
2023-01-03,20:00,Premier League,Matchweek 19,Tue,Away,L,0.0,3.0,Manchester Utd,0,7.0,4.0,57.1,0.0,0.0,15.7,1.0,0,0,0.6,0.6,0.08,-0.6,-0.6,Match Report,2023,Bournemouth
2023-01-14,17:30,Premier League,Matchweek 20,Sat,Away,L,0.0,2.0,Brentford,0,7.0,2.0,28.6,0.0,0.0,18.1,0.0,0,0,0.6,0.6,0.09,-0.6,-0.6,Match Report,2023,Bournemouth
2023-01-21,15:00,Premier League,Matchweek 21,Sat,Home,D,1.0,1.0,Nott'ham Forest,1,16.0,3.0,18.8,0.06,0.33,15.4,2.0,0,0,1.4,1.4,0.09,-0.4,-0.4,Match Report,2023,Bournemouth
2023-02-04,15:00,Premier League,Matchweek 22,Sat,Away,L,0.0,1.0,Brighton,0,12.0,2.0,16.7,0.0,0.0,15.3,0.0,0,0,1.1,1.1,0.1,-1.1,-1.1,Match Report,2023,Bournemouth
2023-02-11,17:30,Premier League,Matchweek 23,Sat,Home,D,1.0,1.0,Newcastle Utd,1,11.0,4.0,36.4,0.09,0.25,16.5,1.0,0,0,1.5,1.5,0.14,-0.5,-0.5,Match Report,2023,Bournemouth
2023-02-18,15:00,Premier League,Matchweek 24,Sat,Away,W,1.0,0.0,Wolves,1,5.0,1.0,20.0,0.2,1.0,14.0,0.0,0,0,1.1,1.1,0.21,-0.1,-0.1,Match Report,2023,Bournemouth
2023-02-25,17:30,Premier League,Matchweek 25,Sat,Home,L,1.0,4.0,Manchester City,1,13.0,2.0,15.4,0.08,0.5,14.2,0.0,0,0,1.0,1.0,0.08,0.0,0.0,Match Report,2023,Bournemouth
2023-03-04,15:00,Premier League,Matchweek 26,Sat,Away,L,2.0,3.0,Arsenal,2,4.0,4.0,100.0,0.5,0.5,8.1,0.0,0,0,1.3,1.3,0.33,0.7,0.7,Match Report,2023,Bournemouth
2023-03-11,12:30,Premier League,Matchweek 27,Sat,Home,W,1.0,0.0,Liverpool,1,5.0,2.0,40.0,0.2,0.5,12.3,0.0,0,0,0.9,0.9,0.17,0.1,0.1,Match Report,2023,Bournemouth
2023-03-18,15:00,Premier League,Matchweek 28,Sat,Away,L,0.0,3.0,Aston Villa,0,10.0,3.0,30.0,0.0,0.0,12.6,1.0,0,0,1.3,1.3,0.14,-1.3,-1.3,Match Report,2023,Bournemouth
2023-04-01,15:00,Premier League,Matchweek 29,Sat,Home,W,2.0,1.0,Fulham,2,12.0,6.0,50.0,0.17,0.33,12.5,0.0,0,0,2.6,2.6,0.24,-0.6,-0.6,Match Report,2023,Bournemouth
2023-04-04,19:45,Premier League,Matchweek 7,Tue,Home,L,0.0,2.0,Brighton,0,14.0,3.0,21.4,0.0,0.0,15.8,0.0,0,0,1.7,1.7,0.13,-1.7,-1.7,Match Report,2023,Bournemouth
2023-04-08,15:00,Premier League,Matchweek 30,Sat,Away,W,1.0,0.0,Leicester City,1,19.0,7.0,36.8,0.05,0.14,14.7,1.0,0,0,1.9,1.9,0.11,-0.9,-0.9,Match Report,2023,Bournemouth
2023-04-15,15:00,Premier League,Matchweek 31,Sat,Away,W,3.0,2.0,Tottenham,3,9.0,6.0,66.7,0.33,0.5,17.9,0.0,0,0,1.3,1.3,0.15,1.7,1.7,Match Report,2023,Bournemouth
2023-04-23,14:00,Premier League,Matchweek 32,Sun,Home,L,0.0,4.0,West Ham,0,17.0,5.0,29.4,0.0,0.0,17.4,0.0,0,0,1.5,1.5,0.09,-1.5,-1.5,Match Report,2023,Bournemouth
2023-04-27,19:45,Premier League,Matchweek 33,Thu,Away,W,1.0,0.0,Southampton,1,16.0,2.0,12.5,0.06,0.5,17.6,0.0,0,0,0.9,0.9,0.06,0.1,0.1,Match Report,2023,Bournemouth
2023-04-30,14:00,Premier League,Matchweek 34,Sun,Home,W,4.0,1.0,Leeds United,4,12.0,7.0,58.3,0.33,0.57,12.5,0.0,0,0,1.9,1.9,0.16,2.1,2.1,Match Report,2023,Bournemouth
2023-05-06,15:00,Premier League,Matchweek 35,Sat,Home,L,1.0,3.0,Chelsea,1,10.0,4.0,40.0,0.1,0.25,14.5,0.0,0,0,1.2,1.2,0.13,-0.2,-0.2,Match Report,2023,Bournemouth
2023-05-13,15:00,Premier League,Matchweek 36,Sat,Away,L,0.0,2.0,Crystal Palace,0,5.0,0.0,0.0,0.0,,19.4,1.0,0,0,0.3,0.3,0.06,-0.3,-0.3,Match Report,2023,Bournemouth
2023-05-20,15:00,Premier League,Matchweek 37,Sat,Home,L,0.0,1.0,Manchester Utd,0,10.0,4.0,40.0,0.0,0.0,16.2,1.0,0,0,1.0,1.0,0.1,-1.0,-1.0,Match Report,2023,Bournemouth
2023-05-28,16:30,Premier League,Matchweek 38,Sun,Away,L,0.0,1.0,Everton,0,7.0,1.0,14.3,0.0,0.0,14.5,0.0,0,0,0.5,0.5,0.07,-0.5,-0.5,Match Report,2023,Bournemouth
2022-08-06,15:00,Premier League,Matchweek 1,Sat,Away,L,0.0,2.0,Newcastle Utd,0,5.0,0.0,0.0,0.0,,16.0,0.0,0,0,0.3,0.3,0.06,-0.3,-0.3,Match Report,2023,Nottingham Forest
2022-08-14,14:00,Premier League,Matchweek 2,Sun,Home,W,1.0,0.0,West Ham,1,13.0,6.0,46.2,0.08,0.17,14.1,1.0,0,0,1.3,1.3,0.1,-0.3,-0.3,Match Report,2023,Nottingham Forest
2022-08-20,15:00,Premier League,Matchweek 3,Sat,Away,D,1.0,1.0,Everton,1,14.0,5.0,35.7,0.07,0.2,19.3,1.0,0,0,1.0,1.0,0.07,0.0,0.0,Match Report,2023,Nottingham Forest
2022-08-28,16:30,Premier League,Matchweek 4,Sun,Home,L,0.0,2.0,Tottenham,0,17.0,1.0,5.9,0.0,0.0,20.0,1.0,0,0,0.9,0.9,0.06,-0.9,-0.9,Match Report,2023,Nottingham Forest
2022-08-31,19:30,Premier League,Matchweek 5,Wed,Away,L,0.0,6.0,Manchester City,0,8.0,1.0,12.5,0.0,0.0,18.4,1.0,0,0,0.7,0.7,0.08,-0.7,-0.7,Match Report,2023,Nottingham Forest
2022-09-03,15:00,Premier League,Matchweek 6,Sat,Home,L,2.0,3.0,Bournemouth,2,10.0,2.0,20.0,0.1,0.5,17.5,0.0,1,1,1.9,1.1,0.11,0.1,-0.1,Match Report,2023,Nottingham Forest
2022-09-16,20:00,Premier League,Matchweek 8,Fri,Home,L,2.0,3.0,Fulham,2,11.0,3.0,27.3,0.18,0.67,16.4,1.0,0,0,1.4,1.4,0.13,0.6,0.6,Match Report,2023,Nottingham Forest
2022-10-03,20:00,Premier League,Matchweek 9,Mon,Away,L,0.0,4.0,Leicester City,0,10.0,3.0,30.0,0.0,0.0,15.7,0.0,0,0,1.1,1.1,0.12,-1.1,-1.1,Match Report,2023,Nottingham Forest
2022-10-10,20:00,Premier League,Matchweek 10,Mon,Home,D,1.0,1.0,Aston Villa,1,6.0,3.0,50.0,0.17,0.33,18.7,0.0,0,0,0.3,0.3,0.05,0.7,0.7,Match Report,2023,Nottingham Forest
2022-10-15,15:00,Premier League,Matchweek 11,Sat,Away,L,0.0,1.0,Wolves,0,9.0,1.0,11.1,0.0,0.0,19.9,1.0,0,1,1.5,0.7,0.08,-1.5,-0.7,Match Report,2023,Nottingham Forest
2022-10-18,19:30,Premier League,Matchweek 12,Tue,Away,D,0.0,0.0,Brighton,0,3.0,0.0,0.0,0.0,,11.5,0.0,0,0,0.1,0.1,0.04,-0.1,-0.1,Match Report,2023,Nottingham Forest
2022-10-22,12:30,Premier League,Matchweek 13,Sat,Home,W,1.0,0.0,Liverpool,1,10.0,7.0,70.0,0.1,0.14,15.9,0.0,0,0,1.9,1.9,0.2,-0.9,-0.9,Match Report,2023,Nottingham Forest
2022-10-30,14:00,Premier League,Matchweek 14,Sun,Away,L,0.0,5.0,Arsenal,0,5.0,2.0,40.0,0.0,0.0,20.4,0.0,0,0,0.4,0.4,0.09,-0.4,-0.4,Match Report,2023,Nottingham Forest
2022-11-05,15:00,Premier League,Matchweek 15,Sat,Home,D,2.0,2.0,Brentford,1,15.0,6.0,40.0,0.07,0.17,17.8,0.0,0,0,1.5,1.5,0.1,-0.5,-0.5,Match Report,2023,Nottingham Forest
2022-11-12,15:00,Premier League,Matchweek 16,Sat,Home,W,1.0,0.0,Crystal Palace,1,9.0,2.0,22.2,0.11,0.5,15.2,1.0,0,0,1.1,1.1,0.13,-0.1,-0.1,Match Report,2023,Nottingham Forest
2022-12-27,20:00,Premier League,Matchweek 17,Tue,Away,L,0.0,3.0,Manchester Utd,0,8.0,3.0,37.5,0.0,0.0,15.2,0.0,0,0,0.7,0.7,0.09,-0.7,-0.7,Match Report,2023,Nottingham Forest
2023-01-01,16:30,Premier League,Matchweek 18,Sun,Home,D,1.0,1.0,Chelsea,1,12.0,5.0,41.7,0.08,0.2,15.5,0.0,0,0,1.4,1.4,0.12,-0.4,-0.4,Match Report,2023,Nottingham Forest
2023-01-04,19:30,Premier League,Matchweek 19,Wed,Away,W,1.0,0.0,Southampton,1,11.0,1.0,9.1,0.09,1.0,22.3,0.0,0,0,1.4,1.4,0.13,-0.4,-0.4,Match Report,2023,Nottingham Forest
2023-01-14,15:00,Premier League,Matchweek 20,Sat,Home,W,2.0,0.0,Leicester City,2,15.0,5.0,33.3,0.13,0.4,19.3,2.0,0,0,2.4,2.4,0.16,-0.4,-0.4,Match Report,2023,Nottingham Forest
2023-01-21,15:00,Premier League,Matchweek 21,Sat,Away,D,1.0,1.0,Bournemouth,1,20.0,5.0,25.0,0.05,0.2,17.9,0.0,0,0,1.9,1.9,0.1,-0.9,-0.9,Match Report,2023,Nottingham Forest
2023-02-05,14:00,Premier League,Matchweek 22,Sun,Home,W,1.0,0.0,Leeds United,1,6.0,2.0,33.3,0.17,0.5,18.9,0.0,0,0,0.4,0.4,0.07,0.6,0.6,Match Report,2023,Nottingham Forest
2023-02-11,15:00,Premier League,Matchweek 23,Sat,Away,L,0.0,2.0,Fulham,0,10.0,1.0,10.0,0.0,0.0,15.0,0.0,0,0,0.7,0.7,0.07,-0.7,-0.7,Match Report,2023,Nottingham Forest
2023-02-18,15:00,Premier League,Matchweek 24,Sat,Home,D,1.0,1.0,Manchester City,1,4.0,1.0,25.0,0.25,1.0,14.7,0.0,0,0,0.9,0.9,0.24,0.1,0.1,Match Report,2023,Nottingham Forest
2023-02-25,15:00,Premier League,Matchweek 25,Sat,Away,L,0.0,4.0,West Ham,0,8.0,3.0,37.5,0.0,0.0,18.9,0.0,0,0,0.4,0.4,0.05,-0.4,-0.4,Match Report,2023,Nottingham Forest
2023-03-05,14:00,Premier League,Matchweek 26,Sun,Home,D,2.0,2.0,Everton,2,10.0,4.0,40.0,0.2,0.5,18.4,0.0,0,0,0.8,0.8,0.09,1.2,1.2,Match Report,2023,Nottingham Forest
2023-03-11,15:00,Premier League,Matchweek 27,Sat,Away,L,1.0,3.0,Tottenham,1,8.0,4.0,50.0,0.13,0.25,15.2,0.0,0,1,1.5,0.7,0.09,-0.5,0.3,Match Report,2023,Nottingham Forest
2023-03-17,20:00,Premier League,Matchweek 28,Fri,Home,L,1.0,2.0,Newcastle Utd,1,5.0,3.0,60.0,0.2,0.33,18.4,0.0,0,0,0.4,0.4,0.07,0.6,0.6,Match Report,2023,Nottingham Forest
2023-04-01,15:00,Premier League,Matchweek 29,Sat,Home,D,1.0,1.0,Wolves,1,17.0,7.0,41.2,0.06,0.14,16.7,0.0,0,0,1.3,1.3,0.08,-0.3,-0.3,Match Report,2023,Nottingham Forest
2023-04-04,19:45,Premier League,Matchweek 7,Tue,Away,L,1.0,2.0,Leeds United,1,13.0,1.0,7.7,0.08,1.0,16.5,0.0,0,0,0.8,0.8,0.06,0.2,0.2,Match Report,2023,Nottingham Forest
2023-04-08,15:00,Premier League,Matchweek 30,Sat,Away,L,0.0,2.0,Aston Villa,0,6.0,2.0,33.3,0.0,0.0,22.0,0.0,0,0,0.2,0.2,0.04,-0.2,-0.2,Match Report,2023,Nottingham Forest
2023-04-16,16:30,Premier League,Matchweek 31,Sun,Home,L,0.0,2.0,Manchester Utd,0,6.0,0.0,0.0,0.0,,16.0,0.0,0,0,0.7,0.7,0.12,-0.7,-0.7,Match Report,2023,Nottingham Forest
2023-04-22,15:00,Premier League,Matchweek 32,Sat,Away,L,2.0,3.0,Liverpool,2,11.0,5.0,45.5,0.18,0.4,17.4,0.0,0,0,0.9,0.9,0.08,1.1,1.1,Match Report,2023,Nottingham Forest
2023-04-26,19:30,Premier League,Matchweek 33,Wed,Home,W,3.0,1.0,Brighton,2,10.0,3.0,30.0,0.1,0.33,18.4,0.0,1,2,2.4,0.8,0.09,-0.4,0.2,Match Report,2023,Nottingham Forest
2023-04-29,15:00,Premier League,Matchweek 34,Sat,Away,L,1.0,2.0,Brentford,1,5.0,3.0,60.0,0.2,0.33,16.6,0.0,0,0,0.7,0.7,0.14,0.3,0.3,Match Report,2023,Nottingham Forest
2023-05-08,20:00,Premier League,Matchweek 35,Mon,Home,W,4.0,3.0,Southampton,4,8.0,3.0,37.5,0.38,1.0,16.0,0.0,1,1,1.8,1.0,0.13,2.2,2.0,Match Report,2023,Nottingham Forest
2023-05-13,15:00,Premier League,Matchweek 36,Sat,Away,D,2.0,2.0,Chelsea,2,11.0,2.0,18.2,0.18,1.0,11.2,0.0,0,0,1.3,1.3,0.12,0.7,0.7,Match Report,2023,Nottingham Forest
2023-05-20,17:30,Premier League,Matchweek 37,Sat,Home,W,1.0,0.0,Arsenal,1,6.0,2.0,33.3,0.17,0.5,13.5,0.0,0,0,0.6,0.6,0.09,0.4,0.4,Match Report,2023,Nottingham Forest
2023-05-28,16:30,Premier League,Matchweek 38,Sun,Away,D,1.0,1.0,Crystal Palace,1,7.0,4.0,57.1,0.14,0.25,17.0,0.0,0,0,0.5,0.5,0.07,0.5,0.5,Match Report,2023,Nottingham Forest
2022-08-06,17:30,Premier League,Matchweek 1,Sat,Home,L,0.0,1.0,Chelsea,0,8.0,3.0,37.5,0.0,0.0,13.5,0.0,0,0,0.7,0.7,0.09,-0.7,-0.7,Match Report,2023,Everton
2022-08-13,12:30,Premier League,Matchweek 2,Sat,Away,L,1.0,2.0,Aston Villa,0,15.0,4.0,26.7,0.0,0.0,14.8,0.0,0,0,1.6,1.6,0.11,-1.6,-1.6,Match Report,2023,Everton
2022-08-20,15:00,Premier League,Matchweek 3,Sat,Home,D,1.0,1.0,Nott'ham Forest,1,19.0,8.0,42.1,0.05,0.13,20.8,1.0,0,0,1.5,1.5,0.08,-0.5,-0.5,Match Report,2023,Everton
2022-08-27,15:00,Premier League,Matchweek 4,Sat,Away,D,1.0,1.0,Brentford,1,14.0,7.0,50.0,0.07,0.14,16.7,0.0,0,0,1.1,1.1,0.08,-0.1,-0.1,Match Report,2023,Everton
2022-08-30,20:00,Premier League,Matchweek 5,Tue,Away,D,1.0,1.0,Leeds United,1,7.0,2.0,28.6,0.14,0.5,19.1,1.0,0,0,1.0,1.0,0.14,0.0,0.0,Match Report,2023,Everton
2022-09-03,12:30,Premier League,Matchweek 6,Sat,Home,D,0.0,0.0,Liverpool,0,14.0,3.0,21.4,0.0,0.0,15.5,0.0,0,0,1.7,1.7,0.12,-1.7,-1.7,Match Report,2023,Everton
2022-09-18,14:15,Premier League,Matchweek 8,Sun,Home,W,1.0,0.0,West Ham,1,7.0,2.0,28.6,0.14,0.5,21.4,0.0,0,0,0.4,0.4,0.05,0.6,0.6,Match Report,2023,Everton
2022-10-01,15:00,Premier League,Matchweek 9,Sat,Away,W,2.0,1.0,Southampton,2,12.0,5.0,41.7,0.17,0.4,17.4,1.0,0,0,2.0,2.0,0.17,0.0,0.0,Match Report,2023,Everton
2022-10-09,19:00,Premier League,Matchweek 10,Sun,Home,L,1.0,2.0,Manchester Utd,1,11.0,2.0,18.2,0.09,0.5,17.4,0.0,0,0,0.6,0.6,0.06,0.4,0.4,Match Report,2023,Everton
2022-10-15,17:30,Premier League,Matchweek 11,Sat,Away,L,0.0,2.0,Tottenham,0,4.0,0.0,0.0,0.0,,13.5,0.0,0,0,0.4,0.4,0.11,-0.4,-0.4,Match Report,2023,Everton
2022-10-19,19:30,Premier League,Matchweek 12,Wed,Away,L,0.0,1.0,Newcastle Utd,0,1.0,0.0,0.0,0.0,,7.5,0.0,0,0,0.2,0.2,0.17,-0.2,-0.2,Match Report,2023,Everton
2022-10-22,15:00,Premier League,Matchweek 13,Sat,Home,W,3.0,0.0,Crystal Palace,3,9.0,6.0,66.7,0.33,0.5,16.8,0.0,0,0,1.4,1.4,0.17,1.6,1.6,Match Report,2023,Everton
2022-10-29,17:30,Premier League,Matchweek 14,Sat,Away,D,0.0,0.0,Fulham,0,9.0,4.0,44.4,0.0,0.0,12.2,0.0,0,0,0.9,0.9,0.1,-0.9,-0.9,Match Report,2023,Everton
2022-11-05,17:30,Premier League,Matchweek 15,Sat,Home,L,0.0,2.0,Leicester City,0,12.0,2.0,16.7,0.0,0.0,12.9,0.0,0,0,1.2,1.2,0.1,-1.2,-1.2,Match Report,2023,Everton
2022-11-12,15:00,Premier League,Matchweek 16,Sat,Away,L,0.0,3.0,Bournemouth,0,15.0,3.0,20.0,0.0,0.0,18.0,0.0,0,0,0.8,0.8,0.06,-0.8,-0.8,Match Report,2023,Everton
2022-12-26,15:00,Premier League,Matchweek 17,Mon,Home,L,1.0,2.0,Wolves,1,12.0,5.0,41.7,0.08,0.2,19.2,2.0,0,0,1.7,1.7,0.14,-0.7,-0.7,Match Report,2023,Everton
2022-12-31,15:00,Premier League,Matchweek 18,Sat,Away,D,1.0,1.0,Manchester City,1,2.0,1.0,50.0,0.5,1.0,25.1,0.0,0,0,0.1,0.1,0.05,0.9,0.9,Match Report,2023,Everton
2023-01-03,19:45,Premier League,Matchweek 19,Tue,Home,L,1.0,4.0,Brighton,1,9.0,3.0,33.3,0.0,0.0,19.0,0.0,1,1,1.3,0.5,0.06,-0.3,-0.5,Match Report,2023,Everton
2023-01-14,15:00,Premier League,Matchweek 20,Sat,Home,L,1.0,2.0,Southampton,1,12.0,4.0,33.3,0.08,0.25,16.0,0.0,0,0,1.4,1.4,0.11,-0.4,-0.4,Match Report,2023,Everton
2023-01-21,15:00,Premier League,Matchweek 21,Sat,Away,L,0.0,2.0,West Ham,0,5.0,2.0,40.0,0.0,0.0,14.7,0.0,0,0,0.5,0.5,0.11,-0.5,-0.5,Match Report,2023,Everton
2023-02-04,12:30,Premier League,Matchweek 22,Sat,Home,W,1.0,0.0,Arsenal,1,12.0,4.0,33.3,0.08,0.25,16.4,0.0,0,0,1.7,1.7,0.14,-0.7,-0.7,Match Report,2023,Everton
2023-02-13,20:00,Premier League,Matchweek 23,Mon,Away,L,0.0,2.0,Liverpool,0,6.0,1.0,16.7,0.0,0.0,15.3,0.0,0,0,0.4,0.4,0.06,-0.4,-0.4,Match Report,2023,Everton
2023-02-18,15:00,Premier League,Matchweek 24,Sat,Home,W,1.0,0.0,Leeds United,1,15.0,4.0,26.7,0.07,0.25,15.7,0.0,0,0,1.4,1.4,0.1,-0.4,-0.4,Match Report,2023,Everton
2023-02-25,15:00,Premier League,Matchweek 25,Sat,Home,L,0.0,2.0,Aston Villa,0,15.0,4.0,26.7,0.0,0.0,12.6,2.0,0,0,1.6,1.6,0.11,-1.6,-1.6,Match Report,2023,Everton
2023-03-01,19:45,Premier League,Matchweek 7,Wed,Away,L,0.0,4.0,Arsenal,0,8.0,5.0,62.5,0.0,0.0,14.9,0.0,0,0,1.2,1.2,0.15,-1.2,-1.2,Match Report,2023,Everton
2023-03-05,14:00,Premier League,Matchweek 26,Sun,Away,D,2.0,2.0,Nott'ham Forest,2,9.0,2.0,22.2,0.11,0.5,17.0,0.0,1,1,1.7,0.9,0.1,0.3,0.1,Match Report,2023,Everton
2023-03-11,15:00,Premier League,Matchweek 27,Sat,Home,W,1.0,0.0,Brentford,1,13.0,6.0,46.2,0.08,0.17,17.0,1.0,0,0,1.0,1.0,0.08,0.0,0.0,Match Report,2023,Everton
2023-03-18,17:30,Premier League,Matchweek 28,Sat,Away,D,2.0,2.0,Chelsea,2,12.0,3.0,25.0,0.17,0.67,18.9,1.0,0,0,1.2,1.2,0.11,0.8,0.8,Match Report,2023,Everton
2023-04-03,20:00,Premier League,Matchweek 29,Mon,Home,D,1.0,1.0,Tottenham,1,15.0,6.0,40.0,0.07,0.17,19.3,0.0,0,0,0.9,0.9,0.06,0.1,0.1,Match Report,2023,Everton
2023-04-08,12:30,Premier League,Matchweek 30,Sat,Away,L,0.0,2.0,Manchester Utd,0,15.0,1.0,6.7,0.0,0.0,18.0,0.0,0,0,1.0,1.0,0.07,-1.0,-1.0,Match Report,2023,Everton
2023-04-15,15:00,Premier League,Matchweek 31,Sat,Home,L,1.0,3.0,Fulham,1,15.0,7.0,46.7,0.07,0.14,17.1,0.0,0,0,1.4,1.4,0.1,-0.4,-0.4,Match Report,2023,Everton
2023-04-22,15:00,Premier League,Matchweek 32,Sat,Away,D,0.0,0.0,Crystal Palace,0,10.0,5.0,50.0,0.0,0.0,22.4,0.0,0,0,0.4,0.4,0.04,-0.4,-0.4,Match Report,2023,Everton
2023-04-27,19:45,Premier League,Matchweek 33,Thu,Home,L,1.0,4.0,Newcastle Utd,1,13.0,5.0,38.5,0.08,0.2,22.3,1.0,0,0,0.9,0.9,0.07,0.1,0.1,Match Report,2023,Everton
2023-05-01,20:00,Premier League,Matchweek 34,Mon,Away,D,2.0,2.0,Leicester City,2,22.0,7.0,31.8,0.05,0.14,14.9,0.0,1,1,3.1,2.3,0.11,-1.1,-1.3,Match Report,2023,Everton
2023-05-08,17:30,Premier League,Matchweek 35,Mon,Away,W,5.0,1.0,Brighton,4,10.0,5.0,50.0,0.4,0.8,12.8,0.0,0,0,2.3,2.3,0.23,1.7,1.7,Match Report,2023,Everton
2023-05-14,14:00,Premier League,Matchweek 36,Sun,Home,L,0.0,3.0,Manchester City,0,7.0,2.0,28.6,0.0,0.0,7.6,0.0,0,0,1.6,1.6,0.27,-1.6,-1.6,Match Report,2023,Everton
2023-05-20,15:00,Premier League,Matchweek 37,Sat,Away,D,1.0,1.0,Wolves,1,19.0,4.0,21.1,0.05,0.25,17.1,2.0,0,0,2.0,2.0,0.1,-1.0,-1.0,Match Report,2023,Everton
2023-05-28,16:30,Premier League,Matchweek 38,Sun,Home,W,1.0,0.0,Bournemouth,1,13.0,6.0,46.2,0.08,0.17,17.2,0.0,0,0,1.0,1.0,0.08,0.0,0.0,Match Report,2023,Everton
2022-08-07,14:00,Premier League,Matchweek 1,Sun,Home,D,2.0,2.0,Brentford,2,14.0,5.0,35.7,0.14,0.4,23.1,0.0,0,0,0.6,0.6,0.04,1.4,1.4,Match Report,2023,Leicester City
2022-08-13,15:00,Premier League,Matchweek 2,Sat,Away,L,2.0,4.0,Arsenal,1,6.0,2.0,33.3,0.17,0.5,14.6,0.0,0,0,0.5,0.5,0.08,0.5,0.5,Match Report,2023,Leicester City
2022-08-20,15:00,Premier League,Matchweek 3,Sat,Home,L,1.0,2.0,Southampton,1,6.0,1.0,16.7,0.17,1.0,17.8,1.0,0,0,0.3,0.3,0.05,0.7,0.7,Match Report,2023,Leicester City
2022-08-27,15:00,Premier League,Matchweek 4,Sat,Away,L,1.0,2.0,Chelsea,1,17.0,5.0,29.4,0.06,0.2,17.9,0.0,0,0,2.5,2.5,0.15,-1.5,-1.5,Match Report,2023,Leicester City
2022-09-01,20:00,Premier League,Matchweek 5,Thu,Home,L,0.0,1.0,Manchester Utd,0,10.0,2.0,20.0,0.0,0.0,23.5,2.0,0,0,0.7,0.7,0.07,-0.7,-0.7,Match Report,2023,Leicester City
2022-09-04,14:00,Premier League,Matchweek 6,Sun,Away,L,2.0,5.0,Brighton,2,6.0,4.0,66.7,0.33,0.5,14.8,0.0,0,0,1.4,1.4,0.24,0.6,0.6,Match Report,2023,Leicester City
2022-09-17,17:30,Premier League,Matchweek 8,Sat,Away,L,2.0,6.0,Tottenham,2,18.0,6.0,33.3,0.06,0.17,22.7,0.0,1,1,1.8,1.0,0.05,0.2,0.0,Match Report,2023,Leicester City
2022-10-03,20:00,Premier League,Matchweek 9,Mon,Home,W,4.0,0.0,Nott'ham Forest,4,17.0,7.0,41.2,0.24,0.57,17.7,1.0,0,0,1.3,1.3,0.08,2.7,2.7,Match Report,2023,Leicester City
2022-10-08,15:00,Premier League,Matchweek 10,Sat,Away,L,1.0,2.0,Bournemouth,1,9.0,5.0,55.6,0.11,0.2,13.2,1.0,0,0,1.0,1.0,0.12,0.0,0.0,Match Report,2023,Leicester City
2022-10-15,12:30,Premier League,Matchweek 11,Sat,Home,D,0.0,0.0,Crystal Palace,0,14.0,5.0,35.7,0.0,0.0,19.4,1.0,0,0,1.0,1.0,0.07,-1.0,-1.0,Match Report,2023,Leicester City
2022-10-20,20:15,Premier League,Matchweek 12,Thu,Home,W,2.0,0.0,Leeds United,1,5.0,1.0,20.0,0.2,1.0,17.7,0.0,0,0,0.8,0.8,0.16,0.2,0.2,Match Report,2023,Leicester City
2022-10-23,14:00,Premier League,Matchweek 13,Sun,Away,W,4.0,0.0,Wolves,4,5.0,4.0,80.0,0.8,1.0,14.7,0.0,0,0,0.9,0.9,0.18,3.1,3.1,Match Report,2023,Leicester City
2022-10-29,12:30,Premier League,Matchweek 14,Sat,Home,L,0.0,1.0,Manchester City,0,10.0,5.0,50.0,0.0,0.0,16.4,0.0,0,0,0.7,0.7,0.07,-0.7,-0.7,Match Report,2023,Leicester City
2022-11-05,17:30,Premier League,Matchweek 15,Sat,Away,W,2.0,0.0,Everton,2,22.0,8.0,36.4,0.09,0.25,17.5,0.0,0,0,2.3,2.3,0.11,-0.3,-0.3,Match Report,2023,Leicester City
2022-11-12,15:00,Premier League,Matchweek 16,Sat,Away,W,2.0,0.0,West Ham,2,8.0,5.0,62.5,0.25,0.4,21.3,0.0,0,1,1.8,1.0,0.12,0.2,1.0,Match Report,2023,Leicester City
2022-12-26,15:00,Premier League,Matchweek 17,Mon,Home,L,0.0,3.0,Newcastle Utd,0,8.0,2.0,25.0,0.0,0.0,20.1,0.0,0,0,0.5,0.5,0.06,-0.5,-0.5,Match Report,2023,Leicester City
2022-12-30,20:00,Premier League,Matchweek 18,Fri,Away,L,1.0,2.0,Liverpool,1,7.0,2.0,28.6,0.14,0.5,12.1,0.0,0,0,1.0,1.0,0.14,0.0,0.0,Match Report,2023,Leicester City
2023-01-03,19:45,Premier League,Matchweek 19,Tue,Home,L,0.0,1.0,Fulham,0,15.0,6.0,40.0,0.0,0.0,18.9,1.0,0,0,1.7,1.7,0.11,-1.7,-1.7,Match Report,2023,Leicester City
2023-01-14,15:00,Premier League,Matchweek 20,Sat,Away,L,0.0,2.0,Nott'ham Forest,0,6.0,1.0,16.7,0.0,0.0,18.0,0.0,0,0,1.0,1.0,0.17,-1.0,-1.0,Match Report,2023,Leicester City
2023-01-21,15:00,Premier League,Matchweek 21,Sat,Home,D,2.0,2.0,Brighton,2,9.0,2.0,22.2,0.22,1.0,12.1,1.0,0,0,0.9,0.9,0.11,1.1,1.1,Match Report,2023,Leicester City
2023-02-04,15:00,Premier League,Matchweek 22,Sat,Away,W,4.0,2.0,Aston Villa,4,9.0,5.0,55.6,0.44,0.8,15.3,0.0,0,0,2.6,2.6,0.29,1.4,1.4,Match Report,2023,Leicester City
2023-02-11,15:00,Premier League,Matchweek 23,Sat,Home,W,4.0,1.0,Tottenham,4,15.0,6.0,40.0,0.27,0.67,15.6,0.0,0,0,1.7,1.7,0.11,2.3,2.3,Match Report,2023,Leicester City
2023-02-19,14:00,Premier League,Matchweek 24,Sun,Away,L,0.0,3.0,Manchester Utd,0,19.0,3.0,15.8,0.0,0.0,19.0,1.0,0,0,1.6,1.6,0.09,-1.6,-1.6,Match Report,2023,Leicester City
2023-02-25,15:00,Premier League,Matchweek 25,Sat,Home,L,0.0,1.0,Arsenal,0,1.0,0.0,0.0,0.0,,29.4,0.0,0,0,0.0,0.0,0.02,0.0,0.0,Match Report,2023,Leicester City
2023-03-04,17:30,Premier League,Matchweek 26,Sat,Away,L,0.0,1.0,Southampton,0,11.0,0.0,0.0,0.0,,15.8,0.0,0,0,1.9,1.9,0.18,-1.9,-1.9,Match Report,2023,Leicester City
2023-03-11,15:00,Premier League,Matchweek 27,Sat,Home,L,1.0,3.0,Chelsea,1,17.0,6.0,35.3,0.06,0.17,18.3,1.0,0,0,2.4,2.4,0.15,-1.4,-1.4,Match Report,2023,Leicester City
2023-03-18,15:00,Premier League,Matchweek 28,Sat,Away,D,1.0,1.0,Brentford,1,14.0,1.0,7.1,0.07,1.0,16.8,0.0,0,0,1.3,1.3,0.1,-0.3,-0.3,Match Report,2023,Leicester City
2023-04-01,15:00,Premier League,Matchweek 29,Sat,Away,L,1.0,2.0,Crystal Palace,1,3.0,2.0,66.7,0.33,0.5,13.8,0.0,0,0,0.2,0.2,0.07,0.8,0.8,Match Report,2023,Leicester City
2023-04-04,19:45,Premier League,Matchweek 7,Tue,Home,L,1.0,2.0,Aston Villa,1,9.0,4.0,44.4,0.11,0.25,16.7,1.0,0,0,0.5,0.5,0.05,0.5,0.5,Match Report,2023,Leicester City
2023-04-08,15:00,Premier League,Matchweek 30,Sat,Home,L,0.0,1.0,Bournemouth,0,14.0,4.0,28.6,0.0,0.0,16.9,0.0,0,0,0.6,0.6,0.04,-0.6,-0.6,Match Report,2023,Leicester City
2023-04-15,17:30,Premier League,Matchweek 31,Sat,Away,L,1.0,3.0,Manchester City,1,11.0,4.0,36.4,0.09,0.25,14.3,0.0,0,0,2.3,2.3,0.22,-1.3,-1.3,Match Report,2023,Leicester City
2023-04-22,15:00,Premier League,Matchweek 32,Sat,Home,W,2.0,1.0,Wolves,2,14.0,6.0,42.9,0.07,0.17,19.0,0.0,1,1,2.4,1.6,0.12,-0.4,-0.6,Match Report,2023,Leicester City
2023-04-25,20:00,Premier League,Matchweek 33,Tue,Away,D,1.0,1.0,Leeds United,1,15.0,3.0,20.0,0.07,0.33,13.4,1.0,0,0,2.1,2.1,0.15,-1.1,-1.1,Match Report,2023,Leicester City
2023-05-01,20:00,Premier League,Matchweek 34,Mon,Home,D,2.0,2.0,Everton,2,14.0,4.0,28.6,0.14,0.5,18.9,0.0,0,1,3.4,2.6,0.19,-1.4,-0.6,Match Report,2023,Leicester City
2023-05-08,15:00,Premier League,Matchweek 35,Mon,Away,L,3.0,5.0,Fulham,3,16.0,7.0,43.8,0.13,0.29,20.9,2.0,1,2,2.8,1.2,0.07,0.2,0.8,Match Report,2023,Leicester City
2023-05-15,20:00,Premier League,Matchweek 36,Mon,Home,L,0.0,3.0,Liverpool,0,4.0,4.0,100.0,0.0,0.0,13.4,0.0,0,0,0.4,0.4,0.1,-0.4,-0.4,Match Report,2023,Leicester City
2023-05-22,20:00,Premier League,Matchweek 37,Mon,Away,D,0.0,0.0,Newcastle Utd,0,1.0,1.0,100.0,0.0,0.0,11.0,0.0,0,0,0.1,0.1,0.09,-0.1,-0.1,Match Report,2023,Leicester City
2023-05-28,16:30,Premier League,Matchweek 38,Sun,Home,W,2.0,1.0,West Ham,2,13.0,4.0,30.8,0.15,0.5,17.5,0.0,0,0,1.4,1.4,0.11,0.6,0.6,Match Report,2023,Leicester City
2022-08-06,15:00,Premier League,Matchweek 1,Sat,Home,W,2.0,1.0,Wolves,1,12.0,4.0,33.3,0.08,0.25,18.6,1.0,0,0,0.8,0.8,0.07,0.2,0.2,Match Report,2023,Leeds United
2022-08-13,15:00,Premier League,Matchweek 2,Sat,Away,D,2.0,2.0,Southampton,2,13.0,5.0,38.5,0.15,0.4,12.0,0.0,0,0,1.8,1.8,0.15,0.2,0.2,Match Report,2023,Leeds United
2022-08-21,14:00,Premier League,Matchweek 3,Sun,Home,W,3.0,0.0,Chelsea,3,12.0,6.0,50.0,0.25,0.5,16.3,0.0,0,0,2.1,2.1,0.18,0.9,0.9,Match Report,2023,Leeds United
2022-08-27,15:00,Premier League,Matchweek 4,Sat,Away,L,0.0,1.0,Brighton,0,10.0,2.0,20.0,0.0,0.0,18.0,1.0,0,0,1.8,1.8,0.18,-1.8,-1.8,Match Report,2023,Leeds United
2022-08-30,20:00,Premier League,Matchweek 5,Tue,Home,D,1.0,1.0,Everton,1,14.0,5.0,35.7,0.07,0.2,16.9,0.0,0,0,1.0,1.0,0.07,0.0,0.0,Match Report,2023,Leeds United
2022-09-03,15:00,Premier League,Matchweek 6,Sat,Away,L,2.0,5.0,Brentford,2,17.0,6.0,35.3,0.12,0.33,21.9,1.0,0,0,1.7,1.7,0.11,0.3,0.3,Match Report,2023,Leeds United
2022-10-02,16:30,Premier League,Matchweek 9,Sun,Home,D,0.0,0.0,Aston Villa,0,6.0,1.0,16.7,0.0,0.0,16.8,0.0,0,0,0.4,0.4,0.06,-0.4,-0.4,Match Report,2023,Leeds United
2022-10-09,14:00,Premier League,Matchweek 10,Sun,Away,L,1.0,2.0,Crystal Palace,1,10.0,4.0,40.0,0.1,0.25,18.1,0.0,0,0,1.0,1.0,0.1,0.0,0.0,Match Report,2023,Leeds United
2022-10-16,14:00,Premier League,Matchweek 11,Sun,Home,L,0.0,1.0,Arsenal,0,15.0,4.0,26.7,0.0,0.0,18.1,0.0,0,1,1.8,1.1,0.07,-1.8,-1.1,Match Report,2023,Leeds United
2022-10-20,20:15,Premier League,Matchweek 12,Thu,Away,L,0.0,2.0,Leicester City,0,14.0,2.0,14.3,0.0,0.0,18.3,0.0,0,0,1.3,1.3,0.1,-1.3,-1.3,Match Report,2023,Leeds United
2022-10-23,14:00,Premier League,Matchweek 13,Sun,Home,L,2.0,3.0,Fulham,2,14.0,5.0,35.7,0.14,0.4,16.3,0.0,0,0,1.6,1.6,0.12,0.4,0.4,Match Report,2023,Leeds United
2022-10-29,19:45,Premier League,Matchweek 14,Sat,Away,W,2.0,1.0,Liverpool,2,14.0,6.0,42.9,0.14,0.33,19.4,3.0,0,0,1.8,1.8,0.13,0.2,0.2,Match Report,2023,Leeds United
2022-11-05,15:00,Premier League,Matchweek 15,Sat,Home,W,4.0,3.0,Bournemouth,4,17.0,3.0,17.6,0.18,1.0,15.9,0.0,1,1,2.2,1.4,0.08,1.8,1.6,Match Report,2023,Leeds United
2022-11-12,15:00,Premier League,Matchweek 16,Sat,Away,L,3.0,4.0,Tottenham,3,12.0,5.0,41.7,0.25,0.6,16.2,2.0,0,0,1.1,1.1,0.09,1.9,1.9,Match Report,2023,Leeds United
2022-12-28,20:00,Premier League,Matchweek 17,Wed,Home,L,1.0,3.0,Manchester City,1,9.0,1.0,11.1,0.11,1.0,19.3,2.0,0,0,0.6,0.6,0.06,0.4,0.4,Match Report,2023,Leeds United
2022-12-31,15:00,Premier League,Matchweek 18,Sat,Away,D,0.0,0.0,Newcastle Utd,0,8.0,1.0,12.5,0.0,0.0,17.9,1.0,0,0,0.4,0.4,0.05,-0.4,-0.4,Match Report,2023,Leeds United
2023-01-04,19:45,Premier League,Matchweek 19,Wed,Home,D,2.0,2.0,West Ham,2,14.0,5.0,35.7,0.14,0.4,14.0,0.0,0,0,1.6,1.6,0.12,0.4,0.4,Match Report,2023,Leeds United
2023-01-13,20:00,Premier League,Matchweek 20,Fri,Away,L,1.0,2.0,Aston Villa,1,16.0,3.0,18.8,0.06,0.33,12.7,0.0,0,0,2.4,2.4,0.16,-1.4,-1.4,Match Report,2023,Leeds United
2023-01-22,14:00,Premier League,Matchweek 21,Sun,Home,D,0.0,0.0,Brentford,0,9.0,5.0,55.6,0.0,0.0,23.2,1.0,0,0,0.5,0.5,0.05,-0.5,-0.5,Match Report,2023,Leeds United
2023-02-05,14:00,Premier League,Matchweek 22,Sun,Away,L,0.0,1.0,Nott'ham Forest,0,10.0,4.0,40.0,0.0,0.0,17.1,0.0,0,0,0.9,0.9,0.09,-0.9,-0.9,Match Report,2023,Leeds United
2023-02-08,20:00,Premier League,Matchweek 8,Wed,Away,D,2.0,2.0,Manchester Utd,1,8.0,2.0,25.0,0.13,0.5,18.4,1.0,0,0,0.6,0.6,0.08,0.4,0.4,Match Report,2023,Leeds United
2023-02-12,14:00,Premier League,Matchweek 23,Sun,Home,L,0.0,2.0,Manchester Utd,0,16.0,6.0,37.5,0.0,0.0,11.6,0.0,0,0,1.8,1.8,0.11,-1.8,-1.8,Match Report,2023,Leeds United
2023-02-18,15:00,Premier League,Matchweek 24,Sat,Away,L,0.0,1.0,Everton,0,8.0,0.0,0.0,0.0,,18.4,0.0,0,0,0.5,0.5,0.07,-0.5,-0.5,Match Report,2023,Leeds United
2023-02-25,15:00,Premier League,Matchweek 25,Sat,Home,W,1.0,0.0,Southampton,1,14.0,4.0,28.6,0.07,0.25,16.2,0.0,0,0,0.9,0.9,0.06,0.1,0.1,Match Report,2023,Leeds United
2023-03-04,15:00,Premier League,Matchweek 26,Sat,Away,L,0.0,1.0,Chelsea,0,11.0,2.0,18.2,0.0,0.0,13.7,1.0,0,0,1.0,1.0,0.1,-1.0,-1.0,Match Report,2023,Leeds United
2023-03-11,15:00,Premier League,Matchweek 27,Sat,Home,D,2.0,2.0,Brighton,2,12.0,4.0,33.3,0.17,0.5,19.7,0.0,0,0,0.9,0.9,0.07,1.1,1.1,Match Report,2023,Leeds United
2023-03-18,15:00,Premier League,Matchweek 28,Sat,Away,W,4.0,2.0,Wolves,4,11.0,4.0,36.4,0.36,1.0,17.7,2.0,0,0,1.6,1.6,0.15,2.4,2.4,Match Report,2023,Leeds United
2023-04-01,15:00,Premier League,Matchweek 29,Sat,Away,L,1.0,4.0,Arsenal,1,7.0,5.0,71.4,0.14,0.2,14.3,0.0,0,0,0.7,0.7,0.1,0.3,0.3,Match Report,2023,Leeds United
2023-04-04,19:45,Premier League,Matchweek 7,Tue,Home,W,2.0,1.0,Nott'ham Forest,2,21.0,6.0,28.6,0.1,0.33,17.3,0.0,0,0,1.8,1.8,0.09,0.2,0.2,Match Report,2023,Leeds United
2023-04-09,14:00,Premier League,Matchweek 30,Sun,Home,L,1.0,5.0,Crystal Palace,1,11.0,7.0,63.6,0.09,0.14,16.7,1.0,0,0,0.9,0.9,0.08,0.1,0.1,Match Report,2023,Leeds United
2023-04-17,20:00,Premier League,Matchweek 31,Mon,Home,L,1.0,6.0,Liverpool,1,13.0,3.0,23.1,0.08,0.33,17.6,0.0,0,0,1.4,1.4,0.11,-0.4,-0.4,Match Report,2023,Leeds United
2023-04-22,12:30,Premier League,Matchweek 32,Sat,Away,L,1.0,2.0,Fulham,0,10.0,2.0,20.0,0.0,0.0,16.6,1.0,0,0,0.8,0.8,0.09,-0.8,-0.8,Match Report,2023,Leeds United
2023-04-25,20:00,Premier League,Matchweek 33,Tue,Home,D,1.0,1.0,Leicester City,1,13.0,3.0,23.1,0.08,0.33,14.9,0.0,0,0,1.5,1.5,0.13,-0.5,-0.5,Match Report,2023,Leeds United
2023-04-30,14:00,Premier League,Matchweek 34,Sun,Away,L,1.0,4.0,Bournemouth,1,15.0,6.0,40.0,0.07,0.17,14.8,1.0,0,0,1.6,1.6,0.11,-0.6,-0.6,Match Report,2023,Leeds United
2023-05-06,15:00,Premier League,Matchweek 35,Sat,Away,L,1.0,2.0,Manchester City,1,4.0,2.0,50.0,0.25,0.5,12.1,0.0,0,0,0.2,0.2,0.06,0.8,0.8,Match Report,2023,Leeds United
2023-05-13,12:30,Premier League,Matchweek 36,Sat,Home,D,2.0,2.0,Newcastle Utd,2,8.0,3.0,37.5,0.25,0.67,14.9,0.0,0,1,2.0,1.2,0.17,0.0,0.8,Match Report,2023,Leeds United
2023-05-21,13:30,Premier League,Matchweek 37,Sun,Away,L,1.0,3.0,West Ham,1,12.0,3.0,25.0,0.08,0.33,15.6,0.0,0,0,0.9,0.9,0.07,0.1,0.1,Match Report,2023,Leeds United
2023-05-28,16:30,Premier League,Matchweek 38,Sun,Home,L,1.0,4.0,Tottenham,1,19.0,2.0,10.5,0.05,0.5,15.8,0.0,0,0,1.5,1.5,0.08,-0.5,-0.5,Match Report,2023,Leeds United
2022-08-06,15:00,Premier League,Matchweek 1,Sat,Away,L,1.0,4.0,Tottenham,1,10.0,2.0,20.0,0.1,0.5,17.1,0.0,0,0,0.5,0.5,0.05,0.5,0.5,Match Report,2023,Southampton
2022-08-13,15:00,Premier League,Matchweek 2,Sat,Home,D,2.0,2.0,Leeds United,2,14.0,4.0,28.6,0.14,0.5,18.1,1.0,0,0,1.2,1.2,0.09,0.8,0.8,Match Report,2023,Southampton
2022-08-20,15:00,Premier League,Matchweek 3,Sat,Away,W,2.0,1.0,Leicester City,2,9.0,3.0,33.3,0.22,0.67,15.0,0.0,0,0,0.9,0.9,0.1,1.1,1.1,Match Report,2023,Southampton
2022-08-27,12:30,Premier League,Matchweek 4,Sat,Home,L,0.0,1.0,Manchester Utd,0,17.0,4.0,23.5,0.0,0.0,13.8,0.0,0,0,1.4,1.4,0.09,-1.4,-1.4,Match Report,2023,Southampton
2022-08-30,19:45,Premier League,Matchweek 5,Tue,Home,W,2.0,1.0,Chelsea,2,9.0,5.0,55.6,0.22,0.4,17.8,0.0,0,0,1.1,1.1,0.13,0.9,0.9,Match Report,2023,Southampton
2022-09-03,15:00,Premier League,Matchweek 6,Sat,Away,L,0.0,1.0,Wolves,0,12.0,1.0,8.3,0.0,0.0,16.4,1.0,0,0,1.2,1.2,0.1,-1.2,-1.2,Match Report,2023,Southampton
2022-09-16,20:00,Premier League,Matchweek 8,Fri,Away,L,0.0,1.0,Aston Villa,0,7.0,1.0,14.3,0.0,0.0,20.2,0.0,0,0,0.3,0.3,0.05,-0.3,-0.3,Match Report,2023,Southampton
2022-10-01,15:00,Premier League,Matchweek 9,Sat,Home,L,1.0,2.0,Everton,1,22.0,6.0,27.3,0.05,0.17,16.4,1.0,0,0,1.7,1.7,0.08,-0.7,-0.7,Match Report,2023,Southampton
2022-10-08,15:00,Premier League,Matchweek 10,Sat,Away,L,0.0,4.0,Manchester City,0,5.0,0.0,0.0,0.0,,28.1,0.0,0,0,0.2,0.2,0.03,-0.2,-0.2,Match Report,2023,Southampton
2022-10-16,14:00,Premier League,Matchweek 11,Sun,Home,D,1.0,1.0,West Ham,1,10.0,8.0,80.0,0.1,0.13,19.6,0.0,0,0,0.5,0.5,0.05,0.5,0.5,Match Report,2023,Southampton
2022-10-19,19:30,Premier League,Matchweek 12,Wed,Away,W,1.0,0.0,Bournemouth,1,9.0,3.0,33.3,0.11,0.33,13.0,0.0,0,0,1.0,1.0,0.11,0.0,0.0,Match Report,2023,Southampton
2022-10-23,14:00,Premier League,Matchweek 13,Sun,Home,D,1.0,1.0,Arsenal,1,10.0,3.0,30.0,0.1,0.33,19.4,0.0,0,0,0.7,0.7,0.07,0.3,0.3,Match Report,2023,Southampton
2022-10-29,15:00,Premier League,Matchweek 14,Sat,Away,L,0.0,1.0,Crystal Palace,0,14.0,4.0,28.6,0.0,0.0,18.1,0.0,0,0,1.3,1.3,0.09,-1.3,-1.3,Match Report,2023,Southampton
2022-11-06,14:00,Premier League,Matchweek 15,Sun,Home,L,1.0,4.0,Newcastle Utd,1,16.0,5.0,31.3,0.06,0.2,17.6,1.0,0,0,1.7,1.7,0.11,-0.7,-0.7,Match Report,2023,Southampton
2022-11-12,15:00,Premier League,Matchweek 16,Sat,Away,L,1.0,3.0,Liverpool,1,9.0,5.0,55.6,0.11,0.2,11.9,0.0,0,0,1.1,1.1,0.12,-0.1,-0.1,Match Report,2023,Southampton
2022-12-26,15:00,Premier League,Matchweek 17,Mon,Home,L,1.0,3.0,Brighton,1,13.0,3.0,23.1,0.08,0.33,16.1,1.0,0,1,1.9,1.0,0.08,-0.9,0.0,Match Report,2023,Southampton
2022-12-31,15:00,Premier League,Matchweek 18,Sat,Away,L,1.0,2.0,Fulham,1,9.0,3.0,33.3,0.11,0.33,24.5,1.0,0,0,0.8,0.8,0.09,0.2,0.2,Match Report,2023,Southampton
2023-01-04,19:30,Premier League,Matchweek 19,Wed,Home,L,0.0,1.0,Nott'ham Forest,0,8.0,0.0,0.0,0.0,,14.5,1.0,0,0,0.5,0.5,0.06,-0.5,-0.5,Match Report,2023,Southampton
2023-01-14,15:00,Premier League,Matchweek 20,Sat,Away,W,2.0,1.0,Everton,2,13.0,5.0,38.5,0.15,0.4,20.7,2.0,0,0,1.2,1.2,0.09,0.8,0.8,Match Report,2023,Southampton
2023-01-21,15:00,Premier League,Matchweek 21,Sat,Home,L,0.0,1.0,Aston Villa,0,8.0,5.0,62.5,0.0,0.0,15.8,0.0,0,0,0.6,0.6,0.07,-0.6,-0.6,Match Report,2023,Southampton
2023-02-04,15:00,Premier League,Matchweek 22,Sat,Away,L,0.0,3.0,Brentford,0,14.0,5.0,35.7,0.0,0.0,23.5,0.0,0,0,0.7,0.7,0.05,-0.7,-0.7,Match Report,2023,Southampton
2023-02-11,15:00,Premier League,Matchweek 23,Sat,Home,L,1.0,2.0,Wolves,1,17.0,2.0,11.8,0.06,0.5,17.7,0.0,0,0,1.1,1.1,0.07,-0.1,-0.1,Match Report,2023,Southampton
2023-02-18,15:00,Premier League,Matchweek 24,Sat,Away,W,1.0,0.0,Chelsea,1,8.0,4.0,50.0,0.13,0.25,19.7,1.0,0,0,0.6,0.6,0.08,0.4,0.4,Match Report,2023,Southampton
2023-02-25,15:00,Premier League,Matchweek 25,Sat,Away,L,0.0,1.0,Leeds United,0,8.0,2.0,25.0,0.0,0.0,18.8,0.0,0,0,0.4,0.4,0.05,-0.4,-0.4,Match Report,2023,Southampton
2023-03-04,17:30,Premier League,Matchweek 26,Sat,Home,W,1.0,0.0,Leicester City,1,10.0,4.0,40.0,0.1,0.25,23.6,1.0,0,1,1.4,0.6,0.06,-0.4,0.4,Match Report,2023,Southampton
2023-03-12,14:00,Premier League,Matchweek 27,Sun,Away,D,0.0,0.0,Manchester Utd,0,17.0,4.0,23.5,0.0,0.0,21.2,2.0,0,0,1.0,1.0,0.07,-1.0,-1.0,Match Report,2023,Southampton
2023-03-15,19:30,Premier League,Matchweek 7,Wed,Home,L,0.0,2.0,Brentford,0,7.0,0.0,0.0,0.0,,19.2,1.0,0,0,0.5,0.5,0.07,-0.5,-0.5,Match Report,2023,Southampton
2023-03-18,15:00,Premier League,Matchweek 28,Sat,Home,D,3.0,3.0,Tottenham,3,18.0,6.0,33.3,0.11,0.33,19.6,1.0,1,1,2.4,1.6,0.1,0.6,0.4,Match Report,2023,Southampton
2023-04-02,14:00,Premier League,Matchweek 29,Sun,Away,L,0.0,1.0,West Ham,0,9.0,3.0,33.3,0.0,0.0,21.1,0.0,0,0,0.3,0.3,0.03,-0.3,-0.3,Match Report,2023,Southampton
2023-04-08,17:30,Premier League,Matchweek 30,Sat,Home,L,1.0,4.0,Manchester City,1,4.0,1.0,25.0,0.25,1.0,17.0,0.0,0,0,0.4,0.4,0.1,0.6,0.6,Match Report,2023,Southampton
2023-04-15,15:00,Premier League,Matchweek 31,Sat,Home,L,0.0,2.0,Crystal Palace,0,11.0,4.0,36.4,0.0,0.0,18.0,0.0,0,0,0.8,0.8,0.07,-0.8,-0.8,Match Report,2023,Southampton
2023-04-21,20:00,Premier League,Matchweek 32,Fri,Away,D,3.0,3.0,Arsenal,3,8.0,6.0,75.0,0.38,0.5,12.4,0.0,0,0,1.3,1.3,0.17,1.7,1.7,Match Report,2023,Southampton
2023-04-27,19:45,Premier League,Matchweek 33,Thu,Home,L,0.0,1.0,Bournemouth,0,11.0,2.0,18.2,0.0,0.0,19.9,0.0,0,0,0.5,0.5,0.05,-0.5,-0.5,Match Report,2023,Southampton
2023-04-30,14:00,Premier League,Matchweek 34,Sun,Away,L,1.0,3.0,Newcastle Utd,1,4.0,3.0,75.0,0.25,0.33,17.3,0.0,0,0,0.8,0.8,0.21,0.2,0.2,Match Report,2023,Southampton
2023-05-08,20:00,Premier League,Matchweek 35,Mon,Away,L,3.0,4.0,Nott'ham Forest,3,18.0,4.0,22.2,0.11,0.5,14.0,0.0,1,1,3.1,2.4,0.14,-0.1,-0.4,Match Report,2023,Southampton
2023-05-13,15:00,Premier League,Matchweek 36,Sat,Home,L,0.0,2.0,Fulham,0,5.0,1.0,20.0,0.0,0.0,24.2,0.0,0,0,0.4,0.4,0.07,-0.4,-0.4,Match Report,2023,Southampton
2023-05-21,14:00,Premier League,Matchweek 37,Sun,Away,L,1.0,3.0,Brighton,1,5.0,1.0,20.0,0.2,1.0,13.8,1.0,0,0,0.6,0.6,0.12,0.4,0.4,Match Report,2023,Southampton
2023-05-28,16:30,Premier League,Matchweek 38,Sun,Home,D,4.0,4.0,Liverpool,4,15.0,10.0,66.7,0.27,0.4,17.5,1.0,0,0,1.8,1.8,0.12,2.2,2.2,Match Report,2023,Southampton
2021-08-15,16:30,Premier League,Matchweek 1,Sun,Away,L,0.0,1.0,Tottenham,0,18.0,4.0,22.2,0.0,0.0,17.3,1.0,0,0,1.8,1.8,0.1,-1.8,-1.8,Match Report,2022,Manchester City
2021-08-21,15:00,Premier League,Matchweek 2,Sat,Home,W,5.0,0.0,Norwich City,4,16.0,4.0,25.0,0.25,1.0,18.5,1.0,0,0,2.6,2.6,0.17,1.4,1.4,Match Report,2022,Manchester City
2021-08-28,12:30,Premier League,Matchweek 3,Sat,Home,W,5.0,0.0,Arsenal,5,25.0,10.0,40.0,0.2,0.5,14.8,0.0,0,0,4.4,4.4,0.18,0.6,0.6,Match Report,2022,Manchester City
2021-09-11,15:00,Premier League,Matchweek 4,Sat,Away,W,1.0,0.0,Leicester City,1,25.0,8.0,32.0,0.04,0.13,14.3,0.0,0,0,2.8,2.8,0.12,-1.8,-1.8,Match Report,2022,Manchester City
2021-09-18,15:00,Premier League,Matchweek 5,Sat,Home,D,0.0,0.0,Southampton,0,16.0,1.0,6.3,0.0,0.0,16.4,1.0,0,0,1.0,1.0,0.06,-1.0,-1.0,Match Report,2022,Manchester City
2021-09-25,12:30,Premier League,Matchweek 6,Sat,Away,W,1.0,0.0,Chelsea,1,15.0,3.0,20.0,0.07,0.33,17.1,0.0,0,0,1.7,1.7,0.11,-0.7,-0.7,Match Report,2022,Manchester City
2021-10-03,16:30,Premier League,Matchweek 7,Sun,Away,D,2.0,2.0,Liverpool,2,12.0,3.0,25.0,0.17,0.67,17.0,1.0,0,0,1.2,1.2,0.1,0.8,0.8,Match Report,2022,Manchester City
2021-10-16,15:00,Premier League,Matchweek 8,Sat,Home,W,2.0,0.0,Burnley,2,15.0,6.0,40.0,0.13,0.33,14.4,0.0,0,0,2.1,2.1,0.15,-0.1,-0.1,Match Report,2022,Manchester City
2021-10-23,17:30,Premier League,Matchweek 9,Sat,Away,W,4.0,1.0,Brighton,4,23.0,12.0,52.2,0.17,0.33,16.0,1.0,0,0,3.8,3.8,0.18,0.2,0.2,Match Report,2022,Manchester City
2021-10-30,15:00,Premier League,Matchweek 10,Sat,Home,L,0.0,2.0,Crystal Palace,0,14.0,3.0,21.4,0.0,0.0,17.7,0.0,0,0,0.7,0.7,0.05,-0.7,-0.7,Match Report,2022,Manchester City
2021-11-06,12:30,Premier League,Matchweek 11,Sat,Away,W,2.0,0.0,Manchester Utd,1,16.0,5.0,31.3,0.06,0.2,14.7,0.0,0,0,1.6,1.6,0.1,-0.6,-0.6,Match Report,2022,Manchester City
2021-11-21,14:00,Premier League,Matchweek 12,Sun,Home,W,3.0,0.0,Everton,3,17.0,7.0,41.2,0.18,0.43,16.4,1.0,0,0,2.5,2.5,0.15,0.5,0.5,Match Report,2022,Manchester City
2021-11-28,14:00,Premier League,Matchweek 13,Sun,Home,W,2.0,1.0,West Ham,2,19.0,8.0,42.1,0.11,0.25,16.0,0.0,0,0,2.1,2.1,0.11,-0.1,-0.1,Match Report,2022,Manchester City
2021-12-01,20:15,Premier League,Matchweek 14,Wed,Away,W,2.0,1.0,Aston Villa,2,17.0,7.0,41.2,0.12,0.29,19.2,1.0,0,0,1.0,1.0,0.06,1.0,1.0,Match Report,2022,Manchester City
2021-12-04,17:30,Premier League,Matchweek 15,Sat,Away,W,3.0,1.0,Watford,3,26.0,12.0,46.2,0.12,0.25,14.4,0.0,0,0,3.1,3.1,0.12,-0.1,-0.1,Match Report,2022,Manchester City
2021-12-11,12:30,Premier League,Matchweek 16,Sat,Home,W,1.0,0.0,Wolves,1,23.0,8.0,34.8,0.0,0.0,15.7,0.0,1,1,3.2,2.4,0.11,-2.2,-2.4,Match Report,2022,Manchester City
2021-12-14,20:00,Premier League,Matchweek 17,Tue,Home,W,7.0,0.0,Leeds United,7,31.0,15.0,48.4,0.23,0.47,17.3,2.0,0,0,3.1,3.1,0.1,3.9,3.9,Match Report,2022,Manchester City
2021-12-19,14:15,Premier League,Matchweek 18,Sun,Away,W,4.0,0.0,Newcastle Utd,4,18.0,7.0,38.9,0.22,0.57,12.9,0.0,0,0,2.9,2.9,0.17,1.1,1.1,Match Report,2022,Manchester City
2021-12-26,15:00,Premier League,Matchweek 19,Sun,Home,W,6.0,3.0,Leicester City,6,15.0,6.0,40.0,0.27,0.67,17.5,1.0,2,2,3.6,2.0,0.14,2.4,2.0,Match Report,2022,Manchester City
2021-12-29,20:15,Premier League,Matchweek 20,Wed,Away,W,1.0,0.0,Brentford,1,12.0,3.0,25.0,0.08,0.33,19.8,0.0,0,0,1.1,1.1,0.09,-0.1,-0.1,Match Report,2022,Manchester City
2022-01-01,12:30,Premier League,Matchweek 21,Sat,Away,W,2.0,1.0,Arsenal,2,14.0,1.0,7.1,0.07,1.0,18.7,0.0,1,1,2.0,1.2,0.09,0.0,-0.2,Match Report,2022,Manchester City
2022-01-15,12:30,Premier League,Matchweek 22,Sat,Home,W,1.0,0.0,Chelsea,1,11.0,6.0,54.5,0.09,0.17,16.5,1.0,0,0,1.0,1.0,0.09,0.0,0.0,Match Report,2022,Manchester City
2022-01-22,17:30,Premier League,Matchweek 23,Sat,Away,D,1.0,1.0,Southampton,1,20.0,5.0,25.0,0.05,0.2,17.5,0.0,0,0,1.8,1.8,0.09,-0.8,-0.8,Match Report,2022,Manchester City
2022-02-09,19:45,Premier League,Matchweek 24,Wed,Home,W,2.0,0.0,Brentford,2,14.0,6.0,42.9,0.07,0.17,19.8,0.0,1,1,1.9,1.1,0.08,0.1,-0.1,Match Report,2022,Manchester City
2022-02-12,17:30,Premier League,Matchweek 25,Sat,Away,W,4.0,0.0,Norwich City,4,21.0,8.0,38.1,0.19,0.5,11.8,0.0,0,1,4.6,3.7,0.19,-0.6,0.3,Match Report,2022,Manchester City
2022-02-19,17:30,Premier League,Matchweek 26,Sat,Home,L,2.0,3.0,Tottenham,2,20.0,3.0,15.0,0.05,0.33,16.2,0.0,1,1,2.1,1.3,0.07,-0.1,-0.3,Match Report,2022,Manchester City
2022-02-26,17:30,Premier League,Matchweek 27,Sat,Away,W,1.0,0.0,Everton,1,13.0,8.0,61.5,0.08,0.13,16.3,0.0,0,0,1.8,1.8,0.14,-0.8,-0.8,Match Report,2022,Manchester City
2022-03-06,16:30,Premier League,Matchweek 28,Sun,Home,W,4.0,1.0,Manchester Utd,4,24.0,10.0,41.7,0.17,0.4,15.2,1.0,0,0,2.7,2.7,0.13,1.3,1.3,Match Report,2022,Manchester City
2022-03-14,20:00,Premier League,Matchweek 29,Mon,Away,D,0.0,0.0,Crystal Palace,0,19.0,4.0,21.1,0.0,0.0,17.2,0.0,0,0,2.8,2.8,0.15,-2.8,-2.8,Match Report,2022,Manchester City
2022-04-02,15:00,Premier League,Matchweek 31,Sat,Away,W,2.0,0.0,Burnley,2,18.0,6.0,33.3,0.11,0.33,16.5,0.0,0,0,1.8,1.8,0.1,0.2,0.2,Match Report,2022,Manchester City
2022-04-10,16:30,Premier League,Matchweek 32,Sun,Home,D,2.0,2.0,Liverpool,2,11.0,4.0,36.4,0.18,0.5,17.8,1.0,0,0,1.3,1.3,0.11,0.7,0.7,Match Report,2022,Manchester City
2022-04-20,20:00,Premier League,Matchweek 30,Wed,Home,W,3.0,0.0,Brighton,3,17.0,5.0,29.4,0.18,0.6,20.0,0.0,0,0,1.3,1.3,0.07,1.7,1.7,Match Report,2022,Manchester City
2022-04-23,15:00,Premier League,Matchweek 34,Sat,Home,W,5.0,1.0,Watford,5,20.0,7.0,35.0,0.2,0.57,14.6,0.0,1,1,3.6,2.9,0.14,1.4,1.1,Match Report,2022,Manchester City
2022-04-30,17:30,Premier League,Matchweek 35,Sat,Away,W,4.0,0.0,Leeds United,4,19.0,6.0,31.6,0.21,0.67,16.2,0.0,0,0,2.4,2.4,0.13,1.6,1.6,Match Report,2022,Manchester City
2022-05-08,16:30,Premier League,Matchweek 36,Sun,Home,W,5.0,0.0,Newcastle Utd,5,21.0,9.0,42.9,0.24,0.56,16.0,1.0,0,0,3.1,3.1,0.16,1.9,1.9,Match Report,2022,Manchester City
2022-05-11,20:15,Premier League,Matchweek 33,Wed,Away,W,5.0,1.0,Wolves,5,15.0,5.0,33.3,0.33,1.0,14.7,0.0,0,0,2.3,2.3,0.16,2.7,2.7,Match Report,2022,Manchester City
2022-05-15,14:00,Premier League,Matchweek 37,Sun,Away,D,2.0,2.0,West Ham,1,30.0,7.0,23.3,0.03,0.14,18.6,2.0,0,1,2.4,1.6,0.05,-1.4,-0.6,Match Report,2022,Manchester City
2022-05-22,16:00,Premier League,Matchweek 38,Sun,Home,W,3.0,2.0,Aston Villa,3,24.0,5.0,20.8,0.13,0.6,14.2,1.0,0,0,3.4,3.4,0.14,-0.4,-0.4,Match Report,2022,Manchester City
2021-08-14,17:30,Premier League,Matchweek 1,Sat,Away,W,3.0,0.0,Norwich City,3,19.0,6.0,31.6,0.16,0.5,17.3,1.0,0,0,1.6,1.6,0.09,1.4,1.4,Match Report,2022,Liverpool
2021-08-21,12:30,Premier League,Matchweek 2,Sat,Home,W,2.0,0.0,Burnley,2,27.0,8.0,29.6,0.07,0.25,16.1,0.0,0,0,2.7,2.7,0.1,-0.7,-0.7,Match Report,2022,Liverpool
2021-08-28,17:30,Premier League,Matchweek 3,Sat,Home,D,1.0,1.0,Chelsea,1,23.0,6.0,26.1,0.0,0.0,16.2,0.0,1,1,2.5,2.1,0.1,-1.5,-2.1,Match Report,2022,Liverpool
2021-09-12,16:30,Premier League,Matchweek 4,Sun,Away,W,3.0,0.0,Leeds United,3,30.0,8.0,26.7,0.1,0.38,16.1,1.0,0,0,4.3,4.3,0.15,-1.3,-1.3,Match Report,2022,Liverpool
2021-09-18,15:00,Premier League,Matchweek 5,Sat,Home,W,3.0,0.0,Crystal Palace,3,25.0,10.0,40.0,0.12,0.3,16.4,1.0,0,0,3.1,3.1,0.13,-0.1,-0.1,Match Report,2022,Liverpool
2021-09-25,17:30,Premier League,Matchweek 6,Sat,Away,D,3.0,3.0,Brentford,3,16.0,5.0,31.3,0.19,0.6,17.0,1.0,0,0,2.8,2.8,0.19,0.2,0.2,Match Report,2022,Liverpool
2021-10-03,16:30,Premier League,Matchweek 7,Sun,Home,D,2.0,2.0,Manchester City,2,6.0,3.0,50.0,0.33,0.67,15.0,1.0,0,0,0.9,0.9,0.15,1.1,1.1,Match Report,2022,Liverpool
2021-10-16,12:30,Premier League,Matchweek 8,Sat,Away,W,5.0,0.0,Watford,5,19.0,8.0,42.1,0.26,0.63,16.0,0.0,0,0,3.3,3.3,0.17,1.7,1.7,Match Report,2022,Liverpool
2021-10-24,16:30,Premier League,Matchweek 9,Sun,Away,W,5.0,0.0,Manchester Utd,5,19.0,8.0,42.1,0.26,0.63,16.6,0.0,0,0,3.4,3.4,0.18,1.6,1.6,Match Report,2022,Liverpool
2021-10-30,15:00,Premier League,Matchweek 10,Sat,Home,D,2.0,2.0,Brighton,2,14.0,3.0,21.4,0.14,0.67,20.8,0.0,0,0,1.5,1.5,0.1,0.5,0.5,Match Report,2022,Liverpool
2021-11-07,16:30,Premier League,Matchweek 11,Sun,Away,L,2.0,3.0,West Ham,2,16.0,5.0,31.3,0.13,0.4,16.7,1.0,0,0,1.2,1.2,0.08,0.8,0.8,Match Report,2022,Liverpool
2021-11-20,17:30,Premier League,Matchweek 12,Sat,Home,W,4.0,0.0,Arsenal,4,19.0,9.0,47.4,0.21,0.44,13.4,0.0,0,0,4.3,4.3,0.23,-0.3,-0.3,Match Report,2022,Liverpool
2021-11-27,15:00,Premier League,Matchweek 13,Sat,Home,W,4.0,0.0,Southampton,4,20.0,6.0,30.0,0.2,0.67,15.5,0.0,0,0,2.9,2.9,0.15,1.1,1.1,Match Report,2022,Liverpool
2021-12-01,20:15,Premier League,Matchweek 14,Wed,Away,W,4.0,1.0,Everton,4,16.0,7.0,43.8,0.25,0.57,16.5,1.0,0,0,2.4,2.4,0.15,1.6,1.6,Match Report,2022,Liverpool
2021-12-04,15:00,Premier League,Matchweek 15,Sat,Away,W,1.0,0.0,Wolves,1,17.0,4.0,23.5,0.06,0.25,13.6,0.0,0,0,2.7,2.7,0.17,-1.7,-1.7,Match Report,2022,Liverpool
2021-12-11,15:00,Premier League,Matchweek 16,Sat,Home,W,1.0,0.0,Aston Villa,1,19.0,4.0,21.1,0.0,0.0,16.1,0.0,1,1,2.2,1.4,0.07,-1.2,-1.4,Match Report,2022,Liverpool
2021-12-16,20:00,Premier League,Matchweek 17,Thu,Home,W,3.0,1.0,Newcastle Utd,3,23.0,8.0,34.8,0.13,0.38,16.4,0.0,0,0,2.7,2.7,0.14,0.3,0.3,Match Report,2022,Liverpool
2021-12-19,16:30,Premier League,Matchweek 18,Sun,Away,D,2.0,2.0,Tottenham,2,18.0,6.0,33.3,0.11,0.33,16.7,0.0,0,0,1.1,1.1,0.06,0.9,0.9,Match Report,2022,Liverpool
2021-12-28,20:00,Premier League,Matchweek 20,Tue,Away,L,0.0,1.0,Leicester City,0,20.0,3.0,15.0,0.0,0.0,15.0,0.0,0,1,2.3,1.4,0.07,-2.3,-1.4,Match Report,2022,Liverpool
2022-01-02,16:30,Premier League,Matchweek 21,Sun,Away,D,2.0,2.0,Chelsea,2,10.0,6.0,60.0,0.2,0.33,17.9,0.0,0,0,1.3,1.3,0.13,0.7,0.7,Match Report,2022,Liverpool
2022-01-16,14:00,Premier League,Matchweek 22,Sun,Home,W,3.0,0.0,Brentford,3,27.0,13.0,48.1,0.11,0.23,16.7,0.0,0,0,2.7,2.7,0.1,0.3,0.3,Match Report,2022,Liverpool
2022-01-23,14:00,Premier League,Matchweek 23,Sun,Away,W,3.0,1.0,Crystal Palace,3,13.0,6.0,46.2,0.15,0.33,21.6,0.0,1,1,1.9,1.1,0.08,1.1,0.9,Match Report,2022,Liverpool
2022-02-10,19:45,Premier League,Matchweek 24,Thu,Home,W,2.0,0.0,Leicester City,2,22.0,11.0,50.0,0.09,0.18,15.7,0.0,0,0,1.8,1.8,0.08,0.2,0.2,Match Report,2022,Liverpool
2022-02-13,14:00,Premier League,Matchweek 25,Sun,Away,W,1.0,0.0,Burnley,1,12.0,4.0,33.3,0.08,0.25,14.4,0.0,0,0,1.7,1.7,0.18,-0.7,-0.7,Match Report,2022,Liverpool
2022-02-19,15:00,Premier League,Matchweek 26,Sat,Home,W,3.0,1.0,Norwich City,3,29.0,7.0,24.1,0.1,0.43,17.8,0.0,0,0,3.6,3.6,0.13,-0.6,-0.6,Match Report,2022,Liverpool
2022-02-23,19:45,Premier League,Matchweek 19,Wed,Home,W,6.0,0.0,Leeds United,6,21.0,12.0,57.1,0.19,0.33,17.7,0.0,2,2,5.9,4.3,0.21,0.1,-0.3,Match Report,2022,Liverpool
2022-03-05,17:30,Premier League,Matchweek 28,Sat,Home,W,1.0,0.0,West Ham,1,22.0,5.0,22.7,0.05,0.2,19.1,1.0,0,0,2.4,2.4,0.11,-1.4,-1.4,Match Report,2022,Liverpool
2022-03-12,12:30,Premier League,Matchweek 29,Sat,Away,W,2.0,0.0,Brighton,2,17.0,8.0,47.1,0.06,0.13,15.2,0.0,1,1,2.2,1.5,0.09,-0.2,-0.5,Match Report,2022,Liverpool
2022-03-16,20:15,Premier League,Matchweek 27,Wed,Away,W,2.0,0.0,Arsenal,2,9.0,3.0,33.3,0.22,0.67,14.4,0.0,0,0,0.8,0.8,0.09,1.2,1.2,Match Report,2022,Liverpool
2022-04-02,12:30,Premier League,Matchweek 31,Sat,Home,W,2.0,0.0,Watford,2,19.0,2.0,10.5,0.05,0.5,18.7,0.0,1,1,2.2,1.4,0.08,-0.2,-0.4,Match Report,2022,Liverpool
2022-04-10,16:30,Premier League,Matchweek 32,Sun,Away,D,2.0,2.0,Manchester City,2,6.0,4.0,66.7,0.33,0.5,22.9,0.0,0,0,1.3,1.3,0.22,0.7,0.7,Match Report,2022,Liverpool
2022-04-19,20:00,Premier League,Matchweek 30,Tue,Home,W,4.0,0.0,Manchester Utd,4,14.0,5.0,35.7,0.29,0.8,15.5,0.0,0,0,2.0,2.0,0.14,2.0,2.0,Match Report,2022,Liverpool
2022-04-24,16:30,Premier League,Matchweek 34,Sun,Home,W,2.0,0.0,Everton,2,18.0,4.0,22.2,0.11,0.5,15.3,0.0,0,0,1.7,1.7,0.11,0.3,0.3,Match Report,2022,Liverpool
2022-04-30,12:30,Premier League,Matchweek 35,Sat,Away,W,1.0,0.0,Newcastle Utd,1,24.0,10.0,41.7,0.04,0.1,17.7,2.0,0,0,2.3,2.3,0.1,-1.3,-1.3,Match Report,2022,Liverpool
2022-05-07,19:45,Premier League,Matchweek 36,Sat,Home,D,1.0,1.0,Tottenham,1,22.0,3.0,13.6,0.05,0.33,19.6,1.0,0,0,1.3,1.3,0.06,-0.3,-0.3,Match Report,2022,Liverpool
2022-05-10,20:00,Premier League,Matchweek 33,Tue,Away,W,2.0,1.0,Aston Villa,2,17.0,5.0,29.4,0.12,0.4,17.0,2.0,0,0,1.8,1.8,0.12,0.2,0.2,Match Report,2022,Liverpool
2022-05-17,19:45,Premier League,Matchweek 37,Tue,Away,W,2.0,1.0,Southampton,2,24.0,5.0,20.8,0.08,0.4,18.6,0.0,0,0,1.3,1.3,0.05,0.7,0.7,Match Report,2022,Liverpool
2022-05-22,16:00,Premier League,Matchweek 38,Sun,Home,W,3.0,1.0,Wolves,3,29.0,7.0,24.1,0.1,0.43,15.6,0.0,0,0,2.7,2.7,0.1,0.3,0.3,Match Report,2022,Liverpool
2021-08-14,15:00,Premier League,Matchweek 1,Sat,Home,W,3.0,0.0,Crystal Palace,3,13.0,6.0,46.2,0.23,0.5,21.0,4.0,0,0,0.7,0.7,0.05,2.3,2.3,Match Report,2022,Chelsea
2021-08-22,16:30,Premier League,Matchweek 2,Sun,Away,W,2.0,0.0,Arsenal,2,22.0,5.0,22.7,0.09,0.4,16.0,0.0,0,0,3.1,3.1,0.14,-1.1,-1.1,Match Report,2022,Chelsea
2021-08-28,17:30,Premier League,Matchweek 3,Sat,Away,D,1.0,1.0,Liverpool,1,6.0,3.0,50.0,0.17,0.33,12.5,0.0,0,0,0.6,0.6,0.11,0.4,0.4,Match Report,2022,Chelsea
2021-09-11,17:30,Premier League,Matchweek 4,Sat,Home,W,3.0,0.0,Aston Villa,3,12.0,4.0,33.3,0.25,0.75,22.6,0.0,0,0,1.3,1.3,0.11,1.7,1.7,Match Report,2022,Chelsea
2021-09-19,16:30,Premier League,Matchweek 5,Sun,Away,W,3.0,0.0,Tottenham,3,20.0,9.0,45.0,0.15,0.33,14.5,0.0,0,0,2.1,2.1,0.11,0.9,0.9,Match Report,2022,Chelsea
2021-09-25,12:30,Premier League,Matchweek 6,Sat,Home,L,0.0,1.0,Manchester City,0,5.0,0.0,0.0,0.0,,27.9,1.0,0,0,0.2,0.2,0.05,-0.2,-0.2,Match Report,2022,Chelsea
2021-10-02,15:00,Premier League,Matchweek 7,Sat,Home,W,3.0,1.0,Southampton,3,20.0,9.0,45.0,0.15,0.33,12.8,0.0,0,0,3.3,3.3,0.17,-0.3,-0.3,Match Report,2022,Chelsea
2021-10-16,17:30,Premier League,Matchweek 8,Sat,Away,W,1.0,0.0,Brentford,1,5.0,1.0,20.0,0.2,1.0,24.7,2.0,0,0,0.3,0.3,0.07,0.7,0.7,Match Report,2022,Chelsea
2021-10-23,12:30,Premier League,Matchweek 9,Sat,Home,W,7.0,0.0,Norwich City,6,22.0,12.0,54.5,0.23,0.42,19.8,0.0,1,1,3.1,2.6,0.12,2.9,2.4,Match Report,2022,Chelsea
2021-10-30,15:00,Premier League,Matchweek 10,Sat,Away,W,3.0,0.0,Newcastle Utd,3,18.0,5.0,27.8,0.11,0.4,20.5,1.0,1,1,2.2,1.4,0.09,0.8,0.6,Match Report,2022,Chelsea
2021-11-06,15:00,Premier League,Matchweek 11,Sat,Home,D,1.0,1.0,Burnley,1,25.0,4.0,16.0,0.04,0.25,16.0,0.0,0,0,1.8,1.8,0.07,-0.8,-0.8,Match Report,2022,Chelsea
2021-11-20,12:30,Premier League,Matchweek 12,Sat,Away,W,3.0,0.0,Leicester City,3,16.0,7.0,43.8,0.19,0.43,16.7,2.0,0,0,2.0,2.0,0.13,1.0,1.0,Match Report,2022,Chelsea
2021-11-28,16:30,Premier League,Matchweek 13,Sun,Home,D,1.0,1.0,Manchester Utd,1,23.0,5.0,21.7,0.0,0.0,16.8,0.0,1,1,2.7,1.9,0.08,-1.7,-1.9,Match Report,2022,Chelsea
2021-12-01,19:30,Premier League,Matchweek 14,Wed,Away,W,2.0,1.0,Watford,2,8.0,4.0,50.0,0.25,0.5,15.1,0.0,0,0,0.9,0.9,0.12,1.1,1.1,Match Report,2022,Chelsea
2021-12-04,12:30,Premier League,Matchweek 15,Sat,Away,L,2.0,3.0,West Ham,2,19.0,7.0,36.8,0.11,0.29,17.5,0.0,0,0,1.1,1.1,0.06,0.9,0.9,Match Report,2022,Chelsea
2021-12-11,15:00,Premier League,Matchweek 16,Sat,Home,W,3.0,2.0,Leeds United,3,14.0,4.0,28.6,0.07,0.25,20.0,2.0,2,2,2.5,0.9,0.07,0.5,0.1,Match Report,2022,Chelsea
2021-12-16,19:45,Premier League,Matchweek 17,Thu,Home,D,1.0,1.0,Everton,1,23.0,10.0,43.5,0.04,0.1,14.7,2.0,0,0,2.9,2.9,0.13,-1.9,-1.9,Match Report,2022,Chelsea
2021-12-19,14:00,Premier League,Matchweek 18,Sun,Away,D,0.0,0.0,Wolves,0,8.0,1.0,12.5,0.0,0.0,14.9,0.0,0,0,0.9,0.9,0.11,-0.9,-0.9,Match Report,2022,Chelsea
2021-12-26,17:30,Premier League,Matchweek 19,Sun,Away,W,3.0,1.0,Aston Villa,3,8.0,2.0,25.0,0.13,0.5,17.6,1.0,2,2,2.6,1.1,0.13,0.4,-0.1,Match Report,2022,Chelsea
2021-12-29,19:30,Premier League,Matchweek 20,Wed,Home,D,1.0,1.0,Brighton,1,11.0,5.0,45.5,0.09,0.2,13.6,0.0,0,0,0.7,0.7,0.06,0.3,0.3,Match Report,2022,Chelsea
2022-01-02,16:30,Premier League,Matchweek 21,Sun,Home,D,2.0,2.0,Liverpool,2,15.0,6.0,40.0,0.13,0.33,18.0,3.0,0,0,1.2,1.2,0.08,0.8,0.8,Match Report,2022,Chelsea
2022-01-15,12:30,Premier League,Matchweek 22,Sat,Away,L,0.0,1.0,Manchester City,0,4.0,1.0,25.0,0.0,0.0,19.1,0.0,0,0,0.3,0.3,0.08,-0.3,-0.3,Match Report,2022,Chelsea
2022-01-18,20:00,Premier League,Matchweek 24,Tue,Away,D,1.0,1.0,Brighton,1,15.0,3.0,20.0,0.07,0.33,21.1,1.0,0,0,0.7,0.7,0.05,0.3,0.3,Match Report,2022,Chelsea
2022-01-23,16:30,Premier League,Matchweek 23,Sun,Home,W,2.0,0.0,Tottenham,2,15.0,7.0,46.7,0.13,0.29,15.9,0.0,0,0,1.2,1.2,0.08,0.8,0.8,Match Report,2022,Chelsea
2022-02-19,15:00,Premier League,Matchweek 26,Sat,Away,W,1.0,0.0,Crystal Palace,1,9.0,3.0,33.3,0.11,0.33,17.0,1.0,0,0,0.9,0.9,0.1,0.1,0.1,Match Report,2022,Chelsea
2022-03-05,15:00,Premier League,Matchweek 28,Sat,Away,W,4.0,0.0,Burnley,4,11.0,5.0,45.5,0.36,0.8,18.1,0.0,0,0,2.3,2.3,0.21,1.7,1.7,Match Report,2022,Chelsea
2022-03-10,19:30,Premier League,Matchweek 30,Thu,Away,W,3.0,1.0,Norwich City,3,15.0,7.0,46.7,0.2,0.43,12.7,1.0,0,0,1.8,1.8,0.12,1.2,1.2,Match Report,2022,Chelsea
2022-03-13,14:00,Premier League,Matchweek 29,Sun,Home,W,1.0,0.0,Newcastle Utd,1,8.0,3.0,37.5,0.13,0.33,16.4,1.0,0,0,1.1,1.1,0.14,-0.1,-0.1,Match Report,2022,Chelsea
2022-04-02,15:00,Premier League,Matchweek 31,Sat,Home,L,1.0,4.0,Brentford,1,21.0,8.0,38.1,0.05,0.13,20.1,0.0,0,0,1.3,1.3,0.07,-0.3,-0.3,Match Report,2022,Chelsea
2022-04-09,15:00,Premier League,Matchweek 32,Sat,Away,W,6.0,0.0,Southampton,6,24.0,14.0,58.3,0.25,0.43,15.3,0.0,0,0,4.2,4.2,0.19,1.8,1.8,Match Report,2022,Chelsea
2022-04-20,19:45,Premier League,Matchweek 25,Wed,Home,L,2.0,4.0,Arsenal,2,11.0,2.0,18.2,0.18,1.0,15.9,0.0,0,0,0.7,0.7,0.06,1.3,1.3,Match Report,2022,Chelsea
2022-04-24,14:00,Premier League,Matchweek 34,Sun,Home,W,1.0,0.0,West Ham,1,25.0,4.0,16.0,0.04,0.25,19.0,0.0,0,1,3.0,2.2,0.09,-2.0,-1.2,Match Report,2022,Chelsea
2022-04-28,19:45,Premier League,Matchweek 37,Thu,Away,D,1.0,1.0,Manchester Utd,1,21.0,6.0,28.6,0.05,0.17,17.4,0.0,0,0,1.9,1.9,0.09,-0.9,-0.9,Match Report,2022,Chelsea
2022-05-01,14:00,Premier League,Matchweek 35,Sun,Away,L,0.0,1.0,Everton,0,17.0,5.0,29.4,0.0,0.0,17.9,0.0,0,0,0.8,0.8,0.05,-0.8,-0.8,Match Report,2022,Chelsea
2022-05-07,15:00,Premier League,Matchweek 36,Sat,Home,D,2.0,2.0,Wolves,2,18.0,5.0,27.8,0.06,0.2,18.2,2.0,1,1,1.7,0.9,0.05,0.3,0.1,Match Report,2022,Chelsea
2022-05-11,19:30,Premier League,Matchweek 33,Wed,Away,W,3.0,0.0,Leeds United,3,17.0,3.0,17.6,0.18,1.0,16.9,0.0,0,0,1.3,1.3,0.08,1.7,1.7,Match Report,2022,Chelsea
2022-05-19,20:00,Premier League,Matchweek 27,Thu,Home,D,1.0,1.0,Leicester City,1,20.0,7.0,35.0,0.05,0.14,20.0,2.0,0,0,1.6,1.6,0.08,-0.6,-0.6,Match Report,2022,Chelsea
2022-05-22,16:00,Premier League,Matchweek 38,Sun,Home,W,2.0,1.0,Watford,2,19.0,8.0,42.1,0.11,0.25,16.9,0.0,0,0,2.2,2.2,0.12,-0.2,-0.2,Match Report,2022,Chelsea
2021-08-15,16:30,Premier League,Matchweek 1,Sun,Home,W,1.0,0.0,Manchester City,1,13.0,2.0,15.4,0.08,0.5,20.3,0.0,0,0,1.0,1.0,0.08,0.0,0.0,Match Report,2022,Tottenham Hotspur
2021-08-22,14:00,Premier League,Matchweek 2,Sun,Away,W,1.0,0.0,Wolves,1,7.0,5.0,71.4,0.0,0.0,14.6,0.0,1,1,1.7,0.9,0.14,-0.7,-0.9,Match Report,2022,Tottenham Hotspur
2021-08-29,14:00,Premier League,Matchweek 3,Sun,Home,W,1.0,0.0,Watford,1,15.0,8.0,53.3,0.07,0.13,18.8,3.0,0,0,1.0,1.0,0.07,0.0,0.0,Match Report,2022,Tottenham Hotspur
2021-09-11,12:30,Premier League,Matchweek 4,Sat,Away,L,0.0,3.0,Crystal Palace,0,2.0,1.0,50.0,0.0,0.0,19.1,0.0,0,0,0.1,0.1,0.03,-0.1,-0.1,Match Report,2022,Tottenham Hotspur
2021-09-19,16:30,Premier League,Matchweek 5,Sun,Home,L,0.0,3.0,Chelsea,0,8.0,2.0,25.0,0.0,0.0,20.0,1.0,0,0,0.5,0.5,0.06,-0.5,-0.5,Match Report,2022,Tottenham Hotspur
2021-09-26,16:30,Premier League,Matchweek 6,Sun,Away,L,1.0,3.0,Arsenal,1,10.0,4.0,40.0,0.1,0.25,16.3,0.0,0,0,1.0,1.0,0.1,0.0,0.0,Match Report,2022,Tottenham Hotspur
2021-10-03,14:00,Premier League,Matchweek 7,Sun,Home,W,2.0,1.0,Aston Villa,1,17.0,7.0,41.2,0.06,0.14,20.5,2.0,0,0,1.3,1.3,0.08,-0.3,-0.3,Match Report,2022,Tottenham Hotspur
2021-10-17,16:30,Premier League,Matchweek 8,Sun,Away,W,3.0,2.0,Newcastle Utd,3,14.0,4.0,28.6,0.21,0.75,17.9,1.0,0,0,1.7,1.7,0.12,1.3,1.3,Match Report,2022,Tottenham Hotspur
2021-10-24,14:00,Premier League,Matchweek 9,Sun,Away,L,0.0,1.0,West Ham,0,7.0,4.0,57.1,0.0,0.0,17.8,0.0,0,0,0.7,0.7,0.1,-0.7,-0.7,Match Report,2022,Tottenham Hotspur
2021-10-30,17:30,Premier League,Matchweek 10,Sat,Home,L,0.0,3.0,Manchester Utd,0,9.0,0.0,0.0,0.0,,16.6,1.0,0,0,1.0,1.0,0.11,-1.0,-1.0,Match Report,2022,Tottenham Hotspur
2021-11-07,14:00,Premier League,Matchweek 11,Sun,Away,D,0.0,0.0,Everton,0,8.0,0.0,0.0,0.0,,19.5,0.0,0,0,0.7,0.7,0.09,-0.7,-0.7,Match Report,2022,Tottenham Hotspur
2021-11-21,16:30,Premier League,Matchweek 12,Sun,Home,W,2.0,1.0,Leeds United,2,13.0,4.0,30.8,0.15,0.5,17.5,1.0,0,0,2.1,2.1,0.17,-0.1,-0.1,Match Report,2022,Tottenham Hotspur
2021-12-02,19:30,Premier League,Matchweek 14,Thu,Home,W,2.0,0.0,Brentford,1,11.0,6.0,54.5,0.09,0.17,9.8,0.0,0,0,1.9,1.9,0.18,-0.9,-0.9,Match Report,2022,Tottenham Hotspur
2021-12-05,14:00,Premier League,Matchweek 15,Sun,Home,W,3.0,0.0,Norwich City,3,17.0,7.0,41.2,0.18,0.43,18.5,0.0,0,0,1.6,1.6,0.1,1.4,1.4,Match Report,2022,Tottenham Hotspur
2021-12-19,16:30,Premier League,Matchweek 18,Sun,Home,D,2.0,2.0,Liverpool,2,10.0,5.0,50.0,0.2,0.4,10.4,0.0,0,0,3.0,3.0,0.3,-1.0,-1.0,Match Report,2022,Tottenham Hotspur
2021-12-26,15:00,Premier League,Matchweek 19,Sun,Home,W,3.0,0.0,Crystal Palace,3,17.0,6.0,35.3,0.18,0.5,14.5,0.0,0,0,2.3,2.3,0.13,0.7,0.7,Match Report,2022,Tottenham Hotspur
2021-12-28,15:00,Premier League,Matchweek 20,Tue,Away,D,1.0,1.0,Southampton,1,20.0,10.0,50.0,0.0,0.0,15.8,1.0,1,1,2.3,1.5,0.08,-1.3,-1.5,Match Report,2022,Tottenham Hotspur
2022-01-01,15:00,Premier League,Matchweek 21,Sat,Away,W,1.0,0.0,Watford,1,21.0,9.0,42.9,0.05,0.11,17.6,0.0,0,0,2.2,2.2,0.11,-1.2,-1.2,Match Report,2022,Tottenham Hotspur
2022-01-19,19:30,Premier League,Matchweek 17,Wed,Away,W,3.0,2.0,Leicester City,3,27.0,8.0,29.6,0.11,0.38,16.4,1.0,0,0,3.1,3.1,0.12,-0.1,-0.1,Match Report,2022,Tottenham Hotspur
2022-01-23,16:30,Premier League,Matchweek 23,Sun,Away,L,0.0,2.0,Chelsea,0,6.0,3.0,50.0,0.0,0.0,16.6,0.0,0,0,0.5,0.5,0.08,-0.5,-0.5,Match Report,2022,Tottenham Hotspur
2022-02-09,19:45,Premier League,Matchweek 24,Wed,Home,L,2.0,3.0,Southampton,1,8.0,3.0,37.5,0.13,0.33,15.3,0.0,0,0,1.4,1.4,0.17,-0.4,-0.4,Match Report,2022,Tottenham Hotspur
2022-02-13,14:00,Premier League,Matchweek 25,Sun,Home,L,0.0,2.0,Wolves,0,17.0,7.0,41.2,0.0,0.0,15.9,2.0,0,0,1.2,1.2,0.07,-1.2,-1.2,Match Report,2022,Tottenham Hotspur
2022-02-19,17:30,Premier League,Matchweek 26,Sat,Away,W,3.0,2.0,Manchester City,3,6.0,5.0,83.3,0.5,0.6,15.0,0.0,0,0,1.4,1.4,0.24,1.6,1.6,Match Report,2022,Tottenham Hotspur
2022-02-23,19:30,Premier League,Matchweek 13,Wed,Away,L,0.0,1.0,Burnley,0,12.0,2.0,16.7,0.0,0.0,17.4,0.0,0,0,0.7,0.7,0.06,-0.7,-0.7,Match Report,2022,Tottenham Hotspur
2022-02-26,12:30,Premier League,Matchweek 27,Sat,Away,W,4.0,0.0,Leeds United,4,15.0,10.0,66.7,0.27,0.4,14.2,0.0,0,0,1.9,1.9,0.13,2.1,2.1,Match Report,2022,Tottenham Hotspur
2022-03-07,20:00,Premier League,Matchweek 28,Mon,Home,W,5.0,0.0,Everton,4,14.0,7.0,50.0,0.29,0.57,13.5,0.0,0,0,2.5,2.5,0.19,1.5,1.5,Match Report,2022,Tottenham Hotspur
2022-03-12,17:30,Premier League,Matchweek 29,Sat,Away,L,2.0,3.0,Manchester Utd,1,9.0,1.0,11.1,0.0,0.0,19.8,1.0,1,1,1.5,0.8,0.09,-0.5,-0.8,Match Report,2022,Tottenham Hotspur
2022-03-16,19:30,Premier League,Matchweek 16,Wed,Away,W,2.0,0.0,Brighton,2,17.0,7.0,41.2,0.12,0.29,19.0,1.0,0,0,2.2,2.2,0.13,-0.2,-0.2,Match Report,2022,Tottenham Hotspur
2022-03-20,16:30,Premier League,Matchweek 30,Sun,Home,W,3.0,1.0,West Ham,2,17.0,4.0,23.5,0.12,0.5,16.6,0.0,0,0,3.0,3.0,0.18,-1.0,-1.0,Match Report,2022,Tottenham Hotspur
2022-04-03,16:30,Premier League,Matchweek 31,Sun,Home,W,5.0,1.0,Newcastle Utd,5,19.0,6.0,31.6,0.26,0.83,16.0,1.0,0,0,3.1,3.1,0.16,1.9,1.9,Match Report,2022,Tottenham Hotspur
2022-04-09,17:30,Premier League,Matchweek 32,Sat,Away,W,4.0,0.0,Aston Villa,4,11.0,5.0,45.5,0.36,0.8,18.8,0.0,0,0,1.1,1.1,0.1,2.9,2.9,Match Report,2022,Tottenham Hotspur
2022-04-16,12:30,Premier League,Matchweek 33,Sat,Home,L,0.0,1.0,Brighton,0,5.0,0.0,0.0,0.0,,20.8,0.0,0,0,0.5,0.5,0.1,-0.5,-0.5,Match Report,2022,Tottenham Hotspur
2022-04-23,17:30,Premier League,Matchweek 34,Sat,Away,D,0.0,0.0,Brentford,0,9.0,0.0,0.0,0.0,,16.7,0.0,0,0,0.6,0.6,0.07,-0.6,-0.6,Match Report,2022,Tottenham Hotspur
2022-05-01,14:00,Premier League,Matchweek 35,Sun,Home,W,3.0,1.0,Leicester City,3,13.0,7.0,53.8,0.23,0.43,14.2,0.0,0,0,1.2,1.2,0.09,1.8,1.8,Match Report,2022,Tottenham Hotspur
2022-05-07,19:45,Premier League,Matchweek 36,Sat,Away,D,1.0,1.0,Liverpool,1,8.0,3.0,37.5,0.13,0.33,17.5,0.0,0,0,0.9,0.9,0.11,0.1,0.1,Match Report,2022,Tottenham Hotspur
2022-05-12,19:45,Premier League,Matchweek 22,Thu,Home,W,3.0,0.0,Arsenal,3,15.0,5.0,33.3,0.13,0.4,14.3,0.0,1,1,2.7,2.0,0.14,0.3,0.0,Match Report,2022,Tottenham Hotspur
2022-05-15,12:00,Premier League,Matchweek 37,Sun,Home,W,1.0,0.0,Burnley,1,20.0,6.0,30.0,0.0,0.0,20.3,0.0,1,1,2.2,1.4,0.07,-1.2,-1.4,Match Report,2022,Tottenham Hotspur
2022-05-22,16:00,Premier League,Matchweek 38,Sun,Away,W,5.0,0.0,Norwich City,5,19.0,12.0,63.2,0.26,0.42,14.9,0.0,0,0,3.4,3.4,0.2,1.6,1.6,Match Report,2022,Tottenham Hotspur
2021-08-13,20:00,Premier League,Matchweek 1,Fri,Away,L,0.0,2.0,Brentford,0,22.0,4.0,18.2,0.0,0.0,19.0,1.0,0,0,1.3,1.3,0.06,-1.3,-1.3,Match Report,2022,Arsenal
2021-08-22,16:30,Premier League,Matchweek 2,Sun,Home,L,0.0,2.0,Chelsea,0,6.0,3.0,50.0,0.0,0.0,18.7,0.0,0,0,0.3,0.3,0.06,-0.3,-0.3,Match Report,2022,Arsenal
2021-08-28,12:30,Premier League,Matchweek 3,Sat,Away,L,0.0,5.0,Manchester City,0,1.0,0.0,0.0,0.0,,6.8,0.0,0,0,0.2,0.2,0.21,-0.2,-0.2,Match Report,2022,Arsenal
2021-09-11,15:00,Premier League,Matchweek 4,Sat,Home,W,1.0,0.0,Norwich City,1,30.0,6.0,20.0,0.03,0.17,16.9,1.0,0,0,2.7,2.7,0.1,-1.7,-1.7,Match Report,2022,Arsenal
2021-09-18,15:00,Premier League,Matchweek 5,Sat,Away,W,1.0,0.0,Burnley,1,13.0,3.0,23.1,0.08,0.33,20.7,1.0,0,0,1.1,1.1,0.08,-0.1,-0.1,Match Report,2022,Arsenal
2021-09-26,16:30,Premier League,Matchweek 6,Sun,Home,W,3.0,1.0,Tottenham,3,12.0,7.0,58.3,0.25,0.43,17.7,0.0,0,0,1.1,1.1,0.09,1.9,1.9,Match Report,2022,Arsenal
2021-10-02,17:30,Premier League,Matchweek 7,Sat,Away,D,0.0,0.0,Brighton,0,8.0,2.0,25.0,0.0,0.0,21.1,1.0,0,0,0.4,0.4,0.05,-0.4,-0.4,Match Report,2022,Arsenal
2021-10-18,20:00,Premier League,Matchweek 8,Mon,Home,D,2.0,2.0,Crystal Palace,2,17.0,6.0,35.3,0.12,0.33,17.6,1.0,0,0,1.7,1.7,0.11,0.3,0.3,Match Report,2022,Arsenal
2021-10-22,20:00,Premier League,Matchweek 9,Fri,Home,W,3.0,1.0,Aston Villa,3,21.0,8.0,38.1,0.14,0.38,17.3,1.0,0,1,2.7,1.8,0.09,0.3,1.2,Match Report,2022,Arsenal
2021-10-30,12:30,Premier League,Matchweek 10,Sat,Away,W,2.0,0.0,Leicester City,2,9.0,5.0,55.6,0.22,0.4,16.7,0.0,0,0,0.7,0.7,0.08,1.3,1.3,Match Report,2022,Arsenal
2021-11-07,14:00,Premier League,Matchweek 11,Sun,Home,W,1.0,0.0,Watford,1,13.0,5.0,38.5,0.08,0.2,21.1,1.0,0,1,1.6,0.8,0.07,-0.6,0.2,Match Report,2022,Arsenal
2021-11-20,17:30,Premier League,Matchweek 12,Sat,Away,L,0.0,4.0,Liverpool,0,5.0,3.0,60.0,0.0,0.0,19.9,0.0,0,0,0.4,0.4,0.08,-0.4,-0.4,Match Report,2022,Arsenal
2021-11-27,12:30,Premier League,Matchweek 13,Sat,Home,W,2.0,0.0,Newcastle Utd,2,24.0,6.0,25.0,0.08,0.33,17.8,1.0,0,0,2.5,2.5,0.11,-0.5,-0.5,Match Report,2022,Arsenal
2021-12-02,20:15,Premier League,Matchweek 14,Thu,Away,L,2.0,3.0,Manchester Utd,2,17.0,7.0,41.2,0.12,0.29,16.5,1.0,0,0,1.4,1.4,0.09,0.6,0.6,Match Report,2022,Arsenal
2021-12-06,20:00,Premier League,Matchweek 15,Mon,Away,L,1.0,2.0,Everton,1,10.0,3.0,30.0,0.1,0.33,16.1,0.0,0,0,1.0,1.0,0.1,0.0,0.0,Match Report,2022,Arsenal
2021-12-11,15:00,Premier League,Matchweek 16,Sat,Home,W,3.0,0.0,Southampton,3,15.0,5.0,33.3,0.2,0.6,15.7,0.0,0,0,1.8,1.8,0.12,1.2,1.2,Match Report,2022,Arsenal
2021-12-15,20:00,Premier League,Matchweek 17,Wed,Home,W,2.0,0.0,West Ham,2,20.0,7.0,35.0,0.1,0.29,19.6,2.0,0,1,2.8,2.0,0.1,-0.8,0.0,Match Report,2022,Arsenal
2021-12-18,17:30,Premier League,Matchweek 18,Sat,Away,W,4.0,1.0,Leeds United,4,21.0,12.0,57.1,0.19,0.33,16.7,0.0,0,0,3.5,3.5,0.18,0.5,0.5,Match Report,2022,Arsenal
2021-12-26,15:00,Premier League,Matchweek 19,Sun,Away,W,5.0,0.0,Norwich City,5,15.0,5.0,33.3,0.27,0.8,17.7,1.0,1,1,2.5,1.7,0.12,2.5,2.3,Match Report,2022,Arsenal
2022-01-01,12:30,Premier League,Matchweek 21,Sat,Home,L,1.0,2.0,Manchester City,1,7.0,2.0,28.6,0.14,0.5,15.6,0.0,0,0,0.8,0.8,0.11,0.2,0.2,Match Report,2022,Arsenal
2022-01-23,14:00,Premier League,Matchweek 23,Sun,Home,D,0.0,0.0,Burnley,0,20.0,5.0,25.0,0.0,0.0,18.8,2.0,0,0,1.2,1.2,0.06,-1.2,-1.2,Match Report,2022,Arsenal
2022-02-10,19:45,Premier League,Matchweek 24,Thu,Away,W,1.0,0.0,Wolves,1,12.0,2.0,16.7,0.08,0.5,17.2,0.0,0,0,1.8,1.8,0.17,-0.8,-0.8,Match Report,2022,Arsenal
2022-02-19,15:00,Premier League,Matchweek 26,Sat,Home,W,2.0,1.0,Brentford,2,24.0,7.0,29.2,0.08,0.29,16.0,0.0,0,0,1.7,1.7,0.08,0.3,0.3,Match Report,2022,Arsenal
2022-02-24,19:45,Premier League,Matchweek 20,Thu,Home,W,2.0,1.0,Wolves,1,26.0,5.0,19.2,0.04,0.2,15.6,1.0,0,0,3.1,3.1,0.12,-2.1,-2.1,Match Report,2022,Arsenal
2022-03-06,14:00,Premier League,Matchweek 28,Sun,Away,W,3.0,2.0,Watford,3,16.0,4.0,25.0,0.19,0.75,17.3,0.0,0,0,1.0,1.0,0.07,2.0,2.0,Match Report,2022,Arsenal
2022-03-13,16:30,Premier League,Matchweek 29,Sun,Home,W,2.0,0.0,Leicester City,2,20.0,6.0,30.0,0.05,0.17,16.2,0.0,1,1,2.4,2.3,0.12,-0.4,-1.3,Match Report,2022,Arsenal
2022-03-16,20:15,Premier League,Matchweek 27,Wed,Home,L,0.0,2.0,Liverpool,0,9.0,2.0,22.2,0.0,0.0,22.5,0.0,0,0,0.5,0.5,0.06,-0.5,-0.5,Match Report,2022,Arsenal
2022-03-19,12:30,Premier League,Matchweek 30,Sat,Away,W,1.0,0.0,Aston Villa,1,10.0,3.0,30.0,0.1,0.33,19.5,0.0,0,0,1.3,1.3,0.13,-0.3,-0.3,Match Report,2022,Arsenal
2022-04-04,20:00,Premier League,Matchweek 31,Mon,Away,L,0.0,3.0,Crystal Palace,0,12.0,3.0,25.0,0.0,0.0,18.5,0.0,0,0,0.8,0.8,0.07,-0.8,-0.8,Match Report,2022,Arsenal
2022-04-09,15:00,Premier League,Matchweek 32,Sat,Home,L,1.0,2.0,Brighton,1,20.0,4.0,20.0,0.05,0.25,16.7,2.0,0,0,1.9,1.9,0.1,-0.9,-0.9,Match Report,2022,Arsenal
2022-04-16,15:00,Premier League,Matchweek 33,Sat,Away,L,0.0,1.0,Southampton,0,23.0,6.0,26.1,0.0,0.0,18.3,1.0,0,0,1.7,1.7,0.07,-1.7,-1.7,Match Report,2022,Arsenal
2022-04-20,19:45,Premier League,Matchweek 25,Wed,Away,W,4.0,2.0,Chelsea,4,13.0,3.0,23.1,0.23,1.0,19.5,0.0,1,1,2.0,1.2,0.1,2.0,1.8,Match Report,2022,Arsenal
2022-04-23,12:30,Premier League,Matchweek 34,Sat,Home,W,3.0,1.0,Manchester Utd,3,13.0,6.0,46.2,0.15,0.33,19.3,1.0,1,1,2.3,1.8,0.15,0.7,0.2,Match Report,2022,Arsenal
2022-05-01,16:30,Premier League,Matchweek 35,Sun,Away,W,2.0,1.0,West Ham,2,13.0,7.0,53.8,0.15,0.29,19.3,0.0,0,0,0.9,0.9,0.07,1.1,1.1,Match Report,2022,Arsenal
2022-05-08,14:00,Premier League,Matchweek 36,Sun,Home,W,2.0,1.0,Leeds United,2,19.0,9.0,47.4,0.11,0.22,14.3,2.0,0,0,2.0,2.0,0.11,0.0,0.0,Match Report,2022,Arsenal
2022-05-12,19:45,Premier League,Matchweek 22,Thu,Away,L,0.0,3.0,Tottenham,0,9.0,5.0,55.6,0.0,0.0,24.0,0.0,0,0,0.5,0.5,0.05,-0.5,-0.5,Match Report,2022,Arsenal
2022-05-16,20:00,Premier League,Matchweek 37,Mon,Away,L,0.0,2.0,Newcastle Utd,0,11.0,2.0,18.2,0.0,0.0,21.1,0.0,0,0,0.6,0.6,0.05,-0.6,-0.6,Match Report,2022,Arsenal
2022-05-22,16:00,Premier League,Matchweek 38,Sun,Home,W,5.0,1.0,Everton,5,25.0,8.0,32.0,0.16,0.5,17.0,0.0,1,1,4.2,3.5,0.14,0.8,0.5,Match Report,2022,Arsenal
2021-08-14,12:30,Premier League,Matchweek 1,Sat,Home,W,5.0,1.0,Leeds United,5,16.0,8.0,50.0,0.31,0.63,18.2,0.0,0,0,1.5,1.5,0.09,3.5,3.5,Match Report,2022,Manchester United
2021-08-22,14:00,Premier League,Matchweek 2,Sun,Away,D,1.0,1.0,Southampton,1,15.0,3.0,20.0,0.07,0.33,15.1,1.0,0,0,1.8,1.8,0.14,-0.8,-0.8,Match Report,2022,Manchester United
2021-08-29,16:30,Premier League,Matchweek 3,Sun,Away,W,1.0,0.0,Wolves,1,10.0,3.0,30.0,0.1,0.33,18.8,1.0,0,0,0.6,0.6,0.06,0.4,0.4,Match Report,2022,Manchester United
2021-09-11,15:00,Premier League,Matchweek 4,Sat,Home,W,4.0,1.0,Newcastle Utd,4,21.0,6.0,28.6,0.19,0.67,20.5,0.0,0,0,2.5,2.5,0.12,1.5,1.5,Match Report,2022,Manchester United
2021-09-19,14:00,Premier League,Matchweek 5,Sun,Away,W,2.0,1.0,West Ham,2,17.0,10.0,58.8,0.12,0.2,17.1,0.0,0,0,2.0,2.0,0.15,0.0,0.0,Match Report,2022,Manchester United
2021-09-25,12:30,Premier League,Matchweek 6,Sat,Home,L,0.0,1.0,Aston Villa,0,27.0,4.0,14.8,0.0,0.0,19.7,2.0,0,1,2.2,1.4,0.05,-2.2,-1.4,Match Report,2022,Manchester United
2021-10-02,12:30,Premier League,Matchweek 7,Sat,Home,D,1.0,1.0,Everton,1,13.0,6.0,46.2,0.08,0.17,15.1,0.0,0,0,1.0,1.0,0.08,0.0,0.0,Match Report,2022,Manchester United
2021-10-16,15:00,Premier League,Matchweek 8,Sat,Away,L,2.0,4.0,Leicester City,2,18.0,6.0,33.3,0.11,0.33,21.0,0.0,0,0,1.2,1.2,0.06,0.8,0.8,Match Report,2022,Manchester United
2021-10-24,16:30,Premier League,Matchweek 9,Sun,Home,L,0.0,5.0,Liverpool,0,12.0,3.0,25.0,0.0,0.0,15.5,0.0,0,0,1.6,1.6,0.13,-1.6,-1.6,Match Report,2022,Manchester United
2021-10-30,17:30,Premier League,Matchweek 10,Sat,Away,W,3.0,0.0,Tottenham,3,10.0,4.0,40.0,0.3,0.75,17.9,0.0,0,0,1.5,1.5,0.15,1.5,1.5,Match Report,2022,Manchester United
2021-11-06,12:30,Premier League,Matchweek 11,Sat,Home,L,0.0,2.0,Manchester City,0,5.0,1.0,20.0,0.0,0.0,17.3,0.0,0,0,0.9,0.9,0.2,-0.9,-0.9,Match Report,2022,Manchester United
2021-11-20,15:00,Premier League,Matchweek 12,Sat,Away,L,1.0,4.0,Watford,1,9.0,3.0,33.3,0.11,0.33,14.9,0.0,0,0,1.4,1.4,0.16,-0.4,-0.4,Match Report,2022,Manchester United
2021-11-28,16:30,Premier League,Matchweek 13,Sun,Away,D,1.0,1.0,Chelsea,1,3.0,2.0,66.7,0.33,0.5,20.7,0.0,0,0,0.9,0.9,0.3,0.1,0.1,Match Report,2022,Manchester United
2021-12-02,20:15,Premier League,Matchweek 14,Thu,Home,W,3.0,2.0,Arsenal,3,13.0,9.0,69.2,0.15,0.22,19.7,0.0,1,1,1.9,1.2,0.09,1.1,0.8,Match Report,2022,Manchester United
2021-12-05,14:00,Premier League,Matchweek 15,Sun,Home,W,1.0,0.0,Crystal Palace,1,16.0,3.0,18.8,0.06,0.33,19.2,2.0,0,0,0.9,0.9,0.06,0.1,0.1,Match Report,2022,Manchester United
2021-12-11,17:30,Premier League,Matchweek 16,Sat,Away,W,1.0,0.0,Norwich City,1,12.0,4.0,33.3,0.0,0.0,19.2,2.0,1,1,2.0,1.2,0.1,-1.0,-1.2,Match Report,2022,Manchester United
2021-12-27,20:00,Premier League,Matchweek 19,Mon,Away,D,1.0,1.0,Newcastle Utd,1,13.0,3.0,23.1,0.08,0.33,17.9,0.0,0,0,1.6,1.6,0.13,-0.6,-0.6,Match Report,2022,Manchester United
2021-12-30,20:15,Premier League,Matchweek 20,Thu,Home,W,3.0,1.0,Burnley,2,18.0,6.0,33.3,0.11,0.33,17.5,1.0,0,0,2.4,2.4,0.14,-0.4,-0.4,Match Report,2022,Manchester United
2022-01-03,17:30,Premier League,Matchweek 21,Mon,Home,L,0.0,1.0,Wolves,0,9.0,2.0,22.2,0.0,0.0,20.8,1.0,0,0,0.8,0.8,0.09,-0.8,-0.8,Match Report,2022,Manchester United
2022-01-15,17:30,Premier League,Matchweek 22,Sat,Away,D,2.0,2.0,Aston Villa,2,13.0,6.0,46.2,0.15,0.33,17.5,1.0,0,0,1.0,1.0,0.08,1.0,1.0,Match Report,2022,Manchester United
2022-01-19,20:00,Premier League,Matchweek 17,Wed,Away,W,3.0,1.0,Brentford,3,13.0,5.0,38.5,0.23,0.6,17.8,0.0,0,0,2.3,2.3,0.18,0.7,0.7,Match Report,2022,Manchester United
2022-01-22,15:00,Premier League,Matchweek 23,Sat,Home,W,1.0,0.0,West Ham,1,18.0,3.0,16.7,0.06,0.33,18.3,1.0,0,0,1.9,1.9,0.1,-0.9,-0.9,Match Report,2022,Manchester United
2022-02-08,20:00,Premier League,Matchweek 24,Tue,Away,D,1.0,1.0,Burnley,1,22.0,5.0,22.7,0.05,0.2,15.9,0.0,0,0,1.8,1.8,0.08,-0.8,-0.8,Match Report,2022,Manchester United
2022-02-12,12:30,Premier League,Matchweek 25,Sat,Home,D,1.0,1.0,Southampton,1,12.0,7.0,58.3,0.08,0.14,11.7,0.0,0,0,2.1,2.1,0.18,-1.1,-1.1,Match Report,2022,Manchester United
2022-02-15,20:15,Premier League,Matchweek 18,Tue,Home,W,2.0,0.0,Brighton,2,19.0,7.0,36.8,0.11,0.29,19.7,2.0,0,0,1.7,1.7,0.09,0.3,0.3,Match Report,2022,Manchester United
2022-02-20,14:00,Premier League,Matchweek 26,Sun,Away,W,4.0,2.0,Leeds United,4,15.0,9.0,60.0,0.27,0.44,14.3,0.0,0,0,2.2,2.2,0.15,1.8,1.8,Match Report,2022,Manchester United
2022-02-26,15:00,Premier League,Matchweek 27,Sat,Home,D,0.0,0.0,Watford,0,22.0,3.0,13.6,0.0,0.0,16.9,1.0,0,0,2.8,2.8,0.13,-2.8,-2.8,Match Report,2022,Manchester United
2022-03-06,16:30,Premier League,Matchweek 28,Sun,Away,L,1.0,4.0,Manchester City,1,5.0,2.0,40.0,0.2,0.5,14.1,0.0,0,0,0.5,0.5,0.1,0.5,0.5,Match Report,2022,Manchester United
2022-03-12,17:30,Premier League,Matchweek 29,Sat,Home,W,3.0,2.0,Tottenham,3,10.0,6.0,60.0,0.3,0.5,16.1,0.0,0,0,1.0,1.0,0.1,2.0,2.0,Match Report,2022,Manchester United
2022-04-02,17:30,Premier League,Matchweek 31,Sat,Home,D,1.0,1.0,Leicester City,1,11.0,5.0,45.5,0.09,0.2,14.7,0.0,0,0,0.9,0.9,0.09,0.1,0.1,Match Report,2022,Manchester United
2022-04-09,12:30,Premier League,Matchweek 32,Sat,Away,L,0.0,1.0,Everton,0,12.0,4.0,33.3,0.0,0.0,17.5,0.0,0,0,0.8,0.8,0.06,-0.8,-0.8,Match Report,2022,Manchester United
2022-04-16,15:00,Premier League,Matchweek 33,Sat,Home,W,3.0,2.0,Norwich City,3,20.0,9.0,45.0,0.15,0.33,17.3,1.0,0,0,1.9,1.9,0.1,1.1,1.1,Match Report,2022,Manchester United
2022-04-19,20:00,Premier League,Matchweek 30,Tue,Away,L,0.0,4.0,Liverpool,0,2.0,1.0,50.0,0.0,0.0,21.0,0.0,0,0,0.1,0.1,0.05,-0.1,-0.1,Match Report,2022,Manchester United
2022-04-23,12:30,Premier League,Matchweek 34,Sat,Away,L,1.0,3.0,Arsenal,1,13.0,5.0,38.5,0.08,0.2,18.1,0.0,0,1,1.8,1.0,0.08,-0.8,0.0,Match Report,2022,Manchester United
2022-04-28,19:45,Premier League,Matchweek 37,Thu,Home,D,1.0,1.0,Chelsea,1,6.0,3.0,50.0,0.17,0.33,15.9,0.0,0,0,0.5,0.5,0.09,0.5,0.5,Match Report,2022,Manchester United
2022-05-02,20:00,Premier League,Matchweek 35,Mon,Home,W,3.0,0.0,Brentford,3,8.0,4.0,50.0,0.25,0.5,20.3,1.0,1,1,2.0,1.2,0.15,1.0,0.8,Match Report,2022,Manchester United
2022-05-07,17:30,Premier League,Matchweek 36,Sat,Away,L,0.0,4.0,Brighton,0,15.0,5.0,33.3,0.0,0.0,19.4,1.0,0,0,0.9,0.9,0.06,-0.9,-0.9,Match Report,2022,Manchester United
2022-05-22,16:00,Premier League,Matchweek 38,Sun,Away,L,0.0,1.0,Crystal Palace,0,10.0,4.0,40.0,0.0,0.0,19.8,1.0,0,0,0.7,0.7,0.08,-0.7,-0.7,Match Report,2022,Manchester United
2021-08-15,14:00,Premier League,Matchweek 1,Sun,Away,W,4.0,2.0,Newcastle Utd,4,17.0,7.0,41.2,0.24,0.57,17.1,1.0,0,1,2.7,2.0,0.12,1.3,2.0,Match Report,2022,West Ham United
2021-08-23,20:00,Premier League,Matchweek 2,Mon,Home,W,4.0,1.0,Leicester City,4,19.0,7.0,36.8,0.21,0.57,13.9,0.0,0,0,2.3,2.3,0.12,1.7,1.7,Match Report,2022,West Ham United
2021-08-28,15:00,Premier League,Matchweek 3,Sat,Home,D,2.0,2.0,Crystal Palace,2,14.0,4.0,28.6,0.14,0.5,15.2,0.0,0,0,1.3,1.3,0.1,0.7,0.7,Match Report,2022,West Ham United
2021-09-11,15:00,Premier League,Matchweek 4,Sat,Away,D,0.0,0.0,Southampton,0,13.0,3.0,23.1,0.0,0.0,20.0,1.0,0,0,0.7,0.7,0.06,-0.7,-0.7,Match Report,2022,West Ham United
2021-09-19,14:00,Premier League,Matchweek 5,Sun,Home,L,1.0,2.0,Manchester Utd,1,12.0,3.0,25.0,0.08,0.33,22.0,0.0,0,1,1.6,0.8,0.07,-0.6,0.2,Match Report,2022,West Ham United
2021-09-25,15:00,Premier League,Matchweek 6,Sat,Away,W,2.0,1.0,Leeds United,1,20.0,6.0,30.0,0.05,0.17,18.2,2.0,0,0,1.6,1.6,0.08,-0.6,-0.6,Match Report,2022,West Ham United
2021-10-03,14:00,Premier League,Matchweek 7,Sun,Home,L,1.0,2.0,Brentford,1,18.0,5.0,27.8,0.06,0.2,16.7,1.0,0,0,1.5,1.5,0.09,-0.5,-0.5,Match Report,2022,West Ham United
2021-10-17,14:00,Premier League,Matchweek 8,Sun,Away,W,1.0,0.0,Everton,1,16.0,4.0,25.0,0.06,0.25,16.5,0.0,0,0,1.2,1.2,0.08,-0.2,-0.2,Match Report,2022,West Ham United
2021-10-24,14:00,Premier League,Matchweek 9,Sun,Home,W,1.0,0.0,Tottenham,1,13.0,4.0,30.8,0.08,0.25,14.8,0.0,0,0,1.3,1.3,0.1,-0.3,-0.3,Match Report,2022,West Ham United
2021-10-31,16:30,Premier League,Matchweek 10,Sun,Away,W,4.0,1.0,Aston Villa,4,21.0,8.0,38.1,0.19,0.5,16.5,3.0,0,0,2.3,2.3,0.12,1.7,1.7,Match Report,2022,West Ham United
2021-11-07,16:30,Premier League,Matchweek 11,Sun,Home,W,3.0,2.0,Liverpool,2,7.0,3.0,42.9,0.29,0.67,14.5,0.0,0,0,1.0,1.0,0.15,1.0,1.0,Match Report,2022,West Ham United
2021-11-20,15:00,Premier League,Matchweek 12,Sat,Away,L,0.0,1.0,Wolves,0,8.0,3.0,37.5,0.0,0.0,20.2,0.0,0,0,0.4,0.4,0.05,-0.4,-0.4,Match Report,2022,West Ham United
2021-11-28,14:00,Premier League,Matchweek 13,Sun,Away,L,1.0,2.0,Manchester City,1,5.0,3.0,60.0,0.2,0.33,21.4,1.0,0,0,0.2,0.2,0.04,0.8,0.8,Match Report,2022,West Ham United
2021-12-01,19:30,Premier League,Matchweek 14,Wed,Home,D,1.0,1.0,Brighton,1,14.0,5.0,35.7,0.07,0.2,22.6,0.0,0,0,1.3,1.3,0.09,-0.3,-0.3,Match Report,2022,West Ham United
2021-12-04,12:30,Premier League,Matchweek 15,Sat,Home,W,3.0,2.0,Chelsea,3,10.0,3.0,30.0,0.2,0.67,20.1,0.0,1,1,1.8,1.0,0.1,1.2,1.0,Match Report,2022,West Ham United
2021-12-12,14:00,Premier League,Matchweek 16,Sun,Away,D,0.0,0.0,Burnley,0,16.0,3.0,18.8,0.0,0.0,18.6,0.0,0,0,0.8,0.8,0.05,-0.8,-0.8,Match Report,2022,West Ham United
2021-12-15,20:00,Premier League,Matchweek 17,Wed,Away,L,0.0,2.0,Arsenal,0,7.0,1.0,14.3,0.0,0.0,22.3,1.0,0,0,0.4,0.4,0.05,-0.4,-0.4,Match Report,2022,West Ham United
2021-12-26,15:00,Premier League,Matchweek 19,Sun,Home,L,2.0,3.0,Southampton,2,11.0,4.0,36.4,0.18,0.5,17.2,0.0,0,0,1.6,1.6,0.15,0.4,0.4,Match Report,2022,West Ham United
2021-12-28,15:00,Premier League,Matchweek 20,Tue,Away,W,4.0,1.0,Watford,4,12.0,5.0,41.7,0.25,0.6,16.0,0.0,1,1,3.6,2.8,0.23,0.4,0.2,Match Report,2022,West Ham United
2022-01-01,17:30,Premier League,Matchweek 21,Sat,Away,W,3.0,2.0,Crystal Palace,3,9.0,4.0,44.4,0.22,0.5,14.5,0.0,1,1,2.2,1.4,0.15,0.8,0.6,Match Report,2022,West Ham United
2022-01-12,19:45,Premier League,Matchweek 18,Wed,Home,W,2.0,0.0,Norwich City,2,13.0,5.0,38.5,0.15,0.4,15.1,0.0,0,0,2.5,2.5,0.19,-0.5,-0.5,Match Report,2022,West Ham United
2022-01-16,14:00,Premier League,Matchweek 22,Sun,Home,L,2.0,3.0,Leeds United,2,15.0,5.0,33.3,0.13,0.4,12.6,0.0,0,0,2.4,2.4,0.16,-0.4,-0.4,Match Report,2022,West Ham United
2022-01-22,15:00,Premier League,Matchweek 23,Sat,Away,L,0.0,1.0,Manchester Utd,0,6.0,1.0,16.7,0.0,0.0,17.9,0.0,0,0,0.3,0.3,0.05,-0.3,-0.3,Match Report,2022,West Ham United
2022-02-08,19:45,Premier League,Matchweek 24,Tue,Home,W,1.0,0.0,Watford,1,9.0,2.0,22.2,0.11,0.5,13.2,0.0,0,0,0.8,0.8,0.09,0.2,0.2,Match Report,2022,West Ham United
2022-02-13,16:30,Premier League,Matchweek 25,Sun,Away,D,2.0,2.0,Leicester City,2,8.0,3.0,37.5,0.25,0.67,16.1,0.0,0,0,1.1,1.1,0.14,0.9,0.9,Match Report,2022,West Ham United
2022-02-19,12:30,Premier League,Matchweek 26,Sat,Home,D,1.0,1.0,Newcastle Utd,1,11.0,3.0,27.3,0.09,0.33,14.4,0.0,0,0,0.6,0.6,0.05,0.4,0.4,Match Report,2022,West Ham United
2022-02-27,14:00,Premier League,Matchweek 27,Sun,Home,W,1.0,0.0,Wolves,1,13.0,4.0,30.8,0.08,0.25,16.7,1.0,0,0,1.8,1.8,0.14,-0.8,-0.8,Match Report,2022,West Ham United
2022-03-05,17:30,Premier League,Matchweek 28,Sat,Away,L,0.0,1.0,Liverpool,0,13.0,4.0,30.8,0.0,0.0,14.9,0.0,0,0,1.3,1.3,0.1,-1.3,-1.3,Match Report,2022,West Ham United
2022-03-13,14:00,Premier League,Matchweek 29,Sun,Home,W,2.0,1.0,Aston Villa,2,11.0,4.0,36.4,0.18,0.5,16.3,0.0,0,0,1.2,1.2,0.12,0.8,0.8,Match Report,2022,West Ham United
2022-03-20,16:30,Premier League,Matchweek 30,Sun,Away,L,1.0,3.0,Tottenham,1,6.0,1.0,16.7,0.17,1.0,9.1,0.0,0,0,0.6,0.6,0.1,0.4,0.4,Match Report,2022,West Ham United
2022-04-03,14:00,Premier League,Matchweek 31,Sun,Home,W,2.0,1.0,Everton,2,11.0,5.0,45.5,0.18,0.4,19.9,2.0,0,0,1.2,1.2,0.12,0.8,0.8,Match Report,2022,West Ham United
2022-04-10,14:00,Premier League,Matchweek 32,Sun,Away,L,0.0,2.0,Brentford,0,5.0,1.0,20.0,0.0,0.0,17.5,0.0,0,0,0.3,0.3,0.06,-0.3,-0.3,Match Report,2022,West Ham United
2022-04-17,14:15,Premier League,Matchweek 33,Sun,Home,D,1.0,1.0,Burnley,1,21.0,6.0,28.6,0.05,0.17,14.7,0.0,0,0,2.2,2.2,0.11,-1.2,-1.2,Match Report,2022,West Ham United
2022-04-24,14:00,Premier League,Matchweek 34,Sun,Away,L,0.0,1.0,Chelsea,0,6.0,2.0,33.3,0.0,0.0,13.4,0.0,0,0,0.5,0.5,0.08,-0.5,-0.5,Match Report,2022,West Ham United
2022-05-01,16:30,Premier League,Matchweek 35,Sun,Home,L,1.0,2.0,Arsenal,1,8.0,3.0,37.5,0.13,0.33,14.0,0.0,0,0,0.5,0.5,0.06,0.5,0.5,Match Report,2022,West Ham United
2022-05-08,14:00,Premier League,Matchweek 36,Sun,Away,W,4.0,0.0,Norwich City,4,12.0,4.0,33.3,0.25,0.75,14.4,0.0,1,1,3.0,2.3,0.19,1.0,0.7,Match Report,2022,West Ham United
2022-05-15,14:00,Premier League,Matchweek 37,Sun,Home,D,2.0,2.0,Manchester City,2,6.0,2.0,33.3,0.33,1.0,13.7,0.0,0,0,1.1,1.1,0.18,0.9,0.9,Match Report,2022,West Ham United
2022-05-22,16:00,Premier League,Matchweek 38,Sun,Away,L,1.0,3.0,Brighton,1,7.0,2.0,28.6,0.14,0.5,22.0,0.0,0,0,0.2,0.2,0.03,0.8,0.8,Match Report,2022,West Ham United
2021-08-14,15:00,Premier League,Matchweek 1,Sat,Home,W,1.0,0.0,Wolves,1,9.0,5.0,55.6,0.11,0.2,17.1,0.0,0,0,0.5,0.5,0.05,0.5,0.5,Match Report,2022,Leicester City
2021-08-23,20:00,Premier League,Matchweek 2,Mon,Away,L,1.0,4.0,West Ham,1,5.0,1.0,20.0,0.2,1.0,14.3,0.0,0,0,0.6,0.6,0.12,0.4,0.4,Match Report,2022,Leicester City
2021-08-28,15:00,Premier League,Matchweek 3,Sat,Away,W,2.0,1.0,Norwich City,2,9.0,3.0,33.3,0.22,0.67,16.0,0.0,0,0,1.5,1.5,0.16,0.5,0.5,Match Report,2022,Leicester City
2021-09-11,15:00,Premier League,Matchweek 4,Sat,Home,L,0.0,1.0,Manchester City,0,6.0,1.0,16.7,0.0,0.0,12.1,0.0,0,0,0.6,0.6,0.11,-0.6,-0.6,Match Report,2022,Leicester City
2021-09-19,14:00,Premier League,Matchweek 5,Sun,Away,L,1.0,2.0,Brighton,1,14.0,3.0,21.4,0.07,0.33,19.9,0.0,0,0,1.6,1.6,0.11,-0.6,-0.6,Match Report,2022,Leicester City
2021-09-25,15:00,Premier League,Matchweek 6,Sat,Home,D,2.0,2.0,Burnley,2,22.0,4.0,18.2,0.09,0.5,16.8,0.0,0,0,2.4,2.4,0.11,-0.4,-0.4,Match Report,2022,Leicester City
2021-10-03,14:00,Premier League,Matchweek 7,Sun,Away,D,2.0,2.0,Crystal Palace,2,9.0,5.0,55.6,0.22,0.4,17.9,0.0,0,0,1.2,1.2,0.13,0.8,0.8,Match Report,2022,Leicester City
2021-10-16,15:00,Premier League,Matchweek 8,Sat,Home,W,4.0,2.0,Manchester Utd,4,22.0,11.0,50.0,0.18,0.36,18.4,1.0,0,0,2.4,2.4,0.12,1.6,1.6,Match Report,2022,Leicester City
2021-10-24,14:00,Premier League,Matchweek 9,Sun,Away,W,2.0,1.0,Brentford,2,10.0,6.0,60.0,0.2,0.33,21.9,0.0,0,0,1.5,1.5,0.15,0.5,0.5,Match Report,2022,Leicester City
2021-10-30,12:30,Premier League,Matchweek 10,Sat,Home,L,0.0,2.0,Arsenal,0,16.0,8.0,50.0,0.0,0.0,17.3,2.0,0,0,1.3,1.3,0.08,-1.3,-1.3,Match Report,2022,Leicester City
2021-11-07,14:00,Premier League,Matchweek 11,Sun,Away,D,1.0,1.0,Leeds United,1,9.0,3.0,33.3,0.11,0.33,16.5,0.0,0,0,0.7,0.7,0.08,0.3,0.3,Match Report,2022,Leicester City
2021-11-20,12:30,Premier League,Matchweek 12,Sat,Home,L,0.0,3.0,Chelsea,0,4.0,3.0,75.0,0.0,0.0,24.4,0.0,0,0,0.4,0.4,0.09,-0.4,-0.4,Match Report,2022,Leicester City
2021-11-28,14:00,Premier League,Matchweek 13,Sun,Home,W,4.0,2.0,Watford,4,18.0,8.0,44.4,0.22,0.5,14.6,0.0,0,0,2.1,2.1,0.13,1.9,1.9,Match Report,2022,Leicester City
2021-12-01,19:30,Premier League,Matchweek 14,Wed,Away,D,2.0,2.0,Southampton,2,15.0,6.0,40.0,0.13,0.33,17.3,0.0,0,0,1.5,1.5,0.1,0.5,0.5,Match Report,2022,Leicester City
2021-12-05,16:30,Premier League,Matchweek 15,Sun,Away,L,1.0,2.0,Aston Villa,1,12.0,4.0,33.3,0.08,0.25,15.9,0.0,0,0,1.1,1.1,0.09,-0.1,-0.1,Match Report,2022,Leicester City
2021-12-12,14:00,Premier League,Matchweek 16,Sun,Home,W,4.0,0.0,Newcastle Utd,4,7.0,4.0,57.1,0.43,0.75,19.1,1.0,1,1,2.6,1.8,0.26,1.4,1.2,Match Report,2022,Leicester City
2021-12-26,15:00,Premier League,Matchweek 19,Sun,Away,L,3.0,6.0,Manchester City,3,14.0,8.0,57.1,0.21,0.38,16.9,1.0,0,0,2.7,2.7,0.19,0.3,0.3,Match Report,2022,Leicester City
2021-12-28,20:00,Premier League,Matchweek 20,Tue,Home,W,1.0,0.0,Liverpool,1,6.0,1.0,16.7,0.17,1.0,14.9,0.0,0,0,0.4,0.4,0.07,0.6,0.6,Match Report,2022,Leicester City
2022-01-19,19:30,Premier League,Matchweek 17,Wed,Home,L,2.0,3.0,Tottenham,2,14.0,4.0,28.6,0.14,0.5,18.2,0.0,0,0,1.2,1.2,0.08,0.8,0.8,Match Report,2022,Leicester City
2022-01-23,14:00,Premier League,Matchweek 23,Sun,Home,D,1.0,1.0,Brighton,1,15.0,5.0,33.3,0.07,0.2,19.8,1.0,0,0,1.4,1.4,0.1,-0.4,-0.4,Match Report,2022,Leicester City
2022-02-10,19:45,Premier League,Matchweek 24,Thu,Away,L,0.0,2.0,Liverpool,0,5.0,1.0,20.0,0.0,0.0,17.3,1.0,0,0,0.5,0.5,0.1,-0.5,-0.5,Match Report,2022,Leicester City
2022-02-13,16:30,Premier League,Matchweek 25,Sun,Home,D,2.0,2.0,West Ham,2,12.0,1.0,8.3,0.08,1.0,19.6,0.0,1,1,1.4,0.6,0.05,0.6,0.4,Match Report,2022,Leicester City
2022-02-20,16:30,Premier League,Matchweek 26,Sun,Away,L,1.0,2.0,Wolves,1,17.0,7.0,41.2,0.06,0.14,19.6,1.0,0,0,1.7,1.7,0.1,-0.7,-0.7,Match Report,2022,Leicester City
2022-03-01,19:45,Premier League,Matchweek 22,Tue,Away,W,2.0,0.0,Burnley,2,22.0,6.0,27.3,0.09,0.33,17.7,1.0,0,0,1.5,1.5,0.07,0.5,0.5,Match Report,2022,Leicester City
2022-03-05,12:30,Premier League,Matchweek 28,Sat,Home,W,1.0,0.0,Leeds United,1,7.0,4.0,57.1,0.14,0.25,19.1,0.0,0,0,0.4,0.4,0.06,0.6,0.6,Match Report,2022,Leicester City
2022-03-13,16:30,Premier League,Matchweek 29,Sun,Away,L,0.0,2.0,Arsenal,0,6.0,3.0,50.0,0.0,0.0,15.1,0.0,0,0,0.4,0.4,0.06,-0.4,-0.4,Match Report,2022,Leicester City
2022-03-20,14:00,Premier League,Matchweek 30,Sun,Home,W,2.0,1.0,Brentford,2,12.0,4.0,33.3,0.17,0.5,19.2,1.0,0,0,1.0,1.0,0.08,1.0,1.0,Match Report,2022,Leicester City
2022-04-02,17:30,Premier League,Matchweek 31,Sat,Away,D,1.0,1.0,Manchester Utd,1,11.0,3.0,27.3,0.09,0.33,16.7,0.0,0,0,0.8,0.8,0.07,0.2,0.2,Match Report,2022,Leicester City
2022-04-10,14:00,Premier League,Matchweek 32,Sun,Home,W,2.0,1.0,Crystal Palace,2,12.0,3.0,25.0,0.17,0.67,21.1,2.0,0,0,1.0,1.0,0.08,1.0,1.0,Match Report,2022,Leicester City
2022-04-17,14:15,Premier League,Matchweek 33,Sun,Away,L,1.0,2.0,Newcastle Utd,1,8.0,2.0,25.0,0.13,0.5,16.4,0.0,0,0,0.6,0.6,0.08,0.4,0.4,Match Report,2022,Leicester City
2022-04-20,19:45,Premier League,Matchweek 18,Wed,Away,D,1.0,1.0,Everton,1,11.0,3.0,27.3,0.09,0.33,16.5,0.0,0,0,0.9,0.9,0.08,0.1,0.1,Match Report,2022,Leicester City
2022-04-23,15:00,Premier League,Matchweek 34,Sat,Home,D,0.0,0.0,Aston Villa,0,5.0,2.0,40.0,0.0,0.0,24.2,2.0,0,0,0.3,0.3,0.06,-0.3,-0.3,Match Report,2022,Leicester City
2022-05-01,14:00,Premier League,Matchweek 35,Sun,Away,L,1.0,3.0,Tottenham,1,6.0,2.0,33.3,0.17,0.5,20.4,0.0,0,0,0.5,0.5,0.08,0.5,0.5,Match Report,2022,Leicester City
2022-05-08,14:00,Premier League,Matchweek 36,Sun,Home,L,1.0,2.0,Everton,1,16.0,8.0,50.0,0.06,0.13,19.8,0.0,0,0,1.5,1.5,0.09,-0.5,-0.5,Match Report,2022,Leicester City
2022-05-11,19:45,Premier League,Matchweek 21,Wed,Home,W,3.0,0.0,Norwich City,3,20.0,8.0,40.0,0.15,0.38,18.5,0.0,0,0,2.0,2.0,0.1,1.0,1.0,Match Report,2022,Leicester City
2022-05-15,14:00,Premier League,Matchweek 37,Sun,Away,W,5.0,1.0,Watford,5,13.0,7.0,53.8,0.38,0.71,16.4,0.0,0,0,2.5,2.5,0.19,2.5,2.5,Match Report,2022,Leicester City
2022-05-19,20:00,Premier League,Matchweek 27,Thu,Away,D,1.0,1.0,Chelsea,1,2.0,1.0,50.0,0.5,1.0,25.1,0.0,0,0,0.1,0.1,0.04,0.9,0.9,Match Report,2022,Leicester City
2022-05-22,16:00,Premier League,Matchweek 38,Sun,Home,W,4.0,1.0,Southampton,4,12.0,6.0,50.0,0.33,0.67,12.8,0.0,0,0,3.4,3.4,0.32,0.6,0.6,Match Report,2022,Leicester City
2021-08-14,15:00,Premier League,Matchweek 1,Sat,Away,W,2.0,1.0,Burnley,2,14.0,6.0,42.9,0.14,0.33,14.9,1.0,0,0,1.0,1.0,0.08,1.0,1.0,Match Report,2022,Brighton and Hove Albion
2021-08-21,17:30,Premier League,Matchweek 2,Sat,Home,W,2.0,0.0,Watford,2,13.0,3.0,23.1,0.15,0.67,16.9,0.0,0,0,1.3,1.3,0.1,0.7,0.7,Match Report,2022,Brighton and Hove Albion
2021-08-28,15:00,Premier League,Matchweek 3,Sat,Home,L,0.0,2.0,Everton,0,14.0,3.0,21.4,0.0,0.0,22.3,2.0,0,0,0.7,0.7,0.06,-0.7,-0.7,Match Report,2022,Brighton and Hove Albion
2021-09-11,15:00,Premier League,Matchweek 4,Sat,Away,W,1.0,0.0,Brentford,1,4.0,2.0,50.0,0.25,0.5,19.0,0.0,0,0,0.3,0.3,0.07,0.7,0.7,Match Report,2022,Brighton and Hove Albion
2021-09-19,14:00,Premier League,Matchweek 5,Sun,Home,W,2.0,1.0,Leicester City,2,11.0,4.0,36.4,0.09,0.25,16.9,2.0,1,1,1.7,0.9,0.08,0.3,0.1,Match Report,2022,Brighton and Hove Albion
2021-09-27,20:00,Premier League,Matchweek 6,Mon,Away,D,1.0,1.0,Crystal Palace,1,8.0,4.0,50.0,0.13,0.25,15.8,0.0,0,0,0.8,0.8,0.09,0.2,0.2,Match Report,2022,Brighton and Hove Albion
2021-10-02,17:30,Premier League,Matchweek 7,Sat,Home,D,0.0,0.0,Arsenal,0,21.0,2.0,9.5,0.0,0.0,17.7,0.0,0,0,1.1,1.1,0.05,-1.1,-1.1,Match Report,2022,Brighton and Hove Albion
2021-10-16,15:00,Premier League,Matchweek 8,Sat,Away,D,0.0,0.0,Norwich City,0,11.0,3.0,27.3,0.0,0.0,16.1,0.0,0,0,0.8,0.8,0.07,-0.8,-0.8,Match Report,2022,Brighton and Hove Albion
2021-10-23,17:30,Premier League,Matchweek 9,Sat,Home,L,1.0,4.0,Manchester City,1,9.0,4.0,44.4,0.0,0.0,18.9,0.0,1,1,1.3,0.5,0.06,-0.3,-0.5,Match Report,2022,Brighton and Hove Albion
2021-10-30,15:00,Premier League,Matchweek 10,Sat,Away,D,2.0,2.0,Liverpool,2,9.0,6.0,66.7,0.22,0.33,17.0,0.0,0,0,1.0,1.0,0.11,1.0,1.0,Match Report,2022,Brighton and Hove Albion
2021-11-06,17:30,Premier League,Matchweek 11,Sat,Home,D,1.0,1.0,Newcastle Utd,1,13.0,4.0,30.8,0.0,0.0,17.9,0.0,1,1,1.5,0.7,0.05,-0.5,-0.7,Match Report,2022,Brighton and Hove Albion
2021-11-20,15:00,Premier League,Matchweek 12,Sat,Away,L,0.0,2.0,Aston Villa,0,6.0,2.0,33.3,0.0,0.0,17.7,0.0,0,0,0.4,0.4,0.07,-0.4,-0.4,Match Report,2022,Brighton and Hove Albion
2021-11-27,17:30,Premier League,Matchweek 13,Sat,Home,D,0.0,0.0,Leeds United,0,20.0,4.0,20.0,0.0,0.0,16.6,0.0,0,0,2.1,2.1,0.11,-2.1,-2.1,Match Report,2022,Brighton and Hove Albion
2021-12-01,19:30,Premier League,Matchweek 14,Wed,Away,D,1.0,1.0,West Ham,1,9.0,3.0,33.3,0.11,0.33,16.0,1.0,0,0,1.3,1.3,0.15,-0.3,-0.3,Match Report,2022,Brighton and Hove Albion
2021-12-04,15:00,Premier League,Matchweek 15,Sat,Away,D,1.0,1.0,Southampton,1,14.0,4.0,28.6,0.07,0.25,18.7,1.0,0,0,1.6,1.6,0.12,-0.6,-0.6,Match Report,2022,Brighton and Hove Albion
2021-12-15,19:30,Premier League,Matchweek 17,Wed,Home,L,0.0,1.0,Wolves,0,12.0,2.0,16.7,0.0,0.0,17.8,2.0,0,0,1.2,1.2,0.12,-1.2,-1.2,Match Report,2022,Brighton and Hove Albion
2021-12-26,20:00,Premier League,Matchweek 19,Sun,Home,W,2.0,0.0,Brentford,2,15.0,5.0,33.3,0.13,0.4,21.7,3.0,0,0,0.8,0.8,0.05,1.2,1.2,Match Report,2022,Brighton and Hove Albion
2021-12-29,19:30,Premier League,Matchweek 20,Wed,Away,D,1.0,1.0,Chelsea,1,18.0,6.0,33.3,0.06,0.17,20.2,1.0,0,0,0.9,0.9,0.05,0.1,0.1,Match Report,2022,Brighton and Hove Albion
2022-01-02,14:00,Premier League,Matchweek 21,Sun,Away,W,3.0,2.0,Everton,3,12.0,5.0,41.7,0.25,0.6,19.1,0.0,0,0,1.7,1.7,0.14,1.3,1.3,Match Report,2022,Brighton and Hove Albion
2022-01-14,20:00,Premier League,Matchweek 22,Fri,Home,D,1.0,1.0,Crystal Palace,0,18.0,3.0,16.7,0.0,0.0,18.2,0.0,0,1,2.0,1.2,0.06,-2.0,-1.2,Match Report,2022,Brighton and Hove Albion
2022-01-18,20:00,Premier League,Matchweek 24,Tue,Home,D,1.0,1.0,Chelsea,1,10.0,2.0,20.0,0.1,0.5,16.2,0.0,0,0,0.7,0.7,0.07,0.3,0.3,Match Report,2022,Brighton and Hove Albion
2022-01-23,14:00,Premier League,Matchweek 23,Sun,Away,D,1.0,1.0,Leicester City,1,14.0,4.0,28.6,0.07,0.25,17.9,0.0,0,0,1.1,1.1,0.08,-0.1,-0.1,Match Report,2022,Brighton and Hove Albion
2022-02-12,15:00,Premier League,Matchweek 25,Sat,Away,W,2.0,0.0,Watford,2,11.0,5.0,45.5,0.18,0.4,12.3,0.0,0,0,1.6,1.6,0.17,0.4,0.4,Match Report,2022,Brighton and Hove Albion
2022-02-15,20:15,Premier League,Matchweek 18,Tue,Away,L,0.0,2.0,Manchester Utd,0,10.0,3.0,30.0,0.0,0.0,18.9,0.0,0,0,0.7,0.7,0.07,-0.7,-0.7,Match Report,2022,Brighton and Hove Albion
2022-02-19,15:00,Premier League,Matchweek 26,Sat,Home,L,0.0,3.0,Burnley,0,11.0,1.0,9.1,0.0,0.0,19.5,0.0,0,0,0.6,0.6,0.05,-0.6,-0.6,Match Report,2022,Brighton and Hove Albion
2022-02-26,15:00,Premier League,Matchweek 27,Sat,Home,L,0.0,2.0,Aston Villa,0,12.0,1.0,8.3,0.0,0.0,19.4,0.0,0,0,0.7,0.7,0.06,-0.7,-0.7,Match Report,2022,Brighton and Hove Albion
2022-03-05,15:00,Premier League,Matchweek 28,Sat,Away,L,1.0,2.0,Newcastle Utd,1,15.0,4.0,26.7,0.07,0.25,14.2,0.0,0,0,1.5,1.5,0.1,-0.5,-0.5,Match Report,2022,Brighton and Hove Albion
2022-03-12,12:30,Premier League,Matchweek 29,Sat,Home,L,0.0,2.0,Liverpool,0,8.0,3.0,37.5,0.0,0.0,18.4,0.0,0,0,0.5,0.5,0.06,-0.5,-0.5,Match Report,2022,Brighton and Hove Albion
2022-03-16,19:30,Premier League,Matchweek 16,Wed,Home,L,0.0,2.0,Tottenham,0,15.0,0.0,0.0,0.0,,18.3,0.0,0,0,0.7,0.7,0.05,-0.7,-0.7,Match Report,2022,Brighton and Hove Albion
2022-04-02,15:00,Premier League,Matchweek 31,Sat,Home,D,0.0,0.0,Norwich City,0,30.0,4.0,13.3,0.0,0.0,18.7,1.0,0,1,2.8,2.0,0.07,-2.8,-2.0,Match Report,2022,Brighton and Hove Albion
2022-04-09,15:00,Premier League,Matchweek 32,Sat,Away,W,2.0,1.0,Arsenal,2,8.0,3.0,37.5,0.25,0.67,23.1,0.0,0,0,0.6,0.6,0.07,1.4,1.4,Match Report,2022,Brighton and Hove Albion
2022-04-16,12:30,Premier League,Matchweek 33,Sat,Away,W,1.0,0.0,Tottenham,1,12.0,4.0,33.3,0.08,0.25,17.0,0.0,0,0,0.6,0.6,0.05,0.4,0.4,Match Report,2022,Brighton and Hove Albion
2022-04-20,20:00,Premier League,Matchweek 30,Wed,Away,L,0.0,3.0,Manchester City,0,2.0,1.0,50.0,0.0,0.0,19.0,1.0,0,0,0.2,0.2,0.08,-0.2,-0.2,Match Report,2022,Brighton and Hove Albion
2022-04-24,14:00,Premier League,Matchweek 34,Sun,Home,D,2.0,2.0,Southampton,1,8.0,5.0,62.5,0.13,0.2,11.4,0.0,0,0,1.7,1.7,0.23,-0.7,-0.7,Match Report,2022,Brighton and Hove Albion
2022-04-30,15:00,Premier League,Matchweek 35,Sat,Away,W,3.0,0.0,Wolves,3,15.0,8.0,53.3,0.13,0.25,21.4,0.0,1,2,2.6,1.1,0.07,0.4,0.9,Match Report,2022,Brighton and Hove Albion
2022-05-07,17:30,Premier League,Matchweek 36,Sat,Home,W,4.0,0.0,Manchester Utd,4,17.0,5.0,29.4,0.24,0.8,15.9,0.0,0,0,2.3,2.3,0.15,1.7,1.7,Match Report,2022,Brighton and Hove Albion
2022-05-15,14:00,Premier League,Matchweek 37,Sun,Away,D,1.0,1.0,Leeds United,1,15.0,6.0,40.0,0.07,0.17,14.3,0.0,0,0,2.2,2.2,0.15,-1.2,-1.2,Match Report,2022,Brighton and Hove Albion
2022-05-22,16:00,Premier League,Matchweek 38,Sun,Home,W,3.0,1.0,West Ham,3,18.0,7.0,38.9,0.17,0.43,16.4,0.0,0,0,1.6,1.6,0.09,1.4,1.4,Match Report,2022,Brighton and Hove Albion
2021-08-14,15:00,Premier League,Matchweek 1,Sat,Away,L,0.0,1.0,Leicester City,0,17.0,3.0,17.6,0.0,0.0,17.9,0.0,0,0,1.3,1.3,0.08,-1.3,-1.3,Match Report,2022,Wolverhampton Wanderers
2021-08-22,14:00,Premier League,Matchweek 2,Sun,Home,L,0.0,1.0,Tottenham,0,25.0,6.0,24.0,0.0,0.0,20.3,0.0,0,0,1.7,1.7,0.07,-1.7,-1.7,Match Report,2022,Wolverhampton Wanderers
2021-08-29,16:30,Premier League,Matchweek 3,Sun,Home,L,0.0,1.0,Manchester Utd,0,15.0,5.0,33.3,0.0,0.0,15.9,0.0,0,0,2.1,2.1,0.15,-2.1,-2.1,Match Report,2022,Wolverhampton Wanderers
2021-09-11,15:00,Premier League,Matchweek 4,Sat,Away,W,2.0,0.0,Watford,1,14.0,5.0,35.7,0.07,0.2,16.4,1.0,0,0,2.2,2.2,0.17,-1.2,-1.2,Match Report,2022,Wolverhampton Wanderers
2021-09-18,12:30,Premier League,Matchweek 5,Sat,Home,L,0.0,2.0,Brentford,0,11.0,0.0,0.0,0.0,,22.8,1.0,0,0,0.6,0.6,0.06,-0.6,-0.6,Match Report,2022,Wolverhampton Wanderers
2021-09-26,14:00,Premier League,Matchweek 6,Sun,Away,W,1.0,0.0,Southampton,1,5.0,3.0,60.0,0.2,0.33,13.5,0.0,0,0,1.0,1.0,0.2,0.0,0.0,Match Report,2022,Wolverhampton Wanderers
2021-10-02,15:00,Premier League,Matchweek 7,Sat,Home,W,2.0,1.0,Newcastle Utd,2,7.0,3.0,42.9,0.29,0.67,19.7,0.0,0,0,1.0,1.0,0.15,1.0,1.0,Match Report,2022,Wolverhampton Wanderers
2021-10-16,15:00,Premier League,Matchweek 8,Sat,Away,W,3.0,2.0,Aston Villa,3,9.0,4.0,44.4,0.33,0.75,14.4,1.0,0,0,2.0,2.0,0.24,1.0,1.0,Match Report,2022,Wolverhampton Wanderers
2021-10-23,15:00,Premier League,Matchweek 9,Sat,Away,D,1.0,1.0,Leeds United,1,8.0,4.0,50.0,0.13,0.25,16.5,1.0,0,0,0.9,0.9,0.11,0.1,0.1,Match Report,2022,Wolverhampton Wanderers
2021-11-01,20:00,Premier League,Matchweek 10,Mon,Home,W,2.0,1.0,Everton,2,10.0,4.0,40.0,0.2,0.5,15.6,1.0,0,0,1.7,1.7,0.17,0.3,0.3,Match Report,2022,Wolverhampton Wanderers
2021-11-06,15:00,Premier League,Matchweek 11,Sat,Away,L,0.0,2.0,Crystal Palace,0,4.0,2.0,50.0,0.0,0.0,18.8,1.0,0,0,0.3,0.3,0.08,-0.3,-0.3,Match Report,2022,Wolverhampton Wanderers
2021-11-20,15:00,Premier League,Matchweek 12,Sat,Home,W,1.0,0.0,West Ham,1,15.0,5.0,33.3,0.07,0.2,19.1,0.0,0,0,1.4,1.4,0.09,-0.4,-0.4,Match Report,2022,Wolverhampton Wanderers
2021-11-27,15:00,Premier League,Matchweek 13,Sat,Away,D,0.0,0.0,Norwich City,0,5.0,2.0,40.0,0.0,0.0,17.0,0.0,0,0,0.3,0.3,0.05,-0.3,-0.3,Match Report,2022,Wolverhampton Wanderers
2021-12-01,19:30,Premier League,Matchweek 14,Wed,Home,D,0.0,0.0,Burnley,0,16.0,2.0,12.5,0.0,0.0,20.1,0.0,0,0,0.7,0.7,0.04,-0.7,-0.7,Match Report,2022,Wolverhampton Wanderers
2021-12-04,15:00,Premier League,Matchweek 15,Sat,Home,L,0.0,1.0,Liverpool,0,3.0,1.0,33.3,0.0,0.0,23.7,0.0,0,0,0.1,0.1,0.03,-0.1,-0.1,Match Report,2022,Wolverhampton Wanderers
2021-12-11,12:30,Premier League,Matchweek 16,Sat,Away,L,0.0,1.0,Manchester City,0,2.0,1.0,50.0,0.0,0.0,10.2,0.0,0,0,0.2,0.2,0.09,-0.2,-0.2,Match Report,2022,Wolverhampton Wanderers
2021-12-15,19:30,Premier League,Matchweek 17,Wed,Away,W,1.0,0.0,Brighton,1,8.0,5.0,62.5,0.13,0.2,18.0,1.0,0,0,1.0,1.0,0.13,0.0,0.0,Match Report,2022,Wolverhampton Wanderers
2021-12-19,14:00,Premier League,Matchweek 18,Sun,Home,D,0.0,0.0,Chelsea,0,4.0,1.0,25.0,0.0,0.0,27.4,0.0,0,0,0.2,0.2,0.06,-0.2,-0.2,Match Report,2022,Wolverhampton Wanderers
2022-01-03,17:30,Premier League,Matchweek 21,Mon,Away,W,1.0,0.0,Manchester Utd,1,19.0,6.0,31.6,0.05,0.17,20.4,1.0,0,0,0.7,0.7,0.04,0.3,0.3,Match Report,2022,Wolverhampton Wanderers
2022-01-15,15:00,Premier League,Matchweek 22,Sat,Home,W,3.0,1.0,Southampton,3,8.0,4.0,50.0,0.25,0.5,15.4,0.0,1,1,2.5,1.8,0.24,0.5,0.2,Match Report,2022,Wolverhampton Wanderers
2022-01-22,15:00,Premier League,Matchweek 23,Sat,Away,W,2.0,1.0,Brentford,2,7.0,2.0,28.6,0.29,1.0,21.7,0.0,0,0,0.2,0.2,0.03,1.8,1.8,Match Report,2022,Wolverhampton Wanderers
2022-02-10,19:45,Premier League,Matchweek 24,Thu,Home,L,0.0,1.0,Arsenal,0,15.0,4.0,26.7,0.0,0.0,19.1,2.0,0,0,0.8,0.8,0.05,-0.8,-0.8,Match Report,2022,Wolverhampton Wanderers
2022-02-13,14:00,Premier League,Matchweek 25,Sun,Away,W,2.0,0.0,Tottenham,2,11.0,7.0,63.6,0.18,0.29,15.9,0.0,0,0,1.3,1.3,0.12,0.7,0.7,Match Report,2022,Wolverhampton Wanderers
2022-02-20,16:30,Premier League,Matchweek 26,Sun,Home,W,2.0,1.0,Leicester City,2,11.0,3.0,27.3,0.18,0.67,19.4,1.0,0,0,0.5,0.5,0.05,1.5,1.5,Match Report,2022,Wolverhampton Wanderers
2022-02-24,19:45,Premier League,Matchweek 20,Thu,Away,L,1.0,2.0,Arsenal,1,6.0,2.0,33.3,0.17,0.5,14.8,0.0,0,0,1.0,1.0,0.17,0.0,0.0,Match Report,2022,Wolverhampton Wanderers
2022-02-27,14:00,Premier League,Matchweek 27,Sun,Away,L,0.0,1.0,West Ham,0,14.0,1.0,7.1,0.0,0.0,21.1,0.0,0,0,0.7,0.7,0.05,-0.7,-0.7,Match Report,2022,Wolverhampton Wanderers
2022-03-05,15:00,Premier League,Matchweek 28,Sat,Home,L,0.0,2.0,Crystal Palace,0,12.0,5.0,41.7,0.0,0.0,19.8,0.0,0,0,0.7,0.7,0.06,-0.7,-0.7,Match Report,2022,Wolverhampton Wanderers
2022-03-10,19:30,Premier League,Matchweek 19,Thu,Home,W,4.0,0.0,Watford,3,10.0,5.0,50.0,0.3,0.6,18.9,0.0,0,0,0.7,0.7,0.07,2.3,2.3,Match Report,2022,Wolverhampton Wanderers
2022-03-13,14:00,Premier League,Matchweek 29,Sun,Away,W,1.0,0.0,Everton,1,14.0,3.0,21.4,0.07,0.33,21.7,0.0,0,0,0.8,0.8,0.06,0.2,0.2,Match Report,2022,Wolverhampton Wanderers
2022-03-18,20:00,Premier League,Matchweek 30,Fri,Home,L,2.0,3.0,Leeds United,2,14.0,8.0,57.1,0.14,0.25,20.9,0.0,0,0,1.2,1.2,0.08,0.8,0.8,Match Report,2022,Wolverhampton Wanderers
2022-04-02,15:00,Premier League,Matchweek 31,Sat,Home,W,2.0,1.0,Aston Villa,1,11.0,4.0,36.4,0.09,0.25,15.0,0.0,0,0,1.3,1.3,0.13,-0.3,-0.3,Match Report,2022,Wolverhampton Wanderers
2022-04-08,20:00,Premier League,Matchweek 32,Fri,Away,L,0.0,1.0,Newcastle Utd,0,5.0,2.0,40.0,0.0,0.0,18.2,0.0,0,0,0.4,0.4,0.08,-0.4,-0.4,Match Report,2022,Wolverhampton Wanderers
2022-04-24,14:00,Premier League,Matchweek 34,Sun,Away,L,0.0,1.0,Burnley,0,10.0,4.0,40.0,0.0,0.0,19.0,0.0,0,0,0.6,0.6,0.06,-0.6,-0.6,Match Report,2022,Wolverhampton Wanderers
2022-04-30,15:00,Premier League,Matchweek 35,Sat,Home,L,0.0,3.0,Brighton,0,11.0,1.0,9.1,0.0,0.0,18.7,1.0,0,0,0.7,0.7,0.06,-0.7,-0.7,Match Report,2022,Wolverhampton Wanderers
2022-05-07,15:00,Premier League,Matchweek 36,Sat,Away,D,2.0,2.0,Chelsea,2,14.0,4.0,28.6,0.14,0.5,15.6,0.0,0,0,2.0,2.0,0.15,0.0,0.0,Match Report,2022,Wolverhampton Wanderers
2022-05-11,20:15,Premier League,Matchweek 33,Wed,Home,L,1.0,5.0,Manchester City,1,7.0,3.0,42.9,0.14,0.33,16.9,0.0,0,0,0.5,0.5,0.08,0.5,0.5,Match Report,2022,Wolverhampton Wanderers
2022-05-15,14:00,Premier League,Matchweek 37,Sun,Home,D,1.0,1.0,Norwich City,1,17.0,4.0,23.5,0.06,0.25,20.8,1.0,0,0,0.9,0.9,0.05,0.1,0.1,Match Report,2022,Wolverhampton Wanderers
2022-05-22,16:00,Premier League,Matchweek 38,Sun,Away,L,1.0,3.0,Liverpool,1,7.0,5.0,71.4,0.14,0.2,14.7,0.0,0,0,1.3,1.3,0.18,-0.3,-0.3,Match Report,2022,Wolverhampton Wanderers
2021-08-15,14:00,Premier League,Matchweek 1,Sun,Home,L,2.0,4.0,West Ham,2,17.0,3.0,17.6,0.12,0.67,16.3,0.0,0,0,1.8,1.8,0.11,0.2,0.2,Match Report,2022,Newcastle United
2021-08-21,15:00,Premier League,Matchweek 2,Sat,Away,L,0.0,2.0,Aston Villa,0,9.0,1.0,11.1,0.0,0.0,16.1,0.0,0,0,0.7,0.7,0.08,-0.7,-0.7,Match Report,2022,Newcastle United
2021-08-28,15:00,Premier League,Matchweek 3,Sat,Home,D,2.0,2.0,Southampton,2,10.0,4.0,40.0,0.2,0.5,16.5,1.0,0,0,1.0,1.0,0.1,1.0,1.0,Match Report,2022,Newcastle United
2021-09-11,15:00,Premier League,Matchweek 4,Sat,Away,L,1.0,4.0,Manchester Utd,1,12.0,3.0,25.0,0.08,0.33,22.5,0.0,0,0,0.4,0.4,0.04,0.6,0.6,Match Report,2022,Newcastle United
2021-09-17,20:00,Premier League,Matchweek 5,Fri,Home,D,1.0,1.0,Leeds United,1,17.0,7.0,41.2,0.06,0.14,19.2,0.0,0,0,1.3,1.3,0.08,-0.3,-0.3,Match Report,2022,Newcastle United
2021-09-25,15:00,Premier League,Matchweek 6,Sat,Away,D,1.0,1.0,Watford,1,20.0,6.0,30.0,0.05,0.17,17.9,1.0,0,0,1.9,1.9,0.1,-0.9,-0.9,Match Report,2022,Newcastle United
2021-10-02,15:00,Premier League,Matchweek 7,Sat,Away,L,1.0,2.0,Wolves,1,8.0,2.0,25.0,0.13,0.5,16.5,1.0,0,0,0.6,0.6,0.08,0.4,0.4,Match Report,2022,Newcastle United
2021-10-17,16:30,Premier League,Matchweek 8,Sun,Home,L,2.0,3.0,Tottenham,1,7.0,1.0,14.3,0.14,1.0,17.4,0.0,0,0,0.4,0.4,0.06,0.6,0.6,Match Report,2022,Newcastle United
2021-10-23,15:00,Premier League,Matchweek 9,Sat,Away,D,1.0,1.0,Crystal Palace,1,6.0,1.0,16.7,0.17,1.0,14.2,0.0,0,0,0.3,0.3,0.06,0.7,0.7,Match Report,2022,Newcastle United
2021-10-30,15:00,Premier League,Matchweek 10,Sat,Home,L,0.0,3.0,Chelsea,0,6.0,1.0,16.7,0.0,0.0,19.7,0.0,0,0,0.2,0.2,0.04,-0.2,-0.2,Match Report,2022,Newcastle United
2021-11-06,17:30,Premier League,Matchweek 11,Sat,Away,D,1.0,1.0,Brighton,1,6.0,1.0,16.7,0.17,1.0,18.1,0.0,0,0,0.3,0.3,0.05,0.7,0.7,Match Report,2022,Newcastle United
2021-11-20,15:00,Premier League,Matchweek 12,Sat,Home,D,3.0,3.0,Brentford,3,23.0,8.0,34.8,0.13,0.38,16.1,0.0,0,0,1.5,1.5,0.07,1.5,1.5,Match Report,2022,Newcastle United
2021-11-27,12:30,Premier League,Matchweek 13,Sat,Away,L,0.0,2.0,Arsenal,0,9.0,5.0,55.6,0.0,0.0,24.5,0.0,0,0,0.3,0.3,0.03,-0.3,-0.3,Match Report,2022,Newcastle United
2021-11-30,19:30,Premier League,Matchweek 14,Tue,Home,D,1.0,1.0,Norwich City,1,8.0,0.0,0.0,0.0,,22.6,0.0,1,1,1.1,0.4,0.05,-0.1,-0.4,Match Report,2022,Newcastle United
2021-12-04,15:00,Premier League,Matchweek 15,Sat,Home,W,1.0,0.0,Burnley,1,19.0,4.0,21.1,0.05,0.25,17.9,0.0,0,0,1.0,1.0,0.06,0.0,0.0,Match Report,2022,Newcastle United
2021-12-12,14:00,Premier League,Matchweek 16,Sun,Away,L,0.0,4.0,Leicester City,0,12.0,3.0,25.0,0.0,0.0,18.1,0.0,0,0,1.0,1.0,0.08,-1.0,-1.0,Match Report,2022,Newcastle United
2021-12-16,20:00,Premier League,Matchweek 17,Thu,Away,L,1.0,3.0,Liverpool,1,5.0,3.0,60.0,0.2,0.33,31.4,2.0,0,0,0.3,0.3,0.05,0.7,0.7,Match Report,2022,Newcastle United
2021-12-19,14:15,Premier League,Matchweek 18,Sun,Home,L,0.0,4.0,Manchester City,0,5.0,1.0,20.0,0.0,0.0,19.9,0.0,0,0,0.3,0.3,0.06,-0.3,-0.3,Match Report,2022,Newcastle United
2021-12-27,20:00,Premier League,Matchweek 19,Mon,Home,D,1.0,1.0,Manchester Utd,1,13.0,8.0,61.5,0.08,0.13,22.6,0.0,0,0,1.3,1.3,0.1,-0.3,-0.3,Match Report,2022,Newcastle United
2022-01-15,15:00,Premier League,Matchweek 22,Sat,Home,D,1.0,1.0,Watford,1,12.0,1.0,8.3,0.08,1.0,14.6,0.0,0,0,1.2,1.2,0.1,-0.2,-0.2,Match Report,2022,Newcastle United
2022-01-22,15:00,Premier League,Matchweek 23,Sat,Away,W,1.0,0.0,Leeds United,1,15.0,3.0,20.0,0.07,0.33,19.7,1.0,0,0,0.9,0.9,0.06,0.1,0.1,Match Report,2022,Newcastle United
2022-02-08,19:45,Premier League,Matchweek 24,Tue,Home,W,3.0,1.0,Everton,2,20.0,9.0,45.0,0.1,0.22,14.0,1.0,0,0,1.9,1.9,0.1,0.1,0.1,Match Report,2022,Newcastle United
2022-02-13,14:00,Premier League,Matchweek 25,Sun,Home,W,1.0,0.0,Aston Villa,1,10.0,2.0,20.0,0.1,0.5,21.5,1.0,0,0,0.5,0.5,0.05,0.5,0.5,Match Report,2022,Newcastle United
2022-02-19,12:30,Premier League,Matchweek 26,Sat,Away,D,1.0,1.0,West Ham,1,14.0,3.0,21.4,0.07,0.33,16.0,0.0,0,0,0.8,0.8,0.06,0.2,0.2,Match Report,2022,Newcastle United
2022-02-26,15:00,Premier League,Matchweek 27,Sat,Away,W,2.0,0.0,Brentford,2,26.0,11.0,42.3,0.08,0.18,15.7,2.0,0,0,2.7,2.7,0.11,-0.7,-0.7,Match Report,2022,Newcastle United
2022-03-05,15:00,Premier League,Matchweek 28,Sat,Home,W,2.0,1.0,Brighton,2,10.0,4.0,40.0,0.2,0.5,12.2,0.0,0,0,1.7,1.7,0.21,0.3,0.3,Match Report,2022,Newcastle United
2022-03-10,19:30,Premier League,Matchweek 21,Thu,Away,W,2.0,1.0,Southampton,2,8.0,3.0,37.5,0.25,0.67,16.4,0.0,0,0,0.6,0.6,0.08,1.4,1.4,Match Report,2022,Newcastle United
2022-03-13,14:00,Premier League,Matchweek 29,Sun,Away,L,0.0,1.0,Chelsea,0,7.0,2.0,28.6,0.0,0.0,18.2,0.0,0,0,0.3,0.3,0.04,-0.3,-0.3,Match Report,2022,Newcastle United
2022-03-17,19:45,Premier League,Matchweek 20,Thu,Away,L,0.0,1.0,Everton,0,17.0,6.0,35.3,0.0,0.0,20.7,1.0,0,0,0.9,0.9,0.05,-0.9,-0.9,Match Report,2022,Newcastle United
2022-04-03,16:30,Premier League,Matchweek 31,Sun,Away,L,1.0,5.0,Tottenham,1,8.0,1.0,12.5,0.13,1.0,18.0,1.0,0,0,0.5,0.5,0.07,0.5,0.5,Match Report,2022,Newcastle United
2022-04-08,20:00,Premier League,Matchweek 32,Fri,Home,W,1.0,0.0,Wolves,1,11.0,3.0,27.3,0.0,0.0,19.7,1.0,1,1,1.5,0.7,0.07,-0.5,-0.7,Match Report,2022,Newcastle United
2022-04-17,14:15,Premier League,Matchweek 33,Sun,Home,W,2.0,1.0,Leicester City,2,16.0,7.0,43.8,0.13,0.29,15.4,1.0,0,0,1.8,1.8,0.14,0.2,0.2,Match Report,2022,Newcastle United
2022-04-20,19:45,Premier League,Matchweek 30,Wed,Home,W,1.0,0.0,Crystal Palace,1,13.0,4.0,30.8,0.08,0.25,18.1,0.0,0,0,0.9,0.9,0.07,0.1,0.1,Match Report,2022,Newcastle United
2022-04-23,15:00,Premier League,Matchweek 34,Sat,Away,W,3.0,0.0,Norwich City,3,13.0,7.0,53.8,0.23,0.43,15.6,0.0,0,0,1.9,1.9,0.15,1.1,1.1,Match Report,2022,Newcastle United
2022-04-30,12:30,Premier League,Matchweek 35,Sat,Home,L,0.0,1.0,Liverpool,0,4.0,2.0,50.0,0.0,0.0,28.3,1.0,0,0,0.2,0.2,0.05,-0.2,-0.2,Match Report,2022,Newcastle United
2022-05-08,16:30,Premier League,Matchweek 36,Sun,Away,L,0.0,5.0,Manchester City,0,7.0,3.0,42.9,0.0,0.0,16.5,0.0,0,0,0.8,0.8,0.12,-0.8,-0.8,Match Report,2022,Newcastle United
2022-05-16,20:00,Premier League,Matchweek 37,Mon,Home,W,2.0,0.0,Arsenal,1,16.0,4.0,25.0,0.06,0.25,19.1,0.0,0,0,1.6,1.6,0.11,-0.6,-0.6,Match Report,2022,Newcastle United
2022-05-22,16:00,Premier League,Matchweek 38,Sun,Away,W,2.0,1.0,Burnley,2,7.0,5.0,71.4,0.14,0.2,23.0,0.0,1,1,1.8,1.0,0.15,0.2,0.0,Match Report,2022,Newcastle United
2021-08-14,15:00,Premier League,Matchweek 1,Sat,Away,L,0.0,3.0,Chelsea,0,4.0,1.0,25.0,0.0,0.0,10.8,0.0,0,0,0.2,0.2,0.05,-0.2,-0.2,Match Report,2022,Crystal Palace
2021-08-21,15:00,Premier League,Matchweek 2,Sat,Home,D,0.0,0.0,Brentford,0,7.0,2.0,28.6,0.0,0.0,15.9,0.0,0,0,0.5,0.5,0.07,-0.5,-0.5,Match Report,2022,Crystal Palace
2021-08-28,15:00,Premier League,Matchweek 3,Sat,Away,D,2.0,2.0,West Ham,2,9.0,2.0,22.2,0.22,1.0,15.2,0.0,0,0,1.1,1.1,0.13,0.9,0.9,Match Report,2022,Crystal Palace
2021-09-11,12:30,Premier League,Matchweek 4,Sat,Home,W,3.0,0.0,Tottenham,3,17.0,3.0,17.6,0.12,0.67,17.5,1.0,1,1,2.1,1.3,0.08,0.9,0.7,Match Report,2022,Crystal Palace
2021-09-18,15:00,Premier League,Matchweek 5,Sat,Away,L,0.0,3.0,Liverpool,0,13.0,2.0,15.4,0.0,0.0,19.0,1.0,0,0,0.6,0.6,0.05,-0.6,-0.6,Match Report,2022,Crystal Palace
2021-09-27,20:00,Premier League,Matchweek 6,Mon,Home,D,1.0,1.0,Brighton,1,7.0,2.0,28.6,0.0,0.0,24.1,1.0,1,1,1.4,0.6,0.09,-0.4,-0.6,Match Report,2022,Crystal Palace
2021-10-03,14:00,Premier League,Matchweek 7,Sun,Home,D,2.0,2.0,Leicester City,2,18.0,4.0,22.2,0.11,0.5,15.3,0.0,0,0,1.5,1.5,0.09,0.5,0.5,Match Report,2022,Crystal Palace
2021-10-18,20:00,Premier League,Matchweek 8,Mon,Away,D,2.0,2.0,Arsenal,2,9.0,6.0,66.7,0.22,0.33,21.4,0.0,0,0,0.7,0.7,0.08,1.3,1.3,Match Report,2022,Crystal Palace
2021-10-23,15:00,Premier League,Matchweek 9,Sat,Home,D,1.0,1.0,Newcastle Utd,1,15.0,3.0,20.0,0.07,0.33,15.6,0.0,0,0,1.9,1.9,0.12,-0.9,-0.9,Match Report,2022,Crystal Palace
2021-10-30,15:00,Premier League,Matchweek 10,Sat,Away,W,2.0,0.0,Manchester City,2,8.0,3.0,37.5,0.25,0.67,15.3,0.0,0,0,0.7,0.7,0.08,1.3,1.3,Match Report,2022,Crystal Palace
2021-11-06,15:00,Premier League,Matchweek 11,Sat,Home,W,2.0,0.0,Wolves,2,13.0,6.0,46.2,0.15,0.33,13.2,0.0,0,0,1.9,1.9,0.15,0.1,0.1,Match Report,2022,Crystal Palace
2021-11-20,15:00,Premier League,Matchweek 12,Sat,Away,D,3.0,3.0,Burnley,3,18.0,8.0,44.4,0.17,0.38,16.4,1.0,0,0,1.9,1.9,0.11,1.1,1.1,Match Report,2022,Crystal Palace
2021-11-27,15:00,Premier League,Matchweek 13,Sat,Home,L,1.0,2.0,Aston Villa,1,8.0,3.0,37.5,0.13,0.33,13.9,0.0,0,0,1.0,1.0,0.12,0.0,0.0,Match Report,2022,Crystal Palace
2021-11-30,20:15,Premier League,Matchweek 14,Tue,Away,L,0.0,1.0,Leeds United,0,9.0,1.0,11.1,0.0,0.0,18.1,1.0,0,0,1.1,1.1,0.13,-1.1,-1.1,Match Report,2022,Crystal Palace
2021-12-05,14:00,Premier League,Matchweek 15,Sun,Away,L,0.0,1.0,Manchester Utd,0,8.0,2.0,25.0,0.0,0.0,19.2,0.0,0,0,0.5,0.5,0.07,-0.5,-0.5,Match Report,2022,Crystal Palace
2021-12-12,16:30,Premier League,Matchweek 16,Sun,Home,W,3.0,1.0,Everton,3,17.0,6.0,35.3,0.18,0.5,16.8,1.0,0,0,1.8,1.8,0.11,1.2,1.2,Match Report,2022,Crystal Palace
2021-12-15,19:30,Premier League,Matchweek 17,Wed,Home,D,2.0,2.0,Southampton,2,9.0,6.0,66.7,0.22,0.33,10.9,0.0,0,0,1.2,1.2,0.14,0.8,0.8,Match Report,2022,Crystal Palace
2021-12-26,15:00,Premier League,Matchweek 19,Sun,Away,L,0.0,3.0,Tottenham,0,4.0,0.0,0.0,0.0,,17.7,0.0,0,0,0.2,0.2,0.06,-0.2,-0.2,Match Report,2022,Crystal Palace
2021-12-28,15:00,Premier League,Matchweek 20,Tue,Home,W,3.0,0.0,Norwich City,3,18.0,5.0,27.8,0.11,0.4,13.3,0.0,1,1,1.9,1.2,0.07,1.1,0.8,Match Report,2022,Crystal Palace
2022-01-01,17:30,Premier League,Matchweek 21,Sat,Home,L,2.0,3.0,West Ham,2,22.0,6.0,27.3,0.09,0.33,15.8,2.0,0,0,2.4,2.4,0.11,-0.4,-0.4,Match Report,2022,Crystal Palace
2022-01-14,20:00,Premier League,Matchweek 22,Fri,Away,D,1.0,1.0,Brighton,1,3.0,1.0,33.3,0.33,1.0,22.2,0.0,0,0,0.2,0.2,0.06,0.8,0.8,Match Report,2022,Crystal Palace
2022-01-23,14:00,Premier League,Matchweek 23,Sun,Home,L,1.0,3.0,Liverpool,1,8.0,5.0,62.5,0.13,0.2,12.2,0.0,0,0,2.2,2.2,0.27,-1.2,-1.2,Match Report,2022,Crystal Palace
2022-02-09,19:45,Premier League,Matchweek 24,Wed,Away,D,1.0,1.0,Norwich City,1,12.0,5.0,41.7,0.08,0.2,22.3,1.0,0,1,1.3,0.5,0.04,-0.3,0.5,Match Report,2022,Crystal Palace
2022-02-12,15:00,Premier League,Matchweek 25,Sat,Away,D,0.0,0.0,Brentford,0,6.0,3.0,50.0,0.0,0.0,21.6,0.0,0,0,0.3,0.3,0.04,-0.3,-0.3,Match Report,2022,Crystal Palace
2022-02-19,15:00,Premier League,Matchweek 26,Sat,Home,L,0.0,1.0,Chelsea,0,7.0,0.0,0.0,0.0,,14.6,0.0,0,0,0.5,0.5,0.07,-0.5,-0.5,Match Report,2022,Crystal Palace
2022-02-23,19:30,Premier League,Matchweek 18,Wed,Away,W,4.0,1.0,Watford,4,7.0,5.0,71.4,0.57,0.8,15.1,0.0,0,0,1.1,1.1,0.16,2.9,2.9,Match Report,2022,Crystal Palace
2022-02-26,15:00,Premier League,Matchweek 27,Sat,Home,D,1.0,1.0,Burnley,1,11.0,4.0,36.4,0.09,0.25,18.7,2.0,0,0,1.0,1.0,0.09,0.0,0.0,Match Report,2022,Crystal Palace
2022-03-05,15:00,Premier League,Matchweek 28,Sat,Away,W,2.0,0.0,Wolves,2,11.0,7.0,63.6,0.09,0.14,15.1,0.0,1,1,2.7,2.0,0.2,-0.7,-1.0,Match Report,2022,Crystal Palace
2022-03-14,20:00,Premier League,Matchweek 29,Mon,Home,D,0.0,0.0,Manchester City,0,7.0,1.0,14.3,0.0,0.0,14.7,0.0,0,0,0.6,0.6,0.09,-0.6,-0.6,Match Report,2022,Crystal Palace
2022-04-04,20:00,Premier League,Matchweek 31,Mon,Home,W,3.0,0.0,Arsenal,3,5.0,4.0,80.0,0.4,0.5,21.0,1.0,1,1,1.5,0.7,0.14,1.5,1.3,Match Report,2022,Crystal Palace
2022-04-10,14:00,Premier League,Matchweek 32,Sun,Away,L,1.0,2.0,Leicester City,1,10.0,2.0,20.0,0.1,0.5,14.0,0.0,0,1,1.4,0.6,0.06,-0.4,0.4,Match Report,2022,Crystal Palace
2022-04-20,19:45,Premier League,Matchweek 30,Wed,Away,L,0.0,1.0,Newcastle Utd,0,10.0,2.0,20.0,0.0,0.0,15.4,0.0,0,0,0.5,0.5,0.05,-0.5,-0.5,Match Report,2022,Crystal Palace
2022-04-25,20:00,Premier League,Matchweek 34,Mon,Home,D,0.0,0.0,Leeds United,0,17.0,7.0,41.2,0.0,0.0,13.6,0.0,0,0,1.9,1.9,0.11,-1.9,-1.9,Match Report,2022,Crystal Palace
2022-04-30,15:00,Premier League,Matchweek 35,Sat,Away,W,2.0,1.0,Southampton,2,14.0,5.0,35.7,0.14,0.4,13.9,0.0,0,0,1.1,1.1,0.08,0.9,0.9,Match Report,2022,Crystal Palace
2022-05-07,15:00,Premier League,Matchweek 36,Sat,Home,W,1.0,0.0,Watford,1,14.0,6.0,42.9,0.0,0.0,15.8,1.0,1,1,2.2,1.4,0.11,-1.2,-1.4,Match Report,2022,Crystal Palace
2022-05-15,14:00,Premier League,Matchweek 37,Sun,Away,D,1.0,1.0,Aston Villa,1,16.0,4.0,25.0,0.06,0.25,17.6,0.0,0,0,1.4,1.4,0.09,-0.4,-0.4,Match Report,2022,Crystal Palace
2022-05-19,19:45,Premier League,Matchweek 33,Thu,Away,L,2.0,3.0,Everton,2,7.0,5.0,71.4,0.29,0.4,14.2,0.0,0,0,1.1,1.1,0.17,0.9,0.9,Match Report,2022,Crystal Palace
2022-05-22,16:00,Premier League,Matchweek 38,Sun,Home,W,1.0,0.0,Manchester Utd,1,6.0,3.0,50.0,0.17,0.33,14.1,0.0,0,0,0.6,0.6,0.1,0.4,0.4,Match Report,2022,Crystal Palace
2021-08-13,20:00,Premier League,Matchweek 1,Fri,Home,W,2.0,0.0,Arsenal,2,8.0,3.0,37.5,0.25,0.67,12.1,0.0,0,0,1.2,1.2,0.15,0.8,0.8,Match Report,2022,Brentford
2021-08-21,15:00,Premier League,Matchweek 2,Sat,Away,D,0.0,0.0,Crystal Palace,0,14.0,3.0,21.4,0.0,0.0,18.0,1.0,0,0,0.9,0.9,0.06,-0.9,-0.9,Match Report,2022,Brentford
2021-08-28,15:00,Premier League,Matchweek 3,Sat,Away,D,1.0,1.0,Aston Villa,1,9.0,2.0,22.2,0.11,0.5,15.6,0.0,0,0,0.9,0.9,0.1,0.1,0.1,Match Report,2022,Brentford
2021-09-11,15:00,Premier League,Matchweek 4,Sat,Home,L,0.0,1.0,Brighton,0,7.0,1.0,14.3,0.0,0.0,20.3,0.0,0,0,0.4,0.4,0.06,-0.4,-0.4,Match Report,2022,Brentford
2021-09-18,12:30,Premier League,Matchweek 5,Sat,Away,W,2.0,0.0,Wolves,2,8.0,2.0,25.0,0.13,0.5,18.7,0.0,1,1,2.5,1.7,0.21,-0.5,-0.7,Match Report,2022,Brentford
2021-09-25,17:30,Premier League,Matchweek 6,Sat,Home,D,3.0,3.0,Liverpool,3,12.0,3.0,25.0,0.25,1.0,12.0,0.0,0,0,2.1,2.1,0.19,0.9,0.9,Match Report,2022,Brentford
2021-10-03,14:00,Premier League,Matchweek 7,Sun,Away,W,2.0,1.0,West Ham,2,13.0,6.0,46.2,0.15,0.33,13.9,1.0,0,0,1.2,1.2,0.1,0.8,0.8,Match Report,2022,Brentford
2021-10-16,17:30,Premier League,Matchweek 8,Sat,Home,L,0.0,1.0,Chelsea,0,17.0,6.0,35.3,0.0,0.0,14.5,0.0,0,0,1.4,1.4,0.09,-1.4,-1.4,Match Report,2022,Brentford
2021-10-24,14:00,Premier League,Matchweek 9,Sun,Home,L,1.0,2.0,Leicester City,1,15.0,5.0,33.3,0.07,0.2,16.3,0.0,0,0,1.0,1.0,0.07,0.0,0.0,Match Report,2022,Brentford
2021-10-30,15:00,Premier League,Matchweek 10,Sat,Away,L,1.0,3.0,Burnley,1,12.0,4.0,33.3,0.08,0.25,18.2,1.0,0,0,0.8,0.8,0.07,0.2,0.2,Match Report,2022,Brentford
2021-11-06,15:00,Premier League,Matchweek 11,Sat,Home,L,1.0,2.0,Norwich City,1,19.0,7.0,36.8,0.05,0.14,10.8,0.0,0,0,2.5,2.5,0.14,-1.5,-1.5,Match Report,2022,Brentford
2021-11-20,15:00,Premier League,Matchweek 12,Sat,Away,D,3.0,3.0,Newcastle Utd,2,10.0,3.0,30.0,0.2,0.67,18.5,1.0,0,0,0.9,0.9,0.09,1.1,1.1,Match Report,2022,Brentford
2021-11-28,14:00,Premier League,Matchweek 13,Sun,Home,W,1.0,0.0,Everton,1,5.0,3.0,60.0,0.0,0.0,18.9,0.0,1,1,1.2,0.4,0.09,-0.2,-0.4,Match Report,2022,Brentford
2021-12-02,19:30,Premier League,Matchweek 14,Thu,Away,L,0.0,2.0,Tottenham,0,6.0,2.0,33.3,0.0,0.0,17.1,0.0,0,0,0.3,0.3,0.05,-0.3,-0.3,Match Report,2022,Brentford
2021-12-05,14:00,Premier League,Matchweek 15,Sun,Away,D,2.0,2.0,Leeds United,2,9.0,3.0,33.3,0.22,0.67,16.7,1.0,0,0,1.0,1.0,0.12,1.0,1.0,Match Report,2022,Brentford
2021-12-10,20:00,Premier League,Matchweek 16,Fri,Home,W,2.0,1.0,Watford,2,13.0,4.0,30.8,0.08,0.25,15.5,0.0,1,1,1.6,0.8,0.06,0.4,0.2,Match Report,2022,Brentford
2021-12-26,20:00,Premier League,Matchweek 19,Sun,Away,L,0.0,2.0,Brighton,0,16.0,5.0,31.3,0.0,0.0,17.1,0.0,0,0,0.7,0.7,0.04,-0.7,-0.7,Match Report,2022,Brentford
2021-12-29,20:15,Premier League,Matchweek 20,Wed,Home,L,0.0,1.0,Manchester City,0,6.0,2.0,33.3,0.0,0.0,24.6,0.0,0,0,0.4,0.4,0.06,-0.4,-0.4,Match Report,2022,Brentford
2022-01-02,14:00,Premier League,Matchweek 21,Sun,Home,W,2.0,1.0,Aston Villa,2,10.0,4.0,40.0,0.2,0.5,17.7,0.0,0,0,0.6,0.6,0.06,1.4,1.4,Match Report,2022,Brentford
2022-01-11,19:45,Premier League,Matchweek 18,Tue,Away,L,1.0,4.0,Southampton,1,5.0,4.0,80.0,0.2,0.25,12.8,0.0,0,0,0.5,0.5,0.11,0.5,0.5,Match Report,2022,Brentford
2022-01-16,14:00,Premier League,Matchweek 22,Sun,Away,L,0.0,3.0,Liverpool,0,6.0,1.0,16.7,0.0,0.0,21.2,0.0,0,0,0.7,0.7,0.12,-0.7,-0.7,Match Report,2022,Brentford
2022-01-19,20:00,Premier League,Matchweek 17,Wed,Home,L,1.0,3.0,Manchester Utd,1,18.0,9.0,50.0,0.06,0.11,16.7,0.0,0,0,2.3,2.3,0.14,-1.3,-1.3,Match Report,2022,Brentford
2022-01-22,15:00,Premier League,Matchweek 23,Sat,Home,L,1.0,2.0,Wolves,1,11.0,1.0,9.1,0.09,1.0,13.6,1.0,0,0,1.1,1.1,0.11,-0.1,-0.1,Match Report,2022,Brentford
2022-02-09,19:45,Premier League,Matchweek 24,Wed,Away,L,0.0,2.0,Manchester City,0,6.0,2.0,33.3,0.0,0.0,18.3,0.0,0,0,0.4,0.4,0.06,-0.4,-0.4,Match Report,2022,Brentford
2022-02-12,15:00,Premier League,Matchweek 25,Sat,Home,D,0.0,0.0,Crystal Palace,0,9.0,2.0,22.2,0.0,0.0,12.9,0.0,0,0,1.6,1.6,0.18,-1.6,-1.6,Match Report,2022,Brentford
2022-02-19,15:00,Premier League,Matchweek 26,Sat,Away,L,1.0,2.0,Arsenal,1,6.0,2.0,33.3,0.17,0.5,20.7,0.0,0,0,0.6,0.6,0.11,0.4,0.4,Match Report,2022,Brentford
2022-02-26,15:00,Premier League,Matchweek 27,Sat,Home,L,0.0,2.0,Newcastle Utd,0,6.0,1.0,16.7,0.0,0.0,16.5,0.0,0,0,0.4,0.4,0.06,-0.4,-0.4,Match Report,2022,Brentford
2022-03-05,15:00,Premier League,Matchweek 28,Sat,Away,W,3.0,1.0,Norwich City,3,8.0,4.0,50.0,0.13,0.25,21.4,0.0,2,2,2.0,0.4,0.05,1.0,0.6,Match Report,2022,Brentford
2022-03-12,15:00,Premier League,Matchweek 29,Sat,Home,W,2.0,0.0,Burnley,2,12.0,2.0,16.7,0.08,0.5,21.5,0.0,1,1,1.9,1.1,0.09,0.1,-0.1,Match Report,2022,Brentford
2022-03-20,14:00,Premier League,Matchweek 30,Sun,Away,L,1.0,2.0,Leicester City,1,15.0,6.0,40.0,0.07,0.17,14.9,0.0,0,0,1.3,1.3,0.09,-0.3,-0.3,Match Report,2022,Brentford
2022-04-02,15:00,Premier League,Matchweek 31,Sat,Away,W,4.0,1.0,Chelsea,4,17.0,6.0,35.3,0.24,0.67,13.5,1.0,0,0,1.8,1.8,0.11,2.2,2.2,Match Report,2022,Brentford
2022-04-10,14:00,Premier League,Matchweek 32,Sun,Home,W,2.0,0.0,West Ham,2,15.0,7.0,46.7,0.13,0.29,15.8,0.0,0,0,1.4,1.4,0.09,0.6,0.6,Match Report,2022,Brentford
2022-04-16,15:00,Premier League,Matchweek 33,Sat,Away,W,2.0,1.0,Watford,2,16.0,5.0,31.3,0.13,0.4,19.7,0.0,0,0,1.9,1.9,0.12,0.1,0.1,Match Report,2022,Brentford
2022-04-23,17:30,Premier League,Matchweek 34,Sat,Home,D,0.0,0.0,Tottenham,0,15.0,1.0,6.7,0.0,0.0,15.3,1.0,0,0,0.9,0.9,0.06,-0.9,-0.9,Match Report,2022,Brentford
2022-05-02,20:00,Premier League,Matchweek 35,Mon,Away,L,0.0,3.0,Manchester Utd,0,12.0,4.0,33.3,0.0,0.0,18.9,1.0,0,0,0.6,0.6,0.05,-0.6,-0.6,Match Report,2022,Brentford
2022-05-07,15:00,Premier League,Matchweek 36,Sat,Home,W,3.0,0.0,Southampton,3,18.0,5.0,27.8,0.17,0.6,13.9,1.0,0,0,2.6,2.6,0.15,0.4,0.4,Match Report,2022,Brentford
2022-05-15,16:30,Premier League,Matchweek 37,Sun,Away,W,3.0,2.0,Everton,2,18.0,6.0,33.3,0.11,0.33,18.1,1.0,0,0,1.4,1.4,0.08,0.6,0.6,Match Report,2022,Brentford
2022-05-22,16:00,Premier League,Matchweek 38,Sun,Home,L,1.0,2.0,Leeds United,1,14.0,5.0,35.7,0.07,0.2,13.7,0.0,0,0,0.8,0.8,0.06,0.2,0.2,Match Report,2022,Brentford
2021-08-14,15:00,Premier League,Matchweek 1,Sat,Away,L,2.0,3.0,Watford,2,10.0,1.0,10.0,0.1,1.0,22.8,1.0,1,1,1.2,0.4,0.04,0.8,0.6,Match Report,2022,Aston Villa
2021-08-21,15:00,Premier League,Matchweek 2,Sat,Home,W,2.0,0.0,Newcastle Utd,2,9.0,1.0,11.1,0.11,1.0,19.5,0.0,1,1,1.2,0.6,0.06,0.8,0.4,Match Report,2022,Aston Villa
2021-08-28,15:00,Premier League,Matchweek 3,Sat,Home,D,1.0,1.0,Brentford,1,7.0,5.0,71.4,0.14,0.2,13.8,0.0,0,0,0.7,0.7,0.1,0.3,0.3,Match Report,2022,Aston Villa
2021-09-11,17:30,Premier League,Matchweek 4,Sat,Away,L,0.0,3.0,Chelsea,0,18.0,6.0,33.3,0.0,0.0,18.6,0.0,0,0,1.2,1.2,0.07,-1.2,-1.2,Match Report,2022,Aston Villa
2021-09-18,17:30,Premier League,Matchweek 5,Sat,Home,W,3.0,0.0,Everton,2,15.0,3.0,20.0,0.13,0.67,19.3,1.0,0,0,0.8,0.8,0.06,1.2,1.2,Match Report,2022,Aston Villa
2021-09-25,12:30,Premier League,Matchweek 6,Sat,Away,W,1.0,0.0,Manchester Utd,1,7.0,3.0,42.9,0.14,0.33,14.1,1.0,0,0,1.0,1.0,0.15,0.0,0.0,Match Report,2022,Aston Villa
2021-10-03,14:00,Premier League,Matchweek 7,Sun,Away,L,1.0,2.0,Tottenham,1,14.0,3.0,21.4,0.07,0.33,18.0,0.0,0,0,1.2,1.2,0.09,-0.2,-0.2,Match Report,2022,Aston Villa
2021-10-16,15:00,Premier League,Matchweek 8,Sat,Home,L,2.0,3.0,Wolves,2,14.0,5.0,35.7,0.14,0.4,18.0,0.0,0,0,1.0,1.0,0.07,1.0,1.0,Match Report,2022,Aston Villa
2021-10-22,20:00,Premier League,Matchweek 9,Fri,Away,L,1.0,3.0,Arsenal,1,10.0,4.0,40.0,0.1,0.25,17.2,1.0,0,0,1.4,1.4,0.14,-0.4,-0.4,Match Report,2022,Aston Villa
2021-10-31,16:30,Premier League,Matchweek 10,Sun,Home,L,1.0,4.0,West Ham,1,9.0,3.0,33.3,0.11,0.33,16.4,0.0,0,0,0.7,0.7,0.08,0.3,0.3,Match Report,2022,Aston Villa
2021-11-05,20:00,Premier League,Matchweek 11,Fri,Away,L,0.0,1.0,Southampton,0,14.0,3.0,21.4,0.0,0.0,19.5,1.0,0,0,0.6,0.6,0.04,-0.6,-0.6,Match Report,2022,Aston Villa
2021-11-20,15:00,Premier League,Matchweek 12,Sat,Home,W,2.0,0.0,Brighton,2,9.0,5.0,55.6,0.22,0.4,16.5,0.0,0,0,0.7,0.7,0.08,1.3,1.3,Match Report,2022,Aston Villa
2021-11-27,15:00,Premier League,Matchweek 13,Sat,Away,W,2.0,1.0,Crystal Palace,2,10.0,3.0,30.0,0.2,0.67,20.5,2.0,0,0,0.5,0.5,0.05,1.5,1.5,Match Report,2022,Aston Villa
2021-12-01,20:15,Premier League,Matchweek 14,Wed,Home,L,1.0,2.0,Manchester City,1,9.0,3.0,33.3,0.11,0.33,13.1,0.0,0,0,0.8,0.8,0.09,0.2,0.2,Match Report,2022,Aston Villa
2021-12-05,16:30,Premier League,Matchweek 15,Sun,Home,W,2.0,1.0,Leicester City,2,13.0,4.0,30.8,0.15,0.5,13.9,0.0,0,0,2.1,2.1,0.17,-0.1,-0.1,Match Report,2022,Aston Villa
2021-12-11,15:00,Premier League,Matchweek 16,Sat,Away,L,0.0,1.0,Liverpool,0,4.0,0.0,0.0,0.0,,23.6,1.0,0,0,0.2,0.2,0.05,-0.2,-0.2,Match Report,2022,Aston Villa
2021-12-14,19:45,Premier League,Matchweek 17,Tue,Away,W,2.0,0.0,Norwich City,2,17.0,6.0,35.3,0.12,0.33,16.7,0.0,0,0,2.0,2.0,0.12,0.0,0.0,Match Report,2022,Aston Villa
2021-12-26,17:30,Premier League,Matchweek 19,Sun,Home,L,1.0,3.0,Chelsea,0,8.0,1.0,12.5,0.0,0.0,18.8,0.0,0,0,0.4,0.4,0.06,-0.4,-0.4,Match Report,2022,Aston Villa
2022-01-02,14:00,Premier League,Matchweek 21,Sun,Away,L,1.0,2.0,Brentford,1,16.0,5.0,31.3,0.06,0.2,17.1,0.0,0,0,0.8,0.8,0.05,0.2,0.2,Match Report,2022,Aston Villa
2022-01-15,17:30,Premier League,Matchweek 22,Sat,Home,D,2.0,2.0,Manchester Utd,2,13.0,9.0,69.2,0.15,0.22,12.7,0.0,0,0,1.9,1.9,0.15,0.1,0.1,Match Report,2022,Aston Villa
2022-01-22,12:30,Premier League,Matchweek 23,Sat,Away,W,1.0,0.0,Everton,1,8.0,3.0,37.5,0.13,0.33,19.8,2.0,0,0,0.8,0.8,0.1,0.2,0.2,Match Report,2022,Aston Villa
2022-02-09,20:00,Premier League,Matchweek 24,Wed,Home,D,3.0,3.0,Leeds United,3,12.0,4.0,33.3,0.25,0.75,15.7,0.0,0,0,1.6,1.6,0.14,1.4,1.4,Match Report,2022,Aston Villa
2022-02-13,14:00,Premier League,Matchweek 25,Sun,Away,L,0.0,1.0,Newcastle Utd,0,11.0,1.0,9.1,0.0,0.0,19.9,1.0,0,0,0.6,0.6,0.05,-0.6,-0.6,Match Report,2022,Aston Villa
2022-02-19,15:00,Premier League,Matchweek 26,Sat,Home,L,0.0,1.0,Watford,0,20.0,1.0,5.0,0.0,0.0,21.0,1.0,0,0,1.3,1.3,0.07,-1.3,-1.3,Match Report,2022,Aston Villa
2022-02-26,15:00,Premier League,Matchweek 27,Sat,Away,W,2.0,0.0,Brighton,2,9.0,4.0,44.4,0.22,0.5,17.5,1.0,0,0,1.0,1.0,0.11,1.0,1.0,Match Report,2022,Aston Villa
2022-03-05,15:00,Premier League,Matchweek 28,Sat,Home,W,4.0,0.0,Southampton,4,14.0,9.0,64.3,0.29,0.44,15.7,0.0,0,0,2.5,2.5,0.2,1.5,1.5,Match Report,2022,Aston Villa
2022-03-10,19:45,Premier League,Matchweek 20,Thu,Away,W,3.0,0.0,Leeds United,3,15.0,9.0,60.0,0.2,0.33,19.6,1.0,0,0,1.5,1.5,0.1,1.5,1.5,Match Report,2022,Aston Villa
2022-03-13,14:00,Premier League,Matchweek 29,Sun,Away,L,1.0,2.0,West Ham,1,13.0,7.0,53.8,0.08,0.14,14.9,1.0,0,0,1.1,1.1,0.09,-0.1,-0.1,Match Report,2022,Aston Villa
2022-03-19,12:30,Premier League,Matchweek 30,Sat,Home,L,0.0,1.0,Arsenal,0,8.0,1.0,12.5,0.0,0.0,16.8,2.0,0,0,0.5,0.5,0.06,-0.5,-0.5,Match Report,2022,Aston Villa
2022-04-02,15:00,Premier League,Matchweek 31,Sat,Away,L,1.0,2.0,Wolves,1,14.0,4.0,28.6,0.0,0.0,20.0,1.0,1,1,2.1,1.5,0.11,-1.1,-1.5,Match Report,2022,Aston Villa
2022-04-09,17:30,Premier League,Matchweek 32,Sat,Home,L,0.0,4.0,Tottenham,0,19.0,8.0,42.1,0.0,0.0,16.3,1.0,0,0,1.6,1.6,0.09,-1.6,-1.6,Match Report,2022,Aston Villa
2022-04-23,15:00,Premier League,Matchweek 34,Sat,Away,D,0.0,0.0,Leicester City,0,11.0,3.0,27.3,0.0,0.0,17.9,0.0,0,0,0.9,0.9,0.08,-0.9,-0.9,Match Report,2022,Aston Villa
2022-04-30,15:00,Premier League,Matchweek 35,Sat,Home,W,2.0,0.0,Norwich City,2,21.0,6.0,28.6,0.1,0.33,15.7,0.0,0,0,1.8,1.8,0.09,0.2,0.2,Match Report,2022,Aston Villa
2022-05-07,15:00,Premier League,Matchweek 36,Sat,Away,W,3.0,1.0,Burnley,3,12.0,7.0,58.3,0.25,0.43,18.3,1.0,0,0,2.1,2.1,0.17,0.9,0.9,Match Report,2022,Aston Villa
2022-05-10,20:00,Premier League,Matchweek 33,Tue,Home,L,1.0,2.0,Liverpool,1,9.0,4.0,44.4,0.11,0.25,13.7,0.0,0,0,1.4,1.4,0.18,-0.4,-0.4,Match Report,2022,Aston Villa
2022-05-15,14:00,Premier League,Matchweek 37,Sun,Home,D,1.0,1.0,Crystal Palace,1,13.0,4.0,30.8,0.08,0.25,18.7,0.0,0,0,1.0,1.0,0.08,0.0,0.0,Match Report,2022,Aston Villa
2022-05-19,20:00,Premier League,Matchweek 18,Thu,Home,D,1.0,1.0,Burnley,1,22.0,9.0,40.9,0.05,0.11,19.4,0.0,0,0,1.5,1.5,0.07,-0.5,-0.5,Match Report,2022,Aston Villa
2022-05-22,16:00,Premier League,Matchweek 38,Sun,Away,L,2.0,3.0,Manchester City,2,4.0,2.0,50.0,0.5,1.0,16.8,0.0,0,0,0.2,0.2,0.06,1.8,1.8,Match Report,2022,Aston Villa
2021-08-14,15:00,Premier League,Matchweek 1,Sat,Away,L,1.0,3.0,Everton,1,6.0,3.0,50.0,0.17,0.33,15.5,0.0,0,0,0.8,0.8,0.14,0.2,0.2,Match Report,2022,Southampton
2021-08-22,14:00,Premier League,Matchweek 2,Sun,Home,D,1.0,1.0,Manchester Utd,0,8.0,3.0,37.5,0.0,0.0,21.5,2.0,0,0,0.7,0.7,0.08,-0.7,-0.7,Match Report,2022,Southampton
2021-08-28,15:00,Premier League,Matchweek 3,Sat,Away,D,2.0,2.0,Newcastle Utd,2,21.0,5.0,23.8,0.05,0.2,19.2,1.0,1,1,3.6,2.9,0.16,-1.6,-1.9,Match Report,2022,Southampton
2021-09-11,15:00,Premier League,Matchweek 4,Sat,Home,D,0.0,0.0,West Ham,0,11.0,2.0,18.2,0.0,0.0,14.2,0.0,0,0,0.7,0.7,0.07,-0.7,-0.7,Match Report,2022,Southampton
2021-09-18,15:00,Premier League,Matchweek 5,Sat,Away,D,0.0,0.0,Manchester City,0,10.0,2.0,20.0,0.0,0.0,19.8,0.0,0,0,0.4,0.4,0.04,-0.4,-0.4,Match Report,2022,Southampton
2021-09-26,14:00,Premier League,Matchweek 6,Sun,Home,L,0.0,1.0,Wolves,0,18.0,6.0,33.3,0.0,0.0,20.7,1.0,0,0,1.0,1.0,0.06,-1.0,-1.0,Match Report,2022,Southampton
2021-10-02,15:00,Premier League,Matchweek 7,Sat,Away,L,1.0,3.0,Chelsea,1,5.0,1.0,20.0,0.0,0.0,24.0,0.0,1,1,1.3,0.6,0.11,-0.3,-0.6,Match Report,2022,Southampton
2021-10-16,15:00,Premier League,Matchweek 8,Sat,Home,W,1.0,0.0,Leeds United,1,19.0,4.0,21.1,0.05,0.25,18.7,1.0,0,0,1.9,1.9,0.1,-0.9,-0.9,Match Report,2022,Southampton
2021-10-23,15:00,Premier League,Matchweek 9,Sat,Home,D,2.0,2.0,Burnley,2,16.0,4.0,25.0,0.13,0.5,16.9,0.0,0,0,1.6,1.6,0.1,0.4,0.4,Match Report,2022,Southampton
2021-10-30,15:00,Premier League,Matchweek 10,Sat,Away,W,1.0,0.0,Watford,1,12.0,1.0,8.3,0.08,1.0,15.0,0.0,0,0,1.8,1.8,0.15,-0.8,-0.8,Match Report,2022,Southampton
2021-11-05,20:00,Premier League,Matchweek 11,Fri,Home,W,1.0,0.0,Aston Villa,1,9.0,3.0,33.3,0.11,0.33,15.6,0.0,0,0,0.6,0.6,0.07,0.4,0.4,Match Report,2022,Southampton
2021-11-20,15:00,Premier League,Matchweek 12,Sat,Away,L,1.0,2.0,Norwich City,1,17.0,5.0,29.4,0.06,0.2,18.8,0.0,0,0,1.0,1.0,0.06,0.0,0.0,Match Report,2022,Southampton
2021-11-27,15:00,Premier League,Matchweek 13,Sat,Away,L,0.0,4.0,Liverpool,0,7.0,3.0,42.9,0.0,0.0,10.5,0.0,0,0,1.0,1.0,0.15,-1.0,-1.0,Match Report,2022,Southampton
2021-12-01,19:30,Premier League,Matchweek 14,Wed,Home,D,2.0,2.0,Leicester City,2,15.0,7.0,46.7,0.13,0.29,14.9,0.0,0,0,1.5,1.5,0.1,0.5,0.5,Match Report,2022,Southampton
2021-12-04,15:00,Premier League,Matchweek 15,Sat,Home,D,1.0,1.0,Brighton,1,14.0,4.0,28.6,0.07,0.25,17.6,1.0,0,0,1.6,1.6,0.12,-0.6,-0.6,Match Report,2022,Southampton
2021-12-11,15:00,Premier League,Matchweek 16,Sat,Away,L,0.0,3.0,Arsenal,0,11.0,6.0,54.5,0.0,0.0,22.1,3.0,0,0,0.6,0.6,0.06,-0.6,-0.6,Match Report,2022,Southampton
2021-12-15,19:30,Premier League,Matchweek 17,Wed,Away,D,2.0,2.0,Crystal Palace,2,15.0,4.0,26.7,0.13,0.5,21.3,1.0,0,0,0.6,0.6,0.04,1.4,1.4,Match Report,2022,Southampton
2021-12-26,15:00,Premier League,Matchweek 19,Sun,Away,W,3.0,2.0,West Ham,3,10.0,5.0,50.0,0.2,0.4,22.8,0.0,1,1,1.2,0.4,0.04,1.8,1.6,Match Report,2022,Southampton
2021-12-28,15:00,Premier League,Matchweek 20,Tue,Home,D,1.0,1.0,Tottenham,1,9.0,2.0,22.2,0.11,0.5,20.7,0.0,0,0,0.4,0.4,0.04,0.6,0.6,Match Report,2022,Southampton
2022-01-11,19:45,Premier League,Matchweek 18,Tue,Home,W,4.0,1.0,Brentford,3,12.0,6.0,50.0,0.25,0.5,17.9,0.0,0,0,1.4,1.4,0.12,1.6,1.6,Match Report,2022,Southampton
2022-01-15,15:00,Premier League,Matchweek 22,Sat,Away,L,1.0,3.0,Wolves,1,13.0,10.0,76.9,0.08,0.1,20.4,2.0,0,0,0.8,0.8,0.06,0.2,0.2,Match Report,2022,Southampton
2022-01-22,17:30,Premier League,Matchweek 23,Sat,Home,D,1.0,1.0,Manchester City,1,7.0,3.0,42.9,0.14,0.33,11.0,0.0,0,0,0.8,0.8,0.12,0.2,0.2,Match Report,2022,Southampton
2022-02-09,19:45,Premier League,Matchweek 24,Wed,Away,W,3.0,2.0,Tottenham,3,23.0,9.0,39.1,0.13,0.33,16.8,0.0,0,0,2.2,2.2,0.1,0.8,0.8,Match Report,2022,Southampton
2022-02-12,12:30,Premier League,Matchweek 25,Sat,Away,D,1.0,1.0,Manchester Utd,1,13.0,4.0,30.8,0.08,0.25,21.1,0.0,0,0,0.8,0.8,0.07,0.2,0.2,Match Report,2022,Southampton
2022-02-19,15:00,Premier League,Matchweek 26,Sat,Home,W,2.0,0.0,Everton,2,19.0,11.0,57.9,0.11,0.18,15.4,1.0,0,0,2.5,2.5,0.13,-0.5,-0.5,Match Report,2022,Southampton
2022-02-25,20:00,Premier League,Matchweek 27,Fri,Home,W,2.0,0.0,Norwich City,2,27.0,9.0,33.3,0.07,0.22,15.9,1.0,0,0,2.6,2.6,0.1,-0.6,-0.6,Match Report,2022,Southampton
2022-03-05,15:00,Premier League,Matchweek 28,Sat,Away,L,0.0,4.0,Aston Villa,0,11.0,1.0,9.1,0.0,0.0,19.1,1.0,0,0,1.1,1.1,0.1,-1.1,-1.1,Match Report,2022,Southampton
2022-03-10,19:30,Premier League,Matchweek 21,Thu,Home,L,1.0,2.0,Newcastle Utd,1,14.0,5.0,35.7,0.07,0.2,13.9,0.0,0,0,1.1,1.1,0.08,-0.1,-0.1,Match Report,2022,Southampton
2022-03-13,14:00,Premier League,Matchweek 29,Sun,Home,L,1.0,2.0,Watford,1,13.0,6.0,46.2,0.08,0.17,12.8,1.0,0,0,1.4,1.4,0.11,-0.4,-0.4,Match Report,2022,Southampton
2022-04-02,15:00,Premier League,Matchweek 31,Sat,Away,D,1.0,1.0,Leeds United,1,14.0,5.0,35.7,0.07,0.2,16.4,1.0,0,0,1.4,1.4,0.12,-0.4,-0.4,Match Report,2022,Southampton
2022-04-09,15:00,Premier League,Matchweek 32,Sat,Home,L,0.0,6.0,Chelsea,0,4.0,1.0,25.0,0.0,0.0,17.0,0.0,0,0,0.5,0.5,0.12,-0.5,-0.5,Match Report,2022,Southampton
2022-04-16,15:00,Premier League,Matchweek 33,Sat,Home,W,1.0,0.0,Arsenal,1,9.0,3.0,33.3,0.11,0.33,15.9,1.0,0,0,0.8,0.8,0.09,0.2,0.2,Match Report,2022,Southampton
2022-04-21,19:45,Premier League,Matchweek 30,Thu,Away,L,0.0,2.0,Burnley,0,11.0,3.0,27.3,0.0,0.0,15.1,1.0,0,0,0.9,0.9,0.08,-0.9,-0.9,Match Report,2022,Southampton
2022-04-24,14:00,Premier League,Matchweek 34,Sun,Away,D,2.0,2.0,Brighton,2,18.0,5.0,27.8,0.11,0.4,20.4,1.0,0,0,0.9,0.9,0.05,1.1,1.1,Match Report,2022,Southampton
2022-04-30,15:00,Premier League,Matchweek 35,Sat,Home,L,1.0,2.0,Crystal Palace,1,8.0,3.0,37.5,0.13,0.33,16.4,0.0,0,0,0.6,0.6,0.08,0.4,0.4,Match Report,2022,Southampton
2022-05-07,15:00,Premier League,Matchweek 36,Sat,Away,L,0.0,3.0,Brentford,0,19.0,4.0,21.1,0.0,0.0,18.8,2.0,0,0,1.4,1.4,0.07,-1.4,-1.4,Match Report,2022,Southampton
2022-05-17,19:45,Premier League,Matchweek 37,Tue,Home,L,1.0,2.0,Liverpool,1,4.0,2.0,50.0,0.25,0.5,25.2,1.0,0,0,0.1,0.1,0.03,0.9,0.9,Match Report,2022,Southampton
2022-05-22,16:00,Premier League,Matchweek 38,Sun,Away,L,1.0,4.0,Leicester City,1,6.0,1.0,16.7,0.0,0.0,18.9,1.0,1,1,1.1,0.4,0.06,-0.1,-0.4,Match Report,2022,Southampton
2021-08-14,15:00,Premier League,Matchweek 1,Sat,Home,W,3.0,1.0,Southampton,3,14.0,6.0,42.9,0.21,0.5,12.5,1.0,0,0,2.4,2.4,0.17,0.6,0.6,Match Report,2022,Everton
2021-08-21,15:00,Premier League,Matchweek 2,Sat,Away,D,2.0,2.0,Leeds United,2,16.0,7.0,43.8,0.06,0.14,20.9,0.0,1,1,1.8,1.0,0.06,0.2,0.0,Match Report,2022,Everton
2021-08-28,15:00,Premier League,Matchweek 3,Sat,Away,W,2.0,0.0,Brighton,2,13.0,4.0,30.8,0.08,0.25,21.2,0.0,1,1,1.4,0.6,0.05,0.6,0.4,Match Report,2022,Everton
2021-09-13,20:00,Premier League,Matchweek 4,Mon,Home,W,3.0,1.0,Burnley,3,14.0,6.0,42.9,0.21,0.5,19.5,1.0,0,0,1.4,1.4,0.1,1.6,1.6,Match Report,2022,Everton
2021-09-18,17:30,Premier League,Matchweek 5,Sat,Away,L,0.0,3.0,Aston Villa,0,11.0,1.0,9.1,0.0,0.0,16.2,1.0,0,0,0.7,0.7,0.07,-0.7,-0.7,Match Report,2022,Everton
2021-09-25,15:00,Premier League,Matchweek 6,Sat,Home,W,2.0,0.0,Norwich City,2,10.0,3.0,30.0,0.1,0.33,18.8,0.0,1,1,1.9,1.1,0.12,0.1,-0.1,Match Report,2022,Everton
2021-10-02,12:30,Premier League,Matchweek 7,Sat,Away,D,1.0,1.0,Manchester Utd,1,12.0,2.0,16.7,0.08,0.5,14.5,0.0,0,0,1.3,1.3,0.11,-0.3,-0.3,Match Report,2022,Everton
2021-10-17,14:00,Premier League,Matchweek 8,Sun,Home,L,0.0,1.0,West Ham,0,15.0,2.0,13.3,0.0,0.0,14.7,0.0,0,0,0.9,0.9,0.06,-0.9,-0.9,Match Report,2022,Everton
2021-10-23,15:00,Premier League,Matchweek 9,Sat,Home,L,2.0,5.0,Watford,2,15.0,4.0,26.7,0.13,0.5,15.7,0.0,0,0,1.5,1.5,0.1,0.5,0.5,Match Report,2022,Everton
2021-11-01,20:00,Premier League,Matchweek 10,Mon,Away,L,1.0,2.0,Wolves,1,14.0,5.0,35.7,0.07,0.2,15.7,0.0,0,0,1.5,1.5,0.11,-0.5,-0.5,Match Report,2022,Everton
2021-11-07,14:00,Premier League,Matchweek 11,Sun,Home,D,0.0,0.0,Tottenham,0,12.0,2.0,16.7,0.0,0.0,18.3,0.0,0,0,0.6,0.6,0.05,-0.6,-0.6,Match Report,2022,Everton
2021-11-21,14:00,Premier League,Matchweek 12,Sun,Away,L,0.0,3.0,Manchester City,0,4.0,1.0,25.0,0.0,0.0,15.5,1.0,0,0,0.2,0.2,0.05,-0.2,-0.2,Match Report,2022,Everton
2021-11-28,14:00,Premier League,Matchweek 13,Sun,Away,L,0.0,1.0,Brentford,0,14.0,5.0,35.7,0.0,0.0,16.6,1.0,0,0,1.0,1.0,0.07,-1.0,-1.0,Match Report,2022,Everton
2021-12-01,20:15,Premier League,Matchweek 14,Wed,Home,L,1.0,4.0,Liverpool,1,8.0,2.0,25.0,0.13,0.5,20.8,1.0,0,0,0.7,0.7,0.09,0.3,0.3,Match Report,2022,Everton
2021-12-06,20:00,Premier League,Matchweek 15,Mon,Home,W,2.0,1.0,Arsenal,2,11.0,5.0,45.5,0.18,0.4,17.1,0.0,0,0,0.9,0.9,0.09,1.1,1.1,Match Report,2022,Everton
2021-12-12,16:30,Premier League,Matchweek 16,Sun,Away,L,1.0,3.0,Crystal Palace,1,12.0,6.0,50.0,0.08,0.17,20.5,1.0,0,0,1.0,1.0,0.09,0.0,0.0,Match Report,2022,Everton
2021-12-16,19:45,Premier League,Matchweek 17,Thu,Away,D,1.0,1.0,Chelsea,1,5.0,3.0,60.0,0.2,0.33,21.1,0.0,0,0,0.6,0.6,0.11,0.4,0.4,Match Report,2022,Everton
2022-01-02,14:00,Premier League,Matchweek 21,Sun,Home,L,2.0,3.0,Brighton,2,16.0,6.0,37.5,0.13,0.33,17.9,0.0,0,1,1.6,0.9,0.06,0.4,1.1,Match Report,2022,Everton
2022-01-15,15:00,Premier League,Matchweek 22,Sat,Away,L,1.0,2.0,Norwich City,1,12.0,5.0,41.7,0.08,0.2,17.0,1.0,0,0,0.6,0.6,0.05,0.4,0.4,Match Report,2022,Everton
2022-01-22,12:30,Premier League,Matchweek 23,Sat,Home,L,0.0,1.0,Aston Villa,0,15.0,0.0,0.0,0.0,,14.1,2.0,0,0,1.6,1.6,0.11,-1.6,-1.6,Match Report,2022,Everton
2022-02-08,19:45,Premier League,Matchweek 24,Tue,Away,L,1.0,3.0,Newcastle Utd,0,11.0,2.0,18.2,0.0,0.0,19.1,1.0,0,0,0.7,0.7,0.06,-0.7,-0.7,Match Report,2022,Everton
2022-02-12,15:00,Premier League,Matchweek 25,Sat,Home,W,3.0,0.0,Leeds United,3,21.0,10.0,47.6,0.14,0.3,18.2,0.0,0,0,2.7,2.7,0.13,0.3,0.3,Match Report,2022,Everton
2022-02-19,15:00,Premier League,Matchweek 26,Sat,Away,L,0.0,2.0,Southampton,0,9.0,0.0,0.0,0.0,,23.4,0.0,0,0,0.3,0.3,0.03,-0.3,-0.3,Match Report,2022,Everton
2022-02-26,17:30,Premier League,Matchweek 27,Sat,Home,L,0.0,1.0,Manchester City,0,6.0,2.0,33.3,0.0,0.0,19.1,1.0,0,0,0.5,0.5,0.08,-0.5,-0.5,Match Report,2022,Everton
2022-03-07,20:00,Premier League,Matchweek 28,Mon,Away,L,0.0,5.0,Tottenham,0,6.0,0.0,0.0,0.0,,22.5,1.0,0,0,0.2,0.2,0.03,-0.2,-0.2,Match Report,2022,Everton
2022-03-13,14:00,Premier League,Matchweek 29,Sun,Home,L,0.0,1.0,Wolves,0,7.0,2.0,28.6,0.0,0.0,20.5,1.0,0,0,0.4,0.4,0.05,-0.4,-0.4,Match Report,2022,Everton
2022-03-17,19:45,Premier League,Matchweek 20,Thu,Home,W,1.0,0.0,Newcastle Utd,1,9.0,3.0,33.3,0.11,0.33,17.2,1.0,0,0,0.7,0.7,0.07,0.3,0.3,Match Report,2022,Everton
2022-04-03,14:00,Premier League,Matchweek 31,Sun,Away,L,1.0,2.0,West Ham,1,13.0,2.0,15.4,0.08,0.5,18.7,0.0,0,0,0.7,0.7,0.05,0.3,0.3,Match Report,2022,Everton
2022-04-06,19:30,Premier League,Matchweek 19,Wed,Away,L,2.0,3.0,Burnley,2,14.0,2.0,14.3,0.0,0.0,19.5,0.0,2,2,2.4,0.8,0.06,-0.4,-0.8,Match Report,2022,Everton
2022-04-09,12:30,Premier League,Matchweek 32,Sat,Home,W,1.0,0.0,Manchester Utd,1,7.0,3.0,42.9,0.14,0.33,18.3,0.0,0,0,0.4,0.4,0.05,0.6,0.6,Match Report,2022,Everton
2022-04-20,19:45,Premier League,Matchweek 18,Wed,Home,D,1.0,1.0,Leicester City,1,13.0,3.0,23.1,0.08,0.33,14.7,0.0,0,0,1.8,1.8,0.14,-0.8,-0.8,Match Report,2022,Everton
2022-04-24,16:30,Premier League,Matchweek 34,Sun,Away,L,0.0,2.0,Liverpool,0,9.0,1.0,11.1,0.0,0.0,19.1,1.0,0,0,0.4,0.4,0.04,-0.4,-0.4,Match Report,2022,Everton
2022-05-01,14:00,Premier League,Matchweek 35,Sun,Home,W,1.0,0.0,Chelsea,1,9.0,4.0,44.4,0.11,0.25,17.8,1.0,0,0,0.8,0.8,0.09,0.2,0.2,Match Report,2022,Everton
2022-05-08,14:00,Premier League,Matchweek 36,Sun,Away,W,2.0,1.0,Leicester City,2,10.0,4.0,40.0,0.2,0.5,13.8,0.0,0,0,1.1,1.1,0.11,0.9,0.9,Match Report,2022,Everton
2022-05-11,19:45,Premier League,Matchweek 30,Wed,Away,D,0.0,0.0,Watford,0,16.0,5.0,31.3,0.0,0.0,16.8,0.0,0,0,0.7,0.7,0.05,-0.7,-0.7,Match Report,2022,Everton
2022-05-15,16:30,Premier League,Matchweek 37,Sun,Home,L,2.0,3.0,Brentford,2,9.0,4.0,44.4,0.11,0.25,17.4,0.0,1,1,2.1,1.3,0.16,-0.1,-0.3,Match Report,2022,Everton
2022-05-19,19:45,Premier League,Matchweek 33,Thu,Home,W,3.0,2.0,Crystal Palace,3,12.0,6.0,50.0,0.25,0.5,18.5,1.0,0,0,0.8,0.8,0.06,2.2,2.2,Match Report,2022,Everton
2022-05-22,16:00,Premier League,Matchweek 38,Sun,Away,L,1.0,5.0,Arsenal,1,6.0,2.0,33.3,0.17,0.5,17.7,0.0,0,0,1.1,1.1,0.19,-0.1,-0.1,Match Report,2022,Everton
2021-08-14,12:30,Premier League,Matchweek 1,Sat,Away,L,1.0,5.0,Manchester Utd,1,10.0,3.0,30.0,0.1,0.33,21.3,0.0,0,0,0.5,0.5,0.05,0.5,0.5,Match Report,2022,Leeds United
2021-08-21,15:00,Premier League,Matchweek 2,Sat,Home,D,2.0,2.0,Everton,2,17.0,4.0,23.5,0.12,0.5,20.9,0.0,0,0,1.2,1.2,0.07,0.8,0.8,Match Report,2022,Leeds United
2021-08-29,14:00,Premier League,Matchweek 3,Sun,Away,D,1.0,1.0,Burnley,1,12.0,2.0,16.7,0.08,0.5,16.1,0.0,0,0,1.2,1.2,0.11,-0.2,-0.2,Match Report,2022,Leeds United
2021-09-12,16:30,Premier League,Matchweek 4,Sun,Home,L,0.0,3.0,Liverpool,0,9.0,4.0,44.4,0.0,0.0,15.2,0.0,0,0,1.2,1.2,0.14,-1.2,-1.2,Match Report,2022,Leeds United
2021-09-17,20:00,Premier League,Matchweek 5,Fri,Away,D,1.0,1.0,Newcastle Utd,1,22.0,9.0,40.9,0.05,0.11,20.4,0.0,0,0,1.5,1.5,0.07,-0.5,-0.5,Match Report,2022,Leeds United
2021-09-25,15:00,Premier League,Matchweek 6,Sat,Home,L,1.0,2.0,West Ham,1,15.0,5.0,33.3,0.07,0.2,19.5,0.0,0,0,1.2,1.2,0.08,-0.2,-0.2,Match Report,2022,Leeds United
2021-10-02,15:00,Premier League,Matchweek 7,Sat,Home,W,1.0,0.0,Watford,1,20.0,3.0,15.0,0.05,0.33,18.8,1.0,0,0,1.3,1.3,0.07,-0.3,-0.3,Match Report,2022,Leeds United
2021-10-16,15:00,Premier League,Matchweek 8,Sat,Away,L,0.0,1.0,Southampton,0,3.0,0.0,0.0,0.0,,21.7,0.0,0,0,0.2,0.2,0.06,-0.2,-0.2,Match Report,2022,Leeds United
2021-10-23,15:00,Premier League,Matchweek 9,Sat,Home,D,1.0,1.0,Wolves,1,17.0,3.0,17.6,0.0,0.0,19.2,0.0,1,1,1.6,0.8,0.05,-0.6,-0.8,Match Report,2022,Leeds United
2021-10-31,14:00,Premier League,Matchweek 10,Sun,Away,W,2.0,1.0,Norwich City,2,13.0,5.0,38.5,0.15,0.4,20.9,0.0,0,0,0.7,0.7,0.06,1.3,1.3,Match Report,2022,Leeds United
2021-11-07,14:00,Premier League,Matchweek 11,Sun,Home,D,1.0,1.0,Leicester City,1,18.0,5.0,27.8,0.06,0.2,17.7,1.0,0,0,1.3,1.3,0.08,-0.3,-0.3,Match Report,2022,Leeds United
2021-11-21,16:30,Premier League,Matchweek 12,Sun,Away,L,1.0,2.0,Tottenham,1,18.0,7.0,38.9,0.06,0.14,21.4,1.0,0,0,1.4,1.4,0.08,-0.4,-0.4,Match Report,2022,Leeds United
2021-11-27,17:30,Premier League,Matchweek 13,Sat,Away,D,0.0,0.0,Brighton,0,11.0,4.0,36.4,0.0,0.0,17.4,1.0,0,0,0.6,0.6,0.06,-0.6,-0.6,Match Report,2022,Leeds United
2021-11-30,20:15,Premier League,Matchweek 14,Tue,Home,W,1.0,0.0,Crystal Palace,1,14.0,2.0,14.3,0.0,0.0,20.1,0.0,1,1,1.4,0.6,0.04,-0.4,-0.6,Match Report,2022,Leeds United
2021-12-05,14:00,Premier League,Matchweek 15,Sun,Home,D,2.0,2.0,Brentford,2,13.0,6.0,46.2,0.15,0.33,17.3,0.0,0,0,1.2,1.2,0.1,0.8,0.8,Match Report,2022,Leeds United
2021-12-11,15:00,Premier League,Matchweek 16,Sat,Away,L,2.0,3.0,Chelsea,2,11.0,4.0,36.4,0.09,0.25,19.4,2.0,1,1,1.4,0.7,0.06,0.6,0.3,Match Report,2022,Leeds United
2021-12-14,20:00,Premier League,Matchweek 17,Tue,Away,L,0.0,7.0,Manchester City,0,6.0,3.0,50.0,0.0,0.0,25.3,1.0,0,0,0.3,0.3,0.05,-0.3,-0.3,Match Report,2022,Leeds United
2021-12-18,17:30,Premier League,Matchweek 18,Sat,Home,L,1.0,4.0,Arsenal,1,8.0,1.0,12.5,0.0,0.0,24.8,0.0,1,1,1.6,0.8,0.11,-0.6,-0.8,Match Report,2022,Leeds United
2022-01-02,14:00,Premier League,Matchweek 21,Sun,Home,W,3.0,1.0,Burnley,3,22.0,7.0,31.8,0.14,0.43,18.9,0.0,0,0,1.9,1.9,0.09,1.1,1.1,Match Report,2022,Leeds United
2022-01-16,14:00,Premier League,Matchweek 22,Sun,Away,W,3.0,2.0,West Ham,3,18.0,5.0,27.8,0.17,0.6,16.8,2.0,0,0,2.2,2.2,0.12,0.8,0.8,Match Report,2022,Leeds United
2022-01-22,15:00,Premier League,Matchweek 23,Sat,Home,L,0.0,1.0,Newcastle Utd,0,13.0,4.0,30.8,0.0,0.0,16.1,0.0,0,0,0.7,0.7,0.05,-0.7,-0.7,Match Report,2022,Leeds United
2022-02-09,20:00,Premier League,Matchweek 24,Wed,Away,D,3.0,3.0,Aston Villa,3,16.0,7.0,43.8,0.19,0.43,13.9,0.0,0,0,1.8,1.8,0.12,1.2,1.2,Match Report,2022,Leeds United
2022-02-12,15:00,Premier League,Matchweek 25,Sat,Away,L,0.0,3.0,Everton,0,7.0,0.0,0.0,0.0,,24.1,0.0,0,0,0.3,0.3,0.04,-0.3,-0.3,Match Report,2022,Leeds United
2022-02-20,14:00,Premier League,Matchweek 26,Sun,Home,L,2.0,4.0,Manchester Utd,2,16.0,6.0,37.5,0.13,0.33,19.3,0.0,0,0,1.8,1.8,0.11,0.2,0.2,Match Report,2022,Leeds United
2022-02-23,19:45,Premier League,Matchweek 19,Wed,Away,L,0.0,6.0,Liverpool,0,3.0,2.0,66.7,0.0,0.0,21.1,0.0,0,0,0.2,0.2,0.08,-0.2,-0.2,Match Report,2022,Leeds United
2022-02-26,12:30,Premier League,Matchweek 27,Sat,Home,L,0.0,4.0,Tottenham,0,19.0,2.0,10.5,0.0,0.0,18.0,1.0,0,0,1.5,1.5,0.08,-1.5,-1.5,Match Report,2022,Leeds United
2022-03-05,12:30,Premier League,Matchweek 28,Sat,Away,L,0.0,1.0,Leicester City,0,19.0,4.0,21.1,0.0,0.0,13.3,0.0,0,0,1.7,1.7,0.09,-1.7,-1.7,Match Report,2022,Leeds United
2022-03-10,19:45,Premier League,Matchweek 20,Thu,Home,L,0.0,3.0,Aston Villa,0,4.0,1.0,25.0,0.0,0.0,22.5,0.0,0,0,0.2,0.2,0.05,-0.2,-0.2,Match Report,2022,Leeds United
2022-03-13,14:00,Premier League,Matchweek 29,Sun,Home,W,2.0,1.0,Norwich City,2,13.0,7.0,53.8,0.15,0.29,14.4,1.0,0,0,2.5,2.5,0.22,-0.5,-0.5,Match Report,2022,Leeds United
2022-03-18,20:00,Premier League,Matchweek 30,Fri,Away,W,3.0,2.0,Wolves,3,15.0,5.0,33.3,0.2,0.6,13.8,1.0,0,0,2.0,2.0,0.15,1.0,1.0,Match Report,2022,Leeds United
2022-04-02,15:00,Premier League,Matchweek 31,Sat,Home,D,1.0,1.0,Southampton,1,12.0,3.0,25.0,0.08,0.33,17.8,0.0,0,0,1.2,1.2,0.1,-0.2,-0.2,Match Report,2022,Leeds United
2022-04-09,15:00,Premier League,Matchweek 32,Sat,Away,W,3.0,0.0,Watford,3,10.0,5.0,50.0,0.3,0.6,17.9,0.0,0,0,0.7,0.7,0.07,2.3,2.3,Match Report,2022,Leeds United
2022-04-25,20:00,Premier League,Matchweek 34,Mon,Away,D,0.0,0.0,Crystal Palace,0,9.0,2.0,22.2,0.0,0.0,17.4,0.0,0,0,0.5,0.5,0.05,-0.5,-0.5,Match Report,2022,Leeds United
2022-04-30,17:30,Premier League,Matchweek 35,Sat,Home,L,0.0,4.0,Manchester City,0,7.0,1.0,14.3,0.0,0.0,12.2,0.0,0,0,1.3,1.3,0.2,-1.3,-1.3,Match Report,2022,Leeds United
2022-05-08,14:00,Premier League,Matchweek 36,Sun,Away,L,1.0,2.0,Arsenal,1,3.0,2.0,66.7,0.33,0.5,11.0,0.0,0,0,0.3,0.3,0.1,0.7,0.7,Match Report,2022,Leeds United
2022-05-11,19:30,Premier League,Matchweek 33,Wed,Home,L,0.0,3.0,Chelsea,0,5.0,0.0,0.0,0.0,,19.3,0.0,0,0,0.4,0.4,0.08,-0.4,-0.4,Match Report,2022,Leeds United
2022-05-15,14:00,Premier League,Matchweek 37,Sun,Home,D,1.0,1.0,Brighton,1,19.0,4.0,21.1,0.05,0.25,15.1,1.0,0,0,1.6,1.6,0.09,-0.6,-0.6,Match Report,2022,Leeds United
2022-05-22,16:00,Premier League,Matchweek 38,Sun,Away,W,2.0,1.0,Brentford,2,13.0,5.0,38.5,0.08,0.2,24.7,0.0,1,1,1.3,0.5,0.04,0.7,0.5,Match Report,2022,Leeds United
2021-08-14,15:00,Premier League,Matchweek 1,Sat,Home,L,1.0,2.0,Brighton,1,14.0,3.0,21.4,0.07,0.33,16.2,1.0,0,0,1.5,1.5,0.1,-0.5,-0.5,Match Report,2022,Burnley
2021-08-21,12:30,Premier League,Matchweek 2,Sat,Away,L,0.0,2.0,Liverpool,0,9.0,3.0,33.3,0.0,0.0,15.3,0.0,0,0,0.9,0.9,0.1,-0.9,-0.9,Match Report,2022,Burnley
2021-08-29,14:00,Premier League,Matchweek 3,Sun,Home,D,1.0,1.0,Leeds United,1,12.0,3.0,25.0,0.08,0.33,16.5,0.0,0,0,1.0,1.0,0.09,0.0,0.0,Match Report,2022,Burnley
2021-09-13,20:00,Premier League,Matchweek 4,Mon,Away,L,1.0,3.0,Everton,1,11.0,6.0,54.5,0.09,0.17,16.8,0.0,0,0,1.0,1.0,0.09,0.0,0.0,Match Report,2022,Burnley
2021-09-18,15:00,Premier League,Matchweek 5,Sat,Home,L,0.0,1.0,Arsenal,0,18.0,3.0,16.7,0.0,0.0,15.4,0.0,0,0,1.0,1.0,0.06,-1.0,-1.0,Match Report,2022,Burnley
2021-09-25,15:00,Premier League,Matchweek 6,Sat,Away,D,2.0,2.0,Leicester City,1,9.0,3.0,33.3,0.11,0.33,22.7,1.0,0,0,0.5,0.5,0.05,0.5,0.5,Match Report,2022,Burnley
2021-10-02,15:00,Premier League,Matchweek 7,Sat,Home,D,0.0,0.0,Norwich City,0,14.0,4.0,28.6,0.0,0.0,16.6,1.0,0,0,1.2,1.2,0.08,-1.2,-1.2,Match Report,2022,Burnley
2021-10-16,15:00,Premier League,Matchweek 8,Sat,Away,L,0.0,2.0,Manchester City,0,7.0,2.0,28.6,0.0,0.0,14.5,0.0,0,0,0.9,0.9,0.13,-0.9,-0.9,Match Report,2022,Burnley
2021-10-23,15:00,Premier League,Matchweek 9,Sat,Away,D,2.0,2.0,Southampton,2,9.0,5.0,55.6,0.22,0.4,20.9,0.0,0,0,0.7,0.7,0.08,1.3,1.3,Match Report,2022,Burnley
2021-10-30,15:00,Premier League,Matchweek 10,Sat,Home,W,3.0,1.0,Brentford,3,15.0,5.0,33.3,0.2,0.6,16.6,1.0,0,0,2.3,2.3,0.18,0.7,0.7,Match Report,2022,Burnley
2021-11-06,15:00,Premier League,Matchweek 11,Sat,Away,D,1.0,1.0,Chelsea,1,5.0,2.0,40.0,0.2,0.5,15.9,0.0,0,0,0.7,0.7,0.13,0.3,0.3,Match Report,2022,Burnley
2021-11-20,15:00,Premier League,Matchweek 12,Sat,Home,D,3.0,3.0,Crystal Palace,3,15.0,9.0,60.0,0.2,0.33,16.1,1.0,0,0,1.5,1.5,0.1,1.5,1.5,Match Report,2022,Burnley
2021-12-01,19:30,Premier League,Matchweek 14,Wed,Away,D,0.0,0.0,Wolves,0,6.0,1.0,16.7,0.0,0.0,21.3,0.0,0,0,0.2,0.2,0.04,-0.2,-0.2,Match Report,2022,Burnley
2021-12-04,15:00,Premier League,Matchweek 15,Sat,Away,L,0.0,1.0,Newcastle Utd,0,10.0,1.0,10.0,0.0,0.0,18.8,2.0,0,0,0.6,0.6,0.06,-0.6,-0.6,Match Report,2022,Burnley
2021-12-12,14:00,Premier League,Matchweek 16,Sun,Home,D,0.0,0.0,West Ham,0,9.0,1.0,11.1,0.0,0.0,15.2,0.0,0,0,0.8,0.8,0.09,-0.8,-0.8,Match Report,2022,Burnley
2021-12-30,20:15,Premier League,Matchweek 20,Thu,Away,L,1.0,3.0,Manchester Utd,1,10.0,3.0,30.0,0.1,0.33,13.3,0.0,0,0,1.1,1.1,0.11,-0.1,-0.1,Match Report,2022,Burnley
2022-01-02,14:00,Premier League,Matchweek 21,Sun,Away,L,1.0,3.0,Leeds United,1,8.0,2.0,25.0,0.13,0.5,17.8,1.0,0,0,1.0,1.0,0.12,0.0,0.0,Match Report,2022,Burnley
2022-01-23,14:00,Premier League,Matchweek 23,Sun,Away,D,0.0,0.0,Arsenal,0,10.0,1.0,10.0,0.0,0.0,21.2,0.0,0,0,0.4,0.4,0.04,-0.4,-0.4,Match Report,2022,Burnley
2022-02-05,18:00,Premier League,Matchweek 17,Sat,Home,D,0.0,0.0,Watford,0,13.0,2.0,15.4,0.0,0.0,19.5,1.0,0,0,0.6,0.6,0.05,-0.6,-0.6,Match Report,2022,Burnley
2022-02-08,20:00,Premier League,Matchweek 24,Tue,Home,D,1.0,1.0,Manchester Utd,1,9.0,3.0,33.3,0.11,0.33,20.5,0.0,0,0,0.4,0.4,0.04,0.6,0.6,Match Report,2022,Burnley
2022-02-13,14:00,Premier League,Matchweek 25,Sun,Home,L,0.0,1.0,Liverpool,0,8.0,5.0,62.5,0.0,0.0,19.3,0.0,0,0,1.5,1.5,0.19,-1.5,-1.5,Match Report,2022,Burnley
2022-02-19,15:00,Premier League,Matchweek 26,Sat,Away,W,3.0,0.0,Brighton,3,10.0,4.0,40.0,0.3,0.75,19.7,0.0,0,0,0.7,0.7,0.07,2.3,2.3,Match Report,2022,Burnley
2022-02-23,19:30,Premier League,Matchweek 13,Wed,Home,W,1.0,0.0,Tottenham,1,15.0,4.0,26.7,0.07,0.25,17.3,0.0,0,0,0.9,0.9,0.07,0.1,0.1,Match Report,2022,Burnley
2022-02-26,15:00,Premier League,Matchweek 27,Sat,Away,D,1.0,1.0,Crystal Palace,0,5.0,1.0,20.0,0.0,0.0,19.2,0.0,0,0,0.2,0.2,0.04,-0.2,-0.2,Match Report,2022,Burnley
2022-03-01,19:45,Premier League,Matchweek 22,Tue,Home,L,0.0,2.0,Leicester City,0,9.0,2.0,22.2,0.0,0.0,16.6,0.0,0,0,0.9,0.9,0.1,-0.9,-0.9,Match Report,2022,Burnley
2022-03-05,15:00,Premier League,Matchweek 28,Sat,Home,L,0.0,4.0,Chelsea,0,6.0,0.0,0.0,0.0,,17.2,1.0,0,0,0.7,0.7,0.13,-0.7,-0.7,Match Report,2022,Burnley
2022-03-12,15:00,Premier League,Matchweek 29,Sat,Away,L,0.0,2.0,Brentford,0,7.0,1.0,14.3,0.0,0.0,21.4,1.0,0,0,0.7,0.7,0.1,-0.7,-0.7,Match Report,2022,Burnley
2022-04-02,15:00,Premier League,Matchweek 31,Sat,Home,L,0.0,2.0,Manchester City,0,3.0,1.0,33.3,0.0,0.0,18.3,0.0,0,0,0.1,0.1,0.03,-0.1,-0.1,Match Report,2022,Burnley
2022-04-06,19:30,Premier League,Matchweek 19,Wed,Home,W,3.0,2.0,Everton,3,13.0,4.0,30.8,0.23,0.75,15.6,0.0,0,0,2.0,2.0,0.16,1.0,1.0,Match Report,2022,Burnley
2022-04-10,14:00,Premier League,Matchweek 32,Sun,Away,L,0.0,2.0,Norwich City,0,18.0,3.0,16.7,0.0,0.0,17.4,1.0,0,0,1.7,1.7,0.1,-1.7,-1.7,Match Report,2022,Burnley
2022-04-17,14:15,Premier League,Matchweek 33,Sun,Away,D,1.0,1.0,West Ham,1,8.0,1.0,12.5,0.13,1.0,16.4,0.0,0,1,1.8,1.0,0.15,-0.8,0.0,Match Report,2022,Burnley
2022-04-21,19:45,Premier League,Matchweek 30,Thu,Home,W,2.0,0.0,Southampton,2,16.0,6.0,37.5,0.13,0.33,14.2,0.0,0,0,1.5,1.5,0.1,0.5,0.5,Match Report,2022,Burnley
2022-04-24,14:00,Premier League,Matchweek 34,Sun,Home,W,1.0,0.0,Wolves,1,14.0,5.0,35.7,0.07,0.2,18.8,0.0,0,0,1.4,1.4,0.1,-0.4,-0.4,Match Report,2022,Burnley
2022-04-30,15:00,Premier League,Matchweek 35,Sat,Away,W,2.0,1.0,Watford,2,17.0,6.0,35.3,0.12,0.33,15.9,1.0,0,0,1.6,1.6,0.1,0.4,0.4,Match Report,2022,Burnley
2022-05-07,15:00,Premier League,Matchweek 36,Sat,Home,L,1.0,3.0,Aston Villa,1,14.0,6.0,42.9,0.07,0.17,16.4,0.0,0,0,1.9,1.9,0.14,-0.9,-0.9,Match Report,2022,Burnley
2022-05-15,12:00,Premier League,Matchweek 37,Sun,Away,L,0.0,1.0,Tottenham,0,8.0,1.0,12.5,0.0,0.0,15.4,0.0,0,0,0.7,0.7,0.09,-0.7,-0.7,Match Report,2022,Burnley
2022-05-19,20:00,Premier League,Matchweek 18,Thu,Away,D,1.0,1.0,Aston Villa,1,9.0,3.0,33.3,0.0,0.0,17.2,0.0,1,1,1.6,0.8,0.1,-0.6,-0.8,Match Report,2022,Burnley
2022-05-22,16:00,Premier League,Matchweek 38,Sun,Home,L,1.0,2.0,Newcastle Utd,1,12.0,4.0,33.3,0.08,0.25,15.7,1.0,0,0,1.6,1.6,0.14,-0.6,-0.6,Match Report,2022,Burnley
2021-08-14,15:00,Premier League,Matchweek 1,Sat,Home,W,3.0,2.0,Aston Villa,3,13.0,7.0,53.8,0.23,0.43,17.9,0.0,0,0,1.2,1.2,0.09,1.8,1.8,Match Report,2022,Watford
2021-08-21,17:30,Premier League,Matchweek 2,Sat,Away,L,0.0,2.0,Brighton,0,10.0,1.0,10.0,0.0,0.0,19.3,0.0,0,0,0.5,0.5,0.06,-0.5,-0.5,Match Report,2022,Watford
2021-08-29,14:00,Premier League,Matchweek 3,Sun,Away,L,0.0,1.0,Tottenham,0,9.0,2.0,22.2,0.0,0.0,16.3,1.0,0,0,0.8,0.8,0.09,-0.8,-0.8,Match Report,2022,Watford
2021-09-11,15:00,Premier League,Matchweek 4,Sat,Home,L,0.0,2.0,Wolves,0,6.0,2.0,33.3,0.0,0.0,23.1,0.0,0,0,0.2,0.2,0.04,-0.2,-0.2,Match Report,2022,Watford
2021-09-18,15:00,Premier League,Matchweek 5,Sat,Away,W,3.0,1.0,Norwich City,3,12.0,8.0,66.7,0.25,0.38,13.5,0.0,0,0,2.4,2.4,0.22,0.6,0.6,Match Report,2022,Watford
2021-09-25,15:00,Premier League,Matchweek 6,Sat,Home,D,1.0,1.0,Newcastle Utd,1,15.0,4.0,26.7,0.07,0.25,21.2,1.0,0,0,0.9,0.9,0.06,0.1,0.1,Match Report,2022,Watford
2021-10-02,15:00,Premier League,Matchweek 7,Sat,Away,L,0.0,1.0,Leeds United,0,5.0,1.0,20.0,0.0,0.0,19.4,0.0,0,0,0.2,0.2,0.04,-0.2,-0.2,Match Report,2022,Watford
2021-10-16,12:30,Premier League,Matchweek 8,Sat,Home,L,0.0,5.0,Liverpool,0,6.0,2.0,33.3,0.0,0.0,18.2,0.0,0,0,0.5,0.5,0.08,-0.5,-0.5,Match Report,2022,Watford
2021-10-23,15:00,Premier League,Matchweek 9,Sat,Away,W,5.0,2.0,Everton,5,20.0,8.0,40.0,0.25,0.63,19.2,0.0,0,0,3.7,3.7,0.19,1.3,1.3,Match Report,2022,Watford
2021-10-30,15:00,Premier League,Matchweek 10,Sat,Home,L,0.0,1.0,Southampton,0,10.0,3.0,30.0,0.0,0.0,20.2,1.0,0,0,1.0,1.0,0.1,-1.0,-1.0,Match Report,2022,Watford
2021-11-07,14:00,Premier League,Matchweek 11,Sun,Away,L,0.0,1.0,Arsenal,0,7.0,1.0,14.3,0.0,0.0,19.7,0.0,0,0,0.5,0.5,0.07,-0.5,-0.5,Match Report,2022,Watford
2021-11-20,15:00,Premier League,Matchweek 12,Sat,Home,W,4.0,1.0,Manchester Utd,4,19.0,6.0,31.6,0.21,0.67,15.9,2.0,0,1,2.7,1.9,0.1,1.3,2.1,Match Report,2022,Watford
2021-11-28,14:00,Premier League,Matchweek 13,Sun,Away,L,2.0,4.0,Leicester City,2,16.0,4.0,25.0,0.06,0.25,16.4,1.0,1,1,2.8,2.0,0.13,-0.8,-1.0,Match Report,2022,Watford
2021-12-01,19:30,Premier League,Matchweek 14,Wed,Home,L,1.0,2.0,Chelsea,1,14.0,6.0,42.9,0.07,0.17,21.4,2.0,0,0,1.0,1.0,0.07,0.0,0.0,Match Report,2022,Watford
2021-12-04,17:30,Premier League,Matchweek 15,Sat,Home,L,1.0,3.0,Manchester City,1,11.0,4.0,36.4,0.09,0.25,19.6,1.0,0,0,0.8,0.8,0.07,0.2,0.2,Match Report,2022,Watford
2021-12-10,20:00,Premier League,Matchweek 16,Fri,Away,L,1.0,2.0,Brentford,1,6.0,2.0,33.3,0.17,0.5,14.9,1.0,0,0,0.5,0.5,0.08,0.5,0.5,Match Report,2022,Watford
2021-12-28,15:00,Premier League,Matchweek 20,Tue,Home,L,1.0,4.0,West Ham,1,14.0,5.0,35.7,0.07,0.2,15.2,0.0,0,0,1.6,1.6,0.12,-0.6,-0.6,Match Report,2022,Watford
2022-01-01,15:00,Premier League,Matchweek 21,Sat,Home,L,0.0,1.0,Tottenham,0,6.0,4.0,66.7,0.0,0.0,19.0,1.0,0,0,0.3,0.3,0.05,-0.3,-0.3,Match Report,2022,Watford
2022-01-15,15:00,Premier League,Matchweek 22,Sat,Away,D,1.0,1.0,Newcastle Utd,1,18.0,5.0,27.8,0.06,0.2,19.3,2.0,0,0,1.4,1.4,0.08,-0.4,-0.4,Match Report,2022,Watford
2022-01-21,20:00,Premier League,Matchweek 23,Fri,Home,L,0.0,3.0,Norwich City,0,15.0,3.0,20.0,0.0,0.0,19.1,0.0,0,0,1.2,1.2,0.08,-1.2,-1.2,Match Report,2022,Watford
2022-02-05,18:00,Premier League,Matchweek 17,Sat,Away,D,0.0,0.0,Burnley,0,11.0,5.0,45.5,0.0,0.0,16.3,0.0,0,0,0.8,0.8,0.07,-0.8,-0.8,Match Report,2022,Watford
2022-02-08,19:45,Premier League,Matchweek 24,Tue,Away,L,0.0,1.0,West Ham,0,6.0,1.0,16.7,0.0,0.0,22.6,0.0,0,0,0.3,0.3,0.06,-0.3,-0.3,Match Report,2022,Watford
2022-02-12,15:00,Premier League,Matchweek 25,Sat,Home,L,0.0,2.0,Brighton,0,9.0,1.0,11.1,0.0,0.0,17.4,1.0,0,0,0.5,0.5,0.06,-0.5,-0.5,Match Report,2022,Watford
2022-02-19,15:00,Premier League,Matchweek 26,Sat,Away,W,1.0,0.0,Aston Villa,1,8.0,4.0,50.0,0.13,0.25,18.1,0.0,0,0,1.2,1.2,0.15,-0.2,-0.2,Match Report,2022,Watford
2022-02-23,19:30,Premier League,Matchweek 18,Wed,Home,L,1.0,4.0,Crystal Palace,1,8.0,1.0,12.5,0.13,1.0,13.3,0.0,0,0,1.4,1.4,0.17,-0.4,-0.4,Match Report,2022,Watford
2022-02-26,15:00,Premier League,Matchweek 27,Sat,Away,D,0.0,0.0,Manchester Utd,0,10.0,2.0,20.0,0.0,0.0,21.7,0.0,0,0,0.6,0.6,0.06,-0.6,-0.6,Match Report,2022,Watford
2022-03-06,14:00,Premier League,Matchweek 28,Sun,Home,L,2.0,3.0,Arsenal,2,13.0,7.0,53.8,0.15,0.29,19.0,2.0,0,0,1.0,1.0,0.07,1.0,1.0,Match Report,2022,Watford
2022-03-10,19:30,Premier League,Matchweek 19,Thu,Away,L,0.0,4.0,Wolves,0,9.0,0.0,0.0,0.0,,21.8,2.0,0,0,0.6,0.6,0.07,-0.6,-0.6,Match Report,2022,Watford
2022-03-13,14:00,Premier League,Matchweek 29,Sun,Away,W,2.0,1.0,Southampton,2,9.0,5.0,55.6,0.22,0.4,16.9,0.0,0,0,1.7,1.7,0.19,0.3,0.3,Match Report,2022,Watford
2022-04-02,12:30,Premier League,Matchweek 31,Sat,Away,L,0.0,2.0,Liverpool,0,5.0,2.0,40.0,0.0,0.0,15.3,0.0,0,0,0.6,0.6,0.13,-0.6,-0.6,Match Report,2022,Watford
2022-04-09,15:00,Premier League,Matchweek 32,Sat,Home,L,0.0,3.0,Leeds United,0,8.0,1.0,12.5,0.0,0.0,26.0,1.0,0,0,1.1,1.1,0.14,-1.1,-1.1,Match Report,2022,Watford
2022-04-16,15:00,Premier League,Matchweek 33,Sat,Home,L,1.0,2.0,Brentford,1,18.0,4.0,22.2,0.06,0.25,16.3,2.0,0,0,1.7,1.7,0.11,-0.7,-0.7,Match Report,2022,Watford
2022-04-23,15:00,Premier League,Matchweek 34,Sat,Away,L,1.0,5.0,Manchester City,1,5.0,2.0,40.0,0.2,0.5,14.5,0.0,0,0,0.5,0.5,0.1,0.5,0.5,Match Report,2022,Watford
2022-04-30,15:00,Premier League,Matchweek 35,Sat,Home,L,1.0,2.0,Burnley,0,13.0,1.0,7.7,0.0,0.0,15.5,1.0,0,0,1.0,1.0,0.08,-1.0,-1.0,Match Report,2022,Watford
2022-05-07,15:00,Premier League,Matchweek 36,Sat,Away,L,0.0,1.0,Crystal Palace,0,6.0,1.0,16.7,0.0,0.0,17.7,0.0,0,0,0.4,0.4,0.07,-0.4,-0.4,Match Report,2022,Watford
2022-05-11,19:45,Premier League,Matchweek 30,Wed,Home,D,0.0,0.0,Everton,0,6.0,0.0,0.0,0.0,,20.0,1.0,0,0,0.3,0.3,0.05,-0.3,-0.3,Match Report,2022,Watford
2022-05-15,14:00,Premier League,Matchweek 37,Sun,Home,L,1.0,5.0,Leicester City,1,13.0,5.0,38.5,0.08,0.2,12.4,0.0,0,0,1.4,1.4,0.11,-0.4,-0.4,Match Report,2022,Watford
2022-05-22,16:00,Premier League,Matchweek 38,Sun,Away,L,1.0,2.0,Chelsea,1,8.0,3.0,37.5,0.13,0.33,21.9,1.0,0,0,0.6,0.6,0.08,0.4,0.4,Match Report,2022,Watford
2021-08-14,17:30,Premier League,Matchweek 1,Sat,Home,L,0.0,3.0,Liverpool,0,14.0,3.0,21.4,0.0,0.0,17.1,0.0,0,0,1.4,1.4,0.16,-1.4,-1.4,Match Report,2022,Norwich City
2021-08-21,15:00,Premier League,Matchweek 2,Sat,Away,L,0.0,5.0,Manchester City,0,1.0,0.0,0.0,0.0,,16.8,0.0,0,0,0.1,0.1,0.06,-0.1,-0.1,Match Report,2022,Norwich City
2021-08-28,15:00,Premier League,Matchweek 3,Sat,Home,L,1.0,2.0,Leicester City,1,13.0,3.0,23.1,0.0,0.0,22.6,1.0,1,1,1.5,0.7,0.06,-0.5,-0.7,Match Report,2022,Norwich City
2021-09-11,15:00,Premier League,Matchweek 4,Sat,Away,L,0.0,1.0,Arsenal,0,10.0,1.0,10.0,0.0,0.0,19.9,1.0,0,0,0.7,0.7,0.07,-0.7,-0.7,Match Report,2022,Norwich City
2021-09-18,15:00,Premier League,Matchweek 5,Sat,Home,L,1.0,3.0,Watford,1,12.0,5.0,41.7,0.08,0.2,20.7,1.0,0,0,1.0,1.0,0.08,0.0,0.0,Match Report,2022,Norwich City
2021-09-25,15:00,Premier League,Matchweek 6,Sat,Away,L,0.0,2.0,Everton,0,10.0,2.0,20.0,0.0,0.0,22.3,1.0,0,0,0.5,0.5,0.05,-0.5,-0.5,Match Report,2022,Norwich City
2021-10-02,15:00,Premier League,Matchweek 7,Sat,Away,D,0.0,0.0,Burnley,0,10.0,2.0,20.0,0.0,0.0,20.7,2.0,0,0,0.6,0.6,0.06,-0.6,-0.6,Match Report,2022,Norwich City
2021-10-16,15:00,Premier League,Matchweek 8,Sat,Home,D,0.0,0.0,Brighton,0,15.0,2.0,13.3,0.0,0.0,21.7,1.0,0,0,1.2,1.2,0.08,-1.2,-1.2,Match Report,2022,Norwich City
2021-10-23,12:30,Premier League,Matchweek 9,Sat,Away,L,0.0,7.0,Chelsea,0,3.0,1.0,33.3,0.0,0.0,20.8,0.0,0,0,0.1,0.1,0.04,-0.1,-0.1,Match Report,2022,Norwich City
2021-10-31,14:00,Premier League,Matchweek 10,Sun,Home,L,1.0,2.0,Leeds United,1,14.0,3.0,21.4,0.07,0.33,21.8,3.0,0,0,0.8,0.8,0.06,0.2,0.2,Match Report,2022,Norwich City
2021-11-06,15:00,Premier League,Matchweek 11,Sat,Away,W,2.0,1.0,Brentford,2,8.0,4.0,50.0,0.13,0.25,25.6,1.0,1,1,1.2,0.4,0.05,0.8,0.6,Match Report,2022,Norwich City
2021-11-20,15:00,Premier League,Matchweek 12,Sat,Home,W,2.0,1.0,Southampton,2,8.0,4.0,50.0,0.25,0.5,16.3,0.0,0,0,0.5,0.5,0.07,1.5,1.5,Match Report,2022,Norwich City
2021-11-27,15:00,Premier League,Matchweek 13,Sat,Home,D,0.0,0.0,Wolves,0,14.0,4.0,28.6,0.0,0.0,18.2,1.0,0,0,1.6,1.6,0.12,-1.6,-1.6,Match Report,2022,Norwich City
2021-11-30,19:30,Premier League,Matchweek 14,Tue,Away,D,1.0,1.0,Newcastle Utd,1,16.0,6.0,37.5,0.06,0.17,16.9,1.0,0,0,1.2,1.2,0.08,-0.2,-0.2,Match Report,2022,Norwich City
2021-12-05,14:00,Premier League,Matchweek 15,Sun,Away,L,0.0,3.0,Tottenham,0,10.0,1.0,10.0,0.0,0.0,16.2,0.0,0,0,1.2,1.2,0.13,-1.2,-1.2,Match Report,2022,Norwich City
2021-12-11,17:30,Premier League,Matchweek 16,Sat,Home,L,0.0,1.0,Manchester Utd,0,11.0,5.0,45.5,0.0,0.0,14.2,0.0,0,0,1.2,1.2,0.11,-1.2,-1.2,Match Report,2022,Norwich City
2021-12-14,19:45,Premier League,Matchweek 17,Tue,Home,L,0.0,2.0,Aston Villa,0,7.0,3.0,42.9,0.0,0.0,14.3,0.0,0,0,0.5,0.5,0.06,-0.5,-0.5,Match Report,2022,Norwich City
2021-12-26,15:00,Premier League,Matchweek 19,Sun,Home,L,0.0,5.0,Arsenal,0,4.0,2.0,50.0,0.0,0.0,17.9,0.0,0,0,0.1,0.1,0.03,-0.1,-0.1,Match Report,2022,Norwich City
2021-12-28,15:00,Premier League,Matchweek 20,Tue,Away,L,0.0,3.0,Crystal Palace,0,12.0,2.0,16.7,0.0,0.0,17.7,0.0,0,0,0.9,0.9,0.08,-0.9,-0.9,Match Report,2022,Norwich City
2022-01-12,19:45,Premier League,Matchweek 18,Wed,Away,L,0.0,2.0,West Ham,0,7.0,3.0,42.9,0.0,0.0,21.4,0.0,0,0,0.3,0.3,0.04,-0.3,-0.3,Match Report,2022,Norwich City
2022-01-15,15:00,Premier League,Matchweek 22,Sat,Home,W,2.0,1.0,Everton,1,14.0,3.0,21.4,0.07,0.33,21.5,0.0,0,0,1.0,1.0,0.07,0.0,0.0,Match Report,2022,Norwich City
2022-01-21,20:00,Premier League,Matchweek 23,Fri,Away,W,3.0,0.0,Watford,2,7.0,2.0,28.6,0.29,1.0,15.7,1.0,0,0,1.1,1.1,0.16,0.9,0.9,Match Report,2022,Norwich City
2022-02-09,19:45,Premier League,Matchweek 24,Wed,Home,D,1.0,1.0,Crystal Palace,1,5.0,1.0,20.0,0.2,1.0,15.7,0.0,0,0,0.4,0.4,0.08,0.6,0.6,Match Report,2022,Norwich City
2022-02-12,17:30,Premier League,Matchweek 25,Sat,Home,L,0.0,4.0,Manchester City,0,8.0,3.0,37.5,0.0,0.0,14.4,0.0,0,0,0.4,0.4,0.05,-0.4,-0.4,Match Report,2022,Norwich City
2022-02-19,15:00,Premier League,Matchweek 26,Sat,Away,L,1.0,3.0,Liverpool,1,6.0,1.0,16.7,0.17,1.0,17.8,0.0,0,0,0.6,0.6,0.1,0.4,0.4,Match Report,2022,Norwich City
2022-02-25,20:00,Premier League,Matchweek 27,Fri,Away,L,0.0,2.0,Southampton,0,8.0,1.0,12.5,0.0,0.0,18.1,0.0,0,0,0.6,0.6,0.07,-0.6,-0.6,Match Report,2022,Norwich City
2022-03-05,15:00,Premier League,Matchweek 28,Sat,Home,L,1.0,3.0,Brentford,1,15.0,7.0,46.7,0.07,0.14,18.6,0.0,0,0,1.0,1.0,0.07,0.0,0.0,Match Report,2022,Norwich City
2022-03-10,19:30,Premier League,Matchweek 30,Thu,Home,L,1.0,3.0,Chelsea,1,7.0,2.0,28.6,0.0,0.0,25.7,0.0,1,1,1.0,0.2,0.03,0.0,-0.2,Match Report,2022,Norwich City
2022-03-13,14:00,Premier League,Matchweek 29,Sun,Away,L,1.0,2.0,Leeds United,1,12.0,4.0,33.3,0.08,0.25,18.8,1.0,0,0,1.5,1.5,0.12,-0.5,-0.5,Match Report,2022,Norwich City
2022-04-02,15:00,Premier League,Matchweek 31,Sat,Away,D,0.0,0.0,Brighton,0,6.0,0.0,0.0,0.0,,17.8,0.0,0,0,0.4,0.4,0.06,-0.4,-0.4,Match Report,2022,Norwich City
2022-04-10,14:00,Premier League,Matchweek 32,Sun,Home,W,2.0,0.0,Burnley,2,17.0,6.0,35.3,0.12,0.33,19.4,0.0,0,0,1.7,1.7,0.1,0.3,0.3,Match Report,2022,Norwich City
2022-04-16,15:00,Premier League,Matchweek 33,Sat,Away,L,2.0,3.0,Manchester Utd,2,15.0,4.0,26.7,0.13,0.5,19.9,1.0,0,0,1.5,1.5,0.1,0.5,0.5,Match Report,2022,Norwich City
2022-04-23,15:00,Premier League,Matchweek 34,Sat,Home,L,0.0,3.0,Newcastle Utd,0,5.0,2.0,40.0,0.0,0.0,15.2,1.0,0,0,0.6,0.6,0.13,-0.6,-0.6,Match Report,2022,Norwich City
2022-04-30,15:00,Premier League,Matchweek 35,Sat,Away,L,0.0,2.0,Aston Villa,0,9.0,3.0,33.3,0.0,0.0,21.6,0.0,0,0,0.5,0.5,0.06,-0.5,-0.5,Match Report,2022,Norwich City
2022-05-08,14:00,Premier League,Matchweek 36,Sun,Home,L,0.0,4.0,West Ham,0,8.0,2.0,25.0,0.0,0.0,22.2,1.0,0,0,0.8,0.8,0.1,-0.8,-0.8,Match Report,2022,Norwich City
2022-05-11,19:45,Premier League,Matchweek 21,Wed,Away,L,0.0,3.0,Leicester City,0,9.0,5.0,55.6,0.0,0.0,17.0,0.0,0,0,1.1,1.1,0.12,-1.1,-1.1,Match Report,2022,Norwich City
2022-05-15,14:00,Premier League,Matchweek 37,Sun,Away,D,1.0,1.0,Wolves,1,11.0,2.0,18.2,0.09,0.5,14.4,0.0,0,0,1.1,1.1,0.1,-0.1,-0.1,Match Report,2022,Norwich City
2022-05-22,16:00,Premier League,Matchweek 38,Sun,Home,L,0.0,5.0,Tottenham,0,9.0,0.0,0.0,0.0,,18.6,0.0,0,0,0.5,0.5,0.05,-0.5,-0.5,Match Report,2022,Norwich City
